{
"type": "FeatureCollection",
"crs": { "type": "name", "properties": { "name": "urn:ogc:def:crs:EPSG::3857" } },
"features": [
{ "type": "Feature", "properties": { "value": 255.0 }, "geometry": { "type": "Polygon", "coordinates": [ [ [ 8746028.228010317310691, 1978417.852705581579357 ], [ 8746028.228010317310691, 1978416.957430365495384 ], [ 8746027.929373385384679, 1978416.957430365495384 ], [ 8746027.929373385384679, 1978415.763730077305809 ], [ 8746027.630736453458667, 1978415.763730077305809 ], [ 8746027.630736453458667, 1978414.570029789116234 ], [ 8746027.332099521532655, 1978414.570029789116234 ], [ 8746027.332099521532655, 1978412.779479356948286 ], [ 8746027.630736453458667, 1978412.779479356948286 ], [ 8746027.630736453458667, 1978412.481054284842685 ], [ 8746028.228010317310691, 1978412.481054284842685 ], [ 8746028.228010317310691, 1978412.182629212737083 ], [ 8746029.123921113088727, 1978412.182629212737083 ], [ 8746029.123921113088727, 1978411.884204140864313 ], [ 8746031.81165349856019, 1978411.884204140864313 ], [ 8746031.81165349856019, 1978411.585779068758711 ], [ 8746032.707564294338226, 1978411.585779068758711 ], [ 8746032.707564294338226, 1978411.28735399665311 ], [ 8746034.200748953968287, 1978411.28735399665311 ], [ 8746034.200748953968287, 1978411.585779068758711 ], [ 8746034.499385885894299, 1978411.585779068758711 ], [ 8746034.499385885894299, 1978411.884204140864313 ], [ 8746034.798022817820311, 1978411.884204140864313 ], [ 8746034.798022817820311, 1978412.481054284842685 ], [ 8746035.096659749746323, 1978412.481054284842685 ], [ 8746035.096659749746323, 1978413.67475457303226 ], [ 8746035.395296681672335, 1978413.67475457303226 ], [ 8746035.395296681672335, 1978415.166879933327436 ], [ 8746035.693933613598347, 1978415.166879933327436 ], [ 8746035.693933613598347, 1978416.06215514941141 ], [ 8746035.992570545524359, 1978416.06215514941141 ], [ 8746035.992570545524359, 1978417.852705581579357 ], [ 8746028.228010317310691, 1978417.852705581579357 ] ] ] } },
{ "type": "Feature", "properties": { "value": 255.0 }, "geometry": { "type": "Polygon", "coordinates": [ [ [ 8745864.276334747672081, 1978417.852705581579357 ], [ 8745864.276334747672081, 1978416.659005293389782 ], [ 8745863.977697815746069, 1978416.659005293389782 ], [ 8745863.977697815746069, 1978415.763730077305809 ], [ 8745863.679060883820057, 1978415.763730077305809 ], [ 8745863.679060883820057, 1978414.868454861221835 ], [ 8745863.380423951894045, 1978414.868454861221835 ], [ 8745863.380423951894045, 1978413.077904428821057 ], [ 8745863.977697815746069, 1978413.077904428821057 ], [ 8745863.977697815746069, 1978412.779479356948286 ], [ 8745864.87360860966146, 1978412.779479356948286 ], [ 8745864.87360860966146, 1978412.481054284842685 ], [ 8745866.068156337365508, 1978412.481054284842685 ], [ 8745866.068156337365508, 1978412.182629212737083 ], [ 8745866.964067133143544, 1978412.182629212737083 ], [ 8745866.964067133143544, 1978411.884204140864313 ], [ 8745867.262704065069556, 1978411.884204140864313 ], [ 8745867.262704065069556, 1978411.585779068758711 ], [ 8745867.561340996995568, 1978411.585779068758711 ], [ 8745867.561340996995568, 1978411.28735399665311 ], [ 8745867.85997792892158, 1978411.28735399665311 ], [ 8745867.85997792892158, 1978410.690503852674738 ], [ 8745868.158614860847592, 1978410.690503852674738 ], [ 8745868.158614860847592, 1978410.392078780569136 ], [ 8745869.651799520477653, 1978410.392078780569136 ], [ 8745869.651799520477653, 1978410.690503852674738 ], [ 8745870.249073382467031, 1978410.690503852674738 ], [ 8745870.249073382467031, 1978410.988928924547508 ], [ 8745870.547710314393044, 1978410.988928924547508 ], [ 8745870.547710314393044, 1978411.28735399665311 ], [ 8745871.144984178245068, 1978411.28735399665311 ], [ 8745871.144984178245068, 1978411.585779068758711 ], [ 8745871.44362111017108, 1978411.585779068758711 ], [ 8745871.44362111017108, 1978411.884204140864313 ], [ 8745872.040894974023104, 1978411.884204140864313 ], [ 8745872.040894974023104, 1978412.481054284842685 ], [ 8745872.339531905949116, 1978412.481054284842685 ], [ 8745872.339531905949116, 1978412.779479356948286 ], [ 8745872.638168837875128, 1978412.779479356948286 ], [ 8745872.638168837875128, 1978413.077904428821057 ], [ 8745872.93680576980114, 1978413.077904428821057 ], [ 8745872.93680576980114, 1978413.67475457303226 ], [ 8745873.235442701727152, 1978413.67475457303226 ], [ 8745873.235442701727152, 1978414.271604717010632 ], [ 8745873.534079633653164, 1978414.271604717010632 ], [ 8745873.534079633653164, 1978414.570029789116234 ], [ 8745873.832716565579176, 1978414.570029789116234 ], [ 8745873.832716565579176, 1978414.868454861221835 ], [ 8745874.4299904294312, 1978414.868454861221835 ], [ 8745874.4299904294312, 1978415.166879933327436 ], [ 8745875.027264293283224, 1978415.166879933327436 ], [ 8745875.027264293283224, 1978415.465305005200207 ], [ 8745875.325901225209236, 1978415.465305005200207 ], [ 8745875.325901225209236, 1978417.852705581579357 ], [ 8745864.276334747672081, 1978417.852705581579357 ] ] ] } },
{ "type": "Feature", "properties": { "value": 255.0 }, "geometry": { "type": "Polygon", "coordinates": [ [ [ 8745794.096655769273639, 1978417.852705581579357 ], [ 8745794.096655769273639, 1978416.957430365495384 ], [ 8745793.798018837347627, 1978416.957430365495384 ], [ 8745793.798018837347627, 1978416.360580221284181 ], [ 8745793.499381905421615, 1978416.360580221284181 ], [ 8745793.499381905421615, 1978415.763730077305809 ], [ 8745793.200744973495603, 1978415.763730077305809 ], [ 8745793.200744973495603, 1978415.166879933327436 ], [ 8745792.902108041569591, 1978415.166879933327436 ], [ 8745792.902108041569591, 1978414.570029789116234 ], [ 8745792.603471109643579, 1978414.570029789116234 ], [ 8745792.603471109643579, 1978413.376329500926659 ], [ 8745792.902108041569591, 1978413.376329500926659 ], [ 8745792.902108041569591, 1978413.077904428821057 ], [ 8745793.499381905421615, 1978413.077904428821057 ], [ 8745793.499381905421615, 1978412.779479356948286 ], [ 8745793.798018837347627, 1978412.779479356948286 ], [ 8745793.798018837347627, 1978412.481054284842685 ], [ 8745794.395292701199651, 1978412.481054284842685 ], [ 8745794.395292701199651, 1978412.182629212737083 ], [ 8745794.693929633125663, 1978412.182629212737083 ], [ 8745794.693929633125663, 1978411.884204140864313 ], [ 8745794.99256656318903, 1978411.884204140864313 ], [ 8745794.99256656318903, 1978411.585779068758711 ], [ 8745795.291203495115042, 1978411.585779068758711 ], [ 8745795.291203495115042, 1978411.28735399665311 ], [ 8745795.589840427041054, 1978411.28735399665311 ], [ 8745795.589840427041054, 1978410.690503852674738 ], [ 8745795.888477358967066, 1978410.690503852674738 ], [ 8745795.888477358967066, 1978410.093653708463535 ], [ 8745796.187114290893078, 1978410.093653708463535 ], [ 8745796.187114290893078, 1978409.795228636590764 ], [ 8745796.48575122281909, 1978409.795228636590764 ], [ 8745796.48575122281909, 1978410.093653708463535 ], [ 8745796.784388154745102, 1978410.093653708463535 ], [ 8745796.784388154745102, 1978410.392078780569136 ], [ 8745797.381662018597126, 1978410.392078780569136 ], [ 8745797.381662018597126, 1978410.988928924547508 ], [ 8745797.680298950523138, 1978410.988928924547508 ], [ 8745797.680298950523138, 1978411.585779068758711 ], [ 8745797.97893588244915, 1978411.585779068758711 ], [ 8745797.97893588244915, 1978411.884204140864313 ], [ 8745798.277572814375162, 1978411.884204140864313 ], [ 8745798.277572814375162, 1978412.481054284842685 ], [ 8745798.576209746301174, 1978412.481054284842685 ], [ 8745798.576209746301174, 1978413.077904428821057 ], [ 8745798.874846678227186, 1978413.077904428821057 ], [ 8745798.874846678227186, 1978413.67475457303226 ], [ 8745799.173483610153198, 1978413.67475457303226 ], [ 8745799.173483610153198, 1978414.271604717010632 ], [ 8745799.47212054207921, 1978414.271604717010632 ], [ 8745799.47212054207921, 1978414.868454861221835 ], [ 8745799.770757474005222, 1978414.868454861221835 ], [ 8745799.770757474005222, 1978415.465305005200207 ], [ 8745800.069394405931234, 1978415.465305005200207 ], [ 8745800.069394405931234, 1978416.06215514941141 ], [ 8745800.368031335994601, 1978416.06215514941141 ], [ 8745800.368031335994601, 1978416.957430365495384 ], [ 8745800.666668267920613, 1978416.957430365495384 ], [ 8745800.666668267920613, 1978417.852705581579357 ], [ 8745794.096655769273639, 1978417.852705581579357 ] ] ] } },
{ "type": "Feature", "properties": { "value": 255.0 }, "geometry": { "type": "Polygon", "coordinates": [ [ [ 8745936.845109179615974, 1978417.852705581579357 ], [ 8745936.845109179615974, 1978416.659005293389782 ], [ 8745936.546472247689962, 1978416.659005293389782 ], [ 8745936.546472247689962, 1978415.465305005200207 ], [ 8745936.24783531576395, 1978415.465305005200207 ], [ 8745936.24783531576395, 1978415.166879933327436 ], [ 8745935.949198383837938, 1978415.166879933327436 ], [ 8745935.949198383837938, 1978415.465305005200207 ], [ 8745935.351924519985914, 1978415.465305005200207 ], [ 8745935.351924519985914, 1978415.763730077305809 ], [ 8745934.75465065613389, 1978415.763730077305809 ], [ 8745934.75465065613389, 1978415.465305005200207 ], [ 8745934.456013726070523, 1978415.465305005200207 ], [ 8745934.456013726070523, 1978415.166879933327436 ], [ 8745934.157376794144511, 1978415.166879933327436 ], [ 8745934.157376794144511, 1978414.570029789116234 ], [ 8745934.456013726070523, 1978414.570029789116234 ], [ 8745934.456013726070523, 1978414.271604717010632 ], [ 8745934.75465065613389, 1978414.271604717010632 ], [ 8745934.75465065613389, 1978413.973179645137861 ], [ 8745935.053287588059902, 1978413.973179645137861 ], [ 8745935.053287588059902, 1978413.67475457303226 ], [ 8745935.351924519985914, 1978413.67475457303226 ], [ 8745935.351924519985914, 1978413.376329500926659 ], [ 8745935.949198383837938, 1978413.376329500926659 ], [ 8745935.949198383837938, 1978413.077904428821057 ], [ 8745936.546472247689962, 1978413.077904428821057 ], [ 8745936.546472247689962, 1978412.779479356948286 ], [ 8745936.845109179615974, 1978412.779479356948286 ], [ 8745936.845109179615974, 1978412.481054284842685 ], [ 8745937.143746111541986, 1978412.481054284842685 ], [ 8745937.143746111541986, 1978412.182629212737083 ], [ 8745937.741019975394011, 1978412.182629212737083 ], [ 8745937.741019975394011, 1978411.884204140864313 ], [ 8745938.338293839246035, 1978411.884204140864313 ], [ 8745938.338293839246035, 1978411.585779068758711 ], [ 8745939.234204635024071, 1978411.585779068758711 ], [ 8745939.234204635024071, 1978411.28735399665311 ], [ 8745939.831478498876095, 1978411.28735399665311 ], [ 8745939.831478498876095, 1978410.988928924547508 ], [ 8745940.428752360865474, 1978410.988928924547508 ], [ 8745940.428752360865474, 1978410.690503852674738 ], [ 8745941.32466315664351, 1978410.690503852674738 ], [ 8745941.32466315664351, 1978410.392078780569136 ], [ 8745941.921937020495534, 1978410.392078780569136 ], [ 8745941.921937020495534, 1978410.093653708463535 ], [ 8745942.81784781627357, 1978410.093653708463535 ], [ 8745942.81784781627357, 1978409.795228636590764 ], [ 8745943.415121680125594, 1978409.795228636590764 ], [ 8745943.415121680125594, 1978409.496803564485162 ], [ 8745943.713758612051606, 1978409.496803564485162 ], [ 8745943.713758612051606, 1978409.198378492379561 ], [ 8745944.609669407829642, 1978409.198378492379561 ], [ 8745944.609669407829642, 1978408.89995342027396 ], [ 8745945.804217133671045, 1978408.89995342027396 ], [ 8745945.804217133671045, 1978409.198378492379561 ], [ 8745946.102854065597057, 1978409.198378492379561 ], [ 8745946.102854065597057, 1978409.496803564485162 ], [ 8745946.401490997523069, 1978409.496803564485162 ], [ 8745946.401490997523069, 1978410.093653708463535 ], [ 8745946.700127929449081, 1978410.093653708463535 ], [ 8745946.700127929449081, 1978410.690503852674738 ], [ 8745946.998764861375093, 1978410.690503852674738 ], [ 8745946.998764861375093, 1978411.28735399665311 ], [ 8745947.297401793301105, 1978411.28735399665311 ], [ 8745947.297401793301105, 1978411.884204140864313 ], [ 8745947.596038725227118, 1978411.884204140864313 ], [ 8745947.596038725227118, 1978412.481054284842685 ], [ 8745947.89467565715313, 1978412.481054284842685 ], [ 8745947.89467565715313, 1978413.077904428821057 ], [ 8745948.193312589079142, 1978413.077904428821057 ], [ 8745948.193312589079142, 1978413.67475457303226 ], [ 8745948.491949521005154, 1978413.67475457303226 ], [ 8745948.491949521005154, 1978414.868454861221835 ], [ 8745948.790586452931166, 1978414.868454861221835 ], [ 8745948.790586452931166, 1978416.360580221284181 ], [ 8745948.491949521005154, 1978416.360580221284181 ], [ 8745948.491949521005154, 1978416.659005293389782 ], [ 8745948.193312589079142, 1978416.659005293389782 ], [ 8745948.193312589079142, 1978416.957430365495384 ], [ 8745947.596038725227118, 1978416.957430365495384 ], [ 8745947.596038725227118, 1978417.255855437600985 ], [ 8745947.297401793301105, 1978417.255855437600985 ], [ 8745947.297401793301105, 1978417.852705581579357 ], [ 8745936.845109179615974, 1978417.852705581579357 ] ] ] } },
{ "type": "Feature", "properties": { "value": 255.0 }, "geometry": { "type": "Polygon", "coordinates": [ [ [ 8745990.301119975745678, 1978417.852705581579357 ], [ 8745990.301119975745678, 1978416.957430365495384 ], [ 8745990.002483043819666, 1978416.957430365495384 ], [ 8745990.002483043819666, 1978416.06215514941141 ], [ 8745989.703846111893654, 1978416.06215514941141 ], [ 8745989.703846111893654, 1978414.868454861221835 ], [ 8745989.405209179967642, 1978414.868454861221835 ], [ 8745989.405209179967642, 1978413.973179645137861 ], [ 8745989.703846111893654, 1978413.973179645137861 ], [ 8745989.703846111893654, 1978410.093653708463535 ], [ 8745990.002483043819666, 1978410.093653708463535 ], [ 8745990.002483043819666, 1978409.795228636590764 ], [ 8745990.301119975745678, 1978409.795228636590764 ], [ 8745990.301119975745678, 1978409.496803564485162 ], [ 8745990.898393839597702, 1978409.496803564485162 ], [ 8745990.898393839597702, 1978409.198378492379561 ], [ 8745991.495667703449726, 1978409.198378492379561 ], [ 8745991.495667703449726, 1978408.89995342027396 ], [ 8745992.09294156730175, 1978408.89995342027396 ], [ 8745992.09294156730175, 1978408.601528348401189 ], [ 8745992.690215431153774, 1978408.601528348401189 ], [ 8745992.690215431153774, 1978408.303103276295587 ], [ 8745993.58612622693181, 1978408.303103276295587 ], [ 8745993.58612622693181, 1978408.601528348401189 ], [ 8745994.183400088921189, 1978408.601528348401189 ], [ 8745994.183400088921189, 1978408.89995342027396 ], [ 8745994.482037020847201, 1978408.89995342027396 ], [ 8745994.482037020847201, 1978409.496803564485162 ], [ 8745994.780673952773213, 1978409.496803564485162 ], [ 8745994.780673952773213, 1978409.198378492379561 ], [ 8745995.079310884699225, 1978409.198378492379561 ], [ 8745995.079310884699225, 1978408.601528348401189 ], [ 8745995.67658474855125, 1978408.601528348401189 ], [ 8745995.67658474855125, 1978408.303103276295587 ], [ 8745996.273858612403274, 1978408.303103276295587 ], [ 8745996.273858612403274, 1978408.004678204189986 ], [ 8745997.16976940818131, 1978408.004678204189986 ], [ 8745997.16976940818131, 1978407.706253132084385 ], [ 8745998.961590999737382, 1978407.706253132084385 ], [ 8745998.961590999737382, 1978407.407828060211614 ], [ 8746002.246597249060869, 1978407.407828060211614 ], [ 8746002.246597249060869, 1978407.706253132084385 ], [ 8746003.142508044838905, 1978407.706253132084385 ], [ 8746003.142508044838905, 1978408.303103276295587 ], [ 8746003.441144976764917, 1978408.303103276295587 ], [ 8746003.441144976764917, 1978409.198378492379561 ], [ 8746003.739781908690929, 1978409.198378492379561 ], [ 8746003.739781908690929, 1978410.093653708463535 ], [ 8746004.038418840616941, 1978410.093653708463535 ], [ 8746004.038418840616941, 1978410.988928924547508 ], [ 8746004.337055772542953, 1978410.988928924547508 ], [ 8746004.337055772542953, 1978411.884204140864313 ], [ 8746004.63569270260632, 1978411.884204140864313 ], [ 8746004.63569270260632, 1978412.481054284842685 ], [ 8746004.337055772542953, 1978412.481054284842685 ], [ 8746004.337055772542953, 1978413.077904428821057 ], [ 8746004.934329634532332, 1978413.077904428821057 ], [ 8746004.934329634532332, 1978412.779479356948286 ], [ 8746005.830240430310369, 1978412.779479356948286 ], [ 8746005.830240430310369, 1978412.481054284842685 ], [ 8746006.427514294162393, 1978412.481054284842685 ], [ 8746006.427514294162393, 1978412.182629212737083 ], [ 8746007.323425089940429, 1978412.182629212737083 ], [ 8746007.323425089940429, 1978411.884204140864313 ], [ 8746008.219335885718465, 1978411.884204140864313 ], [ 8746008.219335885718465, 1978411.585779068758711 ], [ 8746010.309794407337904, 1978411.585779068758711 ], [ 8746010.309794407337904, 1978411.884204140864313 ], [ 8746010.608431339263916, 1978411.884204140864313 ], [ 8746010.608431339263916, 1978412.182629212737083 ], [ 8746010.907068271189928, 1978412.182629212737083 ], [ 8746010.907068271189928, 1978412.779479356948286 ], [ 8746011.20570520311594, 1978412.779479356948286 ], [ 8746011.20570520311594, 1978413.077904428821057 ], [ 8746011.504342135041952, 1978413.077904428821057 ], [ 8746011.504342135041952, 1978413.376329500926659 ], [ 8746011.802979066967964, 1978413.376329500926659 ], [ 8746011.802979066967964, 1978413.973179645137861 ], [ 8746012.101615998893976, 1978413.973179645137861 ], [ 8746012.101615998893976, 1978414.271604717010632 ], [ 8746012.400252930819988, 1978414.271604717010632 ], [ 8746012.400252930819988, 1978414.868454861221835 ], [ 8746012.698889862746, 1978414.868454861221835 ], [ 8746012.698889862746, 1978415.166879933327436 ], [ 8746012.997526794672012, 1978415.166879933327436 ], [ 8746012.997526794672012, 1978416.957430365495384 ], [ 8746012.400252930819988, 1978416.957430365495384 ], [ 8746012.400252930819988, 1978417.255855437600985 ], [ 8746012.101615998893976, 1978417.255855437600985 ], [ 8746012.101615998893976, 1978417.852705581579357 ], [ 8745996.871132476255298, 1978417.852705581579357 ], [ 8745996.871132476255298, 1978415.465305005200207 ], [ 8745997.16976940818131, 1978415.465305005200207 ], [ 8745997.16976940818131, 1978415.166879933327436 ], [ 8745998.364317135885358, 1978415.166879933327436 ], [ 8745998.364317135885358, 1978414.868454861221835 ], [ 8745996.871132476255298, 1978414.868454861221835 ], [ 8745996.871132476255298, 1978414.570029789116234 ], [ 8745996.572495544329286, 1978414.570029789116234 ], [ 8745996.572495544329286, 1978414.271604717010632 ], [ 8745996.273858612403274, 1978414.271604717010632 ], [ 8745996.273858612403274, 1978413.67475457303226 ], [ 8745995.975221680477262, 1978413.67475457303226 ], [ 8745995.975221680477262, 1978414.570029789116234 ], [ 8745996.273858612403274, 1978414.570029789116234 ], [ 8745996.273858612403274, 1978416.360580221284181 ], [ 8745995.975221680477262, 1978416.360580221284181 ], [ 8745995.975221680477262, 1978416.659005293389782 ], [ 8745995.377947816625237, 1978416.659005293389782 ], [ 8745995.377947816625237, 1978416.957430365495384 ], [ 8745993.884763156995177, 1978416.957430365495384 ], [ 8745993.884763156995177, 1978417.255855437600985 ], [ 8745992.690215431153774, 1978417.255855437600985 ], [ 8745992.690215431153774, 1978417.852705581579357 ], [ 8745990.301119975745678, 1978417.852705581579357 ] ], [ [ 8745998.364317135885358, 1978414.868454861221835 ], [ 8745999.260227929800749, 1978414.868454861221835 ], [ 8745999.260227929800749, 1978414.570029789116234 ], [ 8745998.364317135885358, 1978414.570029789116234 ], [ 8745998.364317135885358, 1978414.868454861221835 ] ], [ [ 8745999.260227929800749, 1978414.570029789116234 ], [ 8746000.454775657504797, 1978414.570029789116234 ], [ 8746000.454775657504797, 1978414.271604717010632 ], [ 8745999.260227929800749, 1978414.271604717010632 ], [ 8745999.260227929800749, 1978414.570029789116234 ] ], [ [ 8746001.052049521356821, 1978414.271604717010632 ], [ 8746001.350686453282833, 1978414.271604717010632 ], [ 8746001.350686453282833, 1978413.973179645137861 ], [ 8746001.052049521356821, 1978413.973179645137861 ], [ 8746001.052049521356821, 1978414.271604717010632 ] ], [ [ 8745995.67658474855125, 1978413.67475457303226 ], [ 8745995.975221680477262, 1978413.67475457303226 ], [ 8745995.975221680477262, 1978412.779479356948286 ], [ 8745995.67658474855125, 1978412.779479356948286 ], [ 8745995.67658474855125, 1978413.67475457303226 ] ], [ [ 8746002.843871112912893, 1978413.67475457303226 ], [ 8746003.142508044838905, 1978413.67475457303226 ], [ 8746003.142508044838905, 1978413.376329500926659 ], [ 8746002.843871112912893, 1978413.376329500926659 ], [ 8746002.843871112912893, 1978413.67475457303226 ] ], [ [ 8745995.377947816625237, 1978412.182629212737083 ], [ 8745995.67658474855125, 1978412.182629212737083 ], [ 8745995.67658474855125, 1978411.884204140864313 ], [ 8745995.377947816625237, 1978411.884204140864313 ], [ 8745995.377947816625237, 1978412.182629212737083 ] ], [ [ 8745995.079310884699225, 1978411.28735399665311 ], [ 8745995.377947816625237, 1978411.28735399665311 ], [ 8745995.377947816625237, 1978410.988928924547508 ], [ 8745995.079310884699225, 1978410.988928924547508 ], [ 8745995.079310884699225, 1978411.28735399665311 ] ], [ [ 8745994.780673952773213, 1978410.093653708463535 ], [ 8745995.079310884699225, 1978410.093653708463535 ], [ 8745995.079310884699225, 1978409.795228636590764 ], [ 8745994.780673952773213, 1978409.795228636590764 ], [ 8745994.780673952773213, 1978410.093653708463535 ] ] ] } },
{ "type": "Feature", "properties": { "value": 255.0 }, "geometry": { "type": "Polygon", "coordinates": [ [ [ 8746063.168531341478229, 1978413.973179645137861 ], [ 8746063.168531341478229, 1978413.67475457303226 ], [ 8746062.571257477626204, 1978413.67475457303226 ], [ 8746062.571257477626204, 1978413.376329500926659 ], [ 8746062.272620545700192, 1978413.376329500926659 ], [ 8746062.272620545700192, 1978412.182629212737083 ], [ 8746061.97398361377418, 1978412.182629212737083 ], [ 8746061.97398361377418, 1978409.496803564485162 ], [ 8746062.272620545700192, 1978409.496803564485162 ], [ 8746062.272620545700192, 1978409.198378492379561 ], [ 8746063.467168273404241, 1978409.198378492379561 ], [ 8746063.467168273404241, 1978408.89995342027396 ], [ 8746064.661715999245644, 1978408.89995342027396 ], [ 8746064.661715999245644, 1978408.601528348401189 ], [ 8746066.453537590801716, 1978408.601528348401189 ], [ 8746066.453537590801716, 1978407.109402988106012 ], [ 8746066.752174522727728, 1978407.109402988106012 ], [ 8746066.752174522727728, 1978406.810977916000411 ], [ 8746067.349448386579752, 1978406.810977916000411 ], [ 8746067.349448386579752, 1978406.51255284412764 ], [ 8746068.5439961142838, 1978406.51255284412764 ], [ 8746068.5439961142838, 1978406.214127772022039 ], [ 8746069.439906908199191, 1978406.214127772022039 ], [ 8746069.439906908199191, 1978405.915702699916437 ], [ 8746071.231728499755263, 1978405.915702699916437 ], [ 8746071.231728499755263, 1978405.617277627810836 ], [ 8746071.829002363607287, 1978405.617277627810836 ], [ 8746071.829002363607287, 1978411.28735399665311 ], [ 8746070.634454635903239, 1978411.28735399665311 ], [ 8746070.634454635903239, 1978411.585779068758711 ], [ 8746069.738543840125203, 1978411.585779068758711 ], [ 8746069.738543840125203, 1978411.884204140864313 ], [ 8746068.842633046209812, 1978411.884204140864313 ], [ 8746068.842633046209812, 1978412.182629212737083 ], [ 8746067.648085318505764, 1978412.182629212737083 ], [ 8746067.648085318505764, 1978412.481054284842685 ], [ 8746067.349448386579752, 1978412.481054284842685 ], [ 8746067.349448386579752, 1978412.182629212737083 ], [ 8746067.05081145465374, 1978412.182629212737083 ], [ 8746067.05081145465374, 1978412.481054284842685 ], [ 8746066.752174522727728, 1978412.481054284842685 ], [ 8746066.752174522727728, 1978413.077904428821057 ], [ 8746066.154900658875704, 1978413.077904428821057 ], [ 8746066.154900658875704, 1978413.376329500926659 ], [ 8746065.258989863097668, 1978413.376329500926659 ], [ 8746065.258989863097668, 1978413.67475457303226 ], [ 8746063.765805203467607, 1978413.67475457303226 ], [ 8746063.765805203467607, 1978413.973179645137861 ], [ 8746063.168531341478229, 1978413.973179645137861 ] ], [ [ 8746066.752174522727728, 1978411.585779068758711 ], [ 8746067.05081145465374, 1978411.585779068758711 ], [ 8746067.05081145465374, 1978411.28735399665311 ], [ 8746066.752174522727728, 1978411.28735399665311 ], [ 8746066.752174522727728, 1978411.585779068758711 ] ] ] } },
{ "type": "Feature", "properties": { "value": 255.0 }, "geometry": { "type": "Polygon", "coordinates": [ [ [ 8745950.881044974550605, 1978414.868454861221835 ], [ 8745950.881044974550605, 1978414.570029789116234 ], [ 8745950.283771112561226, 1978414.570029789116234 ], [ 8745950.283771112561226, 1978414.271604717010632 ], [ 8745949.985134180635214, 1978414.271604717010632 ], [ 8745949.985134180635214, 1978413.67475457303226 ], [ 8745949.686497248709202, 1978413.67475457303226 ], [ 8745949.686497248709202, 1978412.481054284842685 ], [ 8745949.38786031678319, 1978412.481054284842685 ], [ 8745949.38786031678319, 1978411.585779068758711 ], [ 8745949.089223384857178, 1978411.585779068758711 ], [ 8745949.089223384857178, 1978410.988928924547508 ], [ 8745948.790586452931166, 1978410.988928924547508 ], [ 8745948.790586452931166, 1978410.392078780569136 ], [ 8745948.491949521005154, 1978410.392078780569136 ], [ 8745948.491949521005154, 1978409.795228636590764 ], [ 8745948.193312589079142, 1978409.795228636590764 ], [ 8745948.193312589079142, 1978409.198378492379561 ], [ 8745947.89467565715313, 1978409.198378492379561 ], [ 8745947.89467565715313, 1978408.601528348401189 ], [ 8745947.596038725227118, 1978408.601528348401189 ], [ 8745947.596038725227118, 1978406.810977916000411 ], [ 8745947.89467565715313, 1978406.810977916000411 ], [ 8745947.89467565715313, 1978406.51255284412764 ], [ 8745948.193312589079142, 1978406.51255284412764 ], [ 8745948.193312589079142, 1978406.214127772022039 ], [ 8745948.790586452931166, 1978406.214127772022039 ], [ 8745948.790586452931166, 1978405.915702699916437 ], [ 8745949.38786031678319, 1978405.915702699916437 ], [ 8745949.38786031678319, 1978405.617277627810836 ], [ 8745949.985134180635214, 1978405.617277627810836 ], [ 8745949.985134180635214, 1978405.318852555938065 ], [ 8745950.283771112561226, 1978405.318852555938065 ], [ 8745950.283771112561226, 1978405.020427483832464 ], [ 8745951.179681906476617, 1978405.020427483832464 ], [ 8745951.179681906476617, 1978404.722002411726862 ], [ 8745951.776955770328641, 1978404.722002411726862 ], [ 8745951.776955770328641, 1978405.020427483832464 ], [ 8745952.672866566106677, 1978405.020427483832464 ], [ 8745952.672866566106677, 1978405.318852555938065 ], [ 8745952.971503498032689, 1978405.318852555938065 ], [ 8745952.971503498032689, 1978405.617277627810836 ], [ 8745953.270140429958701, 1978405.617277627810836 ], [ 8745953.270140429958701, 1978405.915702699916437 ], [ 8745953.867414293810725, 1978405.915702699916437 ], [ 8745953.867414293810725, 1978406.214127772022039 ], [ 8745954.464688157662749, 1978406.214127772022039 ], [ 8745954.464688157662749, 1978406.51255284412764 ], [ 8745954.763325089588761, 1978406.51255284412764 ], [ 8745954.763325089588761, 1978407.109402988106012 ], [ 8745955.061962021514773, 1978407.109402988106012 ], [ 8745955.061962021514773, 1978407.706253132084385 ], [ 8745955.360598953440785, 1978407.706253132084385 ], [ 8745955.360598953440785, 1978408.303103276295587 ], [ 8745955.659235885366797, 1978408.303103276295587 ], [ 8745955.659235885366797, 1978408.89995342027396 ], [ 8745955.957872817292809, 1978408.89995342027396 ], [ 8745955.957872817292809, 1978409.795228636590764 ], [ 8745956.256509747356176, 1978409.795228636590764 ], [ 8745956.256509747356176, 1978410.392078780569136 ], [ 8745956.555146679282188, 1978410.392078780569136 ], [ 8745956.555146679282188, 1978411.585779068758711 ], [ 8745956.256509747356176, 1978411.585779068758711 ], [ 8745956.256509747356176, 1978411.884204140864313 ], [ 8745955.957872817292809, 1978411.884204140864313 ], [ 8745955.957872817292809, 1978412.182629212737083 ], [ 8745955.659235885366797, 1978412.182629212737083 ], [ 8745955.659235885366797, 1978412.481054284842685 ], [ 8745955.360598953440785, 1978412.481054284842685 ], [ 8745955.360598953440785, 1978412.779479356948286 ], [ 8745954.763325089588761, 1978412.779479356948286 ], [ 8745954.763325089588761, 1978413.077904428821057 ], [ 8745954.166051225736737, 1978413.077904428821057 ], [ 8745954.166051225736737, 1978413.376329500926659 ], [ 8745953.568777361884713, 1978413.376329500926659 ], [ 8745953.568777361884713, 1978413.67475457303226 ], [ 8745953.270140429958701, 1978413.67475457303226 ], [ 8745953.270140429958701, 1978413.973179645137861 ], [ 8745952.672866566106677, 1978413.973179645137861 ], [ 8745952.672866566106677, 1978414.271604717010632 ], [ 8745952.075592702254653, 1978414.271604717010632 ], [ 8745952.075592702254653, 1978414.570029789116234 ], [ 8745951.478318838402629, 1978414.570029789116234 ], [ 8745951.478318838402629, 1978414.868454861221835 ], [ 8745950.881044974550605, 1978414.868454861221835 ] ] ] } },
{ "type": "Feature", "properties": { "value": 255.0 }, "geometry": { "type": "Polygon", "coordinates": [ [ [ 8746052.118964863941073, 1978414.271604717010632 ], [ 8746052.118964863941073, 1978413.973179645137861 ], [ 8746051.521691, 1978413.973179645137861 ], [ 8746051.521691, 1978413.67475457303226 ], [ 8746051.223054068163037, 1978413.67475457303226 ], [ 8746051.223054068163037, 1978413.077904428821057 ], [ 8746050.924417136237025, 1978413.077904428821057 ], [ 8746050.924417136237025, 1978411.884204140864313 ], [ 8746050.625780204311013, 1978411.884204140864313 ], [ 8746050.625780204311013, 1978410.690503852674738 ], [ 8746050.327143272385001, 1978410.690503852674738 ], [ 8746050.327143272385001, 1978409.795228636590764 ], [ 8746050.028506340458989, 1978409.795228636590764 ], [ 8746050.028506340458989, 1978408.004678204189986 ], [ 8746049.729869408532977, 1978408.004678204189986 ], [ 8746049.729869408532977, 1978406.51255284412764 ], [ 8746050.028506340458989, 1978406.51255284412764 ], [ 8746050.028506340458989, 1978406.214127772022039 ], [ 8746050.625780204311013, 1978406.214127772022039 ], [ 8746050.625780204311013, 1978405.915702699916437 ], [ 8746051.820327932015061, 1978405.915702699916437 ], [ 8746051.820327932015061, 1978405.617277627810836 ], [ 8746053.014875657856464, 1978405.617277627810836 ], [ 8746053.014875657856464, 1978405.318852555938065 ], [ 8746053.910786453634501, 1978405.318852555938065 ], [ 8746053.910786453634501, 1978405.020427483832464 ], [ 8746055.105334181338549, 1978405.020427483832464 ], [ 8746055.105334181338549, 1978404.722002411726862 ], [ 8746056.299881909042597, 1978404.722002411726862 ], [ 8746056.299881909042597, 1978404.423577339854091 ], [ 8746057.793066568672657, 1978404.423577339854091 ], [ 8746057.793066568672657, 1978404.722002411726862 ], [ 8746058.091703500598669, 1978404.722002411726862 ], [ 8746058.091703500598669, 1978405.020427483832464 ], [ 8746058.390340430662036, 1978405.020427483832464 ], [ 8746058.390340430662036, 1978405.617277627810836 ], [ 8746058.688977362588048, 1978405.617277627810836 ], [ 8746058.688977362588048, 1978406.810977916000411 ], [ 8746058.98761429451406, 1978406.810977916000411 ], [ 8746058.98761429451406, 1978408.004678204189986 ], [ 8746059.286251226440072, 1978408.004678204189986 ], [ 8746059.286251226440072, 1978408.89995342027396 ], [ 8746059.584888158366084, 1978408.89995342027396 ], [ 8746059.584888158366084, 1978410.392078780569136 ], [ 8746059.883525090292096, 1978410.392078780569136 ], [ 8746059.883525090292096, 1978411.884204140864313 ], [ 8746059.584888158366084, 1978411.884204140864313 ], [ 8746059.584888158366084, 1978412.481054284842685 ], [ 8746059.286251226440072, 1978412.481054284842685 ], [ 8746059.286251226440072, 1978412.779479356948286 ], [ 8746058.688977362588048, 1978412.779479356948286 ], [ 8746058.688977362588048, 1978413.077904428821057 ], [ 8746057.494429636746645, 1978413.077904428821057 ], [ 8746057.494429636746645, 1978413.376329500926659 ], [ 8746055.702608045190573, 1978413.376329500926659 ], [ 8746055.702608045190573, 1978413.67475457303226 ], [ 8746054.508060317486525, 1978413.67475457303226 ], [ 8746054.508060317486525, 1978413.973179645137861 ], [ 8746053.014875657856464, 1978413.973179645137861 ], [ 8746053.014875657856464, 1978414.271604717010632 ], [ 8746052.118964863941073, 1978414.271604717010632 ] ] ] } },
{ "type": "Feature", "properties": { "value": 255.0 }, "geometry": { "type": "Polygon", "coordinates": [ [ [ 8745930.872370542958379, 1978412.182629212737083 ], [ 8745930.872370542958379, 1978411.884204140864313 ], [ 8745930.573733611032367, 1978411.884204140864313 ], [ 8745930.573733611032367, 1978411.585779068758711 ], [ 8745930.275096679106355, 1978411.585779068758711 ], [ 8745930.275096679106355, 1978410.988928924547508 ], [ 8745929.976459747180343, 1978410.988928924547508 ], [ 8745929.976459747180343, 1978410.392078780569136 ], [ 8745929.677822815254331, 1978410.392078780569136 ], [ 8745929.677822815254331, 1978409.496803564485162 ], [ 8745929.379185883328319, 1978409.496803564485162 ], [ 8745929.379185883328319, 1978408.89995342027396 ], [ 8745929.080548953264952, 1978408.89995342027396 ], [ 8745929.080548953264952, 1978408.303103276295587 ], [ 8745928.78191202133894, 1978408.303103276295587 ], [ 8745928.78191202133894, 1978407.407828060211614 ], [ 8745928.483275089412928, 1978407.407828060211614 ], [ 8745928.483275089412928, 1978405.915702699916437 ], [ 8745928.184638157486916, 1978405.915702699916437 ], [ 8745928.184638157486916, 1978404.12515226774849 ], [ 8745928.483275089412928, 1978404.12515226774849 ], [ 8745928.483275089412928, 1978403.826727195642889 ], [ 8745928.78191202133894, 1978403.826727195642889 ], [ 8745928.78191202133894, 1978403.528302123537287 ], [ 8745929.080548953264952, 1978403.528302123537287 ], [ 8745929.080548953264952, 1978403.229877051664516 ], [ 8745929.379185883328319, 1978403.229877051664516 ], [ 8745929.379185883328319, 1978402.931451979558915 ], [ 8745929.976459747180343, 1978402.931451979558915 ], [ 8745929.976459747180343, 1978402.633026907453313 ], [ 8745930.573733611032367, 1978402.633026907453313 ], [ 8745930.573733611032367, 1978402.334601835347712 ], [ 8745931.469644406810403, 1978402.334601835347712 ], [ 8745931.469644406810403, 1978402.036176763474941 ], [ 8745932.365555202588439, 1978402.036176763474941 ], [ 8745932.365555202588439, 1978401.73775169136934 ], [ 8745933.261465998366475, 1978401.73775169136934 ], [ 8745933.261465998366475, 1978401.439326619263738 ], [ 8745935.351924519985914, 1978401.439326619263738 ], [ 8745935.351924519985914, 1978401.73775169136934 ], [ 8745935.650561451911926, 1978401.73775169136934 ], [ 8745935.650561451911926, 1978401.439326619263738 ], [ 8745935.949198383837938, 1978401.439326619263738 ], [ 8745935.949198383837938, 1978401.140901547390968 ], [ 8745936.546472247689962, 1978401.140901547390968 ], [ 8745936.546472247689962, 1978400.842476475285366 ], [ 8745937.143746111541986, 1978400.842476475285366 ], [ 8745937.143746111541986, 1978400.544051403179765 ], [ 8745937.741019975394011, 1978400.544051403179765 ], [ 8745937.741019975394011, 1978400.245626331074163 ], [ 8745938.338293839246035, 1978400.245626331074163 ], [ 8745938.338293839246035, 1978399.947201259201393 ], [ 8745939.234204635024071, 1978399.947201259201393 ], [ 8745939.234204635024071, 1978399.648776187095791 ], [ 8745940.428752360865474, 1978399.648776187095791 ], [ 8745940.428752360865474, 1978399.35035111499019 ], [ 8745942.81784781627357, 1978399.35035111499019 ], [ 8745942.81784781627357, 1978399.648776187095791 ], [ 8745943.415121680125594, 1978399.648776187095791 ], [ 8745943.415121680125594, 1978399.947201259201393 ], [ 8745943.713758612051606, 1978399.947201259201393 ], [ 8745943.713758612051606, 1978401.140901547390968 ], [ 8745944.012395543977618, 1978401.140901547390968 ], [ 8745944.012395543977618, 1978401.73775169136934 ], [ 8745944.31103247590363, 1978401.73775169136934 ], [ 8745944.31103247590363, 1978402.334601835347712 ], [ 8745944.609669407829642, 1978402.334601835347712 ], [ 8745944.609669407829642, 1978402.931451979558915 ], [ 8745944.908306339755654, 1978402.931451979558915 ], [ 8745944.908306339755654, 1978403.826727195642889 ], [ 8745945.206943271681666, 1978403.826727195642889 ], [ 8745945.206943271681666, 1978404.722002411726862 ], [ 8745945.505580201745033, 1978404.722002411726862 ], [ 8745945.505580201745033, 1978405.318852555938065 ], [ 8745945.804217133671045, 1978405.318852555938065 ], [ 8745945.804217133671045, 1978406.51255284412764 ], [ 8745945.505580201745033, 1978406.51255284412764 ], [ 8745945.505580201745033, 1978407.109402988106012 ], [ 8745945.206943271681666, 1978407.109402988106012 ], [ 8745945.206943271681666, 1978407.407828060211614 ], [ 8745944.609669407829642, 1978407.407828060211614 ], [ 8745944.609669407829642, 1978407.706253132084385 ], [ 8745944.012395543977618, 1978407.706253132084385 ], [ 8745944.012395543977618, 1978408.004678204189986 ], [ 8745943.415121680125594, 1978408.004678204189986 ], [ 8745943.415121680125594, 1978408.303103276295587 ], [ 8745942.81784781627357, 1978408.303103276295587 ], [ 8745942.81784781627357, 1978408.601528348401189 ], [ 8745941.921937020495534, 1978408.601528348401189 ], [ 8745941.921937020495534, 1978408.89995342027396 ], [ 8745941.32466315664351, 1978408.89995342027396 ], [ 8745941.32466315664351, 1978409.198378492379561 ], [ 8745940.727389292791486, 1978409.198378492379561 ], [ 8745940.727389292791486, 1978409.496803564485162 ], [ 8745940.130115428939462, 1978409.496803564485162 ], [ 8745940.130115428939462, 1978409.795228636590764 ], [ 8745938.636930771172047, 1978409.795228636590764 ], [ 8745938.636930771172047, 1978409.496803564485162 ], [ 8745938.338293839246035, 1978409.496803564485162 ], [ 8745938.338293839246035, 1978409.198378492379561 ], [ 8745938.039656907320023, 1978409.198378492379561 ], [ 8745938.039656907320023, 1978409.795228636590764 ], [ 8745937.741019975394011, 1978409.795228636590764 ], [ 8745937.741019975394011, 1978410.093653708463535 ], [ 8745937.143746111541986, 1978410.093653708463535 ], [ 8745937.143746111541986, 1978410.392078780569136 ], [ 8745935.949198383837938, 1978410.392078780569136 ], [ 8745935.949198383837938, 1978410.690503852674738 ], [ 8745935.351924519985914, 1978410.690503852674738 ], [ 8745935.351924519985914, 1978410.988928924547508 ], [ 8745934.456013726070523, 1978410.988928924547508 ], [ 8745934.456013726070523, 1978411.28735399665311 ], [ 8745933.858739862218499, 1978411.28735399665311 ], [ 8745933.858739862218499, 1978411.585779068758711 ], [ 8745933.261465998366475, 1978411.585779068758711 ], [ 8745933.261465998366475, 1978411.884204140864313 ], [ 8745932.664192134514451, 1978411.884204140864313 ], [ 8745932.664192134514451, 1978412.182629212737083 ], [ 8745930.872370542958379, 1978412.182629212737083 ] ] ] } },
{ "type": "Feature", "properties": { "value": 255.0 }, "geometry": { "type": "Polygon", "coordinates": [ [ [ 8745878.909544406458735, 1978415.465305005200207 ], [ 8745878.909544406458735, 1978415.166879933327436 ], [ 8745878.312270542606711, 1978415.166879933327436 ], [ 8745878.312270542606711, 1978414.868454861221835 ], [ 8745878.013633610680699, 1978414.868454861221835 ], [ 8745878.013633610680699, 1978414.271604717010632 ], [ 8745877.714996678754687, 1978414.271604717010632 ], [ 8745877.714996678754687, 1978413.376329500926659 ], [ 8745877.416359746828675, 1978413.376329500926659 ], [ 8745877.416359746828675, 1978412.481054284842685 ], [ 8745877.117722814902663, 1978412.481054284842685 ], [ 8745877.117722814902663, 1978408.004678204189986 ], [ 8745877.714996678754687, 1978408.004678204189986 ], [ 8745877.714996678754687, 1978407.706253132084385 ], [ 8745879.208181338384748, 1978407.706253132084385 ], [ 8745879.208181338384748, 1978408.004678204189986 ], [ 8745882.493187587708235, 1978408.004678204189986 ], [ 8745882.493187587708235, 1978407.407828060211614 ], [ 8745881.298639860004187, 1978407.407828060211614 ], [ 8745881.298639860004187, 1978407.706253132084385 ], [ 8745880.104092134162784, 1978407.706253132084385 ], [ 8745880.104092134162784, 1978407.407828060211614 ], [ 8745877.117722814902663, 1978407.407828060211614 ], [ 8745877.117722814902663, 1978407.109402988106012 ], [ 8745876.819085882976651, 1978407.109402988106012 ], [ 8745876.819085882976651, 1978406.51255284412764 ], [ 8745876.520448951050639, 1978406.51255284412764 ], [ 8745876.520448951050639, 1978404.12515226774849 ], [ 8745876.221812019124627, 1978404.12515226774849 ], [ 8745876.221812019124627, 1978400.544051403179765 ], [ 8745876.819085882976651, 1978400.544051403179765 ], [ 8745876.819085882976651, 1978400.245626331074163 ], [ 8745877.714996678754687, 1978400.245626331074163 ], [ 8745877.714996678754687, 1978399.947201259201393 ], [ 8745879.50681827031076, 1978399.947201259201393 ], [ 8745879.50681827031076, 1978399.648776187095791 ], [ 8745879.805455202236772, 1978399.648776187095791 ], [ 8745879.805455202236772, 1978399.35035111499019 ], [ 8745880.104092134162784, 1978399.35035111499019 ], [ 8745880.104092134162784, 1978399.051926043117419 ], [ 8745883.687735315412283, 1978399.051926043117419 ], [ 8745883.687735315412283, 1978399.35035111499019 ], [ 8745886.076830770820379, 1978399.35035111499019 ], [ 8745886.076830770820379, 1978399.648776187095791 ], [ 8745886.375467700883746, 1978399.648776187095791 ], [ 8745886.375467700883746, 1978399.947201259201393 ], [ 8745886.674104632809758, 1978399.947201259201393 ], [ 8745886.674104632809758, 1978400.544051403179765 ], [ 8745886.97274156473577, 1978400.544051403179765 ], [ 8745886.97274156473577, 1978402.931451979558915 ], [ 8745887.271378496661782, 1978402.931451979558915 ], [ 8745887.271378496661782, 1978403.528302123537287 ], [ 8745886.97274156473577, 1978403.528302123537287 ], [ 8745886.97274156473577, 1978404.423577339854091 ], [ 8745886.674104632809758, 1978404.423577339854091 ], [ 8745886.674104632809758, 1978404.722002411726862 ], [ 8745886.97274156473577, 1978404.722002411726862 ], [ 8745886.97274156473577, 1978407.109402988106012 ], [ 8745886.674104632809758, 1978407.109402988106012 ], [ 8745886.674104632809758, 1978407.407828060211614 ], [ 8745886.97274156473577, 1978407.407828060211614 ], [ 8745886.97274156473577, 1978407.706253132084385 ], [ 8745887.271378496661782, 1978407.706253132084385 ], [ 8745887.271378496661782, 1978408.303103276295587 ], [ 8745887.570015428587794, 1978408.303103276295587 ], [ 8745887.570015428587794, 1978409.496803564485162 ], [ 8745887.868652360513806, 1978409.496803564485162 ], [ 8745887.868652360513806, 1978410.690503852674738 ], [ 8745888.167289292439818, 1978410.690503852674738 ], [ 8745888.167289292439818, 1978411.585779068758711 ], [ 8745888.46592622436583, 1978411.585779068758711 ], [ 8745888.46592622436583, 1978412.779479356948286 ], [ 8745888.764563156291842, 1978412.779479356948286 ], [ 8745888.764563156291842, 1978413.67475457303226 ], [ 8745888.46592622436583, 1978413.67475457303226 ], [ 8745888.46592622436583, 1978413.973179645137861 ], [ 8745888.167289292439818, 1978413.973179645137861 ], [ 8745888.167289292439818, 1978414.271604717010632 ], [ 8745886.97274156473577, 1978414.271604717010632 ], [ 8745886.97274156473577, 1978414.570029789116234 ], [ 8745885.479556906968355, 1978414.570029789116234 ], [ 8745885.479556906968355, 1978414.868454861221835 ], [ 8745884.285009179264307, 1978414.868454861221835 ], [ 8745884.285009179264307, 1978415.166879933327436 ], [ 8745882.791824519634247, 1978415.166879933327436 ], [ 8745882.791824519634247, 1978415.465305005200207 ], [ 8745878.909544406458735, 1978415.465305005200207 ] ], [ [ 8745884.882283043116331, 1978407.706253132084385 ], [ 8745885.479556906968355, 1978407.706253132084385 ], [ 8745885.479556906968355, 1978407.407828060211614 ], [ 8745884.882283043116331, 1978407.407828060211614 ], [ 8745884.882283043116331, 1978407.706253132084385 ] ] ] } },
{ "type": "Feature", "properties": { "value": 255.0 }, "geometry": { "type": "Polygon", "coordinates": [ [ [ 8745903.099135883152485, 1978415.465305005200207 ], [ 8745903.099135883152485, 1978415.166879933327436 ], [ 8745902.800498951226473, 1978415.166879933327436 ], [ 8745902.800498951226473, 1978414.570029789116234 ], [ 8745902.501862019300461, 1978414.570029789116234 ], [ 8745902.501862019300461, 1978413.67475457303226 ], [ 8745902.203225089237094, 1978413.67475457303226 ], [ 8745902.203225089237094, 1978412.779479356948286 ], [ 8745901.904588157311082, 1978412.779479356948286 ], [ 8745901.904588157311082, 1978411.884204140864313 ], [ 8745901.60595122538507, 1978411.884204140864313 ], [ 8745901.60595122538507, 1978410.988928924547508 ], [ 8745901.307314293459058, 1978410.988928924547508 ], [ 8745901.307314293459058, 1978410.093653708463535 ], [ 8745901.008677361533046, 1978410.093653708463535 ], [ 8745901.008677361533046, 1978408.89995342027396 ], [ 8745900.710040429607034, 1978408.89995342027396 ], [ 8745900.710040429607034, 1978408.004678204189986 ], [ 8745900.411403497681022, 1978408.004678204189986 ], [ 8745900.411403497681022, 1978407.109402988106012 ], [ 8745900.11276656575501, 1978407.109402988106012 ], [ 8745900.11276656575501, 1978406.214127772022039 ], [ 8745899.814129633828998, 1978406.214127772022039 ], [ 8745899.814129633828998, 1978405.318852555938065 ], [ 8745899.515492701902986, 1978405.318852555938065 ], [ 8745899.515492701902986, 1978404.423577339854091 ], [ 8745899.216855769976974, 1978404.423577339854091 ], [ 8745899.216855769976974, 1978403.528302123537287 ], [ 8745898.918218838050961, 1978403.528302123537287 ], [ 8745898.918218838050961, 1978402.036176763474941 ], [ 8745898.619581906124949, 1978402.036176763474941 ], [ 8745898.619581906124949, 1978400.544051403179765 ], [ 8745898.918218838050961, 1978400.544051403179765 ], [ 8745898.918218838050961, 1978399.947201259201393 ], [ 8745899.515492701902986, 1978399.947201259201393 ], [ 8745899.515492701902986, 1978399.648776187095791 ], [ 8745900.411403497681022, 1978399.648776187095791 ], [ 8745900.411403497681022, 1978399.35035111499019 ], [ 8745901.60595122538507, 1978399.35035111499019 ], [ 8745901.60595122538507, 1978399.051926043117419 ], [ 8745902.501862019300461, 1978399.051926043117419 ], [ 8745902.501862019300461, 1978398.753500971011817 ], [ 8745903.397772815078497, 1978398.753500971011817 ], [ 8745903.397772815078497, 1978398.455075898906216 ], [ 8745906.085505202412605, 1978398.455075898906216 ], [ 8745906.085505202412605, 1978398.753500971011817 ], [ 8745906.384142134338617, 1978398.753500971011817 ], [ 8745906.384142134338617, 1978399.35035111499019 ], [ 8745906.682779066264629, 1978399.35035111499019 ], [ 8745906.682779066264629, 1978400.245626331074163 ], [ 8745906.981415998190641, 1978400.245626331074163 ], [ 8745906.981415998190641, 1978401.140901547390968 ], [ 8745907.280052930116653, 1978401.140901547390968 ], [ 8745907.280052930116653, 1978402.334601835347712 ], [ 8745907.578689862042665, 1978402.334601835347712 ], [ 8745907.578689862042665, 1978403.229877051664516 ], [ 8745907.877326792106032, 1978403.229877051664516 ], [ 8745907.877326792106032, 1978404.12515226774849 ], [ 8745908.175963724032044, 1978404.12515226774849 ], [ 8745908.175963724032044, 1978405.318852555938065 ], [ 8745908.474600655958056, 1978405.318852555938065 ], [ 8745908.474600655958056, 1978406.214127772022039 ], [ 8745908.773237587884068, 1978406.214127772022039 ], [ 8745908.773237587884068, 1978407.706253132084385 ], [ 8745909.071874519810081, 1978407.706253132084385 ], [ 8745909.071874519810081, 1978408.89995342027396 ], [ 8745909.370511451736093, 1978408.89995342027396 ], [ 8745909.370511451736093, 1978411.585779068758711 ], [ 8745909.071874519810081, 1978411.585779068758711 ], [ 8745909.071874519810081, 1978412.182629212737083 ], [ 8745908.773237587884068, 1978412.182629212737083 ], [ 8745908.773237587884068, 1978412.481054284842685 ], [ 8745908.474600655958056, 1978412.481054284842685 ], [ 8745908.474600655958056, 1978412.779479356948286 ], [ 8745907.578689862042665, 1978412.779479356948286 ], [ 8745907.578689862042665, 1978413.077904428821057 ], [ 8745907.280052930116653, 1978413.077904428821057 ], [ 8745907.280052930116653, 1978413.376329500926659 ], [ 8745906.981415998190641, 1978413.376329500926659 ], [ 8745906.981415998190641, 1978413.67475457303226 ], [ 8745906.682779066264629, 1978413.67475457303226 ], [ 8745906.682779066264629, 1978413.973179645137861 ], [ 8745906.384142134338617, 1978413.973179645137861 ], [ 8745906.384142134338617, 1978414.570029789116234 ], [ 8745906.085505202412605, 1978414.570029789116234 ], [ 8745906.085505202412605, 1978414.868454861221835 ], [ 8745904.890957474708557, 1978414.868454861221835 ], [ 8745904.890957474708557, 1978415.166879933327436 ], [ 8745904.293683610856533, 1978415.166879933327436 ], [ 8745904.293683610856533, 1978415.465305005200207 ], [ 8745903.099135883152485, 1978415.465305005200207 ] ] ] } },
{ "type": "Feature", "properties": { "value": 255.0 }, "geometry": { "type": "Polygon", "coordinates": [ [ [ 8746042.562583044171333, 1978417.255855437600985 ], [ 8746042.562583044171333, 1978416.957430365495384 ], [ 8746041.965309182181954, 1978416.957430365495384 ], [ 8746041.965309182181954, 1978416.659005293389782 ], [ 8746037.784392135217786, 1978416.659005293389782 ], [ 8746037.784392135217786, 1978416.360580221284181 ], [ 8746037.187118271365762, 1978416.360580221284181 ], [ 8746037.187118271365762, 1978416.06215514941141 ], [ 8746036.88848133943975, 1978416.06215514941141 ], [ 8746036.88848133943975, 1978415.166879933327436 ], [ 8746036.589844409376383, 1978415.166879933327436 ], [ 8746036.589844409376383, 1978414.570029789116234 ], [ 8746036.291207477450371, 1978414.570029789116234 ], [ 8746036.291207477450371, 1978413.973179645137861 ], [ 8746035.992570545524359, 1978413.973179645137861 ], [ 8746035.992570545524359, 1978412.481054284842685 ], [ 8746035.693933613598347, 1978412.481054284842685 ], [ 8746035.693933613598347, 1978410.988928924547508 ], [ 8746035.395296681672335, 1978410.988928924547508 ], [ 8746035.395296681672335, 1978410.093653708463535 ], [ 8746035.096659749746323, 1978410.093653708463535 ], [ 8746035.096659749746323, 1978408.89995342027396 ], [ 8746034.798022817820311, 1978408.89995342027396 ], [ 8746034.798022817820311, 1978407.407828060211614 ], [ 8746034.499385885894299, 1978407.407828060211614 ], [ 8746034.499385885894299, 1978405.915702699916437 ], [ 8746034.200748953968287, 1978405.915702699916437 ], [ 8746034.200748953968287, 1978403.826727195642889 ], [ 8746034.499385885894299, 1978403.826727195642889 ], [ 8746034.499385885894299, 1978402.931451979558915 ], [ 8746034.798022817820311, 1978402.931451979558915 ], [ 8746034.798022817820311, 1978402.334601835347712 ], [ 8746035.096659749746323, 1978402.334601835347712 ], [ 8746035.096659749746323, 1978401.73775169136934 ], [ 8746035.395296681672335, 1978401.73775169136934 ], [ 8746035.395296681672335, 1978401.439326619263738 ], [ 8746035.693933613598347, 1978401.439326619263738 ], [ 8746035.693933613598347, 1978401.140901547390968 ], [ 8746035.992570545524359, 1978401.140901547390968 ], [ 8746035.992570545524359, 1978400.842476475285366 ], [ 8746036.291207477450371, 1978400.842476475285366 ], [ 8746036.291207477450371, 1978400.544051403179765 ], [ 8746036.88848133943975, 1978400.544051403179765 ], [ 8746036.88848133943975, 1978400.245626331074163 ], [ 8746037.485755203291774, 1978400.245626331074163 ], [ 8746037.485755203291774, 1978399.947201259201393 ], [ 8746037.784392135217786, 1978399.947201259201393 ], [ 8746037.784392135217786, 1978399.648776187095791 ], [ 8746038.083029067143798, 1978399.648776187095791 ], [ 8746038.083029067143798, 1978399.35035111499019 ], [ 8746038.680302930995822, 1978399.35035111499019 ], [ 8746038.680302930995822, 1978399.051926043117419 ], [ 8746039.576213726773858, 1978399.051926043117419 ], [ 8746039.576213726773858, 1978398.753500971011817 ], [ 8746041.36803531832993, 1978398.753500971011817 ], [ 8746041.36803531832993, 1978398.455075898906216 ], [ 8746043.159856908023357, 1978398.455075898906216 ], [ 8746043.159856908023357, 1978398.156650826800615 ], [ 8746045.548952363431454, 1978398.156650826800615 ], [ 8746045.548952363431454, 1978398.455075898906216 ], [ 8746045.847589295357466, 1978398.455075898906216 ], [ 8746045.847589295357466, 1978398.753500971011817 ], [ 8746046.146226227283478, 1978398.753500971011817 ], [ 8746046.146226227283478, 1978399.947201259201393 ], [ 8746046.44486315920949, 1978399.947201259201393 ], [ 8746046.44486315920949, 1978400.842476475285366 ], [ 8746046.743500091135502, 1978400.842476475285366 ], [ 8746046.743500091135502, 1978402.036176763474941 ], [ 8746047.042137023061514, 1978402.036176763474941 ], [ 8746047.042137023061514, 1978402.931451979558915 ], [ 8746047.340773954987526, 1978402.931451979558915 ], [ 8746047.340773954987526, 1978404.423577339854091 ], [ 8746047.639410885050893, 1978404.423577339854091 ], [ 8746047.639410885050893, 1978405.318852555938065 ], [ 8746047.938047816976905, 1978405.318852555938065 ], [ 8746047.938047816976905, 1978406.51255284412764 ], [ 8746048.236684748902917, 1978406.51255284412764 ], [ 8746048.236684748902917, 1978407.109402988106012 ], [ 8746047.938047816976905, 1978407.109402988106012 ], [ 8746047.938047816976905, 1978407.706253132084385 ], [ 8746048.535321680828929, 1978407.706253132084385 ], [ 8746048.535321680828929, 1978408.303103276295587 ], [ 8746048.833958612754941, 1978408.303103276295587 ], [ 8746048.833958612754941, 1978409.795228636590764 ], [ 8746049.132595544680953, 1978409.795228636590764 ], [ 8746049.132595544680953, 1978410.988928924547508 ], [ 8746049.431232476606965, 1978410.988928924547508 ], [ 8746049.431232476606965, 1978412.779479356948286 ], [ 8746049.729869408532977, 1978412.779479356948286 ], [ 8746049.729869408532977, 1978415.763730077305809 ], [ 8746049.431232476606965, 1978415.763730077305809 ], [ 8746049.431232476606965, 1978416.06215514941141 ], [ 8746048.833958612754941, 1978416.06215514941141 ], [ 8746048.833958612754941, 1978416.360580221284181 ], [ 8746047.938047816976905, 1978416.360580221284181 ], [ 8746047.938047816976905, 1978416.659005293389782 ], [ 8746046.743500091135502, 1978416.659005293389782 ], [ 8746046.743500091135502, 1978416.957430365495384 ], [ 8746044.653041567653418, 1978416.957430365495384 ], [ 8746044.653041567653418, 1978417.255855437600985 ], [ 8746042.562583044171333, 1978417.255855437600985 ] ] ] } },
{ "type": "Feature", "properties": { "value": 255.0 }, "geometry": { "type": "Polygon", "coordinates": [ [ [ 8745750.495663722977042, 1978414.868454861221835 ], [ 8745750.495663722977042, 1978414.570029789116234 ], [ 8745750.19702679105103, 1978414.570029789116234 ], [ 8745750.19702679105103, 1978413.67475457303226 ], [ 8745749.898389859125018, 1978413.67475457303226 ], [ 8745749.898389859125018, 1978412.779479356948286 ], [ 8745749.599752927199006, 1978412.779479356948286 ], [ 8745749.599752927199006, 1978412.481054284842685 ], [ 8745749.002479063346982, 1978412.481054284842685 ], [ 8745749.002479063346982, 1978398.156650826800615 ], [ 8745749.599752927199006, 1978398.156650826800615 ], [ 8745749.599752927199006, 1978397.858225754927844 ], [ 8745749.898389859125018, 1978397.858225754927844 ], [ 8745749.898389859125018, 1978397.559800682822242 ], [ 8745750.19702679105103, 1978397.559800682822242 ], [ 8745750.19702679105103, 1978396.96295053861104 ], [ 8745750.794300654903054, 1978396.96295053861104 ], [ 8745750.794300654903054, 1978396.664525466738269 ], [ 8745751.69021145068109, 1978396.664525466738269 ], [ 8745751.69021145068109, 1978396.366100394632667 ], [ 8745752.586122244596481, 1978396.366100394632667 ], [ 8745752.586122244596481, 1978396.664525466738269 ], [ 8745752.884759176522493, 1978396.664525466738269 ], [ 8745752.884759176522493, 1978397.261375610716641 ], [ 8745753.183396108448505, 1978397.261375610716641 ], [ 8745753.183396108448505, 1978398.156650826800615 ], [ 8745753.482033040374517, 1978398.156650826800615 ], [ 8745753.482033040374517, 1978399.35035111499019 ], [ 8745753.780669972300529, 1978399.35035111499019 ], [ 8745753.780669972300529, 1978400.842476475285366 ], [ 8745754.079306904226542, 1978400.842476475285366 ], [ 8745754.079306904226542, 1978402.036176763474941 ], [ 8745754.377943836152554, 1978402.036176763474941 ], [ 8745754.377943836152554, 1978405.020427483832464 ], [ 8745754.676580768078566, 1978405.020427483832464 ], [ 8745754.676580768078566, 1978407.109402988106012 ], [ 8745754.975217700004578, 1978407.109402988106012 ], [ 8745754.975217700004578, 1978407.706253132084385 ], [ 8745755.27385463193059, 1978407.706253132084385 ], [ 8745755.27385463193059, 1978409.198378492379561 ], [ 8745754.975217700004578, 1978409.198378492379561 ], [ 8745754.975217700004578, 1978409.795228636590764 ], [ 8745755.27385463193059, 1978409.795228636590764 ], [ 8745755.27385463193059, 1978410.392078780569136 ], [ 8745755.572491563856602, 1978410.392078780569136 ], [ 8745755.572491563856602, 1978411.585779068758711 ], [ 8745755.871128495782614, 1978411.585779068758711 ], [ 8745755.871128495782614, 1978412.182629212737083 ], [ 8745755.572491563856602, 1978412.182629212737083 ], [ 8745755.572491563856602, 1978413.077904428821057 ], [ 8745755.27385463193059, 1978413.077904428821057 ], [ 8745755.27385463193059, 1978413.67475457303226 ], [ 8745754.676580768078566, 1978413.67475457303226 ], [ 8745754.676580768078566, 1978413.973179645137861 ], [ 8745754.079306904226542, 1978413.973179645137861 ], [ 8745754.079306904226542, 1978414.271604717010632 ], [ 8745753.482033040374517, 1978414.271604717010632 ], [ 8745753.482033040374517, 1978414.570029789116234 ], [ 8745751.69021145068109, 1978414.570029789116234 ], [ 8745751.69021145068109, 1978414.868454861221835 ], [ 8745750.495663722977042, 1978414.868454861221835 ] ] ] } },
{ "type": "Feature", "properties": { "value": 255.0 }, "geometry": { "type": "Polygon", "coordinates": [ [ [ 8745895.334575656801462, 1978413.077904428821057 ], [ 8745895.334575656801462, 1978412.779479356948286 ], [ 8745894.438664861023426, 1978412.779479356948286 ], [ 8745894.438664861023426, 1978412.481054284842685 ], [ 8745894.140027929097414, 1978412.481054284842685 ], [ 8745894.140027929097414, 1978412.182629212737083 ], [ 8745893.841390997171402, 1978412.182629212737083 ], [ 8745893.841390997171402, 1978411.585779068758711 ], [ 8745893.54275406524539, 1978411.585779068758711 ], [ 8745893.54275406524539, 1978410.988928924547508 ], [ 8745893.244117133319378, 1978410.988928924547508 ], [ 8745893.244117133319378, 1978409.795228636590764 ], [ 8745892.945480201393366, 1978409.795228636590764 ], [ 8745892.945480201393366, 1978408.303103276295587 ], [ 8745892.646843269467354, 1978408.303103276295587 ], [ 8745892.646843269467354, 1978407.109402988106012 ], [ 8745892.348206337541342, 1978407.109402988106012 ], [ 8745892.348206337541342, 1978405.318852555938065 ], [ 8745892.04956940561533, 1978405.318852555938065 ], [ 8745892.04956940561533, 1978403.826727195642889 ], [ 8745891.750932473689318, 1978403.826727195642889 ], [ 8745891.750932473689318, 1978402.334601835347712 ], [ 8745891.452295543625951, 1978402.334601835347712 ], [ 8745891.452295543625951, 1978401.140901547390968 ], [ 8745891.153658611699939, 1978401.140901547390968 ], [ 8745891.153658611699939, 1978399.648776187095791 ], [ 8745890.855021679773927, 1978399.648776187095791 ], [ 8745890.855021679773927, 1978397.559800682822242 ], [ 8745890.556384747847915, 1978397.559800682822242 ], [ 8745890.556384747847915, 1978396.96295053861104 ], [ 8745890.855021679773927, 1978396.96295053861104 ], [ 8745890.855021679773927, 1978396.366100394632667 ], [ 8745891.452295543625951, 1978396.366100394632667 ], [ 8745891.452295543625951, 1978396.067675322527066 ], [ 8745892.646843269467354, 1978396.067675322527066 ], [ 8745892.646843269467354, 1978395.769250250654295 ], [ 8745895.334575656801462, 1978395.769250250654295 ], [ 8745895.334575656801462, 1978396.067675322527066 ], [ 8745895.633212588727474, 1978396.067675322527066 ], [ 8745895.633212588727474, 1978396.664525466738269 ], [ 8745895.931849520653486, 1978396.664525466738269 ], [ 8745895.931849520653486, 1978397.858225754927844 ], [ 8745896.230486452579498, 1978397.858225754927844 ], [ 8745896.230486452579498, 1978399.051926043117419 ], [ 8745896.52912338450551, 1978399.051926043117419 ], [ 8745896.52912338450551, 1978399.648776187095791 ], [ 8745896.827760316431522, 1978399.648776187095791 ], [ 8745896.827760316431522, 1978400.245626331074163 ], [ 8745897.126397246494889, 1978400.245626331074163 ], [ 8745897.126397246494889, 1978400.842476475285366 ], [ 8745897.425034178420901, 1978400.842476475285366 ], [ 8745897.425034178420901, 1978402.036176763474941 ], [ 8745897.723671110346913, 1978402.036176763474941 ], [ 8745897.723671110346913, 1978402.931451979558915 ], [ 8745898.022308042272925, 1978402.931451979558915 ], [ 8745898.022308042272925, 1978403.826727195642889 ], [ 8745898.320944974198937, 1978403.826727195642889 ], [ 8745898.320944974198937, 1978404.722002411726862 ], [ 8745898.619581906124949, 1978404.722002411726862 ], [ 8745898.619581906124949, 1978405.318852555938065 ], [ 8745898.918218838050961, 1978405.318852555938065 ], [ 8745898.918218838050961, 1978406.51255284412764 ], [ 8745899.216855769976974, 1978406.51255284412764 ], [ 8745899.216855769976974, 1978407.407828060211614 ], [ 8745899.515492701902986, 1978407.407828060211614 ], [ 8745899.515492701902986, 1978408.89995342027396 ], [ 8745899.814129633828998, 1978408.89995342027396 ], [ 8745899.814129633828998, 1978410.690503852674738 ], [ 8745900.11276656575501, 1978410.690503852674738 ], [ 8745900.11276656575501, 1978410.988928924547508 ], [ 8745899.814129633828998, 1978410.988928924547508 ], [ 8745899.814129633828998, 1978411.884204140864313 ], [ 8745899.515492701902986, 1978411.884204140864313 ], [ 8745899.515492701902986, 1978412.182629212737083 ], [ 8745898.918218838050961, 1978412.182629212737083 ], [ 8745898.918218838050961, 1978412.481054284842685 ], [ 8745897.723671110346913, 1978412.481054284842685 ], [ 8745897.723671110346913, 1978412.779479356948286 ], [ 8745896.230486452579498, 1978412.779479356948286 ], [ 8745896.230486452579498, 1978413.077904428821057 ], [ 8745895.334575656801462, 1978413.077904428821057 ] ] ] } },
{ "type": "Feature", "properties": { "value": 255.0 }, "geometry": { "type": "Polygon", "coordinates": [ [ [ 8745947.297401793301105, 1978405.915702699916437 ], [ 8745947.297401793301105, 1978405.617277627810836 ], [ 8745946.401490997523069, 1978405.617277627810836 ], [ 8745946.401490997523069, 1978405.020427483832464 ], [ 8745946.102854065597057, 1978405.020427483832464 ], [ 8745946.102854065597057, 1978404.423577339854091 ], [ 8745945.804217133671045, 1978404.423577339854091 ], [ 8745945.804217133671045, 1978403.826727195642889 ], [ 8745945.505580201745033, 1978403.826727195642889 ], [ 8745945.505580201745033, 1978402.633026907453313 ], [ 8745945.206943271681666, 1978402.633026907453313 ], [ 8745945.206943271681666, 1978402.036176763474941 ], [ 8745944.908306339755654, 1978402.036176763474941 ], [ 8745944.908306339755654, 1978401.140901547390968 ], [ 8745944.609669407829642, 1978401.140901547390968 ], [ 8745944.609669407829642, 1978399.648776187095791 ], [ 8745944.908306339755654, 1978399.648776187095791 ], [ 8745944.908306339755654, 1978399.051926043117419 ], [ 8745945.505580201745033, 1978399.051926043117419 ], [ 8745945.505580201745033, 1978398.753500971011817 ], [ 8745945.804217133671045, 1978398.753500971011817 ], [ 8745945.804217133671045, 1978398.455075898906216 ], [ 8745946.401490997523069, 1978398.455075898906216 ], [ 8745946.401490997523069, 1978398.156650826800615 ], [ 8745947.297401793301105, 1978398.156650826800615 ], [ 8745947.297401793301105, 1978397.858225754927844 ], [ 8745947.89467565715313, 1978397.858225754927844 ], [ 8745947.89467565715313, 1978397.559800682822242 ], [ 8745948.491949521005154, 1978397.559800682822242 ], [ 8745948.491949521005154, 1978397.261375610716641 ], [ 8745949.089223384857178, 1978397.261375610716641 ], [ 8745949.089223384857178, 1978396.96295053861104 ], [ 8745949.985134180635214, 1978396.96295053861104 ], [ 8745949.985134180635214, 1978396.664525466738269 ], [ 8745950.582408044487238, 1978396.664525466738269 ], [ 8745950.582408044487238, 1978396.366100394632667 ], [ 8745951.179681906476617, 1978396.366100394632667 ], [ 8745951.179681906476617, 1978396.067675322527066 ], [ 8745952.075592702254653, 1978396.067675322527066 ], [ 8745952.075592702254653, 1978395.769250250654295 ], [ 8745952.672866566106677, 1978395.769250250654295 ], [ 8745952.672866566106677, 1978395.470825178548694 ], [ 8745953.867414293810725, 1978395.470825178548694 ], [ 8745953.867414293810725, 1978395.769250250654295 ], [ 8745954.464688157662749, 1978395.769250250654295 ], [ 8745954.464688157662749, 1978396.067675322527066 ], [ 8745954.763325089588761, 1978396.067675322527066 ], [ 8745954.763325089588761, 1978396.366100394632667 ], [ 8745955.061962021514773, 1978396.366100394632667 ], [ 8745955.061962021514773, 1978396.664525466738269 ], [ 8745955.360598953440785, 1978396.664525466738269 ], [ 8745955.360598953440785, 1978396.96295053861104 ], [ 8745955.659235885366797, 1978396.96295053861104 ], [ 8745955.659235885366797, 1978397.559800682822242 ], [ 8745955.957872817292809, 1978397.559800682822242 ], [ 8745955.957872817292809, 1978397.858225754927844 ], [ 8745956.256509747356176, 1978397.858225754927844 ], [ 8745956.256509747356176, 1978398.753500971011817 ], [ 8745956.555146679282188, 1978398.753500971011817 ], [ 8745956.555146679282188, 1978399.051926043117419 ], [ 8745956.8537836112082, 1978399.051926043117419 ], [ 8745956.8537836112082, 1978399.648776187095791 ], [ 8745957.152420543134212, 1978399.648776187095791 ], [ 8745957.152420543134212, 1978399.947201259201393 ], [ 8745957.451057475060225, 1978399.947201259201393 ], [ 8745957.451057475060225, 1978400.245626331074163 ], [ 8745957.749694406986237, 1978400.245626331074163 ], [ 8745957.749694406986237, 1978400.842476475285366 ], [ 8745958.048331338912249, 1978400.842476475285366 ], [ 8745958.048331338912249, 1978401.140901547390968 ], [ 8745957.749694406986237, 1978401.140901547390968 ], [ 8745957.749694406986237, 1978401.73775169136934 ], [ 8745957.451057475060225, 1978401.73775169136934 ], [ 8745957.451057475060225, 1978402.036176763474941 ], [ 8745957.152420543134212, 1978402.036176763474941 ], [ 8745957.152420543134212, 1978402.334601835347712 ], [ 8745956.555146679282188, 1978402.334601835347712 ], [ 8745956.555146679282188, 1978402.633026907453313 ], [ 8745955.659235885366797, 1978402.633026907453313 ], [ 8745955.659235885366797, 1978402.931451979558915 ], [ 8745954.464688157662749, 1978402.931451979558915 ], [ 8745954.464688157662749, 1978403.229877051664516 ], [ 8745953.867414293810725, 1978403.229877051664516 ], [ 8745953.867414293810725, 1978403.528302123537287 ], [ 8745952.971503498032689, 1978403.528302123537287 ], [ 8745952.971503498032689, 1978403.826727195642889 ], [ 8745952.374229634180665, 1978403.826727195642889 ], [ 8745952.374229634180665, 1978404.12515226774849 ], [ 8745951.776955770328641, 1978404.12515226774849 ], [ 8745951.776955770328641, 1978404.423577339854091 ], [ 8745950.881044974550605, 1978404.423577339854091 ], [ 8745950.881044974550605, 1978404.722002411726862 ], [ 8745949.985134180635214, 1978404.722002411726862 ], [ 8745949.985134180635214, 1978405.020427483832464 ], [ 8745949.686497248709202, 1978405.020427483832464 ], [ 8745949.686497248709202, 1978405.318852555938065 ], [ 8745949.089223384857178, 1978405.318852555938065 ], [ 8745949.089223384857178, 1978405.617277627810836 ], [ 8745947.89467565715313, 1978405.617277627810836 ], [ 8745947.89467565715313, 1978405.915702699916437 ], [ 8745947.297401793301105, 1978405.915702699916437 ] ] ] } },
{ "type": "Feature", "properties": { "value": 255.0 }, "geometry": { "type": "Polygon", "coordinates": [ [ [ 8745843.969023382291198, 1978416.360580221284181 ], [ 8745843.969023382291198, 1978416.06215514941141 ], [ 8745843.670386450365186, 1978416.06215514941141 ], [ 8745843.670386450365186, 1978415.465305005200207 ], [ 8745843.371749518439174, 1978415.465305005200207 ], [ 8745843.371749518439174, 1978414.868454861221835 ], [ 8745843.073112588375807, 1978414.868454861221835 ], [ 8745843.073112588375807, 1978414.271604717010632 ], [ 8745842.774475656449795, 1978414.271604717010632 ], [ 8745842.774475656449795, 1978413.67475457303226 ], [ 8745842.475838724523783, 1978413.67475457303226 ], [ 8745842.475838724523783, 1978410.690503852674738 ], [ 8745842.177201792597771, 1978410.690503852674738 ], [ 8745842.177201792597771, 1978409.795228636590764 ], [ 8745842.475838724523783, 1978409.795228636590764 ], [ 8745842.475838724523783, 1978409.496803564485162 ], [ 8745842.774475656449795, 1978409.496803564485162 ], [ 8745842.774475656449795, 1978409.198378492379561 ], [ 8745843.371749518439174, 1978409.198378492379561 ], [ 8745843.371749518439174, 1978408.89995342027396 ], [ 8745843.969023382291198, 1978408.89995342027396 ], [ 8745843.969023382291198, 1978408.601528348401189 ], [ 8745844.26766031421721, 1978408.601528348401189 ], [ 8745844.26766031421721, 1978408.303103276295587 ], [ 8745844.566297246143222, 1978408.303103276295587 ], [ 8745844.566297246143222, 1978408.004678204189986 ], [ 8745844.864934178069234, 1978408.004678204189986 ], [ 8745844.864934178069234, 1978407.706253132084385 ], [ 8745845.76084497384727, 1978407.706253132084385 ], [ 8745845.76084497384727, 1978407.407828060211614 ], [ 8745846.955392701551318, 1978407.407828060211614 ], [ 8745846.955392701551318, 1978407.109402988106012 ], [ 8745848.149940429255366, 1978407.109402988106012 ], [ 8745848.149940429255366, 1978406.810977916000411 ], [ 8745846.656755769625306, 1978406.810977916000411 ], [ 8745846.656755769625306, 1978407.109402988106012 ], [ 8745844.864934178069234, 1978407.109402988106012 ], [ 8745844.864934178069234, 1978407.407828060211614 ], [ 8745843.371749518439174, 1978407.407828060211614 ], [ 8745843.371749518439174, 1978407.706253132084385 ], [ 8745842.177201792597771, 1978407.706253132084385 ], [ 8745842.177201792597771, 1978408.004678204189986 ], [ 8745841.281290996819735, 1978408.004678204189986 ], [ 8745841.281290996819735, 1978407.706253132084385 ], [ 8745840.68401713296771, 1978407.706253132084385 ], [ 8745840.68401713296771, 1978407.109402988106012 ], [ 8745840.385380201041698, 1978407.109402988106012 ], [ 8745840.385380201041698, 1978405.617277627810836 ], [ 8745840.086743269115686, 1978405.617277627810836 ], [ 8745840.086743269115686, 1978404.423577339854091 ], [ 8745839.788106337189674, 1978404.423577339854091 ], [ 8745839.788106337189674, 1978403.229877051664516 ], [ 8745839.489469405263662, 1978403.229877051664516 ], [ 8745839.489469405263662, 1978401.73775169136934 ], [ 8745839.19083247333765, 1978401.73775169136934 ], [ 8745839.19083247333765, 1978400.544051403179765 ], [ 8745839.489469405263662, 1978400.544051403179765 ], [ 8745839.489469405263662, 1978400.245626331074163 ], [ 8745839.788106337189674, 1978400.245626331074163 ], [ 8745839.788106337189674, 1978399.947201259201393 ], [ 8745840.086743269115686, 1978399.947201259201393 ], [ 8745840.086743269115686, 1978399.648776187095791 ], [ 8745840.385380201041698, 1978399.648776187095791 ], [ 8745840.385380201041698, 1978399.051926043117419 ], [ 8745840.086743269115686, 1978399.051926043117419 ], [ 8745840.086743269115686, 1978398.753500971011817 ], [ 8745839.788106337189674, 1978398.753500971011817 ], [ 8745839.788106337189674, 1978398.455075898906216 ], [ 8745839.489469405263662, 1978398.455075898906216 ], [ 8745839.489469405263662, 1978397.261375610716641 ], [ 8745839.788106337189674, 1978397.261375610716641 ], [ 8745839.788106337189674, 1978396.96295053861104 ], [ 8745840.086743269115686, 1978396.96295053861104 ], [ 8745840.086743269115686, 1978396.664525466738269 ], [ 8745840.385380201041698, 1978396.664525466738269 ], [ 8745840.385380201041698, 1978396.366100394632667 ], [ 8745840.68401713296771, 1978396.366100394632667 ], [ 8745840.68401713296771, 1978396.067675322527066 ], [ 8745840.982654064893723, 1978396.067675322527066 ], [ 8745840.982654064893723, 1978395.769250250654295 ], [ 8745841.281290996819735, 1978395.769250250654295 ], [ 8745841.281290996819735, 1978395.470825178548694 ], [ 8745841.579927928745747, 1978395.470825178548694 ], [ 8745841.579927928745747, 1978395.172400106443092 ], [ 8745843.073112588375807, 1978395.172400106443092 ], [ 8745843.073112588375807, 1978394.873975034337491 ], [ 8745844.26766031421721, 1978394.873975034337491 ], [ 8745844.26766031421721, 1978394.57554996246472 ], [ 8745845.76084497384727, 1978394.57554996246472 ], [ 8745845.76084497384727, 1978394.277124890359119 ], [ 8745846.955392701551318, 1978394.277124890359119 ], [ 8745846.955392701551318, 1978393.978699818253517 ], [ 8745849.045851223170757, 1978393.978699818253517 ], [ 8745849.045851223170757, 1978394.277124890359119 ], [ 8745849.344488155096769, 1978394.277124890359119 ], [ 8745849.344488155096769, 1978394.57554996246472 ], [ 8745849.643125087022781, 1978394.57554996246472 ], [ 8745849.643125087022781, 1978395.769250250654295 ], [ 8745849.344488155096769, 1978395.769250250654295 ], [ 8745849.344488155096769, 1978396.366100394632667 ], [ 8745849.045851223170757, 1978396.366100394632667 ], [ 8745849.045851223170757, 1978397.261375610716641 ], [ 8745848.747214291244745, 1978397.261375610716641 ], [ 8745848.747214291244745, 1978399.35035111499019 ], [ 8745849.045851223170757, 1978399.35035111499019 ], [ 8745849.045851223170757, 1978399.648776187095791 ], [ 8745850.539035882800817, 1978399.648776187095791 ], [ 8745850.539035882800817, 1978399.947201259201393 ], [ 8745851.733583610504866, 1978399.947201259201393 ], [ 8745851.733583610504866, 1978400.245626331074163 ], [ 8745852.33085747435689, 1978400.245626331074163 ], [ 8745852.33085747435689, 1978400.544051403179765 ], [ 8745852.928131338208914, 1978400.544051403179765 ], [ 8745852.928131338208914, 1978401.140901547390968 ], [ 8745853.226768270134926, 1978401.140901547390968 ], [ 8745853.226768270134926, 1978402.036176763474941 ], [ 8745853.525405202060938, 1978402.036176763474941 ], [ 8745853.525405202060938, 1978402.931451979558915 ], [ 8745853.82404213398695, 1978402.931451979558915 ], [ 8745853.82404213398695, 1978404.12515226774849 ], [ 8745854.122679064050317, 1978404.12515226774849 ], [ 8745854.122679064050317, 1978405.020427483832464 ], [ 8745853.82404213398695, 1978405.020427483832464 ], [ 8745853.82404213398695, 1978405.318852555938065 ], [ 8745853.525405202060938, 1978405.318852555938065 ], [ 8745853.525405202060938, 1978405.617277627810836 ], [ 8745852.33085747435689, 1978405.617277627810836 ], [ 8745852.33085747435689, 1978405.915702699916437 ], [ 8745851.136309746652842, 1978405.915702699916437 ], [ 8745851.136309746652842, 1978406.214127772022039 ], [ 8745853.82404213398695, 1978406.214127772022039 ], [ 8745853.82404213398695, 1978406.51255284412764 ], [ 8745854.122679064050317, 1978406.51255284412764 ], [ 8745854.122679064050317, 1978406.810977916000411 ], [ 8745854.421315995976329, 1978406.810977916000411 ], [ 8745854.421315995976329, 1978407.706253132084385 ], [ 8745854.719952927902341, 1978407.706253132084385 ], [ 8745854.719952927902341, 1978409.795228636590764 ], [ 8745855.018589859828353, 1978409.795228636590764 ], [ 8745855.018589859828353, 1978410.690503852674738 ], [ 8745855.317226791754365, 1978410.690503852674738 ], [ 8745855.317226791754365, 1978412.182629212737083 ], [ 8745855.615863723680377, 1978412.182629212737083 ], [ 8745855.615863723680377, 1978413.973179645137861 ], [ 8745855.317226791754365, 1978413.973179645137861 ], [ 8745855.317226791754365, 1978414.271604717010632 ], [ 8745855.018589859828353, 1978414.271604717010632 ], [ 8745855.018589859828353, 1978414.570029789116234 ], [ 8745854.421315995976329, 1978414.570029789116234 ], [ 8745854.421315995976329, 1978414.868454861221835 ], [ 8745853.525405202060938, 1978414.868454861221835 ], [ 8745853.525405202060938, 1978415.166879933327436 ], [ 8745852.032220542430878, 1978415.166879933327436 ], [ 8745852.032220542430878, 1978415.465305005200207 ], [ 8745850.539035882800817, 1978415.465305005200207 ], [ 8745850.539035882800817, 1978415.763730077305809 ], [ 8745849.344488155096769, 1978415.763730077305809 ], [ 8745849.344488155096769, 1978416.06215514941141 ], [ 8745848.149940429255366, 1978416.06215514941141 ], [ 8745848.149940429255366, 1978416.360580221284181 ], [ 8745843.969023382291198, 1978416.360580221284181 ] ], [ [ 8745848.149940429255366, 1978406.810977916000411 ], [ 8745849.344488155096769, 1978406.810977916000411 ], [ 8745849.344488155096769, 1978406.51255284412764 ], [ 8745848.149940429255366, 1978406.51255284412764 ], [ 8745848.149940429255366, 1978406.810977916000411 ] ], [ [ 8745849.643125087022781, 1978406.51255284412764 ], [ 8745850.83767281472683, 1978406.51255284412764 ], [ 8745850.83767281472683, 1978406.214127772022039 ], [ 8745849.643125087022781, 1978406.214127772022039 ], [ 8745849.643125087022781, 1978406.51255284412764 ] ], [ [ 8745840.68401713296771, 1978399.648776187095791 ], [ 8745841.878564860671759, 1978399.648776187095791 ], [ 8745841.878564860671759, 1978399.051926043117419 ], [ 8745841.281290996819735, 1978399.051926043117419 ], [ 8745841.281290996819735, 1978399.35035111499019 ], [ 8745840.68401713296771, 1978399.35035111499019 ], [ 8745840.68401713296771, 1978399.648776187095791 ] ] ] } },
{ "type": "Feature", "properties": { "value": 255.0 }, "geometry": { "type": "Polygon", "coordinates": [ [ [ 8745935.949198383837938, 1978395.172400106443092 ], [ 8745935.949198383837938, 1978394.873975034337491 ], [ 8745935.351924519985914, 1978394.873975034337491 ], [ 8745935.351924519985914, 1978394.57554996246472 ], [ 8745935.053287588059902, 1978394.57554996246472 ], [ 8745935.053287588059902, 1978393.680274746380746 ], [ 8745935.351924519985914, 1978393.680274746380746 ], [ 8745935.351924519985914, 1978393.381849674275145 ], [ 8745935.650561451911926, 1978393.381849674275145 ], [ 8745935.650561451911926, 1978393.083424602169544 ], [ 8745936.24783531576395, 1978393.083424602169544 ], [ 8745936.24783531576395, 1978393.978699818253517 ], [ 8745936.546472247689962, 1978393.978699818253517 ], [ 8745936.546472247689962, 1978394.873975034337491 ], [ 8745936.24783531576395, 1978394.873975034337491 ], [ 8745936.24783531576395, 1978395.172400106443092 ], [ 8745935.949198383837938, 1978395.172400106443092 ] ] ] } },
{ "type": "Feature", "properties": { "value": 255.0 }, "geometry": { "type": "Polygon", "coordinates": [ [ [ 8746058.390340430662036, 1978400.544051403179765 ], [ 8746058.390340430662036, 1978400.245626331074163 ], [ 8746057.793066568672657, 1978400.245626331074163 ], [ 8746057.793066568672657, 1978399.947201259201393 ], [ 8746057.494429636746645, 1978399.947201259201393 ], [ 8746057.494429636746645, 1978399.051926043117419 ], [ 8746057.195792704820633, 1978399.051926043117419 ], [ 8746057.195792704820633, 1978396.664525466738269 ], [ 8746056.897155772894621, 1978396.664525466738269 ], [ 8746056.897155772894621, 1978394.277124890359119 ], [ 8746057.195792704820633, 1978394.277124890359119 ], [ 8746057.195792704820633, 1978393.680274746380746 ], [ 8746058.091703500598669, 1978393.680274746380746 ], [ 8746058.091703500598669, 1978393.381849674275145 ], [ 8746058.98761429451406, 1978393.381849674275145 ], [ 8746058.98761429451406, 1978393.680274746380746 ], [ 8746060.48079895414412, 1978393.680274746380746 ], [ 8746060.48079895414412, 1978393.978699818253517 ], [ 8746061.675346681848168, 1978393.978699818253517 ], [ 8746061.675346681848168, 1978393.680274746380746 ], [ 8746063.467168273404241, 1978393.680274746380746 ], [ 8746063.467168273404241, 1978393.381849674275145 ], [ 8746064.960352931171656, 1978393.381849674275145 ], [ 8746064.960352931171656, 1978393.083424602169544 ], [ 8746065.856263726949692, 1978393.083424602169544 ], [ 8746065.856263726949692, 1978392.784999530063942 ], [ 8746066.154900658875704, 1978392.784999530063942 ], [ 8746066.154900658875704, 1978393.083424602169544 ], [ 8746066.752174522727728, 1978393.083424602169544 ], [ 8746066.752174522727728, 1978393.381849674275145 ], [ 8746067.05081145465374, 1978393.381849674275145 ], [ 8746067.05081145465374, 1978393.680274746380746 ], [ 8746067.349448386579752, 1978393.680274746380746 ], [ 8746067.349448386579752, 1978394.873975034337491 ], [ 8746067.648085318505764, 1978394.873975034337491 ], [ 8746067.648085318505764, 1978395.769250250654295 ], [ 8746067.946722250431776, 1978395.769250250654295 ], [ 8746067.946722250431776, 1978397.559800682822242 ], [ 8746067.648085318505764, 1978397.559800682822242 ], [ 8746067.648085318505764, 1978397.858225754927844 ], [ 8746067.05081145465374, 1978397.858225754927844 ], [ 8746067.05081145465374, 1978398.156650826800615 ], [ 8746066.453537590801716, 1978398.156650826800615 ], [ 8746066.453537590801716, 1978398.455075898906216 ], [ 8746065.258989863097668, 1978398.455075898906216 ], [ 8746065.258989863097668, 1978398.753500971011817 ], [ 8746064.363079067319632, 1978398.753500971011817 ], [ 8746064.363079067319632, 1978399.051926043117419 ], [ 8746063.467168273404241, 1978399.051926043117419 ], [ 8746063.467168273404241, 1978399.35035111499019 ], [ 8746062.272620545700192, 1978399.35035111499019 ], [ 8746062.272620545700192, 1978399.648776187095791 ], [ 8746061.078072817996144, 1978399.648776187095791 ], [ 8746061.078072817996144, 1978399.947201259201393 ], [ 8746059.883525090292096, 1978399.947201259201393 ], [ 8746059.883525090292096, 1978400.245626331074163 ], [ 8746058.98761429451406, 1978400.245626331074163 ], [ 8746058.98761429451406, 1978400.544051403179765 ], [ 8746058.390340430662036, 1978400.544051403179765 ] ] ] } },
{ "type": "Feature", "properties": { "value": 255.0 }, "geometry": { "type": "Polygon", "coordinates": [ [ [ 8745765.726147245615721, 1978392.784999530063942 ], [ 8745765.726147245615721, 1978392.18814938608557 ], [ 8745766.024784177541733, 1978392.18814938608557 ], [ 8745766.024784177541733, 1978392.784999530063942 ], [ 8745765.726147245615721, 1978392.784999530063942 ] ] ] } },
{ "type": "Feature", "properties": { "value": 255.0 }, "geometry": { "type": "Polygon", "coordinates": [ [ [ 8745757.662950085476041, 1978412.182629212737083 ], [ 8745757.662950085476041, 1978411.884204140864313 ], [ 8745757.364313153550029, 1978411.884204140864313 ], [ 8745757.364313153550029, 1978410.690503852674738 ], [ 8745757.065676223486662, 1978410.690503852674738 ], [ 8745757.065676223486662, 1978409.496803564485162 ], [ 8745756.76703929156065, 1978409.496803564485162 ], [ 8745756.76703929156065, 1978408.601528348401189 ], [ 8745756.468402359634638, 1978408.601528348401189 ], [ 8745756.468402359634638, 1978407.407828060211614 ], [ 8745756.169765427708626, 1978407.407828060211614 ], [ 8745756.169765427708626, 1978406.214127772022039 ], [ 8745755.871128495782614, 1978406.214127772022039 ], [ 8745755.871128495782614, 1978405.020427483832464 ], [ 8745755.572491563856602, 1978405.020427483832464 ], [ 8745755.572491563856602, 1978404.12515226774849 ], [ 8745755.27385463193059, 1978404.12515226774849 ], [ 8745755.27385463193059, 1978403.229877051664516 ], [ 8745754.975217700004578, 1978403.229877051664516 ], [ 8745754.975217700004578, 1978401.73775169136934 ], [ 8745754.676580768078566, 1978401.73775169136934 ], [ 8745754.676580768078566, 1978400.544051403179765 ], [ 8745754.377943836152554, 1978400.544051403179765 ], [ 8745754.377943836152554, 1978399.648776187095791 ], [ 8745754.079306904226542, 1978399.648776187095791 ], [ 8745754.079306904226542, 1978398.753500971011817 ], [ 8745753.780669972300529, 1978398.753500971011817 ], [ 8745753.780669972300529, 1978397.261375610716641 ], [ 8745753.482033040374517, 1978397.261375610716641 ], [ 8745753.482033040374517, 1978395.470825178548694 ], [ 8745753.183396108448505, 1978395.470825178548694 ], [ 8745753.183396108448505, 1978392.784999530063942 ], [ 8745753.482033040374517, 1978392.784999530063942 ], [ 8745753.482033040374517, 1978392.486574458191171 ], [ 8745754.377943836152554, 1978392.486574458191171 ], [ 8745754.377943836152554, 1978392.18814938608557 ], [ 8745756.169765427708626, 1978392.18814938608557 ], [ 8745756.169765427708626, 1978391.889724313979968 ], [ 8745757.662950085476041, 1978391.889724313979968 ], [ 8745757.662950085476041, 1978392.18814938608557 ], [ 8745758.558860881254077, 1978392.18814938608557 ], [ 8745758.558860881254077, 1978392.486574458191171 ], [ 8745758.857497813180089, 1978392.486574458191171 ], [ 8745758.857497813180089, 1978393.083424602169544 ], [ 8745759.156134745106101, 1978393.083424602169544 ], [ 8745759.156134745106101, 1978393.978699818253517 ], [ 8745759.454771677032113, 1978393.978699818253517 ], [ 8745759.454771677032113, 1978392.784999530063942 ], [ 8745759.753408608958125, 1978392.784999530063942 ], [ 8745759.753408608958125, 1978392.486574458191171 ], [ 8745764.232962585985661, 1978392.486574458191171 ], [ 8745764.232962585985661, 1978392.784999530063942 ], [ 8745765.726147245615721, 1978392.784999530063942 ], [ 8745765.726147245615721, 1978393.381849674275145 ], [ 8745766.024784177541733, 1978393.381849674275145 ], [ 8745766.024784177541733, 1978393.680274746380746 ], [ 8745766.323421109467745, 1978393.680274746380746 ], [ 8745766.323421109467745, 1978394.277124890359119 ], [ 8745766.622058041393757, 1978394.277124890359119 ], [ 8745766.622058041393757, 1978395.470825178548694 ], [ 8745766.920694973319769, 1978395.470825178548694 ], [ 8745766.920694973319769, 1978397.858225754927844 ], [ 8745767.219331905245781, 1978397.858225754927844 ], [ 8745767.219331905245781, 1978400.245626331074163 ], [ 8745767.517968837171793, 1978400.245626331074163 ], [ 8745767.517968837171793, 1978400.842476475285366 ], [ 8745767.816605769097805, 1978400.842476475285366 ], [ 8745767.816605769097805, 1978401.140901547390968 ], [ 8745768.115242699161172, 1978401.140901547390968 ], [ 8745768.115242699161172, 1978401.439326619263738 ], [ 8745768.413879631087184, 1978401.439326619263738 ], [ 8745768.413879631087184, 1978401.73775169136934 ], [ 8745768.712516563013196, 1978401.73775169136934 ], [ 8745768.712516563013196, 1978402.036176763474941 ], [ 8745769.011153494939208, 1978402.036176763474941 ], [ 8745769.011153494939208, 1978402.633026907453313 ], [ 8745769.30979042686522, 1978402.633026907453313 ], [ 8745769.30979042686522, 1978403.528302123537287 ], [ 8745769.608427358791232, 1978403.528302123537287 ], [ 8745769.608427358791232, 1978404.722002411726862 ], [ 8745769.907064290717244, 1978404.722002411726862 ], [ 8745769.907064290717244, 1978405.617277627810836 ], [ 8745770.205701222643256, 1978405.617277627810836 ], [ 8745770.205701222643256, 1978406.810977916000411 ], [ 8745770.504338154569268, 1978406.810977916000411 ], [ 8745770.504338154569268, 1978407.706253132084385 ], [ 8745770.80297508649528, 1978407.706253132084385 ], [ 8745770.80297508649528, 1978409.198378492379561 ], [ 8745771.101612018421292, 1978409.198378492379561 ], [ 8745771.101612018421292, 1978410.392078780569136 ], [ 8745770.80297508649528, 1978410.392078780569136 ], [ 8745770.80297508649528, 1978410.988928924547508 ], [ 8745769.907064290717244, 1978410.988928924547508 ], [ 8745769.907064290717244, 1978411.28735399665311 ], [ 8745768.413879631087184, 1978411.28735399665311 ], [ 8745768.413879631087184, 1978411.585779068758711 ], [ 8745766.622058041393757, 1978411.585779068758711 ], [ 8745766.622058041393757, 1978411.884204140864313 ], [ 8745764.830236449837685, 1978411.884204140864313 ], [ 8745764.830236449837685, 1978411.585779068758711 ], [ 8745764.531599517911673, 1978411.585779068758711 ], [ 8745764.531599517911673, 1978411.28735399665311 ], [ 8745764.232962585985661, 1978411.28735399665311 ], [ 8745764.232962585985661, 1978410.690503852674738 ], [ 8745763.934325654059649, 1978410.690503852674738 ], [ 8745763.934325654059649, 1978409.795228636590764 ], [ 8745763.635688722133636, 1978409.795228636590764 ], [ 8745763.635688722133636, 1978410.690503852674738 ], [ 8745763.337051790207624, 1978410.690503852674738 ], [ 8745763.337051790207624, 1978410.988928924547508 ], [ 8745762.441140996292233, 1978410.988928924547508 ], [ 8745762.441140996292233, 1978411.28735399665311 ], [ 8745761.246593268588185, 1978411.28735399665311 ], [ 8745761.246593268588185, 1978411.585779068758711 ], [ 8745760.350682472810149, 1978411.585779068758711 ], [ 8745760.350682472810149, 1978411.884204140864313 ], [ 8745759.156134745106101, 1978411.884204140864313 ], [ 8745759.156134745106101, 1978412.182629212737083 ], [ 8745757.662950085476041, 1978412.182629212737083 ] ], [ [ 8745763.038414858281612, 1978408.004678204189986 ], [ 8745763.337051790207624, 1978408.004678204189986 ], [ 8745763.337051790207624, 1978407.706253132084385 ], [ 8745763.038414858281612, 1978407.706253132084385 ], [ 8745763.038414858281612, 1978408.004678204189986 ] ], [ [ 8745762.7397779263556, 1978406.810977916000411 ], [ 8745763.038414858281612, 1978406.810977916000411 ], [ 8745763.038414858281612, 1978406.51255284412764 ], [ 8745762.7397779263556, 1978406.51255284412764 ], [ 8745762.7397779263556, 1978406.810977916000411 ] ], [ [ 8745760.350682472810149, 1978397.858225754927844 ], [ 8745760.649319404736161, 1978397.858225754927844 ], [ 8745760.649319404736161, 1978397.261375610716641 ], [ 8745760.350682472810149, 1978397.261375610716641 ], [ 8745760.350682472810149, 1978397.858225754927844 ] ], [ [ 8745760.052045540884137, 1978396.664525466738269 ], [ 8745760.350682472810149, 1978396.664525466738269 ], [ 8745760.350682472810149, 1978396.366100394632667 ], [ 8745760.052045540884137, 1978396.366100394632667 ], [ 8745760.052045540884137, 1978396.664525466738269 ] ], [ [ 8745759.753408608958125, 1978395.769250250654295 ], [ 8745760.052045540884137, 1978395.769250250654295 ], [ 8745760.052045540884137, 1978395.470825178548694 ], [ 8745759.753408608958125, 1978395.470825178548694 ], [ 8745759.753408608958125, 1978395.769250250654295 ] ], [ [ 8745759.454771677032113, 1978394.873975034337491 ], [ 8745759.753408608958125, 1978394.873975034337491 ], [ 8745759.753408608958125, 1978394.57554996246472 ], [ 8745759.454771677032113, 1978394.57554996246472 ], [ 8745759.454771677032113, 1978394.873975034337491 ] ] ] } },
{ "type": "Feature", "properties": { "value": 255.0 }, "geometry": { "type": "Polygon", "coordinates": [ [ [ 8745972.681540997698903, 1978413.67475457303226 ], [ 8745972.681540997698903, 1978413.376329500926659 ], [ 8745972.382904065772891, 1978413.376329500926659 ], [ 8745972.382904065772891, 1978413.077904428821057 ], [ 8745972.084267135709524, 1978413.077904428821057 ], [ 8745972.084267135709524, 1978412.481054284842685 ], [ 8745971.785630203783512, 1978412.481054284842685 ], [ 8745971.785630203783512, 1978411.585779068758711 ], [ 8745971.4869932718575, 1978411.585779068758711 ], [ 8745971.4869932718575, 1978410.690503852674738 ], [ 8745971.188356339931488, 1978410.690503852674738 ], [ 8745971.188356339931488, 1978410.093653708463535 ], [ 8745970.889719408005476, 1978410.093653708463535 ], [ 8745970.889719408005476, 1978409.198378492379561 ], [ 8745970.591082476079464, 1978409.198378492379561 ], [ 8745970.591082476079464, 1978408.303103276295587 ], [ 8745970.292445544153452, 1978408.303103276295587 ], [ 8745970.292445544153452, 1978407.109402988106012 ], [ 8745969.99380861222744, 1978407.109402988106012 ], [ 8745969.99380861222744, 1978405.915702699916437 ], [ 8745969.695171680301428, 1978405.915702699916437 ], [ 8745969.695171680301428, 1978405.617277627810836 ], [ 8745969.99380861222744, 1978405.617277627810836 ], [ 8745969.99380861222744, 1978405.020427483832464 ], [ 8745969.695171680301428, 1978405.020427483832464 ], [ 8745969.695171680301428, 1978404.722002411726862 ], [ 8745969.396534748375416, 1978404.722002411726862 ], [ 8745969.396534748375416, 1978404.423577339854091 ], [ 8745969.097897816449404, 1978404.423577339854091 ], [ 8745969.097897816449404, 1978403.528302123537287 ], [ 8745968.799260884523392, 1978403.528302123537287 ], [ 8745968.799260884523392, 1978402.334601835347712 ], [ 8745968.50062395259738, 1978402.334601835347712 ], [ 8745968.50062395259738, 1978401.439326619263738 ], [ 8745968.201987020671368, 1978401.439326619263738 ], [ 8745968.201987020671368, 1978400.245626331074163 ], [ 8745967.903350088745356, 1978400.245626331074163 ], [ 8745967.903350088745356, 1978398.156650826800615 ], [ 8745968.50062395259738, 1978398.156650826800615 ], [ 8745968.50062395259738, 1978397.858225754927844 ], [ 8745969.99380861222744, 1978397.858225754927844 ], [ 8745969.99380861222744, 1978397.559800682822242 ], [ 8745970.889719408005476, 1978397.559800682822242 ], [ 8745970.889719408005476, 1978397.261375610716641 ], [ 8745972.382904065772891, 1978397.261375610716641 ], [ 8745972.382904065772891, 1978396.96295053861104 ], [ 8745973.278814861550927, 1978396.96295053861104 ], [ 8745973.278814861550927, 1978396.664525466738269 ], [ 8745973.577451793476939, 1978396.664525466738269 ], [ 8745973.577451793476939, 1978396.366100394632667 ], [ 8745974.473362589254975, 1978396.366100394632667 ], [ 8745974.473362589254975, 1978396.664525466738269 ], [ 8745974.771999521180987, 1978396.664525466738269 ], [ 8745974.771999521180987, 1978396.96295053861104 ], [ 8745975.070636453106999, 1978396.96295053861104 ], [ 8745975.070636453106999, 1978395.172400106443092 ], [ 8745974.771999521180987, 1978395.172400106443092 ], [ 8745974.771999521180987, 1978393.978699818253517 ], [ 8745975.070636453106999, 1978393.978699818253517 ], [ 8745975.070636453106999, 1978393.680274746380746 ], [ 8745975.667910316959023, 1978393.680274746380746 ], [ 8745975.667910316959023, 1978393.381849674275145 ], [ 8745976.56382111273706, 1978393.381849674275145 ], [ 8745976.56382111273706, 1978393.083424602169544 ], [ 8745977.459731908515096, 1978393.083424602169544 ], [ 8745977.459731908515096, 1978392.784999530063942 ], [ 8745978.057005770504475, 1978392.784999530063942 ], [ 8745978.057005770504475, 1978392.486574458191171 ], [ 8745978.654279634356499, 1978392.486574458191171 ], [ 8745978.654279634356499, 1978392.18814938608557 ], [ 8745979.251553498208523, 1978392.18814938608557 ], [ 8745979.251553498208523, 1978391.889724313979968 ], [ 8745979.848827362060547, 1978391.889724313979968 ], [ 8745979.848827362060547, 1978391.591299241874367 ], [ 8745980.446101225912571, 1978391.591299241874367 ], [ 8745980.446101225912571, 1978391.292874170001596 ], [ 8745981.640648953616619, 1978391.292874170001596 ], [ 8745981.640648953616619, 1978390.994449097895995 ], [ 8745982.835196681320667, 1978390.994449097895995 ], [ 8745982.835196681320667, 1978390.696024025790393 ], [ 8745984.627018271014094, 1978390.696024025790393 ], [ 8745984.627018271014094, 1978390.994449097895995 ], [ 8745984.925655202940106, 1978390.994449097895995 ], [ 8745984.925655202940106, 1978391.889724313979968 ], [ 8745985.224292134866118, 1978391.889724313979968 ], [ 8745985.224292134866118, 1978392.784999530063942 ], [ 8745985.52292906679213, 1978392.784999530063942 ], [ 8745985.52292906679213, 1978394.277124890359119 ], [ 8745985.821565998718143, 1978394.277124890359119 ], [ 8745985.821565998718143, 1978395.470825178548694 ], [ 8745986.120202930644155, 1978395.470825178548694 ], [ 8745986.120202930644155, 1978396.664525466738269 ], [ 8745986.418839862570167, 1978396.664525466738269 ], [ 8745986.418839862570167, 1978399.051926043117419 ], [ 8745986.120202930644155, 1978399.051926043117419 ], [ 8745986.120202930644155, 1978399.35035111499019 ], [ 8745985.224292134866118, 1978399.35035111499019 ], [ 8745985.224292134866118, 1978399.648776187095791 ], [ 8745984.02974440716207, 1978399.648776187095791 ], [ 8745984.02974440716207, 1978400.245626331074163 ], [ 8745983.731107475236058, 1978400.245626331074163 ], [ 8745983.731107475236058, 1978400.544051403179765 ], [ 8745983.432470543310046, 1978400.544051403179765 ], [ 8745983.432470543310046, 1978400.842476475285366 ], [ 8745982.835196681320667, 1978400.842476475285366 ], [ 8745982.835196681320667, 1978401.140901547390968 ], [ 8745981.043375089764595, 1978401.140901547390968 ], [ 8745981.043375089764595, 1978401.439326619263738 ], [ 8745977.459731908515096, 1978401.439326619263738 ], [ 8745977.459731908515096, 1978401.140901547390968 ], [ 8745976.56382111273706, 1978401.140901547390968 ], [ 8745976.56382111273706, 1978400.842476475285366 ], [ 8745976.265184180811048, 1978400.842476475285366 ], [ 8745976.265184180811048, 1978401.439326619263738 ], [ 8745976.56382111273706, 1978401.439326619263738 ], [ 8745976.56382111273706, 1978402.036176763474941 ], [ 8745977.459731908515096, 1978402.036176763474941 ], [ 8745977.459731908515096, 1978401.73775169136934 ], [ 8745977.758368838578463, 1978401.73775169136934 ], [ 8745977.758368838578463, 1978402.036176763474941 ], [ 8745978.654279634356499, 1978402.036176763474941 ], [ 8745978.654279634356499, 1978402.334601835347712 ], [ 8745978.952916566282511, 1978402.334601835347712 ], [ 8745978.952916566282511, 1978402.633026907453313 ], [ 8745979.251553498208523, 1978402.633026907453313 ], [ 8745979.251553498208523, 1978403.229877051664516 ], [ 8745979.550190430134535, 1978403.229877051664516 ], [ 8745979.550190430134535, 1978404.12515226774849 ], [ 8745979.848827362060547, 1978404.12515226774849 ], [ 8745979.848827362060547, 1978404.722002411726862 ], [ 8745980.147464293986559, 1978404.722002411726862 ], [ 8745980.147464293986559, 1978405.318852555938065 ], [ 8745980.446101225912571, 1978405.318852555938065 ], [ 8745980.446101225912571, 1978406.214127772022039 ], [ 8745980.744738157838583, 1978406.214127772022039 ], [ 8745980.744738157838583, 1978407.109402988106012 ], [ 8745981.043375089764595, 1978407.109402988106012 ], [ 8745981.043375089764595, 1978408.004678204189986 ], [ 8745981.342012021690607, 1978408.004678204189986 ], [ 8745981.342012021690607, 1978408.89995342027396 ], [ 8745981.640648953616619, 1978408.89995342027396 ], [ 8745981.640648953616619, 1978411.28735399665311 ], [ 8745981.342012021690607, 1978411.28735399665311 ], [ 8745981.342012021690607, 1978411.585779068758711 ], [ 8745980.744738157838583, 1978411.585779068758711 ], [ 8745980.744738157838583, 1978411.884204140864313 ], [ 8745978.952916566282511, 1978411.884204140864313 ], [ 8745978.952916566282511, 1978412.182629212737083 ], [ 8745977.758368838578463, 1978412.182629212737083 ], [ 8745977.758368838578463, 1978412.481054284842685 ], [ 8745976.56382111273706, 1978412.481054284842685 ], [ 8745976.56382111273706, 1978412.779479356948286 ], [ 8745975.369273385033011, 1978412.779479356948286 ], [ 8745975.369273385033011, 1978413.077904428821057 ], [ 8745974.473362589254975, 1978413.077904428821057 ], [ 8745974.473362589254975, 1978413.376329500926659 ], [ 8745973.577451793476939, 1978413.376329500926659 ], [ 8745973.577451793476939, 1978413.67475457303226 ], [ 8745972.681540997698903, 1978413.67475457303226 ] ], [ [ 8745975.966547248885036, 1978400.245626331074163 ], [ 8745976.265184180811048, 1978400.245626331074163 ], [ 8745976.265184180811048, 1978399.648776187095791 ], [ 8745975.966547248885036, 1978399.648776187095791 ], [ 8745975.966547248885036, 1978400.245626331074163 ] ], [ [ 8745975.667910316959023, 1978399.35035111499019 ], [ 8745975.966547248885036, 1978399.35035111499019 ], [ 8745975.966547248885036, 1978399.051926043117419 ], [ 8745975.667910316959023, 1978399.051926043117419 ], [ 8745975.667910316959023, 1978399.35035111499019 ] ], [ [ 8745975.369273385033011, 1978398.455075898906216 ], [ 8745975.667910316959023, 1978398.455075898906216 ], [ 8745975.667910316959023, 1978398.156650826800615 ], [ 8745975.369273385033011, 1978398.156650826800615 ], [ 8745975.369273385033011, 1978398.455075898906216 ] ], [ [ 8745975.070636453106999, 1978397.261375610716641 ], [ 8745975.369273385033011, 1978397.261375610716641 ], [ 8745975.369273385033011, 1978396.96295053861104 ], [ 8745975.070636453106999, 1978396.96295053861104 ], [ 8745975.070636453106999, 1978397.261375610716641 ] ] ] } },
{ "type": "Feature", "properties": { "value": 255.0 }, "geometry": { "type": "Polygon", "coordinates": [ [ [ 8745803.653037587180734, 1978403.528302123537287 ], [ 8745803.653037587180734, 1978403.229877051664516 ], [ 8745803.354400655254722, 1978403.229877051664516 ], [ 8745803.354400655254722, 1978402.931451979558915 ], [ 8745803.05576372332871, 1978402.931451979558915 ], [ 8745803.05576372332871, 1978402.334601835347712 ], [ 8745802.757126791402698, 1978402.334601835347712 ], [ 8745802.757126791402698, 1978400.544051403179765 ], [ 8745802.458489859476686, 1978400.544051403179765 ], [ 8745802.458489859476686, 1978398.753500971011817 ], [ 8745802.159852927550673, 1978398.753500971011817 ], [ 8745802.159852927550673, 1978397.559800682822242 ], [ 8745801.861215995624661, 1978397.559800682822242 ], [ 8745801.861215995624661, 1978397.858225754927844 ], [ 8745801.562579063698649, 1978397.858225754927844 ], [ 8745801.562579063698649, 1978398.156650826800615 ], [ 8745801.263942131772637, 1978398.156650826800615 ], [ 8745801.263942131772637, 1978398.455075898906216 ], [ 8745800.666668267920613, 1978398.455075898906216 ], [ 8745800.666668267920613, 1978398.753500971011817 ], [ 8745800.069394405931234, 1978398.753500971011817 ], [ 8745800.069394405931234, 1978399.051926043117419 ], [ 8745798.874846678227186, 1978399.051926043117419 ], [ 8745798.874846678227186, 1978399.35035111499019 ], [ 8745797.97893588244915, 1978399.35035111499019 ], [ 8745797.97893588244915, 1978399.648776187095791 ], [ 8745795.888477358967066, 1978399.648776187095791 ], [ 8745795.888477358967066, 1978399.35035111499019 ], [ 8745795.589840427041054, 1978399.35035111499019 ], [ 8745795.589840427041054, 1978398.156650826800615 ], [ 8745795.291203495115042, 1978398.156650826800615 ], [ 8745795.291203495115042, 1978396.366100394632667 ], [ 8745794.99256656318903, 1978396.366100394632667 ], [ 8745794.99256656318903, 1978393.978699818253517 ], [ 8745795.589840427041054, 1978393.978699818253517 ], [ 8745795.589840427041054, 1978393.680274746380746 ], [ 8745797.083025086671114, 1978393.680274746380746 ], [ 8745797.083025086671114, 1978393.381849674275145 ], [ 8745798.576209746301174, 1978393.381849674275145 ], [ 8745798.576209746301174, 1978393.083424602169544 ], [ 8745800.666668267920613, 1978393.083424602169544 ], [ 8745800.666668267920613, 1978393.381849674275145 ], [ 8745800.965305199846625, 1978393.381849674275145 ], [ 8745800.965305199846625, 1978393.680274746380746 ], [ 8745801.263942131772637, 1978393.680274746380746 ], [ 8745801.263942131772637, 1978393.381849674275145 ], [ 8745801.562579063698649, 1978393.381849674275145 ], [ 8745801.562579063698649, 1978393.083424602169544 ], [ 8745801.861215995624661, 1978393.083424602169544 ], [ 8745801.861215995624661, 1978392.784999530063942 ], [ 8745802.458489859476686, 1978392.784999530063942 ], [ 8745802.458489859476686, 1978392.486574458191171 ], [ 8745803.653037587180734, 1978392.486574458191171 ], [ 8745803.653037587180734, 1978392.18814938608557 ], [ 8745804.847585314884782, 1978392.18814938608557 ], [ 8745804.847585314884782, 1978391.889724313979968 ], [ 8745806.042133040726185, 1978391.889724313979968 ], [ 8745806.042133040726185, 1978391.591299241874367 ], [ 8745807.236680768430233, 1978391.591299241874367 ], [ 8745807.236680768430233, 1978391.292874170001596 ], [ 8745808.431228496134281, 1978391.292874170001596 ], [ 8745808.431228496134281, 1978390.994449097895995 ], [ 8745809.327139291912317, 1978390.994449097895995 ], [ 8745809.327139291912317, 1978390.696024025790393 ], [ 8745810.223050087690353, 1978390.696024025790393 ], [ 8745810.223050087690353, 1978390.397598953917623 ], [ 8745811.118960881605744, 1978390.397598953917623 ], [ 8745811.118960881605744, 1978390.099173881812021 ], [ 8745812.313508609309793, 1978390.099173881812021 ], [ 8745812.313508609309793, 1978389.80074880970642 ], [ 8745815.001240996643901, 1978389.80074880970642 ], [ 8745815.001240996643901, 1978390.099173881812021 ], [ 8745815.299877928569913, 1978390.099173881812021 ], [ 8745815.299877928569913, 1978390.397598953917623 ], [ 8745815.598514860495925, 1978390.397598953917623 ], [ 8745815.598514860495925, 1978391.889724313979968 ], [ 8745815.897151792421937, 1978391.889724313979968 ], [ 8745815.897151792421937, 1978391.591299241874367 ], [ 8745816.195788724347949, 1978391.591299241874367 ], [ 8745816.195788724347949, 1978391.292874170001596 ], [ 8745817.09169951826334, 1978391.292874170001596 ], [ 8745817.09169951826334, 1978391.591299241874367 ], [ 8745820.07806883752346, 1978391.591299241874367 ], [ 8745820.07806883752346, 1978391.889724313979968 ], [ 8745820.376705769449472, 1978391.889724313979968 ], [ 8745820.376705769449472, 1978392.784999530063942 ], [ 8745820.675342701375484, 1978392.784999530063942 ], [ 8745820.675342701375484, 1978394.277124890359119 ], [ 8745820.973979633301497, 1978394.277124890359119 ], [ 8745820.973979633301497, 1978395.769250250654295 ], [ 8745821.272616565227509, 1978395.769250250654295 ], [ 8745821.272616565227509, 1978397.559800682822242 ], [ 8745821.571253497153521, 1978397.559800682822242 ], [ 8745821.571253497153521, 1978399.648776187095791 ], [ 8745821.272616565227509, 1978399.648776187095791 ], [ 8745821.272616565227509, 1978399.947201259201393 ], [ 8745820.675342701375484, 1978399.947201259201393 ], [ 8745820.675342701375484, 1978400.245626331074163 ], [ 8745819.480794973671436, 1978400.245626331074163 ], [ 8745819.480794973671436, 1978400.544051403179765 ], [ 8745817.688973382115364, 1978400.544051403179765 ], [ 8745817.688973382115364, 1978400.245626331074163 ], [ 8745817.390336450189352, 1978400.245626331074163 ], [ 8745817.390336450189352, 1978399.947201259201393 ], [ 8745817.09169951826334, 1978399.947201259201393 ], [ 8745817.09169951826334, 1978400.245626331074163 ], [ 8745816.793062586337328, 1978400.245626331074163 ], [ 8745816.793062586337328, 1978400.544051403179765 ], [ 8745816.195788724347949, 1978400.544051403179765 ], [ 8745816.195788724347949, 1978400.842476475285366 ], [ 8745815.001240996643901, 1978400.842476475285366 ], [ 8745815.001240996643901, 1978401.140901547390968 ], [ 8745813.806693268939853, 1978401.140901547390968 ], [ 8745813.806693268939853, 1978401.439326619263738 ], [ 8745812.313508609309793, 1978401.439326619263738 ], [ 8745812.313508609309793, 1978401.73775169136934 ], [ 8745811.118960881605744, 1978401.73775169136934 ], [ 8745811.118960881605744, 1978402.036176763474941 ], [ 8745809.924413155764341, 1978402.036176763474941 ], [ 8745809.924413155764341, 1978402.334601835347712 ], [ 8745808.729865428060293, 1978402.334601835347712 ], [ 8745808.729865428060293, 1978402.633026907453313 ], [ 8745807.535317700356245, 1978402.633026907453313 ], [ 8745807.535317700356245, 1978402.931451979558915 ], [ 8745806.340769972652197, 1978402.931451979558915 ], [ 8745806.340769972652197, 1978403.229877051664516 ], [ 8745805.146222246810794, 1978403.229877051664516 ], [ 8745805.146222246810794, 1978403.528302123537287 ], [ 8745803.653037587180734, 1978403.528302123537287 ] ] ] } },
{ "type": "Feature", "properties": { "value": 255.0 }, "geometry": { "type": "Polygon", "coordinates": [ [ [ 8746018.074354635551572, 1978397.261375610716641 ], [ 8746018.074354635551572, 1978396.96295053861104 ], [ 8746017.477080771699548, 1978396.96295053861104 ], [ 8746017.477080771699548, 1978396.366100394632667 ], [ 8746017.178443839773536, 1978396.366100394632667 ], [ 8746017.178443839773536, 1978393.083424602169544 ], [ 8746016.879806907847524, 1978393.083424602169544 ], [ 8746016.879806907847524, 1978390.696024025790393 ], [ 8746017.178443839773536, 1978390.696024025790393 ], [ 8746017.178443839773536, 1978390.099173881812021 ], [ 8746017.77571770362556, 1978390.099173881812021 ], [ 8746017.77571770362556, 1978389.80074880970642 ], [ 8746018.372991567477584, 1978389.80074880970642 ], [ 8746018.372991567477584, 1978389.502323737600818 ], [ 8746018.970265431329608, 1978389.502323737600818 ], [ 8746018.970265431329608, 1978389.203898665728047 ], [ 8746020.164813159033656, 1978389.203898665728047 ], [ 8746020.164813159033656, 1978388.905473593622446 ], [ 8746022.852545544505119, 1978388.905473593622446 ], [ 8746022.852545544505119, 1978388.607048521516845 ], [ 8746024.34573020413518, 1978388.607048521516845 ], [ 8746024.34573020413518, 1978388.905473593622446 ], [ 8746024.644367136061192, 1978388.905473593622446 ], [ 8746024.644367136061192, 1978389.203898665728047 ], [ 8746024.943004067987204, 1978389.203898665728047 ], [ 8746024.943004067987204, 1978392.18814938608557 ], [ 8746025.241641, 1978392.18814938608557 ], [ 8746025.241641, 1978393.381849674275145 ], [ 8746025.540277931839228, 1978393.381849674275145 ], [ 8746025.540277931839228, 1978396.067675322527066 ], [ 8746025.241641, 1978396.067675322527066 ], [ 8746025.241641, 1978396.366100394632667 ], [ 8746024.943004067987204, 1978396.366100394632667 ], [ 8746024.943004067987204, 1978396.664525466738269 ], [ 8746023.449819408357143, 1978396.664525466738269 ], [ 8746023.449819408357143, 1978396.96295053861104 ], [ 8746020.463450090959668, 1978396.96295053861104 ], [ 8746020.463450090959668, 1978397.261375610716641 ], [ 8746018.074354635551572, 1978397.261375610716641 ] ] ] } },
{ "type": "Feature", "properties": { "value": 255.0 }, "geometry": { "type": "Polygon", "coordinates": [ [ [ 8745872.339531905949116, 1978399.648776187095791 ], [ 8745872.339531905949116, 1978399.35035111499019 ], [ 8745872.040894974023104, 1978399.35035111499019 ], [ 8745872.040894974023104, 1978398.753500971011817 ], [ 8745871.742258042097092, 1978398.753500971011817 ], [ 8745871.742258042097092, 1978397.858225754927844 ], [ 8745871.44362111017108, 1978397.858225754927844 ], [ 8745871.44362111017108, 1978395.172400106443092 ], [ 8745871.144984178245068, 1978395.172400106443092 ], [ 8745871.144984178245068, 1978390.696024025790393 ], [ 8745871.44362111017108, 1978390.696024025790393 ], [ 8745871.44362111017108, 1978390.099173881812021 ], [ 8745872.040894974023104, 1978390.099173881812021 ], [ 8745872.040894974023104, 1978389.80074880970642 ], [ 8745874.4299904294312, 1978389.80074880970642 ], [ 8745874.4299904294312, 1978389.502323737600818 ], [ 8745877.416359746828675, 1978389.502323737600818 ], [ 8745877.416359746828675, 1978389.203898665728047 ], [ 8745881.000002928078175, 1978389.203898665728047 ], [ 8745881.000002928078175, 1978388.905473593622446 ], [ 8745882.791824519634247, 1978388.905473593622446 ], [ 8745882.791824519634247, 1978388.607048521516845 ], [ 8745884.882283043116331, 1978388.607048521516845 ], [ 8745884.882283043116331, 1978388.308623449644074 ], [ 8745885.778193838894367, 1978388.308623449644074 ], [ 8745885.778193838894367, 1978388.607048521516845 ], [ 8745886.375467700883746, 1978388.607048521516845 ], [ 8745886.375467700883746, 1978388.905473593622446 ], [ 8745886.674104632809758, 1978388.905473593622446 ], [ 8745886.674104632809758, 1978389.203898665728047 ], [ 8745886.97274156473577, 1978389.203898665728047 ], [ 8745886.97274156473577, 1978392.18814938608557 ], [ 8745887.271378496661782, 1978392.18814938608557 ], [ 8745887.271378496661782, 1978395.172400106443092 ], [ 8745887.570015428587794, 1978395.172400106443092 ], [ 8745887.570015428587794, 1978397.261375610716641 ], [ 8745887.271378496661782, 1978397.261375610716641 ], [ 8745887.271378496661782, 1978397.559800682822242 ], [ 8745886.97274156473577, 1978397.559800682822242 ], [ 8745886.97274156473577, 1978397.858225754927844 ], [ 8745886.076830770820379, 1978397.858225754927844 ], [ 8745886.076830770820379, 1978398.156650826800615 ], [ 8745883.687735315412283, 1978398.156650826800615 ], [ 8745883.687735315412283, 1978398.455075898906216 ], [ 8745880.402729066088796, 1978398.455075898906216 ], [ 8745880.402729066088796, 1978398.753500971011817 ], [ 8745877.117722814902663, 1978398.753500971011817 ], [ 8745877.117722814902663, 1978399.051926043117419 ], [ 8745874.131353497505188, 1978399.051926043117419 ], [ 8745874.131353497505188, 1978399.35035111499019 ], [ 8745873.832716565579176, 1978399.35035111499019 ], [ 8745873.832716565579176, 1978399.648776187095791 ], [ 8745872.339531905949116, 1978399.648776187095791 ] ] ] } },
{ "type": "Feature", "properties": { "value": 255.0 }, "geometry": { "type": "Polygon", "coordinates": [ [ [ 8745938.636930771172047, 1978397.858225754927844 ], [ 8745938.636930771172047, 1978397.559800682822242 ], [ 8745938.338293839246035, 1978397.559800682822242 ], [ 8745938.338293839246035, 1978396.96295053861104 ], [ 8745938.039656907320023, 1978396.96295053861104 ], [ 8745938.039656907320023, 1978396.067675322527066 ], [ 8745937.741019975394011, 1978396.067675322527066 ], [ 8745937.741019975394011, 1978395.172400106443092 ], [ 8745937.442383043467999, 1978395.172400106443092 ], [ 8745937.442383043467999, 1978393.978699818253517 ], [ 8745937.143746111541986, 1978393.978699818253517 ], [ 8745937.143746111541986, 1978393.083424602169544 ], [ 8745936.845109179615974, 1978393.083424602169544 ], [ 8745936.845109179615974, 1978391.889724313979968 ], [ 8745936.546472247689962, 1978391.889724313979968 ], [ 8745936.546472247689962, 1978390.994449097895995 ], [ 8745936.24783531576395, 1978390.994449097895995 ], [ 8745936.24783531576395, 1978389.80074880970642 ], [ 8745935.949198383837938, 1978389.80074880970642 ], [ 8745935.949198383837938, 1978389.203898665728047 ], [ 8745936.24783531576395, 1978389.203898665728047 ], [ 8745936.24783531576395, 1978388.905473593622446 ], [ 8745936.546472247689962, 1978388.905473593622446 ], [ 8745936.546472247689962, 1978388.607048521516845 ], [ 8745937.442383043467999, 1978388.607048521516845 ], [ 8745937.442383043467999, 1978388.308623449644074 ], [ 8745938.636930771172047, 1978388.308623449644074 ], [ 8745938.636930771172047, 1978388.010198377538472 ], [ 8745939.234204635024071, 1978388.010198377538472 ], [ 8745939.234204635024071, 1978387.711773305432871 ], [ 8745939.831478498876095, 1978387.711773305432871 ], [ 8745939.831478498876095, 1978387.41334823332727 ], [ 8745941.921937020495534, 1978387.41334823332727 ], [ 8745941.921937020495534, 1978387.711773305432871 ], [ 8745942.220573952421546, 1978387.711773305432871 ], [ 8745942.220573952421546, 1978388.308623449644074 ], [ 8745942.519210884347558, 1978388.308623449644074 ], [ 8745942.519210884347558, 1978389.502323737600818 ], [ 8745942.81784781627357, 1978389.502323737600818 ], [ 8745942.81784781627357, 1978390.696024025790393 ], [ 8745943.116484748199582, 1978390.696024025790393 ], [ 8745943.116484748199582, 1978391.591299241874367 ], [ 8745943.415121680125594, 1978391.591299241874367 ], [ 8745943.415121680125594, 1978392.18814938608557 ], [ 8745943.713758612051606, 1978392.18814938608557 ], [ 8745943.713758612051606, 1978393.381849674275145 ], [ 8745944.012395543977618, 1978393.381849674275145 ], [ 8745944.012395543977618, 1978394.277124890359119 ], [ 8745944.31103247590363, 1978394.277124890359119 ], [ 8745944.31103247590363, 1978396.366100394632667 ], [ 8745943.713758612051606, 1978396.366100394632667 ], [ 8745943.713758612051606, 1978396.664525466738269 ], [ 8745943.116484748199582, 1978396.664525466738269 ], [ 8745943.116484748199582, 1978396.96295053861104 ], [ 8745942.220573952421546, 1978396.96295053861104 ], [ 8745942.220573952421546, 1978397.261375610716641 ], [ 8745941.32466315664351, 1978397.261375610716641 ], [ 8745941.32466315664351, 1978397.559800682822242 ], [ 8745940.428752360865474, 1978397.559800682822242 ], [ 8745940.428752360865474, 1978397.858225754927844 ], [ 8745938.636930771172047, 1978397.858225754927844 ] ] ] } },
{ "type": "Feature", "properties": { "value": 255.0 }, "geometry": { "type": "Polygon", "coordinates": [ [ [ 8745769.011153494939208, 1978399.051926043117419 ], [ 8745769.011153494939208, 1978398.753500971011817 ], [ 8745768.413879631087184, 1978398.753500971011817 ], [ 8745768.413879631087184, 1978397.858225754927844 ], [ 8745768.115242699161172, 1978397.858225754927844 ], [ 8745768.115242699161172, 1978396.96295053861104 ], [ 8745767.816605769097805, 1978396.96295053861104 ], [ 8745767.816605769097805, 1978395.769250250654295 ], [ 8745767.517968837171793, 1978395.769250250654295 ], [ 8745767.517968837171793, 1978394.57554996246472 ], [ 8745767.219331905245781, 1978394.57554996246472 ], [ 8745767.219331905245781, 1978392.784999530063942 ], [ 8745766.920694973319769, 1978392.784999530063942 ], [ 8745766.920694973319769, 1978390.099173881812021 ], [ 8745767.219331905245781, 1978390.099173881812021 ], [ 8745767.219331905245781, 1978389.502323737600818 ], [ 8745767.517968837171793, 1978389.502323737600818 ], [ 8745767.517968837171793, 1978389.203898665728047 ], [ 8745767.816605769097805, 1978389.203898665728047 ], [ 8745767.816605769097805, 1978388.905473593622446 ], [ 8745768.115242699161172, 1978388.905473593622446 ], [ 8745768.115242699161172, 1978388.607048521516845 ], [ 8745768.712516563013196, 1978388.607048521516845 ], [ 8745768.712516563013196, 1978388.308623449644074 ], [ 8745769.608427358791232, 1978388.308623449644074 ], [ 8745769.608427358791232, 1978388.010198377538472 ], [ 8745770.504338154569268, 1978388.010198377538472 ], [ 8745770.504338154569268, 1978387.711773305432871 ], [ 8745771.400248950347304, 1978387.711773305432871 ], [ 8745771.400248950347304, 1978387.41334823332727 ], [ 8745772.29615974612534, 1978387.41334823332727 ], [ 8745772.29615974612534, 1978387.114923161454499 ], [ 8745773.192070541903377, 1978387.114923161454499 ], [ 8745773.192070541903377, 1978386.816498089348897 ], [ 8745775.87980292737484, 1978386.816498089348897 ], [ 8745775.87980292737484, 1978387.114923161454499 ], [ 8745776.178439859300852, 1978387.114923161454499 ], [ 8745776.178439859300852, 1978387.41334823332727 ], [ 8745776.477076791226864, 1978387.41334823332727 ], [ 8745776.477076791226864, 1978387.711773305432871 ], [ 8745777.074350655078888, 1978387.711773305432871 ], [ 8745777.074350655078888, 1978388.010198377538472 ], [ 8745777.3729875870049, 1978388.010198377538472 ], [ 8745777.3729875870049, 1978388.308623449644074 ], [ 8745777.671624518930912, 1978388.308623449644074 ], [ 8745777.671624518930912, 1978388.905473593622446 ], [ 8745777.970261450856924, 1978388.905473593622446 ], [ 8745777.970261450856924, 1978389.80074880970642 ], [ 8745778.268898382782936, 1978389.80074880970642 ], [ 8745778.268898382782936, 1978390.994449097895995 ], [ 8745778.567535314708948, 1978390.994449097895995 ], [ 8745778.567535314708948, 1978391.591299241874367 ], [ 8745778.866172244772315, 1978391.591299241874367 ], [ 8745778.866172244772315, 1978392.784999530063942 ], [ 8745779.164809176698327, 1978392.784999530063942 ], [ 8745779.164809176698327, 1978393.680274746380746 ], [ 8745779.463446108624339, 1978393.680274746380746 ], [ 8745779.463446108624339, 1978394.57554996246472 ], [ 8745779.762083040550351, 1978394.57554996246472 ], [ 8745779.762083040550351, 1978395.470825178548694 ], [ 8745780.060719972476363, 1978395.470825178548694 ], [ 8745780.060719972476363, 1978396.96295053861104 ], [ 8745779.762083040550351, 1978396.96295053861104 ], [ 8745779.762083040550351, 1978397.261375610716641 ], [ 8745779.164809176698327, 1978397.261375610716641 ], [ 8745779.164809176698327, 1978397.559800682822242 ], [ 8745777.970261450856924, 1978397.559800682822242 ], [ 8745777.970261450856924, 1978397.858225754927844 ], [ 8745776.477076791226864, 1978397.858225754927844 ], [ 8745776.477076791226864, 1978398.156650826800615 ], [ 8745775.282529063522816, 1978398.156650826800615 ], [ 8745775.282529063522816, 1978398.455075898906216 ], [ 8745772.893433609977365, 1978398.455075898906216 ], [ 8745772.893433609977365, 1978398.753500971011817 ], [ 8745770.80297508649528, 1978398.753500971011817 ], [ 8745770.80297508649528, 1978399.051926043117419 ], [ 8745769.011153494939208, 1978399.051926043117419 ] ] ] } },
{ "type": "Feature", "properties": { "value": 255.0 }, "geometry": { "type": "Polygon", "coordinates": [ [ [ 8746049.729869408532977, 1978405.617277627810836 ], [ 8746049.729869408532977, 1978405.318852555938065 ], [ 8746049.431232476606965, 1978405.318852555938065 ], [ 8746049.431232476606965, 1978405.020427483832464 ], [ 8746049.132595544680953, 1978405.020427483832464 ], [ 8746049.132595544680953, 1978404.12515226774849 ], [ 8746048.833958612754941, 1978404.12515226774849 ], [ 8746048.833958612754941, 1978402.633026907453313 ], [ 8746048.535321680828929, 1978402.633026907453313 ], [ 8746048.535321680828929, 1978401.439326619263738 ], [ 8746048.236684748902917, 1978401.439326619263738 ], [ 8746048.236684748902917, 1978400.245626331074163 ], [ 8746047.938047816976905, 1978400.245626331074163 ], [ 8746047.938047816976905, 1978399.051926043117419 ], [ 8746047.639410885050893, 1978399.051926043117419 ], [ 8746047.639410885050893, 1978396.664525466738269 ], [ 8746047.340773954987526, 1978396.664525466738269 ], [ 8746047.340773954987526, 1978394.873975034337491 ], [ 8746047.639410885050893, 1978394.873975034337491 ], [ 8746047.639410885050893, 1978394.57554996246472 ], [ 8746047.938047816976905, 1978394.57554996246472 ], [ 8746047.938047816976905, 1978394.277124890359119 ], [ 8746047.340773954987526, 1978394.277124890359119 ], [ 8746047.340773954987526, 1978393.978699818253517 ], [ 8746047.042137023061514, 1978393.978699818253517 ], [ 8746047.042137023061514, 1978393.381849674275145 ], [ 8746046.743500091135502, 1978393.381849674275145 ], [ 8746046.743500091135502, 1978393.083424602169544 ], [ 8746046.44486315920949, 1978393.083424602169544 ], [ 8746046.44486315920949, 1978392.784999530063942 ], [ 8746046.146226227283478, 1978392.784999530063942 ], [ 8746046.146226227283478, 1978392.18814938608557 ], [ 8746045.847589295357466, 1978392.18814938608557 ], [ 8746045.847589295357466, 1978390.994449097895995 ], [ 8746045.548952363431454, 1978390.994449097895995 ], [ 8746045.548952363431454, 1978390.397598953917623 ], [ 8746045.847589295357466, 1978390.397598953917623 ], [ 8746045.847589295357466, 1978389.80074880970642 ], [ 8746046.44486315920949, 1978389.80074880970642 ], [ 8746046.44486315920949, 1978389.502323737600818 ], [ 8746047.639410885050893, 1978389.502323737600818 ], [ 8746047.639410885050893, 1978389.203898665728047 ], [ 8746047.938047816976905, 1978389.203898665728047 ], [ 8746047.938047816976905, 1978388.905473593622446 ], [ 8746048.236684748902917, 1978388.905473593622446 ], [ 8746048.236684748902917, 1978388.607048521516845 ], [ 8746048.833958612754941, 1978388.607048521516845 ], [ 8746048.833958612754941, 1978388.308623449644074 ], [ 8746049.132595544680953, 1978388.308623449644074 ], [ 8746049.132595544680953, 1978388.010198377538472 ], [ 8746049.729869408532977, 1978388.010198377538472 ], [ 8746049.729869408532977, 1978387.711773305432871 ], [ 8746050.028506340458989, 1978387.711773305432871 ], [ 8746050.028506340458989, 1978387.41334823332727 ], [ 8746050.924417136237025, 1978387.41334823332727 ], [ 8746050.924417136237025, 1978387.114923161454499 ], [ 8746051.521691, 1978387.114923161454499 ], [ 8746051.521691, 1978386.816498089348897 ], [ 8746052.118964863941073, 1978386.816498089348897 ], [ 8746052.118964863941073, 1978386.518073017243296 ], [ 8746053.014875657856464, 1978386.518073017243296 ], [ 8746053.014875657856464, 1978386.219647945370525 ], [ 8746054.508060317486525, 1978386.219647945370525 ], [ 8746054.508060317486525, 1978386.518073017243296 ], [ 8746054.806697249412537, 1978386.518073017243296 ], [ 8746054.806697249412537, 1978386.816498089348897 ], [ 8746055.105334181338549, 1978386.816498089348897 ], [ 8746055.105334181338549, 1978388.308623449644074 ], [ 8746055.403971113264561, 1978388.308623449644074 ], [ 8746055.403971113264561, 1978389.502323737600818 ], [ 8746055.702608045190573, 1978389.502323737600818 ], [ 8746055.702608045190573, 1978392.18814938608557 ], [ 8746055.403971113264561, 1978392.18814938608557 ], [ 8746055.403971113264561, 1978392.784999530063942 ], [ 8746055.105334181338549, 1978392.784999530063942 ], [ 8746055.105334181338549, 1978393.083424602169544 ], [ 8746054.806697249412537, 1978393.083424602169544 ], [ 8746054.806697249412537, 1978393.381849674275145 ], [ 8746054.209423385560513, 1978393.381849674275145 ], [ 8746054.209423385560513, 1978393.680274746380746 ], [ 8746054.508060317486525, 1978393.680274746380746 ], [ 8746054.508060317486525, 1978393.978699818253517 ], [ 8746054.806697249412537, 1978393.978699818253517 ], [ 8746054.806697249412537, 1978394.277124890359119 ], [ 8746055.105334181338549, 1978394.277124890359119 ], [ 8746055.105334181338549, 1978394.873975034337491 ], [ 8746055.403971113264561, 1978394.873975034337491 ], [ 8746055.403971113264561, 1978395.470825178548694 ], [ 8746055.702608045190573, 1978395.470825178548694 ], [ 8746055.702608045190573, 1978396.366100394632667 ], [ 8746056.001244977116585, 1978396.366100394632667 ], [ 8746056.001244977116585, 1978397.261375610716641 ], [ 8746056.299881909042597, 1978397.261375610716641 ], [ 8746056.299881909042597, 1978398.156650826800615 ], [ 8746056.598518840968609, 1978398.156650826800615 ], [ 8746056.598518840968609, 1978399.35035111499019 ], [ 8746056.897155772894621, 1978399.35035111499019 ], [ 8746056.897155772894621, 1978400.245626331074163 ], [ 8746057.195792704820633, 1978400.245626331074163 ], [ 8746057.195792704820633, 1978400.842476475285366 ], [ 8746057.494429636746645, 1978400.842476475285366 ], [ 8746057.494429636746645, 1978401.73775169136934 ], [ 8746057.793066568672657, 1978401.73775169136934 ], [ 8746057.793066568672657, 1978403.528302123537287 ], [ 8746057.494429636746645, 1978403.528302123537287 ], [ 8746057.494429636746645, 1978403.826727195642889 ], [ 8746056.897155772894621, 1978403.826727195642889 ], [ 8746056.897155772894621, 1978404.12515226774849 ], [ 8746055.403971113264561, 1978404.12515226774849 ], [ 8746055.403971113264561, 1978404.423577339854091 ], [ 8746054.508060317486525, 1978404.423577339854091 ], [ 8746054.508060317486525, 1978404.722002411726862 ], [ 8746053.313512589782476, 1978404.722002411726862 ], [ 8746053.313512589782476, 1978405.020427483832464 ], [ 8746052.118964863941073, 1978405.020427483832464 ], [ 8746052.118964863941073, 1978405.318852555938065 ], [ 8746050.327143272385001, 1978405.318852555938065 ], [ 8746050.327143272385001, 1978405.617277627810836 ], [ 8746049.729869408532977, 1978405.617277627810836 ] ] ] } },
{ "type": "Feature", "properties": { "value": 255.0 }, "geometry": { "type": "Polygon", "coordinates": [ [ [ 8746013.296163726598024, 1978400.245626331074163 ], [ 8746013.296163726598024, 1978399.947201259201393 ], [ 8746012.698889862746, 1978399.947201259201393 ], [ 8746012.698889862746, 1978399.648776187095791 ], [ 8746012.400252930819988, 1978399.648776187095791 ], [ 8746012.400252930819988, 1978399.35035111499019 ], [ 8746011.20570520311594, 1978399.35035111499019 ], [ 8746011.20570520311594, 1978399.648776187095791 ], [ 8746009.413883613422513, 1978399.648776187095791 ], [ 8746009.413883613422513, 1978399.35035111499019 ], [ 8746009.115246681496501, 1978399.35035111499019 ], [ 8746009.115246681496501, 1978398.753500971011817 ], [ 8746008.816609749570489, 1978398.753500971011817 ], [ 8746008.816609749570489, 1978397.858225754927844 ], [ 8746008.517972817644477, 1978397.858225754927844 ], [ 8746008.517972817644477, 1978396.664525466738269 ], [ 8746008.219335885718465, 1978396.664525466738269 ], [ 8746008.219335885718465, 1978394.277124890359119 ], [ 8746007.920698953792453, 1978394.277124890359119 ], [ 8746007.920698953792453, 1978394.57554996246472 ], [ 8746006.128877362236381, 1978394.57554996246472 ], [ 8746006.128877362236381, 1978394.277124890359119 ], [ 8746005.830240430310369, 1978394.277124890359119 ], [ 8746005.830240430310369, 1978393.381849674275145 ], [ 8746005.531603498384356, 1978393.381849674275145 ], [ 8746005.531603498384356, 1978391.889724313979968 ], [ 8746005.232966566458344, 1978391.889724313979968 ], [ 8746005.232966566458344, 1978391.292874170001596 ], [ 8746004.934329634532332, 1978391.292874170001596 ], [ 8746004.934329634532332, 1978390.397598953917623 ], [ 8746004.63569270260632, 1978390.397598953917623 ], [ 8746004.63569270260632, 1978389.203898665728047 ], [ 8746004.337055772542953, 1978389.203898665728047 ], [ 8746004.337055772542953, 1978387.114923161454499 ], [ 8746004.038418840616941, 1978387.114923161454499 ], [ 8746004.038418840616941, 1978385.622797801159322 ], [ 8746003.739781908690929, 1978385.622797801159322 ], [ 8746003.739781908690929, 1978384.130672440864146 ], [ 8746003.441144976764917, 1978384.130672440864146 ], [ 8746003.441144976764917, 1978382.936972152907401 ], [ 8746003.739781908690929, 1978382.936972152907401 ], [ 8746003.739781908690929, 1978382.6385470808018 ], [ 8746004.038418840616941, 1978382.6385470808018 ], [ 8746004.038418840616941, 1978382.340122008696198 ], [ 8746005.232966566458344, 1978382.340122008696198 ], [ 8746005.232966566458344, 1978382.041696936590597 ], [ 8746006.726151226088405, 1978382.041696936590597 ], [ 8746006.726151226088405, 1978381.743271864717826 ], [ 8746008.517972817644477, 1978381.743271864717826 ], [ 8746008.517972817644477, 1978381.444846792612225 ], [ 8746012.101615998893976, 1978381.444846792612225 ], [ 8746012.101615998893976, 1978381.743271864717826 ], [ 8746012.400252930819988, 1978381.743271864717826 ], [ 8746012.400252930819988, 1978382.340122008696198 ], [ 8746012.698889862746, 1978382.340122008696198 ], [ 8746012.698889862746, 1978382.936972152907401 ], [ 8746012.997526794672012, 1978382.936972152907401 ], [ 8746012.997526794672012, 1978383.832247368991375 ], [ 8746013.296163726598024, 1978383.832247368991375 ], [ 8746013.296163726598024, 1978384.429097512969747 ], [ 8746013.594800658524036, 1978384.429097512969747 ], [ 8746013.594800658524036, 1978385.324372729053721 ], [ 8746013.893437590450048, 1978385.324372729053721 ], [ 8746013.893437590450048, 1978385.921222873264924 ], [ 8746014.19207452237606, 1978385.921222873264924 ], [ 8746014.19207452237606, 1978386.816498089348897 ], [ 8746014.490711454302073, 1978386.816498089348897 ], [ 8746014.490711454302073, 1978387.41334823332727 ], [ 8746014.19207452237606, 1978387.41334823332727 ], [ 8746014.19207452237606, 1978388.905473593622446 ], [ 8746014.490711454302073, 1978388.905473593622446 ], [ 8746014.490711454302073, 1978389.502323737600818 ], [ 8746014.19207452237606, 1978389.502323737600818 ], [ 8746014.19207452237606, 1978389.80074880970642 ], [ 8746013.594800658524036, 1978389.80074880970642 ], [ 8746013.594800658524036, 1978390.099173881812021 ], [ 8746015.087985318154097, 1978390.099173881812021 ], [ 8746015.087985318154097, 1978390.397598953917623 ], [ 8746015.386622248217463, 1978390.397598953917623 ], [ 8746015.386622248217463, 1978392.486574458191171 ], [ 8746015.087985318154097, 1978392.486574458191171 ], [ 8746015.087985318154097, 1978392.784999530063942 ], [ 8746014.789348386228085, 1978392.784999530063942 ], [ 8746014.789348386228085, 1978393.083424602169544 ], [ 8746013.893437590450048, 1978393.083424602169544 ], [ 8746013.893437590450048, 1978393.381849674275145 ], [ 8746014.19207452237606, 1978393.381849674275145 ], [ 8746014.19207452237606, 1978393.680274746380746 ], [ 8746014.490711454302073, 1978393.680274746380746 ], [ 8746014.490711454302073, 1978395.172400106443092 ], [ 8746014.789348386228085, 1978395.172400106443092 ], [ 8746014.789348386228085, 1978396.366100394632667 ], [ 8746015.087985318154097, 1978396.366100394632667 ], [ 8746015.087985318154097, 1978397.559800682822242 ], [ 8746015.386622248217463, 1978397.559800682822242 ], [ 8746015.386622248217463, 1978399.35035111499019 ], [ 8746015.685259180143476, 1978399.35035111499019 ], [ 8746015.685259180143476, 1978399.648776187095791 ], [ 8746015.386622248217463, 1978399.648776187095791 ], [ 8746015.386622248217463, 1978399.947201259201393 ], [ 8746015.087985318154097, 1978399.947201259201393 ], [ 8746015.087985318154097, 1978400.245626331074163 ], [ 8746013.296163726598024, 1978400.245626331074163 ] ] ] } },
{ "type": "Feature", "properties": { "value": 255.0 }, "geometry": { "type": "Polygon", "coordinates": [ [ [ 8745912.058243839070201, 1978416.659005293389782 ], [ 8745912.058243839070201, 1978416.360580221284181 ], [ 8745911.759606907144189, 1978416.360580221284181 ], [ 8745911.759606907144189, 1978416.06215514941141 ], [ 8745911.460969975218177, 1978416.06215514941141 ], [ 8745911.460969975218177, 1978415.465305005200207 ], [ 8745911.162333043292165, 1978415.465305005200207 ], [ 8745911.162333043292165, 1978414.570029789116234 ], [ 8745910.863696111366153, 1978414.570029789116234 ], [ 8745910.863696111366153, 1978413.376329500926659 ], [ 8745910.565059179440141, 1978413.376329500926659 ], [ 8745910.565059179440141, 1978412.481054284842685 ], [ 8745910.266422247514129, 1978412.481054284842685 ], [ 8745910.266422247514129, 1978411.28735399665311 ], [ 8745909.967785315588117, 1978411.28735399665311 ], [ 8745909.967785315588117, 1978410.392078780569136 ], [ 8745909.669148383662105, 1978410.392078780569136 ], [ 8745909.669148383662105, 1978408.89995342027396 ], [ 8745909.370511451736093, 1978408.89995342027396 ], [ 8745909.370511451736093, 1978407.407828060211614 ], [ 8745909.071874519810081, 1978407.407828060211614 ], [ 8745909.071874519810081, 1978406.51255284412764 ], [ 8745909.370511451736093, 1978406.51255284412764 ], [ 8745909.370511451736093, 1978405.915702699916437 ], [ 8745910.266422247514129, 1978405.915702699916437 ], [ 8745910.266422247514129, 1978405.617277627810836 ], [ 8745909.669148383662105, 1978405.617277627810836 ], [ 8745909.669148383662105, 1978405.318852555938065 ], [ 8745909.071874519810081, 1978405.318852555938065 ], [ 8745909.071874519810081, 1978404.722002411726862 ], [ 8745908.773237587884068, 1978404.722002411726862 ], [ 8745908.773237587884068, 1978404.12515226774849 ], [ 8745908.474600655958056, 1978404.12515226774849 ], [ 8745908.474600655958056, 1978402.931451979558915 ], [ 8745908.175963724032044, 1978402.931451979558915 ], [ 8745908.175963724032044, 1978402.036176763474941 ], [ 8745907.877326792106032, 1978402.036176763474941 ], [ 8745907.877326792106032, 1978400.842476475285366 ], [ 8745907.578689862042665, 1978400.842476475285366 ], [ 8745907.578689862042665, 1978399.35035111499019 ], [ 8745907.877326792106032, 1978399.35035111499019 ], [ 8745907.877326792106032, 1978399.051926043117419 ], [ 8745908.175963724032044, 1978399.051926043117419 ], [ 8745908.175963724032044, 1978398.753500971011817 ], [ 8745909.071874519810081, 1978398.753500971011817 ], [ 8745909.071874519810081, 1978398.455075898906216 ], [ 8745910.266422247514129, 1978398.455075898906216 ], [ 8745910.266422247514129, 1978398.156650826800615 ], [ 8745911.162333043292165, 1978398.156650826800615 ], [ 8745911.162333043292165, 1978397.858225754927844 ], [ 8745912.356880770996213, 1978397.858225754927844 ], [ 8745912.356880770996213, 1978397.559800682822242 ], [ 8745913.252791564911604, 1978397.559800682822242 ], [ 8745913.252791564911604, 1978397.261375610716641 ], [ 8745914.14870236068964, 1978397.261375610716641 ], [ 8745914.14870236068964, 1978396.96295053861104 ], [ 8745915.343250088393688, 1978396.96295053861104 ], [ 8745915.343250088393688, 1978396.664525466738269 ], [ 8745916.537797816097736, 1978396.664525466738269 ], [ 8745916.537797816097736, 1978396.366100394632667 ], [ 8745918.030982475727797, 1978396.366100394632667 ], [ 8745918.030982475727797, 1978396.067675322527066 ], [ 8745916.239160884171724, 1978396.067675322527066 ], [ 8745916.239160884171724, 1978395.769250250654295 ], [ 8745915.940523952245712, 1978395.769250250654295 ], [ 8745915.940523952245712, 1978395.470825178548694 ], [ 8745915.6418870203197, 1978395.470825178548694 ], [ 8745915.6418870203197, 1978394.57554996246472 ], [ 8745915.044613156467676, 1978394.57554996246472 ], [ 8745915.044613156467676, 1978394.873975034337491 ], [ 8745914.447339292615652, 1978394.873975034337491 ], [ 8745914.447339292615652, 1978395.172400106443092 ], [ 8745913.551428496837616, 1978395.172400106443092 ], [ 8745913.551428496837616, 1978395.470825178548694 ], [ 8745912.655517702922225, 1978395.470825178548694 ], [ 8745912.655517702922225, 1978395.769250250654295 ], [ 8745911.460969975218177, 1978395.769250250654295 ], [ 8745911.460969975218177, 1978396.067675322527066 ], [ 8745910.266422247514129, 1978396.067675322527066 ], [ 8745910.266422247514129, 1978396.366100394632667 ], [ 8745909.370511451736093, 1978396.366100394632667 ], [ 8745909.370511451736093, 1978396.664525466738269 ], [ 8745908.175963724032044, 1978396.664525466738269 ], [ 8745908.175963724032044, 1978396.96295053861104 ], [ 8745906.981415998190641, 1978396.96295053861104 ], [ 8745906.981415998190641, 1978397.261375610716641 ], [ 8745905.786868270486593, 1978397.261375610716641 ], [ 8745905.786868270486593, 1978397.559800682822242 ], [ 8745904.293683610856533, 1978397.559800682822242 ], [ 8745904.293683610856533, 1978397.858225754927844 ], [ 8745903.397772815078497, 1978397.858225754927844 ], [ 8745903.397772815078497, 1978398.156650826800615 ], [ 8745902.501862019300461, 1978398.156650826800615 ], [ 8745902.501862019300461, 1978398.455075898906216 ], [ 8745901.307314293459058, 1978398.455075898906216 ], [ 8745901.307314293459058, 1978398.753500971011817 ], [ 8745900.411403497681022, 1978398.753500971011817 ], [ 8745900.411403497681022, 1978399.051926043117419 ], [ 8745899.216855769976974, 1978399.051926043117419 ], [ 8745899.216855769976974, 1978399.35035111499019 ], [ 8745897.126397246494889, 1978399.35035111499019 ], [ 8745897.126397246494889, 1978399.051926043117419 ], [ 8745896.827760316431522, 1978399.051926043117419 ], [ 8745896.827760316431522, 1978398.753500971011817 ], [ 8745896.52912338450551, 1978398.753500971011817 ], [ 8745896.52912338450551, 1978397.858225754927844 ], [ 8745896.230486452579498, 1978397.858225754927844 ], [ 8745896.230486452579498, 1978396.664525466738269 ], [ 8745895.931849520653486, 1978396.664525466738269 ], [ 8745895.931849520653486, 1978395.769250250654295 ], [ 8745895.633212588727474, 1978395.769250250654295 ], [ 8745895.633212588727474, 1978393.978699818253517 ], [ 8745895.334575656801462, 1978393.978699818253517 ], [ 8745895.334575656801462, 1978393.381849674275145 ], [ 8745895.03593872487545, 1978393.381849674275145 ], [ 8745895.03593872487545, 1978392.18814938608557 ], [ 8745894.737301792949438, 1978392.18814938608557 ], [ 8745894.737301792949438, 1978390.994449097895995 ], [ 8745894.438664861023426, 1978390.994449097895995 ], [ 8745894.438664861023426, 1978388.607048521516845 ], [ 8745894.140027929097414, 1978388.607048521516845 ], [ 8745894.140027929097414, 1978388.308623449644074 ], [ 8745894.438664861023426, 1978388.308623449644074 ], [ 8745894.438664861023426, 1978387.41334823332727 ], [ 8745894.737301792949438, 1978387.41334823332727 ], [ 8745894.737301792949438, 1978387.114923161454499 ], [ 8745895.633212588727474, 1978387.114923161454499 ], [ 8745895.633212588727474, 1978386.816498089348897 ], [ 8745896.827760316431522, 1978386.816498089348897 ], [ 8745896.827760316431522, 1978386.518073017243296 ], [ 8745898.320944974198937, 1978386.518073017243296 ], [ 8745898.320944974198937, 1978386.219647945370525 ], [ 8745900.11276656575501, 1978386.219647945370525 ], [ 8745900.11276656575501, 1978385.921222873264924 ], [ 8745901.904588157311082, 1978385.921222873264924 ], [ 8745901.904588157311082, 1978385.622797801159322 ], [ 8745902.501862019300461, 1978385.622797801159322 ], [ 8745902.501862019300461, 1978385.324372729053721 ], [ 8745902.800498951226473, 1978385.324372729053721 ], [ 8745902.800498951226473, 1978385.02594765718095 ], [ 8745903.099135883152485, 1978385.02594765718095 ], [ 8745903.099135883152485, 1978384.727522585075349 ], [ 8745903.696409747004509, 1978384.727522585075349 ], [ 8745903.696409747004509, 1978384.429097512969747 ], [ 8745903.995046678930521, 1978384.429097512969747 ], [ 8745903.995046678930521, 1978384.130672440864146 ], [ 8745905.189594406634569, 1978384.130672440864146 ], [ 8745905.189594406634569, 1978383.832247368991375 ], [ 8745906.384142134338617, 1978383.832247368991375 ], [ 8745906.384142134338617, 1978383.533822296885774 ], [ 8745907.578689862042665, 1978383.533822296885774 ], [ 8745907.578689862042665, 1978383.235397224780172 ], [ 8745908.474600655958056, 1978383.235397224780172 ], [ 8745908.474600655958056, 1978382.936972152907401 ], [ 8745912.058243839070201, 1978382.936972152907401 ], [ 8745912.058243839070201, 1978382.6385470808018 ], [ 8745912.356880770996213, 1978382.6385470808018 ], [ 8745912.356880770996213, 1978382.936972152907401 ], [ 8745913.252791564911604, 1978382.936972152907401 ], [ 8745913.252791564911604, 1978383.235397224780172 ], [ 8745913.551428496837616, 1978383.235397224780172 ], [ 8745913.551428496837616, 1978384.429097512969747 ], [ 8745913.850065428763628, 1978384.429097512969747 ], [ 8745913.850065428763628, 1978385.622797801159322 ], [ 8745914.14870236068964, 1978385.622797801159322 ], [ 8745914.14870236068964, 1978387.41334823332727 ], [ 8745914.447339292615652, 1978387.41334823332727 ], [ 8745914.447339292615652, 1978386.816498089348897 ], [ 8745914.745976224541664, 1978386.816498089348897 ], [ 8745914.745976224541664, 1978383.832247368991375 ], [ 8745915.343250088393688, 1978383.832247368991375 ], [ 8745915.343250088393688, 1978383.533822296885774 ], [ 8745917.433708611875772, 1978383.533822296885774 ], [ 8745917.433708611875772, 1978383.235397224780172 ], [ 8745918.926893269643188, 1978383.235397224780172 ], [ 8745918.926893269643188, 1978383.533822296885774 ], [ 8745919.2255302015692, 1978383.533822296885774 ], [ 8745919.2255302015692, 1978383.832247368991375 ], [ 8745919.524167133495212, 1978383.832247368991375 ], [ 8745919.524167133495212, 1978384.130672440864146 ], [ 8745919.822804065421224, 1978384.130672440864146 ], [ 8745919.822804065421224, 1978385.02594765718095 ], [ 8745920.121440997347236, 1978385.02594765718095 ], [ 8745920.121440997347236, 1978385.622797801159322 ], [ 8745920.420077929273248, 1978385.622797801159322 ], [ 8745920.420077929273248, 1978385.921222873264924 ], [ 8745920.71871486119926, 1978385.921222873264924 ], [ 8745920.71871486119926, 1978385.324372729053721 ], [ 8745920.420077929273248, 1978385.324372729053721 ], [ 8745920.420077929273248, 1978383.832247368991375 ], [ 8745920.121440997347236, 1978383.832247368991375 ], [ 8745920.121440997347236, 1978382.6385470808018 ], [ 8745920.420077929273248, 1978382.6385470808018 ], [ 8745920.420077929273248, 1978382.340122008696198 ], [ 8745920.71871486119926, 1978382.340122008696198 ], [ 8745920.71871486119926, 1978382.041696936590597 ], [ 8745921.913262588903308, 1978382.041696936590597 ], [ 8745921.913262588903308, 1978381.743271864717826 ], [ 8745924.003721110522747, 1978381.743271864717826 ], [ 8745924.003721110522747, 1978381.444846792612225 ], [ 8745925.198268838226795, 1978381.444846792612225 ], [ 8745925.198268838226795, 1978381.146421720506623 ], [ 8745929.677822815254331, 1978381.146421720506623 ], [ 8745929.677822815254331, 1978381.444846792612225 ], [ 8745930.275096679106355, 1978381.444846792612225 ], [ 8745930.275096679106355, 1978381.743271864717826 ], [ 8745930.573733611032367, 1978381.743271864717826 ], [ 8745930.573733611032367, 1978382.936972152907401 ], [ 8745930.872370542958379, 1978382.936972152907401 ], [ 8745930.872370542958379, 1978383.533822296885774 ], [ 8745931.171007474884391, 1978383.533822296885774 ], [ 8745931.171007474884391, 1978383.832247368991375 ], [ 8745931.469644406810403, 1978383.832247368991375 ], [ 8745931.469644406810403, 1978384.130672440864146 ], [ 8745931.768281338736415, 1978384.130672440864146 ], [ 8745931.768281338736415, 1978384.429097512969747 ], [ 8745932.365555202588439, 1978384.429097512969747 ], [ 8745932.365555202588439, 1978384.727522585075349 ], [ 8745932.664192134514451, 1978384.727522585075349 ], [ 8745932.664192134514451, 1978385.02594765718095 ], [ 8745932.962829066440463, 1978385.02594765718095 ], [ 8745932.962829066440463, 1978385.324372729053721 ], [ 8745933.261465998366475, 1978385.324372729053721 ], [ 8745933.261465998366475, 1978385.622797801159322 ], [ 8745933.560102930292487, 1978385.622797801159322 ], [ 8745933.560102930292487, 1978385.921222873264924 ], [ 8745933.858739862218499, 1978385.921222873264924 ], [ 8745933.858739862218499, 1978386.219647945370525 ], [ 8745934.157376794144511, 1978386.219647945370525 ], [ 8745934.157376794144511, 1978386.816498089348897 ], [ 8745934.456013726070523, 1978386.816498089348897 ], [ 8745934.456013726070523, 1978387.41334823332727 ], [ 8745934.75465065613389, 1978387.41334823332727 ], [ 8745934.75465065613389, 1978388.905473593622446 ], [ 8745935.053287588059902, 1978388.905473593622446 ], [ 8745935.053287588059902, 1978389.80074880970642 ], [ 8745934.75465065613389, 1978389.80074880970642 ], [ 8745934.75465065613389, 1978390.099173881812021 ], [ 8745934.456013726070523, 1978390.099173881812021 ], [ 8745934.456013726070523, 1978390.397598953917623 ], [ 8745932.365555202588439, 1978390.397598953917623 ], [ 8745932.365555202588439, 1978390.696024025790393 ], [ 8745931.469644406810403, 1978390.696024025790393 ], [ 8745931.469644406810403, 1978390.994449097895995 ], [ 8745930.872370542958379, 1978390.994449097895995 ], [ 8745930.872370542958379, 1978391.292874170001596 ], [ 8745929.677822815254331, 1978391.292874170001596 ], [ 8745929.677822815254331, 1978391.591299241874367 ], [ 8745929.379185883328319, 1978391.591299241874367 ], [ 8745929.379185883328319, 1978391.889724313979968 ], [ 8745929.080548953264952, 1978391.889724313979968 ], [ 8745929.080548953264952, 1978392.18814938608557 ], [ 8745929.379185883328319, 1978392.18814938608557 ], [ 8745929.379185883328319, 1978392.784999530063942 ], [ 8745929.677822815254331, 1978392.784999530063942 ], [ 8745929.677822815254331, 1978393.083424602169544 ], [ 8745929.976459747180343, 1978393.083424602169544 ], [ 8745929.976459747180343, 1978393.381849674275145 ], [ 8745930.573733611032367, 1978393.381849674275145 ], [ 8745930.573733611032367, 1978393.083424602169544 ], [ 8745931.768281338736415, 1978393.083424602169544 ], [ 8745931.768281338736415, 1978393.680274746380746 ], [ 8745930.872370542958379, 1978393.680274746380746 ], [ 8745930.872370542958379, 1978393.978699818253517 ], [ 8745930.573733611032367, 1978393.978699818253517 ], [ 8745930.573733611032367, 1978394.57554996246472 ], [ 8745930.275096679106355, 1978394.57554996246472 ], [ 8745930.275096679106355, 1978394.873975034337491 ], [ 8745928.78191202133894, 1978394.873975034337491 ], [ 8745928.78191202133894, 1978394.57554996246472 ], [ 8745927.587364293634892, 1978394.57554996246472 ], [ 8745927.587364293634892, 1978394.873975034337491 ], [ 8745926.094179634004831, 1978394.873975034337491 ], [ 8745926.094179634004831, 1978395.172400106443092 ], [ 8745925.198268838226795, 1978395.172400106443092 ], [ 8745925.198268838226795, 1978395.470825178548694 ], [ 8745924.302358042448759, 1978395.470825178548694 ], [ 8745924.302358042448759, 1978395.172400106443092 ], [ 8745923.70508418045938, 1978395.172400106443092 ], [ 8745923.70508418045938, 1978394.873975034337491 ], [ 8745923.406447248533368, 1978394.873975034337491 ], [ 8745923.406447248533368, 1978394.57554996246472 ], [ 8745923.107810316607356, 1978394.57554996246472 ], [ 8745923.107810316607356, 1978393.083424602169544 ], [ 8745922.809173384681344, 1978393.083424602169544 ], [ 8745922.809173384681344, 1978392.18814938608557 ], [ 8745922.510536452755332, 1978392.18814938608557 ], [ 8745922.510536452755332, 1978391.292874170001596 ], [ 8745922.21189952082932, 1978391.292874170001596 ], [ 8745922.21189952082932, 1978392.486574458191171 ], [ 8745922.510536452755332, 1978392.486574458191171 ], [ 8745922.510536452755332, 1978394.873975034337491 ], [ 8745922.21189952082932, 1978394.873975034337491 ], [ 8745922.21189952082932, 1978395.172400106443092 ], [ 8745921.315988725051284, 1978395.172400106443092 ], [ 8745921.315988725051284, 1978395.470825178548694 ], [ 8745919.822804065421224, 1978395.470825178548694 ], [ 8745919.822804065421224, 1978395.769250250654295 ], [ 8745922.21189952082932, 1978395.769250250654295 ], [ 8745922.21189952082932, 1978396.067675322527066 ], [ 8745922.510536452755332, 1978396.067675322527066 ], [ 8745922.510536452755332, 1978396.366100394632667 ], [ 8745922.809173384681344, 1978396.366100394632667 ], [ 8745922.809173384681344, 1978397.261375610716641 ], [ 8745923.107810316607356, 1978397.261375610716641 ], [ 8745923.107810316607356, 1978398.156650826800615 ], [ 8745923.406447248533368, 1978398.156650826800615 ], [ 8745923.406447248533368, 1978399.35035111499019 ], [ 8745923.70508418045938, 1978399.35035111499019 ], [ 8745923.70508418045938, 1978399.947201259201393 ], [ 8745924.003721110522747, 1978399.947201259201393 ], [ 8745924.003721110522747, 1978400.842476475285366 ], [ 8745924.302358042448759, 1978400.842476475285366 ], [ 8745924.302358042448759, 1978402.036176763474941 ], [ 8745924.003721110522747, 1978402.036176763474941 ], [ 8745924.003721110522747, 1978402.334601835347712 ], [ 8745923.406447248533368, 1978402.334601835347712 ], [ 8745923.406447248533368, 1978402.633026907453313 ], [ 8745922.510536452755332, 1978402.633026907453313 ], [ 8745922.510536452755332, 1978402.931451979558915 ], [ 8745921.017351793125272, 1978402.931451979558915 ], [ 8745921.017351793125272, 1978403.229877051664516 ], [ 8745922.809173384681344, 1978403.229877051664516 ], [ 8745922.809173384681344, 1978403.528302123537287 ], [ 8745923.107810316607356, 1978403.528302123537287 ], [ 8745923.107810316607356, 1978404.12515226774849 ], [ 8745923.406447248533368, 1978404.12515226774849 ], [ 8745923.406447248533368, 1978405.020427483832464 ], [ 8745923.70508418045938, 1978405.020427483832464 ], [ 8745923.70508418045938, 1978406.214127772022039 ], [ 8745924.003721110522747, 1978406.214127772022039 ], [ 8745924.003721110522747, 1978407.407828060211614 ], [ 8745924.302358042448759, 1978407.407828060211614 ], [ 8745924.302358042448759, 1978408.303103276295587 ], [ 8745924.600994974374771, 1978408.303103276295587 ], [ 8745924.600994974374771, 1978409.496803564485162 ], [ 8745924.899631906300783, 1978409.496803564485162 ], [ 8745924.899631906300783, 1978410.392078780569136 ], [ 8745925.198268838226795, 1978410.392078780569136 ], [ 8745925.198268838226795, 1978411.884204140864313 ], [ 8745924.899631906300783, 1978411.884204140864313 ], [ 8745924.899631906300783, 1978412.182629212737083 ], [ 8745924.600994974374771, 1978412.182629212737083 ], [ 8745924.600994974374771, 1978412.481054284842685 ], [ 8745923.70508418045938, 1978412.481054284842685 ], [ 8745923.70508418045938, 1978412.779479356948286 ], [ 8745922.809173384681344, 1978412.779479356948286 ], [ 8745922.809173384681344, 1978413.077904428821057 ], [ 8745921.315988725051284, 1978413.077904428821057 ], [ 8745921.315988725051284, 1978413.376329500926659 ], [ 8745920.420077929273248, 1978413.376329500926659 ], [ 8745920.420077929273248, 1978413.67475457303226 ], [ 8745920.121440997347236, 1978413.67475457303226 ], [ 8745920.121440997347236, 1978413.973179645137861 ], [ 8745918.628256337717175, 1978413.973179645137861 ], [ 8745918.628256337717175, 1978413.67475457303226 ], [ 8745918.329619407653809, 1978413.67475457303226 ], [ 8745918.329619407653809, 1978414.868454861221835 ], [ 8745918.030982475727797, 1978414.868454861221835 ], [ 8745918.030982475727797, 1978415.166879933327436 ], [ 8745917.433708611875772, 1978415.166879933327436 ], [ 8745917.433708611875772, 1978415.465305005200207 ], [ 8745916.239160884171724, 1978415.465305005200207 ], [ 8745916.239160884171724, 1978415.763730077305809 ], [ 8745914.745976224541664, 1978415.763730077305809 ], [ 8745914.745976224541664, 1978416.06215514941141 ], [ 8745913.551428496837616, 1978416.06215514941141 ], [ 8745913.551428496837616, 1978416.360580221284181 ], [ 8745912.655517702922225, 1978416.360580221284181 ], [ 8745912.655517702922225, 1978416.659005293389782 ], [ 8745912.058243839070201, 1978416.659005293389782 ] ], [ [ 8745918.030982475727797, 1978413.376329500926659 ], [ 8745918.329619407653809, 1978413.376329500926659 ], [ 8745918.329619407653809, 1978413.077904428821057 ], [ 8745918.030982475727797, 1978413.077904428821057 ], [ 8745918.030982475727797, 1978413.376329500926659 ] ], [ [ 8745910.863696111366153, 1978405.617277627810836 ], [ 8745912.356880770996213, 1978405.617277627810836 ], [ 8745912.356880770996213, 1978405.318852555938065 ], [ 8745910.863696111366153, 1978405.318852555938065 ], [ 8745910.863696111366153, 1978405.617277627810836 ] ], [ [ 8745912.356880770996213, 1978405.318852555938065 ], [ 8745913.850065428763628, 1978405.318852555938065 ], [ 8745913.850065428763628, 1978405.020427483832464 ], [ 8745912.356880770996213, 1978405.020427483832464 ], [ 8745912.356880770996213, 1978405.318852555938065 ] ], [ [ 8745915.343250088393688, 1978405.318852555938065 ], [ 8745915.6418870203197, 1978405.318852555938065 ], [ 8745915.6418870203197, 1978405.020427483832464 ], [ 8745915.940523952245712, 1978405.020427483832464 ], [ 8745915.940523952245712, 1978404.722002411726862 ], [ 8745916.239160884171724, 1978404.722002411726862 ], [ 8745916.239160884171724, 1978404.423577339854091 ], [ 8745915.044613156467676, 1978404.423577339854091 ], [ 8745915.044613156467676, 1978404.722002411726862 ], [ 8745913.850065428763628, 1978404.722002411726862 ], [ 8745913.850065428763628, 1978405.020427483832464 ], [ 8745915.343250088393688, 1978405.020427483832464 ], [ 8745915.343250088393688, 1978405.318852555938065 ] ], [ [ 8745916.239160884171724, 1978404.423577339854091 ], [ 8745917.433708611875772, 1978404.423577339854091 ], [ 8745917.433708611875772, 1978404.12515226774849 ], [ 8745918.329619407653809, 1978404.12515226774849 ], [ 8745918.329619407653809, 1978403.826727195642889 ], [ 8745919.524167133495212, 1978403.826727195642889 ], [ 8745919.524167133495212, 1978403.528302123537287 ], [ 8745918.030982475727797, 1978403.528302123537287 ], [ 8745918.030982475727797, 1978403.826727195642889 ], [ 8745917.13507167994976, 1978403.826727195642889 ], [ 8745917.13507167994976, 1978404.12515226774849 ], [ 8745916.239160884171724, 1978404.12515226774849 ], [ 8745916.239160884171724, 1978404.423577339854091 ] ], [ [ 8745919.524167133495212, 1978403.528302123537287 ], [ 8745920.71871486119926, 1978403.528302123537287 ], [ 8745920.71871486119926, 1978403.229877051664516 ], [ 8745919.524167133495212, 1978403.229877051664516 ], [ 8745919.524167133495212, 1978403.528302123537287 ] ], [ [ 8745918.329619407653809, 1978396.067675322527066 ], [ 8745919.524167133495212, 1978396.067675322527066 ], [ 8745919.524167133495212, 1978395.769250250654295 ], [ 8745918.329619407653809, 1978395.769250250654295 ], [ 8745918.329619407653809, 1978396.067675322527066 ] ], [ [ 8745921.913262588903308, 1978391.292874170001596 ], [ 8745922.21189952082932, 1978391.292874170001596 ], [ 8745922.21189952082932, 1978390.397598953917623 ], [ 8745921.913262588903308, 1978390.397598953917623 ], [ 8745921.913262588903308, 1978391.292874170001596 ] ], [ [ 8745914.745976224541664, 1978390.696024025790393 ], [ 8745915.044613156467676, 1978390.696024025790393 ], [ 8745915.044613156467676, 1978390.397598953917623 ], [ 8745914.745976224541664, 1978390.397598953917623 ], [ 8745914.745976224541664, 1978390.696024025790393 ] ], [ [ 8745921.614625656977296, 1978390.099173881812021 ], [ 8745921.913262588903308, 1978390.099173881812021 ], [ 8745921.913262588903308, 1978389.502323737600818 ], [ 8745921.614625656977296, 1978389.502323737600818 ], [ 8745921.614625656977296, 1978390.099173881812021 ] ], [ [ 8745921.315988725051284, 1978389.203898665728047 ], [ 8745921.614625656977296, 1978389.203898665728047 ], [ 8745921.614625656977296, 1978388.607048521516845 ], [ 8745921.315988725051284, 1978388.607048521516845 ], [ 8745921.315988725051284, 1978389.203898665728047 ] ], [ [ 8745921.017351793125272, 1978388.010198377538472 ], [ 8745921.315988725051284, 1978388.010198377538472 ], [ 8745921.315988725051284, 1978387.711773305432871 ], [ 8745921.017351793125272, 1978387.711773305432871 ], [ 8745921.017351793125272, 1978388.010198377538472 ] ], [ [ 8745920.71871486119926, 1978386.816498089348897 ], [ 8745921.017351793125272, 1978386.816498089348897 ], [ 8745921.017351793125272, 1978386.219647945370525 ], [ 8745920.71871486119926, 1978386.219647945370525 ], [ 8745920.71871486119926, 1978386.816498089348897 ] ] ] } },
{ "type": "Feature", "properties": { "value": 255.0 }, "geometry": { "type": "Polygon", "coordinates": [ [ [ 8745794.693929633125663, 1978392.18814938608557 ], [ 8745794.693929633125663, 1978391.889724313979968 ], [ 8745793.798018837347627, 1978391.889724313979968 ], [ 8745793.798018837347627, 1978391.292874170001596 ], [ 8745793.499381905421615, 1978391.292874170001596 ], [ 8745793.499381905421615, 1978390.397598953917623 ], [ 8745793.200744973495603, 1978390.397598953917623 ], [ 8745793.200744973495603, 1978389.80074880970642 ], [ 8745792.902108041569591, 1978389.80074880970642 ], [ 8745792.902108041569591, 1978388.607048521516845 ], [ 8745792.603471109643579, 1978388.607048521516845 ], [ 8745792.603471109643579, 1978387.114923161454499 ], [ 8745792.304834177717566, 1978387.114923161454499 ], [ 8745792.304834177717566, 1978383.832247368991375 ], [ 8745792.603471109643579, 1978383.832247368991375 ], [ 8745792.603471109643579, 1978382.936972152907401 ], [ 8745792.902108041569591, 1978382.936972152907401 ], [ 8745792.902108041569591, 1978382.6385470808018 ], [ 8745793.200744973495603, 1978382.6385470808018 ], [ 8745793.200744973495603, 1978382.041696936590597 ], [ 8745793.798018837347627, 1978382.041696936590597 ], [ 8745793.798018837347627, 1978381.743271864717826 ], [ 8745795.589840427041054, 1978381.743271864717826 ], [ 8745795.589840427041054, 1978381.444846792612225 ], [ 8745796.48575122281909, 1978381.444846792612225 ], [ 8745796.48575122281909, 1978381.146421720506623 ], [ 8745797.381662018597126, 1978381.146421720506623 ], [ 8745797.381662018597126, 1978380.847996648633853 ], [ 8745798.874846678227186, 1978380.847996648633853 ], [ 8745798.874846678227186, 1978380.549571576528251 ], [ 8745799.770757474005222, 1978380.549571576528251 ], [ 8745799.770757474005222, 1978380.25114650442265 ], [ 8745800.965305199846625, 1978380.25114650442265 ], [ 8745800.965305199846625, 1978379.952721432317048 ], [ 8745802.159852927550673, 1978379.952721432317048 ], [ 8745802.159852927550673, 1978379.654296360444278 ], [ 8745803.653037587180734, 1978379.654296360444278 ], [ 8745803.653037587180734, 1978379.355871288338676 ], [ 8745805.146222246810794, 1978379.355871288338676 ], [ 8745805.146222246810794, 1978379.057446216233075 ], [ 8745806.042133040726185, 1978379.057446216233075 ], [ 8745806.042133040726185, 1978378.759021144127473 ], [ 8745807.833954632282257, 1978378.759021144127473 ], [ 8745807.833954632282257, 1978379.057446216233075 ], [ 8745808.132591564208269, 1978379.057446216233075 ], [ 8745808.132591564208269, 1978379.355871288338676 ], [ 8745808.431228496134281, 1978379.355871288338676 ], [ 8745808.431228496134281, 1978379.654296360444278 ], [ 8745808.729865428060293, 1978379.654296360444278 ], [ 8745808.729865428060293, 1978379.355871288338676 ], [ 8745809.924413155764341, 1978379.355871288338676 ], [ 8745809.924413155764341, 1978379.057446216233075 ], [ 8745811.118960881605744, 1978379.057446216233075 ], [ 8745811.118960881605744, 1978378.759021144127473 ], [ 8745812.612145541235805, 1978378.759021144127473 ], [ 8745812.612145541235805, 1978379.057446216233075 ], [ 8745812.910782473161817, 1978379.057446216233075 ], [ 8745812.910782473161817, 1978379.654296360444278 ], [ 8745813.209419405087829, 1978379.654296360444278 ], [ 8745813.209419405087829, 1978380.847996648633853 ], [ 8745813.508056337013841, 1978380.847996648633853 ], [ 8745813.508056337013841, 1978382.340122008696198 ], [ 8745813.806693268939853, 1978382.340122008696198 ], [ 8745813.806693268939853, 1978383.533822296885774 ], [ 8745814.105330200865865, 1978383.533822296885774 ], [ 8745814.105330200865865, 1978385.02594765718095 ], [ 8745814.403967132791877, 1978385.02594765718095 ], [ 8745814.403967132791877, 1978386.219647945370525 ], [ 8745814.702604064717889, 1978386.219647945370525 ], [ 8745814.702604064717889, 1978387.41334823332727 ], [ 8745815.001240996643901, 1978387.41334823332727 ], [ 8745815.001240996643901, 1978388.607048521516845 ], [ 8745814.702604064717889, 1978388.607048521516845 ], [ 8745814.702604064717889, 1978388.905473593622446 ], [ 8745814.403967132791877, 1978388.905473593622446 ], [ 8745814.403967132791877, 1978389.203898665728047 ], [ 8745812.910782473161817, 1978389.203898665728047 ], [ 8745812.910782473161817, 1978389.502323737600818 ], [ 8745810.521687019616365, 1978389.502323737600818 ], [ 8745810.521687019616365, 1978389.203898665728047 ], [ 8745809.924413155764341, 1978389.203898665728047 ], [ 8745809.924413155764341, 1978389.502323737600818 ], [ 8745808.729865428060293, 1978389.502323737600818 ], [ 8745808.729865428060293, 1978389.80074880970642 ], [ 8745807.535317700356245, 1978389.80074880970642 ], [ 8745807.535317700356245, 1978390.099173881812021 ], [ 8745806.042133040726185, 1978390.099173881812021 ], [ 8745806.042133040726185, 1978390.397598953917623 ], [ 8745804.847585314884782, 1978390.397598953917623 ], [ 8745804.847585314884782, 1978390.696024025790393 ], [ 8745803.354400655254722, 1978390.696024025790393 ], [ 8745803.354400655254722, 1978390.994449097895995 ], [ 8745802.159852927550673, 1978390.994449097895995 ], [ 8745802.159852927550673, 1978391.292874170001596 ], [ 8745800.965305199846625, 1978391.292874170001596 ], [ 8745800.965305199846625, 1978391.591299241874367 ], [ 8745799.47212054207921, 1978391.591299241874367 ], [ 8745799.47212054207921, 1978391.889724313979968 ], [ 8745795.589840427041054, 1978391.889724313979968 ], [ 8745795.589840427041054, 1978392.18814938608557 ], [ 8745794.693929633125663, 1978392.18814938608557 ] ] ] } },
{ "type": "Feature", "properties": { "value": 255.0 }, "geometry": { "type": "Polygon", "coordinates": [ [ [ 8745834.711278496310115, 1978396.366100394632667 ], [ 8745834.711278496310115, 1978396.067675322527066 ], [ 8745834.412641564384103, 1978396.067675322527066 ], [ 8745834.412641564384103, 1978395.769250250654295 ], [ 8745834.114004632458091, 1978395.769250250654295 ], [ 8745834.114004632458091, 1978394.873975034337491 ], [ 8745833.815367700532079, 1978394.873975034337491 ], [ 8745833.815367700532079, 1978393.978699818253517 ], [ 8745833.516730768606067, 1978393.978699818253517 ], [ 8745833.516730768606067, 1978393.381849674275145 ], [ 8745833.218093836680055, 1978393.381849674275145 ], [ 8745833.218093836680055, 1978392.18814938608557 ], [ 8745832.919456904754043, 1978392.18814938608557 ], [ 8745832.919456904754043, 1978390.099173881812021 ], [ 8745832.620819972828031, 1978390.099173881812021 ], [ 8745832.620819972828031, 1978388.905473593622446 ], [ 8745832.919456904754043, 1978388.905473593622446 ], [ 8745832.919456904754043, 1978388.010198377538472 ], [ 8745833.516730768606067, 1978388.010198377538472 ], [ 8745833.516730768606067, 1978387.711773305432871 ], [ 8745834.114004632458091, 1978387.711773305432871 ], [ 8745834.114004632458091, 1978387.41334823332727 ], [ 8745835.009915428236127, 1978387.41334823332727 ], [ 8745835.009915428236127, 1978387.114923161454499 ], [ 8745832.620819972828031, 1978387.114923161454499 ], [ 8745832.620819972828031, 1978386.816498089348897 ], [ 8745832.322183042764664, 1978386.816498089348897 ], [ 8745832.322183042764664, 1978386.518073017243296 ], [ 8745831.72490917891264, 1978386.518073017243296 ], [ 8745831.72490917891264, 1978385.921222873264924 ], [ 8745831.426272246986628, 1978385.921222873264924 ], [ 8745831.426272246986628, 1978385.02594765718095 ], [ 8745831.127635315060616, 1978385.02594765718095 ], [ 8745831.127635315060616, 1978383.832247368991375 ], [ 8745830.828998383134604, 1978383.832247368991375 ], [ 8745830.828998383134604, 1978381.444846792612225 ], [ 8745831.127635315060616, 1978381.444846792612225 ], [ 8745831.127635315060616, 1978381.146421720506623 ], [ 8745831.426272246986628, 1978381.146421720506623 ], [ 8745831.426272246986628, 1978380.847996648633853 ], [ 8745832.023546110838652, 1978380.847996648633853 ], [ 8745832.023546110838652, 1978380.549571576528251 ], [ 8745832.322183042764664, 1978380.549571576528251 ], [ 8745832.322183042764664, 1978379.952721432317048 ], [ 8745832.620819972828031, 1978379.952721432317048 ], [ 8745832.620819972828031, 1978379.654296360444278 ], [ 8745834.711278496310115, 1978379.654296360444278 ], [ 8745834.711278496310115, 1978379.952721432317048 ], [ 8745835.607189292088151, 1978379.952721432317048 ], [ 8745835.607189292088151, 1978379.654296360444278 ], [ 8745837.100373951718211, 1978379.654296360444278 ], [ 8745837.100373951718211, 1978379.355871288338676 ], [ 8745837.697647815570235, 1978379.355871288338676 ], [ 8745837.697647815570235, 1978379.057446216233075 ], [ 8745837.996284745633602, 1978379.057446216233075 ], [ 8745837.996284745633602, 1978378.460596072254702 ], [ 8745840.086743269115686, 1978378.460596072254702 ], [ 8745840.086743269115686, 1978378.759021144127473 ], [ 8745840.68401713296771, 1978378.759021144127473 ], [ 8745840.68401713296771, 1978379.057446216233075 ], [ 8745840.982654064893723, 1978379.057446216233075 ], [ 8745840.982654064893723, 1978379.355871288338676 ], [ 8745842.177201792597771, 1978379.355871288338676 ], [ 8745842.177201792597771, 1978379.654296360444278 ], [ 8745843.371749518439174, 1978379.654296360444278 ], [ 8745843.371749518439174, 1978379.355871288338676 ], [ 8745845.462208041921258, 1978379.355871288338676 ], [ 8745845.462208041921258, 1978380.847996648633853 ], [ 8745845.76084497384727, 1978380.847996648633853 ], [ 8745845.76084497384727, 1978382.936972152907401 ], [ 8745846.059481905773282, 1978382.936972152907401 ], [ 8745846.059481905773282, 1978385.324372729053721 ], [ 8745845.462208041921258, 1978385.324372729053721 ], [ 8745845.462208041921258, 1978385.622797801159322 ], [ 8745847.25402963347733, 1978385.622797801159322 ], [ 8745847.25402963347733, 1978385.921222873264924 ], [ 8745847.552666565403342, 1978385.921222873264924 ], [ 8745847.552666565403342, 1978386.219647945370525 ], [ 8745847.851303497329354, 1978386.219647945370525 ], [ 8745847.851303497329354, 1978386.816498089348897 ], [ 8745848.149940429255366, 1978386.816498089348897 ], [ 8745848.149940429255366, 1978388.010198377538472 ], [ 8745848.448577361181378, 1978388.010198377538472 ], [ 8745848.448577361181378, 1978388.905473593622446 ], [ 8745848.747214291244745, 1978388.905473593622446 ], [ 8745848.747214291244745, 1978389.502323737600818 ], [ 8745849.045851223170757, 1978389.502323737600818 ], [ 8745849.045851223170757, 1978390.099173881812021 ], [ 8745849.344488155096769, 1978390.099173881812021 ], [ 8745849.344488155096769, 1978390.696024025790393 ], [ 8745849.643125087022781, 1978390.696024025790393 ], [ 8745849.643125087022781, 1978390.994449097895995 ], [ 8745849.344488155096769, 1978390.994449097895995 ], [ 8745849.344488155096769, 1978391.889724313979968 ], [ 8745849.045851223170757, 1978391.889724313979968 ], [ 8745849.045851223170757, 1978392.18814938608557 ], [ 8745848.448577361181378, 1978392.18814938608557 ], [ 8745848.448577361181378, 1978392.486574458191171 ], [ 8745847.851303497329354, 1978392.486574458191171 ], [ 8745847.851303497329354, 1978392.784999530063942 ], [ 8745846.955392701551318, 1978392.784999530063942 ], [ 8745846.955392701551318, 1978393.083424602169544 ], [ 8745845.76084497384727, 1978393.083424602169544 ], [ 8745845.76084497384727, 1978393.381849674275145 ], [ 8745844.566297246143222, 1978393.381849674275145 ], [ 8745844.566297246143222, 1978393.680274746380746 ], [ 8745843.670386450365186, 1978393.680274746380746 ], [ 8745843.670386450365186, 1978393.978699818253517 ], [ 8745842.774475656449795, 1978393.978699818253517 ], [ 8745842.774475656449795, 1978394.277124890359119 ], [ 8745841.878564860671759, 1978394.277124890359119 ], [ 8745841.878564860671759, 1978394.57554996246472 ], [ 8745840.68401713296771, 1978394.57554996246472 ], [ 8745840.68401713296771, 1978394.873975034337491 ], [ 8745839.788106337189674, 1978394.873975034337491 ], [ 8745839.788106337189674, 1978395.172400106443092 ], [ 8745838.593558609485626, 1978395.172400106443092 ], [ 8745838.593558609485626, 1978395.470825178548694 ], [ 8745837.697647815570235, 1978395.470825178548694 ], [ 8745837.697647815570235, 1978395.769250250654295 ], [ 8745836.801737019792199, 1978395.769250250654295 ], [ 8745836.801737019792199, 1978396.067675322527066 ], [ 8745835.905826224014163, 1978396.067675322527066 ], [ 8745835.905826224014163, 1978396.366100394632667 ], [ 8745834.711278496310115, 1978396.366100394632667 ] ], [ [ 8745843.969023382291198, 1978385.622797801159322 ], [ 8745844.26766031421721, 1978385.622797801159322 ], [ 8745844.26766031421721, 1978385.324372729053721 ], [ 8745843.969023382291198, 1978385.324372729053721 ], [ 8745843.969023382291198, 1978385.622797801159322 ] ] ] } },
{ "type": "Feature", "properties": { "value": 255.0 }, "geometry": { "type": "Polygon", "coordinates": [ [ [ 8745964.91698077134788, 1978390.696024025790393 ], [ 8745964.91698077134788, 1978390.397598953917623 ], [ 8745964.618343839421868, 1978390.397598953917623 ], [ 8745964.618343839421868, 1978389.502323737600818 ], [ 8745964.319706907495856, 1978389.502323737600818 ], [ 8745964.319706907495856, 1978388.308623449644074 ], [ 8745964.021069975569844, 1978388.308623449644074 ], [ 8745964.021069975569844, 1978385.622797801159322 ], [ 8745963.722433043643832, 1978385.622797801159322 ], [ 8745963.722433043643832, 1978382.936972152907401 ], [ 8745963.42379611171782, 1978382.936972152907401 ], [ 8745963.42379611171782, 1978380.25114650442265 ], [ 8745963.125159179791808, 1978380.25114650442265 ], [ 8745963.125159179791808, 1978376.968470711959526 ], [ 8745963.42379611171782, 1978376.968470711959526 ], [ 8745963.42379611171782, 1978376.371620567981154 ], [ 8745963.722433043643832, 1978376.371620567981154 ], [ 8745963.722433043643832, 1978376.073195495875552 ], [ 8745964.021069975569844, 1978376.073195495875552 ], [ 8745964.021069975569844, 1978375.774770423769951 ], [ 8745965.812891567125916, 1978375.774770423769951 ], [ 8745965.812891567125916, 1978375.47634535189718 ], [ 8745967.007439292967319, 1978375.47634535189718 ], [ 8745967.007439292967319, 1978375.774770423769951 ], [ 8745968.50062395259738, 1978375.774770423769951 ], [ 8745968.50062395259738, 1978376.073195495875552 ], [ 8745969.396534748375416, 1978376.073195495875552 ], [ 8745969.396534748375416, 1978376.371620567981154 ], [ 8745969.695171680301428, 1978376.371620567981154 ], [ 8745969.695171680301428, 1978376.670045639853925 ], [ 8745970.292445544153452, 1978376.670045639853925 ], [ 8745970.292445544153452, 1978377.266895784065127 ], [ 8745969.99380861222744, 1978377.266895784065127 ], [ 8745969.99380861222744, 1978377.8637459280435 ], [ 8745969.695171680301428, 1978377.8637459280435 ], [ 8745969.695171680301428, 1978379.654296360444278 ], [ 8745969.396534748375416, 1978379.654296360444278 ], [ 8745969.396534748375416, 1978383.533822296885774 ], [ 8745969.097897816449404, 1978383.533822296885774 ], [ 8745969.097897816449404, 1978384.727522585075349 ], [ 8745968.799260884523392, 1978384.727522585075349 ], [ 8745968.799260884523392, 1978385.324372729053721 ], [ 8745968.50062395259738, 1978385.324372729053721 ], [ 8745968.50062395259738, 1978386.219647945370525 ], [ 8745968.201987020671368, 1978386.219647945370525 ], [ 8745968.201987020671368, 1978386.816498089348897 ], [ 8745967.903350088745356, 1978386.816498089348897 ], [ 8745967.903350088745356, 1978388.010198377538472 ], [ 8745967.604713156819344, 1978388.010198377538472 ], [ 8745967.604713156819344, 1978388.905473593622446 ], [ 8745967.306076224893332, 1978388.905473593622446 ], [ 8745967.306076224893332, 1978389.80074880970642 ], [ 8745967.007439292967319, 1978389.80074880970642 ], [ 8745967.007439292967319, 1978390.099173881812021 ], [ 8745966.708802362903953, 1978390.099173881812021 ], [ 8745966.708802362903953, 1978390.397598953917623 ], [ 8745966.111528499051929, 1978390.397598953917623 ], [ 8745966.111528499051929, 1978390.696024025790393 ], [ 8745964.91698077134788, 1978390.696024025790393 ] ] ] } },
{ "type": "Feature", "properties": { "value": 255.0 }, "geometry": { "type": "Polygon", "coordinates": [ [ [ 8745850.240398950874805, 1978388.905473593622446 ], [ 8745850.240398950874805, 1978388.308623449644074 ], [ 8745849.941762018948793, 1978388.308623449644074 ], [ 8745849.941762018948793, 1978387.41334823332727 ], [ 8745849.643125087022781, 1978387.41334823332727 ], [ 8745849.643125087022781, 1978386.518073017243296 ], [ 8745849.344488155096769, 1978386.518073017243296 ], [ 8745849.344488155096769, 1978385.622797801159322 ], [ 8745849.045851223170757, 1978385.622797801159322 ], [ 8745849.045851223170757, 1978384.130672440864146 ], [ 8745848.747214291244745, 1978384.130672440864146 ], [ 8745848.747214291244745, 1978382.340122008696198 ], [ 8745848.448577361181378, 1978382.340122008696198 ], [ 8745848.448577361181378, 1978380.847996648633853 ], [ 8745848.149940429255366, 1978380.847996648633853 ], [ 8745848.149940429255366, 1978378.162171000149101 ], [ 8745848.448577361181378, 1978378.162171000149101 ], [ 8745848.448577361181378, 1978377.565320856170729 ], [ 8745848.747214291244745, 1978377.565320856170729 ], [ 8745848.747214291244745, 1978376.968470711959526 ], [ 8745849.344488155096769, 1978376.968470711959526 ], [ 8745849.344488155096769, 1978376.670045639853925 ], [ 8745849.941762018948793, 1978376.670045639853925 ], [ 8745849.941762018948793, 1978376.371620567981154 ], [ 8745850.539035882800817, 1978376.371620567981154 ], [ 8745850.539035882800817, 1978376.073195495875552 ], [ 8745850.83767281472683, 1978376.073195495875552 ], [ 8745850.83767281472683, 1978375.774770423769951 ], [ 8745851.136309746652842, 1978375.774770423769951 ], [ 8745851.136309746652842, 1978375.47634535189718 ], [ 8745851.733583610504866, 1978375.47634535189718 ], [ 8745851.733583610504866, 1978375.177920279791579 ], [ 8745852.032220542430878, 1978375.177920279791579 ], [ 8745852.032220542430878, 1978375.47634535189718 ], [ 8745852.928131338208914, 1978375.47634535189718 ], [ 8745852.928131338208914, 1978375.774770423769951 ], [ 8745853.226768270134926, 1978375.774770423769951 ], [ 8745853.226768270134926, 1978376.371620567981154 ], [ 8745853.525405202060938, 1978376.371620567981154 ], [ 8745853.525405202060938, 1978377.266895784065127 ], [ 8745853.82404213398695, 1978377.266895784065127 ], [ 8745853.82404213398695, 1978378.162171000149101 ], [ 8745854.122679064050317, 1978378.162171000149101 ], [ 8745854.122679064050317, 1978379.057446216233075 ], [ 8745854.421315995976329, 1978379.057446216233075 ], [ 8745854.421315995976329, 1978380.847996648633853 ], [ 8745854.719952927902341, 1978380.847996648633853 ], [ 8745854.719952927902341, 1978379.355871288338676 ], [ 8745855.018589859828353, 1978379.355871288338676 ], [ 8745855.018589859828353, 1978378.759021144127473 ], [ 8745855.317226791754365, 1978378.759021144127473 ], [ 8745855.317226791754365, 1978378.460596072254702 ], [ 8745856.213137587532401, 1978378.460596072254702 ], [ 8745856.213137587532401, 1978378.162171000149101 ], [ 8745858.900869974866509, 1978378.162171000149101 ], [ 8745858.900869974866509, 1978377.8637459280435 ], [ 8745861.588602360337973, 1978377.8637459280435 ], [ 8745861.588602360337973, 1978378.162171000149101 ], [ 8745861.887239292263985, 1978378.162171000149101 ], [ 8745861.887239292263985, 1978378.460596072254702 ], [ 8745862.185876224189997, 1978378.460596072254702 ], [ 8745862.185876224189997, 1978379.057446216233075 ], [ 8745862.484513156116009, 1978379.057446216233075 ], [ 8745862.484513156116009, 1978379.952721432317048 ], [ 8745862.783150088042021, 1978379.952721432317048 ], [ 8745862.783150088042021, 1978381.444846792612225 ], [ 8745863.081787019968033, 1978381.444846792612225 ], [ 8745863.081787019968033, 1978383.235397224780172 ], [ 8745863.380423951894045, 1978383.235397224780172 ], [ 8745863.380423951894045, 1978384.429097512969747 ], [ 8745863.679060883820057, 1978384.429097512969747 ], [ 8745863.679060883820057, 1978387.41334823332727 ], [ 8745863.380423951894045, 1978387.41334823332727 ], [ 8745863.380423951894045, 1978387.711773305432871 ], [ 8745863.081787019968033, 1978387.711773305432871 ], [ 8745863.081787019968033, 1978388.010198377538472 ], [ 8745860.095417700707912, 1978388.010198377538472 ], [ 8745860.095417700707912, 1978387.711773305432871 ], [ 8745859.199506906792521, 1978387.711773305432871 ], [ 8745859.199506906792521, 1978387.41334823332727 ], [ 8745858.004959179088473, 1978387.41334823332727 ], [ 8745858.004959179088473, 1978387.114923161454499 ], [ 8745856.213137587532401, 1978387.114923161454499 ], [ 8745856.213137587532401, 1978386.816498089348897 ], [ 8745855.914500655606389, 1978386.816498089348897 ], [ 8745855.914500655606389, 1978386.518073017243296 ], [ 8745855.615863723680377, 1978386.518073017243296 ], [ 8745855.615863723680377, 1978386.219647945370525 ], [ 8745855.317226791754365, 1978386.219647945370525 ], [ 8745855.317226791754365, 1978386.816498089348897 ], [ 8745854.719952927902341, 1978386.816498089348897 ], [ 8745854.719952927902341, 1978387.114923161454499 ], [ 8745853.226768270134926, 1978387.114923161454499 ], [ 8745853.226768270134926, 1978387.41334823332727 ], [ 8745852.629494406282902, 1978387.41334823332727 ], [ 8745852.629494406282902, 1978387.711773305432871 ], [ 8745852.33085747435689, 1978387.711773305432871 ], [ 8745852.33085747435689, 1978388.010198377538472 ], [ 8745852.032220542430878, 1978388.010198377538472 ], [ 8745852.032220542430878, 1978388.607048521516845 ], [ 8745851.434946678578854, 1978388.607048521516845 ], [ 8745851.434946678578854, 1978388.905473593622446 ], [ 8745850.240398950874805, 1978388.905473593622446 ] ], [ [ 8745854.719952927902341, 1978382.041696936590597 ], [ 8745855.018589859828353, 1978382.041696936590597 ], [ 8745855.018589859828353, 1978381.444846792612225 ], [ 8745854.719952927902341, 1978381.444846792612225 ], [ 8745854.719952927902341, 1978382.041696936590597 ] ] ] } },
{ "type": "Feature", "properties": { "value": 255.0 }, "geometry": { "type": "Polygon", "coordinates": [ [ [ 8745749.002479063346982, 1978390.099173881812021 ], [ 8745749.002479063346982, 1978387.114923161454499 ], [ 8745749.599752927199006, 1978387.114923161454499 ], [ 8745749.599752927199006, 1978386.518073017243296 ], [ 8745749.002479063346982, 1978386.518073017243296 ], [ 8745749.002479063346982, 1978385.622797801159322 ], [ 8745749.599752927199006, 1978385.622797801159322 ], [ 8745749.599752927199006, 1978385.324372729053721 ], [ 8745749.898389859125018, 1978385.324372729053721 ], [ 8745749.898389859125018, 1978385.02594765718095 ], [ 8745750.19702679105103, 1978385.02594765718095 ], [ 8745750.19702679105103, 1978384.429097512969747 ], [ 8745750.495663722977042, 1978384.429097512969747 ], [ 8745750.495663722977042, 1978381.444846792612225 ], [ 8745750.19702679105103, 1978381.444846792612225 ], [ 8745750.19702679105103, 1978380.847996648633853 ], [ 8745749.898389859125018, 1978380.847996648633853 ], [ 8745749.898389859125018, 1978380.25114650442265 ], [ 8745749.599752927199006, 1978380.25114650442265 ], [ 8745749.599752927199006, 1978379.952721432317048 ], [ 8745749.002479063346982, 1978379.952721432317048 ], [ 8745749.002479063346982, 1978370.403119127033278 ], [ 8745750.19702679105103, 1978370.403119127033278 ], [ 8745750.19702679105103, 1978370.104694055160508 ], [ 8745751.092937586829066, 1978370.104694055160508 ], [ 8745751.092937586829066, 1978370.70154419913888 ], [ 8745751.391574518755078, 1978370.70154419913888 ], [ 8745751.391574518755078, 1978371.596819415222853 ], [ 8745751.69021145068109, 1978371.596819415222853 ], [ 8745751.69021145068109, 1978373.387369847390801 ], [ 8745751.988848380744457, 1978373.387369847390801 ], [ 8745751.988848380744457, 1978374.282645063707605 ], [ 8745752.287485312670469, 1978374.282645063707605 ], [ 8745752.287485312670469, 1978375.177920279791579 ], [ 8745752.586122244596481, 1978375.177920279791579 ], [ 8745752.586122244596481, 1978376.371620567981154 ], [ 8745752.884759176522493, 1978376.371620567981154 ], [ 8745752.884759176522493, 1978377.266895784065127 ], [ 8745753.183396108448505, 1978377.266895784065127 ], [ 8745753.183396108448505, 1978378.162171000149101 ], [ 8745753.482033040374517, 1978378.162171000149101 ], [ 8745753.482033040374517, 1978381.146421720506623 ], [ 8745753.183396108448505, 1978381.146421720506623 ], [ 8745753.183396108448505, 1978380.847996648633853 ], [ 8745752.884759176522493, 1978380.847996648633853 ], [ 8745752.884759176522493, 1978380.549571576528251 ], [ 8745751.988848380744457, 1978380.549571576528251 ], [ 8745751.988848380744457, 1978380.847996648633853 ], [ 8745751.69021145068109, 1978380.847996648633853 ], [ 8745751.69021145068109, 1978381.444846792612225 ], [ 8745751.391574518755078, 1978381.444846792612225 ], [ 8745751.391574518755078, 1978382.936972152907401 ], [ 8745751.69021145068109, 1978382.936972152907401 ], [ 8745751.69021145068109, 1978384.130672440864146 ], [ 8745751.988848380744457, 1978384.130672440864146 ], [ 8745751.988848380744457, 1978387.114923161454499 ], [ 8745752.287485312670469, 1978387.114923161454499 ], [ 8745752.287485312670469, 1978388.607048521516845 ], [ 8745751.988848380744457, 1978388.607048521516845 ], [ 8745751.988848380744457, 1978388.905473593622446 ], [ 8745751.69021145068109, 1978388.905473593622446 ], [ 8745751.69021145068109, 1978389.203898665728047 ], [ 8745751.391574518755078, 1978389.203898665728047 ], [ 8745751.391574518755078, 1978389.502323737600818 ], [ 8745750.495663722977042, 1978389.502323737600818 ], [ 8745750.495663722977042, 1978389.80074880970642 ], [ 8745749.599752927199006, 1978389.80074880970642 ], [ 8745749.599752927199006, 1978390.099173881812021 ], [ 8745749.002479063346982, 1978390.099173881812021 ] ] ] } },
{ "type": "Feature", "properties": { "value": 255.0 }, "geometry": { "type": "Polygon", "coordinates": [ [ [ 8745987.613387590274215, 1978398.455075898906216 ], [ 8745987.613387590274215, 1978398.156650826800615 ], [ 8745987.314750658348203, 1978398.156650826800615 ], [ 8745987.314750658348203, 1978397.858225754927844 ], [ 8745987.016113726422191, 1978397.858225754927844 ], [ 8745987.016113726422191, 1978396.96295053861104 ], [ 8745986.717476794496179, 1978396.96295053861104 ], [ 8745986.717476794496179, 1978394.873975034337491 ], [ 8745986.418839862570167, 1978394.873975034337491 ], [ 8745986.418839862570167, 1978393.083424602169544 ], [ 8745986.120202930644155, 1978393.083424602169544 ], [ 8745986.120202930644155, 1978392.18814938608557 ], [ 8745985.821565998718143, 1978392.18814938608557 ], [ 8745985.821565998718143, 1978386.816498089348897 ], [ 8745986.717476794496179, 1978386.816498089348897 ], [ 8745986.717476794496179, 1978386.518073017243296 ], [ 8745985.52292906679213, 1978386.518073017243296 ], [ 8745985.52292906679213, 1978385.921222873264924 ], [ 8745985.224292134866118, 1978385.921222873264924 ], [ 8745985.224292134866118, 1978385.02594765718095 ], [ 8745984.925655202940106, 1978385.02594765718095 ], [ 8745984.925655202940106, 1978383.533822296885774 ], [ 8745984.627018271014094, 1978383.533822296885774 ], [ 8745984.627018271014094, 1978381.743271864717826 ], [ 8745984.925655202940106, 1978381.743271864717826 ], [ 8745984.925655202940106, 1978381.146421720506623 ], [ 8745985.224292134866118, 1978381.146421720506623 ], [ 8745985.224292134866118, 1978380.847996648633853 ], [ 8745985.52292906679213, 1978380.847996648633853 ], [ 8745985.52292906679213, 1978380.549571576528251 ], [ 8745985.821565998718143, 1978380.549571576528251 ], [ 8745985.821565998718143, 1978380.25114650442265 ], [ 8745986.418839862570167, 1978380.25114650442265 ], [ 8745986.418839862570167, 1978379.952721432317048 ], [ 8745987.016113726422191, 1978379.952721432317048 ], [ 8745987.016113726422191, 1978379.654296360444278 ], [ 8745987.613387590274215, 1978379.654296360444278 ], [ 8745987.613387590274215, 1978379.355871288338676 ], [ 8745988.210661454126239, 1978379.355871288338676 ], [ 8745988.210661454126239, 1978379.057446216233075 ], [ 8745987.912024522200227, 1978379.057446216233075 ], [ 8745987.912024522200227, 1978378.460596072254702 ], [ 8745987.613387590274215, 1978378.460596072254702 ], [ 8745987.613387590274215, 1978376.670045639853925 ], [ 8745987.314750658348203, 1978376.670045639853925 ], [ 8745987.314750658348203, 1978374.879495207685977 ], [ 8745987.016113726422191, 1978374.879495207685977 ], [ 8745987.016113726422191, 1978371.895244487328455 ], [ 8745987.314750658348203, 1978371.895244487328455 ], [ 8745987.314750658348203, 1978371.298394343117252 ], [ 8745987.613387590274215, 1978371.298394343117252 ], [ 8745987.613387590274215, 1978370.999969271244481 ], [ 8745987.912024522200227, 1978370.999969271244481 ], [ 8745987.912024522200227, 1978370.70154419913888 ], [ 8745988.210661454126239, 1978370.70154419913888 ], [ 8745988.210661454126239, 1978370.403119127033278 ], [ 8745988.807935316115618, 1978370.403119127033278 ], [ 8745988.807935316115618, 1978370.104694055160508 ], [ 8745989.405209179967642, 1978370.104694055160508 ], [ 8745989.405209179967642, 1978369.806268983054906 ], [ 8745990.898393839597702, 1978369.806268983054906 ], [ 8745990.898393839597702, 1978369.507843910949305 ], [ 8745992.391578499227762, 1978369.507843910949305 ], [ 8745992.391578499227762, 1978369.209418838843703 ], [ 8745994.780673952773213, 1978369.209418838843703 ], [ 8745994.780673952773213, 1978369.507843910949305 ], [ 8745995.079310884699225, 1978369.507843910949305 ], [ 8745995.079310884699225, 1978369.806268983054906 ], [ 8745995.377947816625237, 1978369.806268983054906 ], [ 8745995.377947816625237, 1978370.104694055160508 ], [ 8745995.67658474855125, 1978370.104694055160508 ], [ 8745995.67658474855125, 1978370.403119127033278 ], [ 8745995.975221680477262, 1978370.403119127033278 ], [ 8745995.975221680477262, 1978371.298394343117252 ], [ 8745996.273858612403274, 1978371.298394343117252 ], [ 8745996.273858612403274, 1978372.492094631306827 ], [ 8745996.572495544329286, 1978372.492094631306827 ], [ 8745996.572495544329286, 1978373.387369847390801 ], [ 8745996.871132476255298, 1978373.387369847390801 ], [ 8745996.871132476255298, 1978373.984219991602004 ], [ 8745997.16976940818131, 1978373.984219991602004 ], [ 8745997.16976940818131, 1978374.879495207685977 ], [ 8745997.468406340107322, 1978374.879495207685977 ], [ 8745997.468406340107322, 1978376.073195495875552 ], [ 8745997.767043272033334, 1978376.073195495875552 ], [ 8745997.767043272033334, 1978378.162171000149101 ], [ 8745997.16976940818131, 1978378.162171000149101 ], [ 8745997.16976940818131, 1978378.460596072254702 ], [ 8745995.975221680477262, 1978378.460596072254702 ], [ 8745995.975221680477262, 1978378.759021144127473 ], [ 8745995.079310884699225, 1978378.759021144127473 ], [ 8745995.079310884699225, 1978379.057446216233075 ], [ 8745995.377947816625237, 1978379.057446216233075 ], [ 8745995.377947816625237, 1978379.654296360444278 ], [ 8745995.67658474855125, 1978379.654296360444278 ], [ 8745995.67658474855125, 1978380.549571576528251 ], [ 8745995.975221680477262, 1978380.549571576528251 ], [ 8745995.975221680477262, 1978381.444846792612225 ], [ 8745996.273858612403274, 1978381.444846792612225 ], [ 8745996.273858612403274, 1978382.936972152907401 ], [ 8745996.572495544329286, 1978382.936972152907401 ], [ 8745996.572495544329286, 1978384.429097512969747 ], [ 8745996.273858612403274, 1978384.429097512969747 ], [ 8745996.273858612403274, 1978384.727522585075349 ], [ 8745995.975221680477262, 1978384.727522585075349 ], [ 8745995.975221680477262, 1978385.02594765718095 ], [ 8745995.377947816625237, 1978385.02594765718095 ], [ 8745995.377947816625237, 1978385.324372729053721 ], [ 8745995.975221680477262, 1978385.324372729053721 ], [ 8745995.975221680477262, 1978385.622797801159322 ], [ 8745996.572495544329286, 1978385.622797801159322 ], [ 8745996.572495544329286, 1978385.921222873264924 ], [ 8745996.871132476255298, 1978385.921222873264924 ], [ 8745996.871132476255298, 1978386.816498089348897 ], [ 8745997.16976940818131, 1978386.816498089348897 ], [ 8745997.16976940818131, 1978388.010198377538472 ], [ 8745997.468406340107322, 1978388.010198377538472 ], [ 8745997.468406340107322, 1978388.607048521516845 ], [ 8745997.767043272033334, 1978388.607048521516845 ], [ 8745997.767043272033334, 1978389.502323737600818 ], [ 8745998.065680203959346, 1978389.502323737600818 ], [ 8745998.065680203959346, 1978392.784999530063942 ], [ 8745998.364317135885358, 1978392.784999530063942 ], [ 8745998.364317135885358, 1978393.978699818253517 ], [ 8745998.065680203959346, 1978393.978699818253517 ], [ 8745998.065680203959346, 1978394.57554996246472 ], [ 8745997.468406340107322, 1978394.57554996246472 ], [ 8745997.468406340107322, 1978394.873975034337491 ], [ 8745997.16976940818131, 1978394.873975034337491 ], [ 8745997.16976940818131, 1978395.172400106443092 ], [ 8745996.572495544329286, 1978395.172400106443092 ], [ 8745996.572495544329286, 1978395.470825178548694 ], [ 8745995.975221680477262, 1978395.470825178548694 ], [ 8745995.975221680477262, 1978395.769250250654295 ], [ 8745995.67658474855125, 1978395.769250250654295 ], [ 8745995.67658474855125, 1978396.067675322527066 ], [ 8745995.079310884699225, 1978396.067675322527066 ], [ 8745995.079310884699225, 1978396.366100394632667 ], [ 8745994.780673952773213, 1978396.366100394632667 ], [ 8745994.780673952773213, 1978396.664525466738269 ], [ 8745994.482037020847201, 1978396.664525466738269 ], [ 8745994.482037020847201, 1978396.96295053861104 ], [ 8745993.884763156995177, 1978396.96295053861104 ], [ 8745993.884763156995177, 1978397.261375610716641 ], [ 8745992.690215431153774, 1978397.261375610716641 ], [ 8745992.690215431153774, 1978397.559800682822242 ], [ 8745991.495667703449726, 1978397.559800682822242 ], [ 8745991.495667703449726, 1978397.858225754927844 ], [ 8745990.301119975745678, 1978397.858225754927844 ], [ 8745990.301119975745678, 1978398.156650826800615 ], [ 8745988.807935316115618, 1978398.156650826800615 ], [ 8745988.807935316115618, 1978398.455075898906216 ], [ 8745987.613387590274215, 1978398.455075898906216 ] ], [ [ 8745987.912024522200227, 1978386.518073017243296 ], [ 8745988.509298384189606, 1978386.518073017243296 ], [ 8745988.509298384189606, 1978386.219647945370525 ], [ 8745987.912024522200227, 1978386.219647945370525 ], [ 8745987.912024522200227, 1978386.518073017243296 ] ], [ [ 8745989.703846111893654, 1978386.219647945370525 ], [ 8745990.002483043819666, 1978386.219647945370525 ], [ 8745990.002483043819666, 1978385.921222873264924 ], [ 8745989.703846111893654, 1978385.921222873264924 ], [ 8745989.703846111893654, 1978386.219647945370525 ] ], [ [ 8745991.197030771523714, 1978385.921222873264924 ], [ 8745992.09294156730175, 1978385.921222873264924 ], [ 8745992.09294156730175, 1978385.622797801159322 ], [ 8745991.197030771523714, 1978385.622797801159322 ], [ 8745991.197030771523714, 1978385.921222873264924 ] ], [ [ 8745993.884763156995177, 1978385.622797801159322 ], [ 8745994.482037020847201, 1978385.622797801159322 ], [ 8745994.482037020847201, 1978385.324372729053721 ], [ 8745993.884763156995177, 1978385.324372729053721 ], [ 8745993.884763156995177, 1978385.622797801159322 ] ], [ [ 8745994.183400088921189, 1978378.759021144127473 ], [ 8745995.079310884699225, 1978378.759021144127473 ], [ 8745995.079310884699225, 1978378.460596072254702 ], [ 8745994.183400088921189, 1978378.460596072254702 ], [ 8745994.183400088921189, 1978378.759021144127473 ] ] ] } },
{ "type": "Feature", "properties": { "value": 255.0 }, "geometry": { "type": "Polygon", "coordinates": [ [ [ 8745907.877326792106032, 1978381.444846792612225 ], [ 8745907.877326792106032, 1978381.146421720506623 ], [ 8745907.280052930116653, 1978381.146421720506623 ], [ 8745907.280052930116653, 1978380.847996648633853 ], [ 8745906.682779066264629, 1978380.847996648633853 ], [ 8745906.682779066264629, 1978380.549571576528251 ], [ 8745906.384142134338617, 1978380.549571576528251 ], [ 8745906.384142134338617, 1978380.25114650442265 ], [ 8745906.085505202412605, 1978380.25114650442265 ], [ 8745906.085505202412605, 1978379.952721432317048 ], [ 8745905.786868270486593, 1978379.952721432317048 ], [ 8745905.786868270486593, 1978379.654296360444278 ], [ 8745905.488231338560581, 1978379.654296360444278 ], [ 8745905.488231338560581, 1978379.355871288338676 ], [ 8745905.189594406634569, 1978379.355871288338676 ], [ 8745905.189594406634569, 1978379.057446216233075 ], [ 8745904.890957474708557, 1978379.057446216233075 ], [ 8745904.890957474708557, 1978378.759021144127473 ], [ 8745904.592320542782545, 1978378.759021144127473 ], [ 8745904.592320542782545, 1978378.460596072254702 ], [ 8745904.293683610856533, 1978378.460596072254702 ], [ 8745904.293683610856533, 1978378.162171000149101 ], [ 8745903.995046678930521, 1978378.162171000149101 ], [ 8745903.995046678930521, 1978377.8637459280435 ], [ 8745903.696409747004509, 1978377.8637459280435 ], [ 8745903.696409747004509, 1978377.565320856170729 ], [ 8745903.397772815078497, 1978377.565320856170729 ], [ 8745903.397772815078497, 1978376.968470711959526 ], [ 8745903.099135883152485, 1978376.968470711959526 ], [ 8745903.099135883152485, 1978376.371620567981154 ], [ 8745902.800498951226473, 1978376.371620567981154 ], [ 8745902.800498951226473, 1978375.774770423769951 ], [ 8745902.501862019300461, 1978375.774770423769951 ], [ 8745902.501862019300461, 1978375.47634535189718 ], [ 8745902.203225089237094, 1978375.47634535189718 ], [ 8745902.203225089237094, 1978375.177920279791579 ], [ 8745901.904588157311082, 1978375.177920279791579 ], [ 8745901.904588157311082, 1978374.879495207685977 ], [ 8745901.60595122538507, 1978374.879495207685977 ], [ 8745901.60595122538507, 1978374.581070135580376 ], [ 8745901.008677361533046, 1978374.581070135580376 ], [ 8745901.008677361533046, 1978374.282645063707605 ], [ 8745900.710040429607034, 1978374.282645063707605 ], [ 8745900.710040429607034, 1978373.387369847390801 ], [ 8745900.411403497681022, 1978373.387369847390801 ], [ 8745900.411403497681022, 1978372.492094631306827 ], [ 8745900.710040429607034, 1978372.492094631306827 ], [ 8745900.710040429607034, 1978370.999969271244481 ], [ 8745901.008677361533046, 1978370.999969271244481 ], [ 8745901.008677361533046, 1978370.104694055160508 ], [ 8745901.307314293459058, 1978370.104694055160508 ], [ 8745901.307314293459058, 1978369.507843910949305 ], [ 8745901.60595122538507, 1978369.507843910949305 ], [ 8745901.60595122538507, 1978369.209418838843703 ], [ 8745901.904588157311082, 1978369.209418838843703 ], [ 8745901.904588157311082, 1978368.910993766970932 ], [ 8745902.203225089237094, 1978368.910993766970932 ], [ 8745902.203225089237094, 1978368.612568694865331 ], [ 8745903.696409747004509, 1978368.612568694865331 ], [ 8745903.696409747004509, 1978368.910993766970932 ], [ 8745906.085505202412605, 1978368.910993766970932 ], [ 8745906.085505202412605, 1978369.209418838843703 ], [ 8745908.773237587884068, 1978369.209418838843703 ], [ 8745908.773237587884068, 1978369.507843910949305 ], [ 8745909.669148383662105, 1978369.507843910949305 ], [ 8745909.669148383662105, 1978369.806268983054906 ], [ 8745910.266422247514129, 1978369.806268983054906 ], [ 8745910.266422247514129, 1978370.104694055160508 ], [ 8745910.863696111366153, 1978370.104694055160508 ], [ 8745910.863696111366153, 1978370.403119127033278 ], [ 8745911.162333043292165, 1978370.403119127033278 ], [ 8745911.162333043292165, 1978370.70154419913888 ], [ 8745911.460969975218177, 1978370.70154419913888 ], [ 8745911.460969975218177, 1978371.298394343117252 ], [ 8745911.759606907144189, 1978371.298394343117252 ], [ 8745911.759606907144189, 1978371.596819415222853 ], [ 8745912.058243839070201, 1978371.596819415222853 ], [ 8745912.058243839070201, 1978371.895244487328455 ], [ 8745912.356880770996213, 1978371.895244487328455 ], [ 8745912.356880770996213, 1978373.08894477551803 ], [ 8745912.655517702922225, 1978373.08894477551803 ], [ 8745912.655517702922225, 1978373.984219991602004 ], [ 8745912.954154634848237, 1978373.984219991602004 ], [ 8745912.954154634848237, 1978374.581070135580376 ], [ 8745913.252791564911604, 1978374.581070135580376 ], [ 8745913.252791564911604, 1978375.177920279791579 ], [ 8745913.551428496837616, 1978375.177920279791579 ], [ 8745913.551428496837616, 1978379.654296360444278 ], [ 8745912.954154634848237, 1978379.654296360444278 ], [ 8745912.954154634848237, 1978379.952721432317048 ], [ 8745912.655517702922225, 1978379.952721432317048 ], [ 8745912.655517702922225, 1978380.25114650442265 ], [ 8745912.058243839070201, 1978380.25114650442265 ], [ 8745912.058243839070201, 1978380.549571576528251 ], [ 8745911.460969975218177, 1978380.549571576528251 ], [ 8745911.460969975218177, 1978380.847996648633853 ], [ 8745910.266422247514129, 1978380.847996648633853 ], [ 8745910.266422247514129, 1978381.146421720506623 ], [ 8745909.071874519810081, 1978381.146421720506623 ], [ 8745909.071874519810081, 1978381.444846792612225 ], [ 8745907.877326792106032, 1978381.444846792612225 ] ] ] } },
{ "type": "Feature", "properties": { "value": 255.0 }, "geometry": { "type": "Polygon", "coordinates": [ [ [ 8745793.798018837347627, 1978378.162171000149101 ], [ 8745793.798018837347627, 1978377.8637459280435 ], [ 8745792.304834177717566, 1978377.8637459280435 ], [ 8745792.304834177717566, 1978377.565320856170729 ], [ 8745791.40892338193953, 1978377.565320856170729 ], [ 8745791.40892338193953, 1978376.670045639853925 ], [ 8745791.110286450013518, 1978376.670045639853925 ], [ 8745791.110286450013518, 1978375.177920279791579 ], [ 8745790.811649518087506, 1978375.177920279791579 ], [ 8745790.811649518087506, 1978371.895244487328455 ], [ 8745791.110286450013518, 1978371.895244487328455 ], [ 8745791.110286450013518, 1978371.596819415222853 ], [ 8745791.40892338193953, 1978371.596819415222853 ], [ 8745791.40892338193953, 1978371.298394343117252 ], [ 8745791.707560313865542, 1978371.298394343117252 ], [ 8745791.707560313865542, 1978370.70154419913888 ], [ 8745792.006197245791554, 1978370.70154419913888 ], [ 8745792.006197245791554, 1978370.104694055160508 ], [ 8745792.304834177717566, 1978370.104694055160508 ], [ 8745792.304834177717566, 1978369.806268983054906 ], [ 8745792.603471109643579, 1978369.806268983054906 ], [ 8745792.603471109643579, 1978369.507843910949305 ], [ 8745793.499381905421615, 1978369.507843910949305 ], [ 8745793.499381905421615, 1978369.209418838843703 ], [ 8745794.693929633125663, 1978369.209418838843703 ], [ 8745794.693929633125663, 1978368.910993766970932 ], [ 8745795.589840427041054, 1978368.910993766970932 ], [ 8745795.589840427041054, 1978368.612568694865331 ], [ 8745796.784388154745102, 1978368.612568694865331 ], [ 8745796.784388154745102, 1978368.31414362275973 ], [ 8745798.277572814375162, 1978368.31414362275973 ], [ 8745798.277572814375162, 1978368.015718550654128 ], [ 8745800.965305199846625, 1978368.015718550654128 ], [ 8745800.965305199846625, 1978368.612568694865331 ], [ 8745801.263942131772637, 1978368.612568694865331 ], [ 8745801.263942131772637, 1978370.403119127033278 ], [ 8745801.562579063698649, 1978370.403119127033278 ], [ 8745801.562579063698649, 1978371.895244487328455 ], [ 8745801.861215995624661, 1978371.895244487328455 ], [ 8745801.861215995624661, 1978373.08894477551803 ], [ 8745802.159852927550673, 1978373.08894477551803 ], [ 8745802.159852927550673, 1978376.371620567981154 ], [ 8745801.861215995624661, 1978376.371620567981154 ], [ 8745801.861215995624661, 1978376.670045639853925 ], [ 8745800.965305199846625, 1978376.670045639853925 ], [ 8745800.965305199846625, 1978376.968470711959526 ], [ 8745800.069394405931234, 1978376.968470711959526 ], [ 8745800.069394405931234, 1978377.266895784065127 ], [ 8745798.576209746301174, 1978377.266895784065127 ], [ 8745798.576209746301174, 1978377.565320856170729 ], [ 8745797.083025086671114, 1978377.565320856170729 ], [ 8745797.083025086671114, 1978377.8637459280435 ], [ 8745796.187114290893078, 1978377.8637459280435 ], [ 8745796.187114290893078, 1978378.162171000149101 ], [ 8745793.798018837347627, 1978378.162171000149101 ] ] ] } },
{ "type": "Feature", "properties": { "value": 255.0 }, "geometry": { "type": "Polygon", "coordinates": [ [ [ 8745999.857501793652773, 1978379.355871288338676 ], [ 8745999.857501793652773, 1978379.057446216233075 ], [ 8745998.961590999737382, 1978379.057446216233075 ], [ 8745998.961590999737382, 1978378.759021144127473 ], [ 8745998.66295406781137, 1978378.759021144127473 ], [ 8745998.66295406781137, 1978378.162171000149101 ], [ 8745998.364317135885358, 1978378.162171000149101 ], [ 8745998.364317135885358, 1978377.266895784065127 ], [ 8745998.065680203959346, 1978377.266895784065127 ], [ 8745998.065680203959346, 1978375.177920279791579 ], [ 8745997.767043272033334, 1978375.177920279791579 ], [ 8745997.767043272033334, 1978373.984219991602004 ], [ 8745997.468406340107322, 1978373.984219991602004 ], [ 8745997.468406340107322, 1978372.492094631306827 ], [ 8745997.16976940818131, 1978372.492094631306827 ], [ 8745997.16976940818131, 1978370.70154419913888 ], [ 8745996.871132476255298, 1978370.70154419913888 ], [ 8745996.871132476255298, 1978368.910993766970932 ], [ 8745997.16976940818131, 1978368.910993766970932 ], [ 8745997.16976940818131, 1978368.31414362275973 ], [ 8745997.468406340107322, 1978368.31414362275973 ], [ 8745997.468406340107322, 1978368.015718550654128 ], [ 8745997.767043272033334, 1978368.015718550654128 ], [ 8745997.767043272033334, 1978367.717293478781357 ], [ 8745998.364317135885358, 1978367.717293478781357 ], [ 8745998.364317135885358, 1978367.418868406675756 ], [ 8745999.558864861726761, 1978367.418868406675756 ], [ 8745999.558864861726761, 1978367.120443334570155 ], [ 8746002.246597249060869, 1978367.120443334570155 ], [ 8746002.246597249060869, 1978366.822018262697384 ], [ 8746003.739781908690929, 1978366.822018262697384 ], [ 8746003.739781908690929, 1978367.120443334570155 ], [ 8746006.427514294162393, 1978367.120443334570155 ], [ 8746006.427514294162393, 1978367.418868406675756 ], [ 8746006.726151226088405, 1978367.418868406675756 ], [ 8746006.726151226088405, 1978367.717293478781357 ], [ 8746007.024788158014417, 1978367.717293478781357 ], [ 8746007.024788158014417, 1978368.015718550654128 ], [ 8746007.323425089940429, 1978368.015718550654128 ], [ 8746007.323425089940429, 1978369.209418838843703 ], [ 8746007.622062021866441, 1978369.209418838843703 ], [ 8746007.622062021866441, 1978369.806268983054906 ], [ 8746007.920698953792453, 1978369.806268983054906 ], [ 8746007.920698953792453, 1978370.403119127033278 ], [ 8746008.219335885718465, 1978370.403119127033278 ], [ 8746008.219335885718465, 1978374.879495207685977 ], [ 8746008.517972817644477, 1978374.879495207685977 ], [ 8746008.517972817644477, 1978375.177920279791579 ], [ 8746008.816609749570489, 1978375.177920279791579 ], [ 8746008.816609749570489, 1978376.073195495875552 ], [ 8746008.517972817644477, 1978376.073195495875552 ], [ 8746008.517972817644477, 1978376.968470711959526 ], [ 8746008.219335885718465, 1978376.968470711959526 ], [ 8746008.219335885718465, 1978377.565320856170729 ], [ 8746007.920698953792453, 1978377.565320856170729 ], [ 8746007.920698953792453, 1978377.8637459280435 ], [ 8746007.323425089940429, 1978377.8637459280435 ], [ 8746007.323425089940429, 1978378.162171000149101 ], [ 8746006.427514294162393, 1978378.162171000149101 ], [ 8746006.427514294162393, 1978378.460596072254702 ], [ 8746005.232966566458344, 1978378.460596072254702 ], [ 8746005.232966566458344, 1978378.759021144127473 ], [ 8746003.441144976764917, 1978378.759021144127473 ], [ 8746003.441144976764917, 1978379.057446216233075 ], [ 8746001.350686453282833, 1978379.057446216233075 ], [ 8746001.350686453282833, 1978379.355871288338676 ], [ 8745999.857501793652773, 1978379.355871288338676 ] ] ] } },
{ "type": "Feature", "properties": { "value": 255.0 }, "geometry": { "type": "Polygon", "coordinates": [ [ [ 8745933.261465998366475, 1978378.460596072254702 ], [ 8745933.261465998366475, 1978378.162171000149101 ], [ 8745932.365555202588439, 1978378.162171000149101 ], [ 8745932.365555202588439, 1978377.8637459280435 ], [ 8745931.768281338736415, 1978377.8637459280435 ], [ 8745931.768281338736415, 1978377.565320856170729 ], [ 8745931.469644406810403, 1978377.565320856170729 ], [ 8745931.469644406810403, 1978376.073195495875552 ], [ 8745931.171007474884391, 1978376.073195495875552 ], [ 8745931.171007474884391, 1978373.08894477551803 ], [ 8745930.872370542958379, 1978373.08894477551803 ], [ 8745930.872370542958379, 1978370.70154419913888 ], [ 8745930.573733611032367, 1978370.70154419913888 ], [ 8745930.573733611032367, 1978368.910993766970932 ], [ 8745930.872370542958379, 1978368.910993766970932 ], [ 8745930.872370542958379, 1978368.31414362275973 ], [ 8745931.171007474884391, 1978368.31414362275973 ], [ 8745931.171007474884391, 1978367.717293478781357 ], [ 8745931.469644406810403, 1978367.717293478781357 ], [ 8745931.469644406810403, 1978367.418868406675756 ], [ 8745931.768281338736415, 1978367.418868406675756 ], [ 8745931.768281338736415, 1978367.120443334570155 ], [ 8745932.066918270662427, 1978367.120443334570155 ], [ 8745932.066918270662427, 1978366.822018262697384 ], [ 8745932.664192134514451, 1978366.822018262697384 ], [ 8745932.664192134514451, 1978366.523593190591782 ], [ 8745933.560102930292487, 1978366.523593190591782 ], [ 8745933.560102930292487, 1978366.225168118486181 ], [ 8745937.741019975394011, 1978366.225168118486181 ], [ 8745937.741019975394011, 1978366.523593190591782 ], [ 8745938.338293839246035, 1978366.523593190591782 ], [ 8745938.338293839246035, 1978367.120443334570155 ], [ 8745938.636930771172047, 1978367.120443334570155 ], [ 8745938.636930771172047, 1978367.418868406675756 ], [ 8745938.935567703098059, 1978367.418868406675756 ], [ 8745938.935567703098059, 1978368.31414362275973 ], [ 8745939.234204635024071, 1978368.31414362275973 ], [ 8745939.234204635024071, 1978369.209418838843703 ], [ 8745939.532841566950083, 1978369.209418838843703 ], [ 8745939.532841566950083, 1978369.507843910949305 ], [ 8745939.234204635024071, 1978369.507843910949305 ], [ 8745939.234204635024071, 1978370.999969271244481 ], [ 8745938.935567703098059, 1978370.999969271244481 ], [ 8745938.935567703098059, 1978373.08894477551803 ], [ 8745939.234204635024071, 1978373.08894477551803 ], [ 8745939.234204635024071, 1978376.968470711959526 ], [ 8745938.935567703098059, 1978376.968470711959526 ], [ 8745938.935567703098059, 1978377.266895784065127 ], [ 8745938.338293839246035, 1978377.266895784065127 ], [ 8745938.338293839246035, 1978377.565320856170729 ], [ 8745937.741019975394011, 1978377.565320856170729 ], [ 8745937.741019975394011, 1978377.8637459280435 ], [ 8745936.546472247689962, 1978377.8637459280435 ], [ 8745936.546472247689962, 1978378.162171000149101 ], [ 8745935.053287588059902, 1978378.162171000149101 ], [ 8745935.053287588059902, 1978378.460596072254702 ], [ 8745933.261465998366475, 1978378.460596072254702 ] ] ] } },
{ "type": "Feature", "properties": { "value": 255.0 }, "geometry": { "type": "Polygon", "coordinates": [ [ [ 8745962.826522247865796, 1978373.984219991602004 ], [ 8745962.826522247865796, 1978373.685794919496402 ], [ 8745962.527885315939784, 1978373.685794919496402 ], [ 8745962.527885315939784, 1978373.08894477551803 ], [ 8745962.229248384013772, 1978373.08894477551803 ], [ 8745962.229248384013772, 1978370.104694055160508 ], [ 8745962.527885315939784, 1978370.104694055160508 ], [ 8745962.527885315939784, 1978368.910993766970932 ], [ 8745962.826522247865796, 1978368.910993766970932 ], [ 8745962.826522247865796, 1978368.31414362275973 ], [ 8745963.125159179791808, 1978368.31414362275973 ], [ 8745963.125159179791808, 1978367.717293478781357 ], [ 8745963.42379611171782, 1978367.717293478781357 ], [ 8745963.42379611171782, 1978367.418868406675756 ], [ 8745963.722433043643832, 1978367.418868406675756 ], [ 8745963.722433043643832, 1978367.120443334570155 ], [ 8745964.021069975569844, 1978367.120443334570155 ], [ 8745964.021069975569844, 1978366.822018262697384 ], [ 8745964.618343839421868, 1978366.822018262697384 ], [ 8745964.618343839421868, 1978366.523593190591782 ], [ 8745965.514254635199904, 1978366.523593190591782 ], [ 8745965.514254635199904, 1978366.225168118486181 ], [ 8745966.111528499051929, 1978366.225168118486181 ], [ 8745966.111528499051929, 1978365.926743046380579 ], [ 8745966.708802362903953, 1978365.926743046380579 ], [ 8745966.708802362903953, 1978365.628317974507809 ], [ 8745967.604713156819344, 1978365.628317974507809 ], [ 8745967.604713156819344, 1978365.329892902402207 ], [ 8745969.695171680301428, 1978365.329892902402207 ], [ 8745969.695171680301428, 1978365.628317974507809 ], [ 8745971.4869932718575, 1978365.628317974507809 ], [ 8745971.4869932718575, 1978365.926743046380579 ], [ 8745971.785630203783512, 1978365.926743046380579 ], [ 8745971.785630203783512, 1978366.225168118486181 ], [ 8745972.382904065772891, 1978366.225168118486181 ], [ 8745972.382904065772891, 1978366.523593190591782 ], [ 8745972.681540997698903, 1978366.523593190591782 ], [ 8745972.681540997698903, 1978367.120443334570155 ], [ 8745972.980177929624915, 1978367.120443334570155 ], [ 8745972.980177929624915, 1978367.717293478781357 ], [ 8745973.278814861550927, 1978367.717293478781357 ], [ 8745973.278814861550927, 1978371.895244487328455 ], [ 8745972.980177929624915, 1978371.895244487328455 ], [ 8745972.980177929624915, 1978372.492094631306827 ], [ 8745972.681540997698903, 1978372.492094631306827 ], [ 8745972.681540997698903, 1978372.790519703412428 ], [ 8745971.785630203783512, 1978372.790519703412428 ], [ 8745971.785630203783512, 1978373.08894477551803 ], [ 8745970.292445544153452, 1978373.08894477551803 ], [ 8745970.292445544153452, 1978373.387369847390801 ], [ 8745968.50062395259738, 1978373.387369847390801 ], [ 8745968.50062395259738, 1978373.685794919496402 ], [ 8745966.410165430977941, 1978373.685794919496402 ], [ 8745966.410165430977941, 1978373.984219991602004 ], [ 8745962.826522247865796, 1978373.984219991602004 ] ] ] } },
{ "type": "Feature", "properties": { "value": 255.0 }, "geometry": { "type": "Polygon", "coordinates": [ [ [ 8746021.060723952949047, 1978387.41334823332727 ], [ 8746021.060723952949047, 1978387.114923161454499 ], [ 8746020.762087021023035, 1978387.114923161454499 ], [ 8746020.762087021023035, 1978386.816498089348897 ], [ 8746020.463450090959668, 1978386.816498089348897 ], [ 8746020.463450090959668, 1978386.219647945370525 ], [ 8746020.164813159033656, 1978386.219647945370525 ], [ 8746020.164813159033656, 1978385.622797801159322 ], [ 8746019.866176227107644, 1978385.622797801159322 ], [ 8746019.866176227107644, 1978384.130672440864146 ], [ 8746019.26890236325562, 1978384.130672440864146 ], [ 8746019.26890236325562, 1978384.429097512969747 ], [ 8746018.970265431329608, 1978384.429097512969747 ], [ 8746018.970265431329608, 1978384.727522585075349 ], [ 8746017.77571770362556, 1978384.727522585075349 ], [ 8746017.77571770362556, 1978385.02594765718095 ], [ 8746016.2825330439955, 1978385.02594765718095 ], [ 8746016.2825330439955, 1978384.727522585075349 ], [ 8746015.685259180143476, 1978384.727522585075349 ], [ 8746015.685259180143476, 1978384.429097512969747 ], [ 8746015.386622248217463, 1978384.429097512969747 ], [ 8746015.386622248217463, 1978383.832247368991375 ], [ 8746015.087985318154097, 1978383.832247368991375 ], [ 8746015.087985318154097, 1978382.340122008696198 ], [ 8746015.386622248217463, 1978382.340122008696198 ], [ 8746015.386622248217463, 1978381.743271864717826 ], [ 8746015.983896112069488, 1978381.743271864717826 ], [ 8746015.983896112069488, 1978381.444846792612225 ], [ 8746013.594800658524036, 1978381.444846792612225 ], [ 8746013.594800658524036, 1978381.146421720506623 ], [ 8746013.296163726598024, 1978381.146421720506623 ], [ 8746013.296163726598024, 1978380.847996648633853 ], [ 8746012.997526794672012, 1978380.847996648633853 ], [ 8746012.997526794672012, 1978380.25114650442265 ], [ 8746012.698889862746, 1978380.25114650442265 ], [ 8746012.698889862746, 1978379.057446216233075 ], [ 8746012.400252930819988, 1978379.057446216233075 ], [ 8746012.400252930819988, 1978377.8637459280435 ], [ 8746012.101615998893976, 1978377.8637459280435 ], [ 8746012.101615998893976, 1978376.670045639853925 ], [ 8746011.802979066967964, 1978376.670045639853925 ], [ 8746011.802979066967964, 1978374.879495207685977 ], [ 8746011.504342135041952, 1978374.879495207685977 ], [ 8746011.504342135041952, 1978372.492094631306827 ], [ 8746011.802979066967964, 1978372.492094631306827 ], [ 8746011.802979066967964, 1978372.193669559434056 ], [ 8746011.504342135041952, 1978372.193669559434056 ], [ 8746011.504342135041952, 1978371.895244487328455 ], [ 8746011.20570520311594, 1978371.895244487328455 ], [ 8746011.20570520311594, 1978371.596819415222853 ], [ 8746010.907068271189928, 1978371.596819415222853 ], [ 8746010.907068271189928, 1978370.999969271244481 ], [ 8746010.608431339263916, 1978370.999969271244481 ], [ 8746010.608431339263916, 1978370.104694055160508 ], [ 8746010.309794407337904, 1978370.104694055160508 ], [ 8746010.309794407337904, 1978368.612568694865331 ], [ 8746010.011157475411892, 1978368.612568694865331 ], [ 8746010.011157475411892, 1978367.120443334570155 ], [ 8746009.712520545348525, 1978367.120443334570155 ], [ 8746009.712520545348525, 1978366.523593190591782 ], [ 8746010.011157475411892, 1978366.523593190591782 ], [ 8746010.011157475411892, 1978365.926743046380579 ], [ 8746010.309794407337904, 1978365.926743046380579 ], [ 8746010.309794407337904, 1978365.628317974507809 ], [ 8746010.608431339263916, 1978365.628317974507809 ], [ 8746010.608431339263916, 1978365.329892902402207 ], [ 8746010.907068271189928, 1978365.329892902402207 ], [ 8746010.907068271189928, 1978365.031467830296606 ], [ 8746011.20570520311594, 1978365.031467830296606 ], [ 8746011.20570520311594, 1978364.733042758423835 ], [ 8746012.101615998893976, 1978364.733042758423835 ], [ 8746012.101615998893976, 1978364.434617686318234 ], [ 8746012.997526794672012, 1978364.434617686318234 ], [ 8746012.997526794672012, 1978364.136192614212632 ], [ 8746014.789348386228085, 1978364.136192614212632 ], [ 8746014.789348386228085, 1978363.837767542107031 ], [ 8746015.983896112069488, 1978363.837767542107031 ], [ 8746015.983896112069488, 1978365.329892902402207 ], [ 8746015.685259180143476, 1978365.329892902402207 ], [ 8746015.685259180143476, 1978368.612568694865331 ], [ 8746015.983896112069488, 1978368.612568694865331 ], [ 8746015.983896112069488, 1978370.70154419913888 ], [ 8746017.77571770362556, 1978370.70154419913888 ], [ 8746017.77571770362556, 1978370.403119127033278 ], [ 8746018.671628499403596, 1978370.403119127033278 ], [ 8746018.671628499403596, 1978370.104694055160508 ], [ 8746019.866176227107644, 1978370.104694055160508 ], [ 8746019.866176227107644, 1978369.806268983054906 ], [ 8746021.359360884875059, 1978369.806268983054906 ], [ 8746021.359360884875059, 1978370.104694055160508 ], [ 8746021.956634748727083, 1978370.104694055160508 ], [ 8746021.956634748727083, 1978370.403119127033278 ], [ 8746022.553908612579107, 1978370.403119127033278 ], [ 8746022.553908612579107, 1978370.70154419913888 ], [ 8746022.852545544505119, 1978370.70154419913888 ], [ 8746022.852545544505119, 1978371.298394343117252 ], [ 8746023.151182476431131, 1978371.298394343117252 ], [ 8746023.151182476431131, 1978371.596819415222853 ], [ 8746023.449819408357143, 1978371.596819415222853 ], [ 8746023.449819408357143, 1978372.492094631306827 ], [ 8746023.748456340283155, 1978372.492094631306827 ], [ 8746023.748456340283155, 1978374.282645063707605 ], [ 8746024.047093272209167, 1978374.282645063707605 ], [ 8746024.047093272209167, 1978373.984219991602004 ], [ 8746025.241641, 1978373.984219991602004 ], [ 8746025.241641, 1978373.685794919496402 ], [ 8746026.436188725754619, 1978373.685794919496402 ], [ 8746026.436188725754619, 1978373.387369847390801 ], [ 8746027.332099521532655, 1978373.387369847390801 ], [ 8746027.332099521532655, 1978373.685794919496402 ], [ 8746027.630736453458667, 1978373.685794919496402 ], [ 8746027.630736453458667, 1978373.984219991602004 ], [ 8746027.929373385384679, 1978373.984219991602004 ], [ 8746027.929373385384679, 1978374.282645063707605 ], [ 8746028.228010317310691, 1978374.282645063707605 ], [ 8746028.228010317310691, 1978374.879495207685977 ], [ 8746028.526647249236703, 1978374.879495207685977 ], [ 8746028.526647249236703, 1978375.774770423769951 ], [ 8746028.825284181162715, 1978375.774770423769951 ], [ 8746028.825284181162715, 1978377.565320856170729 ], [ 8746028.526647249236703, 1978377.565320856170729 ], [ 8746028.526647249236703, 1978377.8637459280435 ], [ 8746028.228010317310691, 1978377.8637459280435 ], [ 8746028.228010317310691, 1978378.162171000149101 ], [ 8746027.332099521532655, 1978378.162171000149101 ], [ 8746027.332099521532655, 1978378.460596072254702 ], [ 8746028.228010317310691, 1978378.460596072254702 ], [ 8746028.228010317310691, 1978379.355871288338676 ], [ 8746028.526647249236703, 1978379.355871288338676 ], [ 8746028.526647249236703, 1978380.847996648633853 ], [ 8746028.825284181162715, 1978380.847996648633853 ], [ 8746028.825284181162715, 1978382.6385470808018 ], [ 8746029.123921113088727, 1978382.6385470808018 ], [ 8746029.123921113088727, 1978383.533822296885774 ], [ 8746028.825284181162715, 1978383.533822296885774 ], [ 8746028.825284181162715, 1978384.130672440864146 ], [ 8746027.929373385384679, 1978384.130672440864146 ], [ 8746027.929373385384679, 1978384.429097512969747 ], [ 8746026.734825657680631, 1978384.429097512969747 ], [ 8746026.734825657680631, 1978384.727522585075349 ], [ 8746025.540277931839228, 1978384.727522585075349 ], [ 8746025.540277931839228, 1978385.02594765718095 ], [ 8746024.943004067987204, 1978385.02594765718095 ], [ 8746024.943004067987204, 1978385.324372729053721 ], [ 8746023.748456340283155, 1978385.324372729053721 ], [ 8746023.748456340283155, 1978385.622797801159322 ], [ 8746022.852545544505119, 1978385.622797801159322 ], [ 8746022.852545544505119, 1978385.921222873264924 ], [ 8746023.151182476431131, 1978385.921222873264924 ], [ 8746023.151182476431131, 1978386.219647945370525 ], [ 8746023.748456340283155, 1978386.219647945370525 ], [ 8746023.748456340283155, 1978386.518073017243296 ], [ 8746024.047093272209167, 1978386.518073017243296 ], [ 8746024.047093272209167, 1978387.114923161454499 ], [ 8746023.748456340283155, 1978387.114923161454499 ], [ 8746023.748456340283155, 1978387.41334823332727 ], [ 8746021.060723952949047, 1978387.41334823332727 ] ], [ [ 8746019.26890236325562, 1978382.6385470808018 ], [ 8746019.567539295181632, 1978382.6385470808018 ], [ 8746019.567539295181632, 1978382.041696936590597 ], [ 8746019.26890236325562, 1978382.041696936590597 ], [ 8746019.26890236325562, 1978382.6385470808018 ] ], [ [ 8746015.983896112069488, 1978381.444846792612225 ], [ 8746016.581169975921512, 1978381.444846792612225 ], [ 8746016.581169975921512, 1978381.146421720506623 ], [ 8746015.983896112069488, 1978381.146421720506623 ], [ 8746015.983896112069488, 1978381.444846792612225 ] ], [ [ 8746018.970265431329608, 1978381.444846792612225 ], [ 8746019.26890236325562, 1978381.444846792612225 ], [ 8746019.26890236325562, 1978380.25114650442265 ], [ 8746019.567539295181632, 1978380.25114650442265 ], [ 8746019.567539295181632, 1978379.654296360444278 ], [ 8746019.26890236325562, 1978379.654296360444278 ], [ 8746019.26890236325562, 1978379.952721432317048 ], [ 8746018.970265431329608, 1978379.952721432317048 ], [ 8746018.970265431329608, 1978380.25114650442265 ], [ 8746018.671628499403596, 1978380.25114650442265 ], [ 8746018.671628499403596, 1978380.549571576528251 ], [ 8746018.074354635551572, 1978380.549571576528251 ], [ 8746018.074354635551572, 1978380.847996648633853 ], [ 8746018.372991567477584, 1978380.847996648633853 ], [ 8746018.372991567477584, 1978381.146421720506623 ], [ 8746018.970265431329608, 1978381.146421720506623 ], [ 8746018.970265431329608, 1978381.444846792612225 ] ], [ [ 8746017.178443839773536, 1978381.146421720506623 ], [ 8746018.074354635551572, 1978381.146421720506623 ], [ 8746018.074354635551572, 1978380.847996648633853 ], [ 8746017.178443839773536, 1978380.847996648633853 ], [ 8746017.178443839773536, 1978381.146421720506623 ] ], [ [ 8746015.685259180143476, 1978370.999969271244481 ], [ 8746015.983896112069488, 1978370.999969271244481 ], [ 8746015.983896112069488, 1978370.70154419913888 ], [ 8746015.685259180143476, 1978370.70154419913888 ], [ 8746015.685259180143476, 1978370.999969271244481 ] ] ] } },
{ "type": "Feature", "properties": { "value": 255.0 }, "geometry": { "type": "Polygon", "coordinates": [ [ [ 8745869.054525656625628, 1978384.429097512969747 ], [ 8745869.054525656625628, 1978384.130672440864146 ], [ 8745868.457251792773604, 1978384.130672440864146 ], [ 8745868.457251792773604, 1978383.832247368991375 ], [ 8745868.158614860847592, 1978383.832247368991375 ], [ 8745868.158614860847592, 1978382.340122008696198 ], [ 8745867.85997792892158, 1978382.340122008696198 ], [ 8745867.85997792892158, 1978376.968470711959526 ], [ 8745867.561340996995568, 1978376.968470711959526 ], [ 8745867.561340996995568, 1978375.177920279791579 ], [ 8745867.85997792892158, 1978375.177920279791579 ], [ 8745867.85997792892158, 1978374.879495207685977 ], [ 8745868.457251792773604, 1978374.879495207685977 ], [ 8745868.457251792773604, 1978374.581070135580376 ], [ 8745870.547710314393044, 1978374.581070135580376 ], [ 8745870.547710314393044, 1978374.282645063707605 ], [ 8745876.520448951050639, 1978374.282645063707605 ], [ 8745876.520448951050639, 1978373.984219991602004 ], [ 8745877.117722814902663, 1978373.984219991602004 ], [ 8745877.117722814902663, 1978373.685794919496402 ], [ 8745875.624538155272603, 1978373.685794919496402 ], [ 8745875.624538155272603, 1978373.387369847390801 ], [ 8745875.325901225209236, 1978373.387369847390801 ], [ 8745875.325901225209236, 1978373.08894477551803 ], [ 8745875.027264293283224, 1978373.08894477551803 ], [ 8745875.027264293283224, 1978372.492094631306827 ], [ 8745874.728627361357212, 1978372.492094631306827 ], [ 8745874.728627361357212, 1978370.70154419913888 ], [ 8745874.4299904294312, 1978370.70154419913888 ], [ 8745874.4299904294312, 1978367.717293478781357 ], [ 8745874.131353497505188, 1978367.717293478781357 ], [ 8745874.131353497505188, 1978365.031467830296606 ], [ 8745873.832716565579176, 1978365.031467830296606 ], [ 8745873.832716565579176, 1978363.53934247023426 ], [ 8745874.131353497505188, 1978363.53934247023426 ], [ 8745874.131353497505188, 1978361.748792037833482 ], [ 8745874.4299904294312, 1978361.748792037833482 ], [ 8745874.4299904294312, 1978361.450366965960711 ], [ 8745874.728627361357212, 1978361.450366965960711 ], [ 8745874.728627361357212, 1978361.748792037833482 ], [ 8745878.013633610680699, 1978361.748792037833482 ], [ 8745878.013633610680699, 1978362.047217109939083 ], [ 8745878.610907474532723, 1978362.047217109939083 ], [ 8745878.610907474532723, 1978361.748792037833482 ], [ 8745879.805455202236772, 1978361.748792037833482 ], [ 8745879.805455202236772, 1978362.047217109939083 ], [ 8745882.194550655782223, 1978362.047217109939083 ], [ 8745882.194550655782223, 1978361.748792037833482 ], [ 8745883.687735315412283, 1978361.748792037833482 ], [ 8745883.687735315412283, 1978361.450366965960711 ], [ 8745885.479556906968355, 1978361.450366965960711 ], [ 8745885.479556906968355, 1978361.748792037833482 ], [ 8745886.375467700883746, 1978361.748792037833482 ], [ 8745886.375467700883746, 1978362.047217109939083 ], [ 8745886.674104632809758, 1978362.047217109939083 ], [ 8745886.674104632809758, 1978362.644067254150286 ], [ 8745886.97274156473577, 1978362.644067254150286 ], [ 8745886.97274156473577, 1978367.717293478781357 ], [ 8745887.271378496661782, 1978367.717293478781357 ], [ 8745887.271378496661782, 1978372.193669559434056 ], [ 8745886.97274156473577, 1978372.193669559434056 ], [ 8745886.97274156473577, 1978372.492094631306827 ], [ 8745886.674104632809758, 1978372.492094631306827 ], [ 8745886.674104632809758, 1978372.790519703412428 ], [ 8745886.375467700883746, 1978372.790519703412428 ], [ 8745886.375467700883746, 1978373.08894477551803 ], [ 8745886.076830770820379, 1978373.08894477551803 ], [ 8745886.076830770820379, 1978373.387369847390801 ], [ 8745885.778193838894367, 1978373.387369847390801 ], [ 8745885.778193838894367, 1978373.685794919496402 ], [ 8745883.389098383486271, 1978373.685794919496402 ], [ 8745883.389098383486271, 1978373.984219991602004 ], [ 8745885.180919975042343, 1978373.984219991602004 ], [ 8745885.180919975042343, 1978374.282645063707605 ], [ 8745885.778193838894367, 1978374.282645063707605 ], [ 8745885.778193838894367, 1978374.581070135580376 ], [ 8745886.076830770820379, 1978374.581070135580376 ], [ 8745886.076830770820379, 1978375.177920279791579 ], [ 8745886.375467700883746, 1978375.177920279791579 ], [ 8745886.375467700883746, 1978379.654296360444278 ], [ 8745886.674104632809758, 1978379.654296360444278 ], [ 8745886.674104632809758, 1978382.041696936590597 ], [ 8745886.375467700883746, 1978382.041696936590597 ], [ 8745886.375467700883746, 1978382.6385470808018 ], [ 8745886.076830770820379, 1978382.6385470808018 ], [ 8745886.076830770820379, 1978382.936972152907401 ], [ 8745884.583646111190319, 1978382.936972152907401 ], [ 8745884.583646111190319, 1978383.235397224780172 ], [ 8745880.701365998014808, 1978383.235397224780172 ], [ 8745880.701365998014808, 1978383.533822296885774 ], [ 8745877.117722814902663, 1978383.533822296885774 ], [ 8745877.117722814902663, 1978383.832247368991375 ], [ 8745874.131353497505188, 1978383.832247368991375 ], [ 8745874.131353497505188, 1978384.130672440864146 ], [ 8745870.249073382467031, 1978384.130672440864146 ], [ 8745870.249073382467031, 1978384.429097512969747 ], [ 8745869.054525656625628, 1978384.429097512969747 ] ], [ [ 8745878.610907474532723, 1978373.984219991602004 ], [ 8745883.090461451560259, 1978373.984219991602004 ], [ 8745883.090461451560259, 1978373.685794919496402 ], [ 8745878.610907474532723, 1978373.685794919496402 ], [ 8745878.610907474532723, 1978373.984219991602004 ] ] ] } },
{ "type": "Feature", "properties": { "value": 255.0 }, "geometry": { "type": "Polygon", "coordinates": [ [ [ 8745835.607189292088151, 1978373.685794919496402 ], [ 8745835.607189292088151, 1978373.387369847390801 ], [ 8745835.308552360162139, 1978373.387369847390801 ], [ 8745835.308552360162139, 1978373.08894477551803 ], [ 8745835.009915428236127, 1978373.08894477551803 ], [ 8745835.009915428236127, 1978371.895244487328455 ], [ 8745834.711278496310115, 1978371.895244487328455 ], [ 8745834.711278496310115, 1978370.104694055160508 ], [ 8745834.412641564384103, 1978370.104694055160508 ], [ 8745834.412641564384103, 1978372.193669559434056 ], [ 8745834.114004632458091, 1978372.193669559434056 ], [ 8745834.114004632458091, 1978372.790519703412428 ], [ 8745833.815367700532079, 1978372.790519703412428 ], [ 8745833.815367700532079, 1978373.08894477551803 ], [ 8745830.530361451208591, 1978373.08894477551803 ], [ 8745830.530361451208591, 1978373.387369847390801 ], [ 8745828.738539859652519, 1978373.387369847390801 ], [ 8745828.738539859652519, 1978371.298394343117252 ], [ 8745828.439902927726507, 1978371.298394343117252 ], [ 8745828.439902927726507, 1978370.104694055160508 ], [ 8745828.141265995800495, 1978370.104694055160508 ], [ 8745828.141265995800495, 1978368.910993766970932 ], [ 8745827.842629063874483, 1978368.910993766970932 ], [ 8745827.842629063874483, 1978368.31414362275973 ], [ 8745827.543992131948471, 1978368.31414362275973 ], [ 8745827.543992131948471, 1978367.717293478781357 ], [ 8745827.245355200022459, 1978367.717293478781357 ], [ 8745827.245355200022459, 1978367.418868406675756 ], [ 8745826.946718269959092, 1978367.418868406675756 ], [ 8745826.946718269959092, 1978367.120443334570155 ], [ 8745826.64808133803308, 1978367.120443334570155 ], [ 8745826.64808133803308, 1978366.523593190591782 ], [ 8745826.349444406107068, 1978366.523593190591782 ], [ 8745826.349444406107068, 1978365.926743046380579 ], [ 8745826.050807474181056, 1978365.926743046380579 ], [ 8745826.050807474181056, 1978365.329892902402207 ], [ 8745825.752170542255044, 1978365.329892902402207 ], [ 8745825.752170542255044, 1978363.837767542107031 ], [ 8745826.050807474181056, 1978363.837767542107031 ], [ 8745826.050807474181056, 1978363.53934247023426 ], [ 8745827.245355200022459, 1978363.53934247023426 ], [ 8745827.245355200022459, 1978363.240917398128659 ], [ 8745832.322183042764664, 1978363.240917398128659 ], [ 8745832.322183042764664, 1978363.53934247023426 ], [ 8745832.919456904754043, 1978363.53934247023426 ], [ 8745832.919456904754043, 1978363.837767542107031 ], [ 8745833.218093836680055, 1978363.837767542107031 ], [ 8745833.218093836680055, 1978365.031467830296606 ], [ 8745833.516730768606067, 1978365.031467830296606 ], [ 8745833.516730768606067, 1978364.136192614212632 ], [ 8745833.815367700532079, 1978364.136192614212632 ], [ 8745833.815367700532079, 1978363.53934247023426 ], [ 8745834.114004632458091, 1978363.53934247023426 ], [ 8745834.114004632458091, 1978363.240917398128659 ], [ 8745834.412641564384103, 1978363.240917398128659 ], [ 8745834.412641564384103, 1978362.942492326023057 ], [ 8745835.009915428236127, 1978362.942492326023057 ], [ 8745835.009915428236127, 1978362.644067254150286 ], [ 8745836.204463155940175, 1978362.644067254150286 ], [ 8745836.204463155940175, 1978362.345642182044685 ], [ 8745837.399010883644223, 1978362.345642182044685 ], [ 8745837.399010883644223, 1978362.047217109939083 ], [ 8745838.892195541411638, 1978362.047217109939083 ], [ 8745838.892195541411638, 1978361.748792037833482 ], [ 8745839.788106337189674, 1978361.748792037833482 ], [ 8745839.788106337189674, 1978361.450366965960711 ], [ 8745841.579927928745747, 1978361.450366965960711 ], [ 8745841.579927928745747, 1978361.15194189385511 ], [ 8745842.774475656449795, 1978361.15194189385511 ], [ 8745842.774475656449795, 1978360.853516821749508 ], [ 8745843.969023382291198, 1978360.853516821749508 ], [ 8745843.969023382291198, 1978361.15194189385511 ], [ 8745844.864934178069234, 1978361.15194189385511 ], [ 8745844.864934178069234, 1978361.450366965960711 ], [ 8745845.462208041921258, 1978361.450366965960711 ], [ 8745845.462208041921258, 1978361.748792037833482 ], [ 8745845.76084497384727, 1978361.748792037833482 ], [ 8745845.76084497384727, 1978362.345642182044685 ], [ 8745846.059481905773282, 1978362.345642182044685 ], [ 8745846.059481905773282, 1978364.434617686318234 ], [ 8745846.358118837699294, 1978364.434617686318234 ], [ 8745846.358118837699294, 1978365.031467830296606 ], [ 8745846.656755769625306, 1978365.031467830296606 ], [ 8745846.656755769625306, 1978365.329892902402207 ], [ 8745846.955392701551318, 1978365.329892902402207 ], [ 8745846.955392701551318, 1978365.926743046380579 ], [ 8745846.656755769625306, 1978365.926743046380579 ], [ 8745846.656755769625306, 1978366.523593190591782 ], [ 8745846.358118837699294, 1978366.523593190591782 ], [ 8745846.358118837699294, 1978367.418868406675756 ], [ 8745846.656755769625306, 1978367.418868406675756 ], [ 8745846.656755769625306, 1978369.507843910949305 ], [ 8745846.358118837699294, 1978369.507843910949305 ], [ 8745846.358118837699294, 1978369.806268983054906 ], [ 8745845.76084497384727, 1978369.806268983054906 ], [ 8745845.76084497384727, 1978370.104694055160508 ], [ 8745845.163571109995246, 1978370.104694055160508 ], [ 8745845.163571109995246, 1978370.403119127033278 ], [ 8745844.566297246143222, 1978370.403119127033278 ], [ 8745844.566297246143222, 1978370.70154419913888 ], [ 8745843.670386450365186, 1978370.70154419913888 ], [ 8745843.670386450365186, 1978370.999969271244481 ], [ 8745843.073112588375807, 1978370.999969271244481 ], [ 8745843.073112588375807, 1978371.298394343117252 ], [ 8745842.475838724523783, 1978371.298394343117252 ], [ 8745842.475838724523783, 1978371.596819415222853 ], [ 8745842.177201792597771, 1978371.596819415222853 ], [ 8745842.177201792597771, 1978371.895244487328455 ], [ 8745841.579927928745747, 1978371.895244487328455 ], [ 8745841.579927928745747, 1978372.193669559434056 ], [ 8745841.281290996819735, 1978372.193669559434056 ], [ 8745841.281290996819735, 1978372.492094631306827 ], [ 8745840.68401713296771, 1978372.492094631306827 ], [ 8745840.68401713296771, 1978372.790519703412428 ], [ 8745840.086743269115686, 1978372.790519703412428 ], [ 8745840.086743269115686, 1978373.08894477551803 ], [ 8745838.593558609485626, 1978373.08894477551803 ], [ 8745838.593558609485626, 1978373.387369847390801 ], [ 8745837.399010883644223, 1978373.387369847390801 ], [ 8745837.399010883644223, 1978373.685794919496402 ], [ 8745835.607189292088151, 1978373.685794919496402 ] ], [ [ 8745834.114004632458091, 1978370.104694055160508 ], [ 8745834.412641564384103, 1978370.104694055160508 ], [ 8745834.412641564384103, 1978368.612568694865331 ], [ 8745834.114004632458091, 1978368.612568694865331 ], [ 8745834.114004632458091, 1978370.104694055160508 ] ], [ [ 8745833.815367700532079, 1978367.717293478781357 ], [ 8745834.114004632458091, 1978367.717293478781357 ], [ 8745834.114004632458091, 1978367.120443334570155 ], [ 8745833.815367700532079, 1978367.120443334570155 ], [ 8745833.815367700532079, 1978367.717293478781357 ] ], [ [ 8745833.516730768606067, 1978366.523593190591782 ], [ 8745833.815367700532079, 1978366.523593190591782 ], [ 8745833.815367700532079, 1978365.329892902402207 ], [ 8745833.516730768606067, 1978365.329892902402207 ], [ 8745833.516730768606067, 1978366.523593190591782 ] ] ] } },
{ "type": "Feature", "properties": { "value": 255.0 }, "geometry": { "type": "Polygon", "coordinates": [ [ [ 8745888.167289292439818, 1978378.759021144127473 ], [ 8745888.167289292439818, 1978378.162171000149101 ], [ 8745887.868652360513806, 1978378.162171000149101 ], [ 8745887.868652360513806, 1978374.581070135580376 ], [ 8745888.167289292439818, 1978374.581070135580376 ], [ 8745888.167289292439818, 1978369.209418838843703 ], [ 8745887.868652360513806, 1978369.209418838843703 ], [ 8745887.868652360513806, 1978367.418868406675756 ], [ 8745887.570015428587794, 1978367.418868406675756 ], [ 8745887.570015428587794, 1978364.136192614212632 ], [ 8745887.271378496661782, 1978364.136192614212632 ], [ 8745887.271378496661782, 1978361.450366965960711 ], [ 8745887.570015428587794, 1978361.450366965960711 ], [ 8745887.570015428587794, 1978361.15194189385511 ], [ 8745887.868652360513806, 1978361.15194189385511 ], [ 8745887.868652360513806, 1978360.853516821749508 ], [ 8745897.425034178420901, 1978360.853516821749508 ], [ 8745897.425034178420901, 1978361.15194189385511 ], [ 8745897.723671110346913, 1978361.15194189385511 ], [ 8745897.723671110346913, 1978362.345642182044685 ], [ 8745898.022308042272925, 1978362.345642182044685 ], [ 8745898.022308042272925, 1978363.53934247023426 ], [ 8745897.723671110346913, 1978363.53934247023426 ], [ 8745897.723671110346913, 1978365.926743046380579 ], [ 8745897.425034178420901, 1978365.926743046380579 ], [ 8745897.425034178420901, 1978366.523593190591782 ], [ 8745897.126397246494889, 1978366.523593190591782 ], [ 8745897.126397246494889, 1978369.507843910949305 ], [ 8745897.425034178420901, 1978369.507843910949305 ], [ 8745897.425034178420901, 1978370.70154419913888 ], [ 8745897.723671110346913, 1978370.70154419913888 ], [ 8745897.723671110346913, 1978371.298394343117252 ], [ 8745898.022308042272925, 1978371.298394343117252 ], [ 8745898.022308042272925, 1978371.895244487328455 ], [ 8745898.320944974198937, 1978371.895244487328455 ], [ 8745898.320944974198937, 1978372.790519703412428 ], [ 8745898.619581906124949, 1978372.790519703412428 ], [ 8745898.619581906124949, 1978373.387369847390801 ], [ 8745898.320944974198937, 1978373.387369847390801 ], [ 8745898.320944974198937, 1978373.685794919496402 ], [ 8745898.022308042272925, 1978373.685794919496402 ], [ 8745898.022308042272925, 1978373.984219991602004 ], [ 8745897.425034178420901, 1978373.984219991602004 ], [ 8745897.425034178420901, 1978375.774770423769951 ], [ 8745897.723671110346913, 1978375.774770423769951 ], [ 8745897.723671110346913, 1978376.670045639853925 ], [ 8745897.425034178420901, 1978376.670045639853925 ], [ 8745897.425034178420901, 1978377.266895784065127 ], [ 8745897.126397246494889, 1978377.266895784065127 ], [ 8745897.126397246494889, 1978377.565320856170729 ], [ 8745895.633212588727474, 1978377.565320856170729 ], [ 8745895.633212588727474, 1978377.8637459280435 ], [ 8745894.140027929097414, 1978377.8637459280435 ], [ 8745894.140027929097414, 1978378.162171000149101 ], [ 8745893.54275406524539, 1978378.162171000149101 ], [ 8745893.54275406524539, 1978378.460596072254702 ], [ 8745891.153658611699939, 1978378.460596072254702 ], [ 8745891.153658611699939, 1978378.759021144127473 ], [ 8745888.167289292439818, 1978378.759021144127473 ] ] ] } },
{ "type": "Feature", "properties": { "value": 255.0 }, "geometry": { "type": "Polygon", "coordinates": [ [ [ 8745832.620819972828031, 1978360.555091749643907 ], [ 8745832.620819972828031, 1978360.256666677771136 ], [ 8745833.516730768606067, 1978360.256666677771136 ], [ 8745833.516730768606067, 1978360.555091749643907 ], [ 8745832.620819972828031, 1978360.555091749643907 ] ] ] } },
{ "type": "Feature", "properties": { "value": 255.0 }, "geometry": { "type": "Polygon", "coordinates": [ [ [ 8746047.938047816976905, 1978386.518073017243296 ], [ 8746047.938047816976905, 1978386.219647945370525 ], [ 8746047.639410885050893, 1978386.219647945370525 ], [ 8746047.639410885050893, 1978385.622797801159322 ], [ 8746047.340773954987526, 1978385.622797801159322 ], [ 8746047.340773954987526, 1978384.727522585075349 ], [ 8746047.042137023061514, 1978384.727522585075349 ], [ 8746047.042137023061514, 1978383.832247368991375 ], [ 8746046.743500091135502, 1978383.832247368991375 ], [ 8746046.743500091135502, 1978382.936972152907401 ], [ 8746046.44486315920949, 1978382.936972152907401 ], [ 8746046.44486315920949, 1978381.743271864717826 ], [ 8746046.146226227283478, 1978381.743271864717826 ], [ 8746046.146226227283478, 1978380.25114650442265 ], [ 8746045.847589295357466, 1978380.25114650442265 ], [ 8746045.847589295357466, 1978378.759021144127473 ], [ 8746045.548952363431454, 1978378.759021144127473 ], [ 8746045.548952363431454, 1978375.47634535189718 ], [ 8746045.250315431505442, 1978375.47634535189718 ], [ 8746045.250315431505442, 1978373.08894477551803 ], [ 8746045.548952363431454, 1978373.08894477551803 ], [ 8746045.548952363431454, 1978372.790519703412428 ], [ 8746046.743500091135502, 1978372.790519703412428 ], [ 8746046.743500091135502, 1978372.492094631306827 ], [ 8746047.938047816976905, 1978372.492094631306827 ], [ 8746047.938047816976905, 1978372.193669559434056 ], [ 8746048.833958612754941, 1978372.193669559434056 ], [ 8746048.833958612754941, 1978371.895244487328455 ], [ 8746050.924417136237025, 1978371.895244487328455 ], [ 8746050.924417136237025, 1978372.193669559434056 ], [ 8746051.223054068163037, 1978372.193669559434056 ], [ 8746051.223054068163037, 1978372.790519703412428 ], [ 8746051.521691, 1978372.790519703412428 ], [ 8746051.521691, 1978374.879495207685977 ], [ 8746051.820327932015061, 1978374.879495207685977 ], [ 8746051.820327932015061, 1978374.282645063707605 ], [ 8746052.118964863941073, 1978374.282645063707605 ], [ 8746052.118964863941073, 1978373.685794919496402 ], [ 8746052.417601795867085, 1978373.685794919496402 ], [ 8746052.417601795867085, 1978373.387369847390801 ], [ 8746053.313512589782476, 1978373.387369847390801 ], [ 8746053.313512589782476, 1978373.08894477551803 ], [ 8746054.806697249412537, 1978373.08894477551803 ], [ 8746054.806697249412537, 1978372.790519703412428 ], [ 8746054.209423385560513, 1978372.790519703412428 ], [ 8746054.209423385560513, 1978372.193669559434056 ], [ 8746053.910786453634501, 1978372.193669559434056 ], [ 8746053.910786453634501, 1978371.298394343117252 ], [ 8746053.612149521708488, 1978371.298394343117252 ], [ 8746053.612149521708488, 1978370.403119127033278 ], [ 8746053.313512589782476, 1978370.403119127033278 ], [ 8746053.313512589782476, 1978369.507843910949305 ], [ 8746053.014875657856464, 1978369.507843910949305 ], [ 8746053.014875657856464, 1978368.612568694865331 ], [ 8746052.716238727793097, 1978368.612568694865331 ], [ 8746052.716238727793097, 1978367.418868406675756 ], [ 8746052.417601795867085, 1978367.418868406675756 ], [ 8746052.417601795867085, 1978365.926743046380579 ], [ 8746052.716238727793097, 1978365.926743046380579 ], [ 8746052.716238727793097, 1978365.329892902402207 ], [ 8746053.014875657856464, 1978365.329892902402207 ], [ 8746053.014875657856464, 1978365.031467830296606 ], [ 8746053.313512589782476, 1978365.031467830296606 ], [ 8746053.313512589782476, 1978364.733042758423835 ], [ 8746053.910786453634501, 1978364.733042758423835 ], [ 8746053.910786453634501, 1978364.434617686318234 ], [ 8746054.508060317486525, 1978364.434617686318234 ], [ 8746054.508060317486525, 1978364.136192614212632 ], [ 8746055.105334181338549, 1978364.136192614212632 ], [ 8746055.105334181338549, 1978363.837767542107031 ], [ 8746055.403971113264561, 1978363.837767542107031 ], [ 8746055.403971113264561, 1978363.53934247023426 ], [ 8746056.001244977116585, 1978363.53934247023426 ], [ 8746056.001244977116585, 1978363.240917398128659 ], [ 8746056.598518840968609, 1978363.240917398128659 ], [ 8746056.598518840968609, 1978362.942492326023057 ], [ 8746056.897155772894621, 1978362.942492326023057 ], [ 8746056.897155772894621, 1978362.644067254150286 ], [ 8746057.494429636746645, 1978362.644067254150286 ], [ 8746057.494429636746645, 1978362.345642182044685 ], [ 8746057.793066568672657, 1978362.345642182044685 ], [ 8746057.793066568672657, 1978362.047217109939083 ], [ 8746058.688977362588048, 1978362.047217109939083 ], [ 8746058.688977362588048, 1978361.748792037833482 ], [ 8746059.584888158366084, 1978361.748792037833482 ], [ 8746059.584888158366084, 1978361.450366965960711 ], [ 8746059.883525090292096, 1978361.450366965960711 ], [ 8746059.883525090292096, 1978361.15194189385511 ], [ 8746060.779435886070132, 1978361.15194189385511 ], [ 8746060.779435886070132, 1978360.853516821749508 ], [ 8746061.675346681848168, 1978360.853516821749508 ], [ 8746061.675346681848168, 1978360.555091749643907 ], [ 8746062.571257477626204, 1978360.555091749643907 ], [ 8746062.571257477626204, 1978360.256666677771136 ], [ 8746062.869894409552217, 1978360.256666677771136 ], [ 8746062.869894409552217, 1978359.958241605665535 ], [ 8746063.168531341478229, 1978359.958241605665535 ], [ 8746063.168531341478229, 1978359.659816533559933 ], [ 8746063.467168273404241, 1978359.659816533559933 ], [ 8746063.467168273404241, 1978359.958241605665535 ], [ 8746064.06444213539362, 1978359.958241605665535 ], [ 8746064.06444213539362, 1978360.256666677771136 ], [ 8746064.363079067319632, 1978360.256666677771136 ], [ 8746064.363079067319632, 1978360.555091749643907 ], [ 8746064.960352931171656, 1978360.555091749643907 ], [ 8746064.960352931171656, 1978360.853516821749508 ], [ 8746065.258989863097668, 1978360.853516821749508 ], [ 8746065.258989863097668, 1978361.450366965960711 ], [ 8746065.55762679502368, 1978361.450366965960711 ], [ 8746065.55762679502368, 1978361.748792037833482 ], [ 8746065.856263726949692, 1978361.748792037833482 ], [ 8746065.856263726949692, 1978362.644067254150286 ], [ 8746066.154900658875704, 1978362.644067254150286 ], [ 8746066.154900658875704, 1978363.240917398128659 ], [ 8746066.453537590801716, 1978363.240917398128659 ], [ 8746066.453537590801716, 1978363.837767542107031 ], [ 8746066.752174522727728, 1978363.837767542107031 ], [ 8746066.752174522727728, 1978364.434617686318234 ], [ 8746067.05081145465374, 1978364.434617686318234 ], [ 8746067.05081145465374, 1978365.031467830296606 ], [ 8746067.349448386579752, 1978365.031467830296606 ], [ 8746067.349448386579752, 1978365.329892902402207 ], [ 8746067.648085318505764, 1978365.329892902402207 ], [ 8746067.648085318505764, 1978366.225168118486181 ], [ 8746067.946722250431776, 1978366.225168118486181 ], [ 8746067.946722250431776, 1978367.120443334570155 ], [ 8746068.245359182357788, 1978367.120443334570155 ], [ 8746068.245359182357788, 1978368.910993766970932 ], [ 8746067.946722250431776, 1978368.910993766970932 ], [ 8746067.946722250431776, 1978369.507843910949305 ], [ 8746067.648085318505764, 1978369.507843910949305 ], [ 8746067.648085318505764, 1978369.806268983054906 ], [ 8746067.05081145465374, 1978369.806268983054906 ], [ 8746067.05081145465374, 1978370.104694055160508 ], [ 8746066.453537590801716, 1978370.104694055160508 ], [ 8746066.453537590801716, 1978370.403119127033278 ], [ 8746065.258989863097668, 1978370.403119127033278 ], [ 8746065.258989863097668, 1978370.70154419913888 ], [ 8746064.363079067319632, 1978370.70154419913888 ], [ 8746064.363079067319632, 1978370.999969271244481 ], [ 8746063.467168273404241, 1978370.999969271244481 ], [ 8746063.467168273404241, 1978371.298394343117252 ], [ 8746062.571257477626204, 1978371.298394343117252 ], [ 8746062.571257477626204, 1978371.596819415222853 ], [ 8746063.765805203467607, 1978371.596819415222853 ], [ 8746063.765805203467607, 1978371.298394343117252 ], [ 8746064.661715999245644, 1978371.298394343117252 ], [ 8746064.661715999245644, 1978370.999969271244481 ], [ 8746065.856263726949692, 1978370.999969271244481 ], [ 8746065.856263726949692, 1978370.70154419913888 ], [ 8746067.349448386579752, 1978370.70154419913888 ], [ 8746067.349448386579752, 1978370.403119127033278 ], [ 8746067.648085318505764, 1978370.403119127033278 ], [ 8746067.648085318505764, 1978370.70154419913888 ], [ 8746068.245359182357788, 1978370.70154419913888 ], [ 8746068.245359182357788, 1978370.999969271244481 ], [ 8746068.5439961142838, 1978370.999969271244481 ], [ 8746068.5439961142838, 1978371.298394343117252 ], [ 8746068.842633046209812, 1978371.298394343117252 ], [ 8746068.842633046209812, 1978371.596819415222853 ], [ 8746069.141269976273179, 1978371.596819415222853 ], [ 8746069.141269976273179, 1978373.08894477551803 ], [ 8746068.842633046209812, 1978373.08894477551803 ], [ 8746068.842633046209812, 1978373.387369847390801 ], [ 8746068.245359182357788, 1978373.387369847390801 ], [ 8746068.245359182357788, 1978373.685794919496402 ], [ 8746067.946722250431776, 1978373.685794919496402 ], [ 8746067.946722250431776, 1978373.984219991602004 ], [ 8746067.648085318505764, 1978373.984219991602004 ], [ 8746067.648085318505764, 1978376.371620567981154 ], [ 8746067.349448386579752, 1978376.371620567981154 ], [ 8746067.349448386579752, 1978382.340122008696198 ], [ 8746067.05081145465374, 1978382.340122008696198 ], [ 8746067.05081145465374, 1978382.6385470808018 ], [ 8746066.154900658875704, 1978382.6385470808018 ], [ 8746066.154900658875704, 1978382.936972152907401 ], [ 8746063.168531341478229, 1978382.936972152907401 ], [ 8746063.168531341478229, 1978382.340122008696198 ], [ 8746062.869894409552217, 1978382.340122008696198 ], [ 8746062.869894409552217, 1978382.041696936590597 ], [ 8746062.272620545700192, 1978382.041696936590597 ], [ 8746062.272620545700192, 1978382.340122008696198 ], [ 8746061.97398361377418, 1978382.340122008696198 ], [ 8746061.97398361377418, 1978382.6385470808018 ], [ 8746061.376709749922156, 1978382.6385470808018 ], [ 8746061.376709749922156, 1978382.936972152907401 ], [ 8746059.883525090292096, 1978382.936972152907401 ], [ 8746059.883525090292096, 1978383.235397224780172 ], [ 8746058.390340430662036, 1978383.235397224780172 ], [ 8746058.390340430662036, 1978383.533822296885774 ], [ 8746056.299881909042597, 1978383.533822296885774 ], [ 8746056.299881909042597, 1978383.832247368991375 ], [ 8746055.105334181338549, 1978383.832247368991375 ], [ 8746055.105334181338549, 1978384.130672440864146 ], [ 8746054.508060317486525, 1978384.130672440864146 ], [ 8746054.508060317486525, 1978383.832247368991375 ], [ 8746054.209423385560513, 1978383.832247368991375 ], [ 8746054.209423385560513, 1978383.533822296885774 ], [ 8746053.910786453634501, 1978383.533822296885774 ], [ 8746053.910786453634501, 1978383.235397224780172 ], [ 8746053.612149521708488, 1978383.235397224780172 ], [ 8746053.612149521708488, 1978382.936972152907401 ], [ 8746053.313512589782476, 1978382.936972152907401 ], [ 8746053.313512589782476, 1978384.130672440864146 ], [ 8746053.014875657856464, 1978384.130672440864146 ], [ 8746053.014875657856464, 1978384.429097512969747 ], [ 8746052.716238727793097, 1978384.429097512969747 ], [ 8746052.716238727793097, 1978384.727522585075349 ], [ 8746052.118964863941073, 1978384.727522585075349 ], [ 8746052.118964863941073, 1978385.02594765718095 ], [ 8746051.521691, 1978385.02594765718095 ], [ 8746051.521691, 1978385.324372729053721 ], [ 8746051.223054068163037, 1978385.324372729053721 ], [ 8746051.223054068163037, 1978385.622797801159322 ], [ 8746050.924417136237025, 1978385.622797801159322 ], [ 8746050.924417136237025, 1978385.921222873264924 ], [ 8746050.327143272385001, 1978385.921222873264924 ], [ 8746050.327143272385001, 1978386.219647945370525 ], [ 8746049.431232476606965, 1978386.219647945370525 ], [ 8746049.431232476606965, 1978386.518073017243296 ], [ 8746047.938047816976905, 1978386.518073017243296 ] ], [ [ 8746061.97398361377418, 1978379.654296360444278 ], [ 8746062.272620545700192, 1978379.654296360444278 ], [ 8746062.272620545700192, 1978379.355871288338676 ], [ 8746061.97398361377418, 1978379.355871288338676 ], [ 8746061.97398361377418, 1978379.654296360444278 ] ], [ [ 8746052.417601795867085, 1978379.355871288338676 ], [ 8746052.716238727793097, 1978379.355871288338676 ], [ 8746052.716238727793097, 1978379.057446216233075 ], [ 8746052.417601795867085, 1978379.057446216233075 ], [ 8746052.417601795867085, 1978379.355871288338676 ] ], [ [ 8746052.118964863941073, 1978377.8637459280435 ], [ 8746052.417601795867085, 1978377.8637459280435 ], [ 8746052.417601795867085, 1978377.565320856170729 ], [ 8746052.118964863941073, 1978377.565320856170729 ], [ 8746052.118964863941073, 1978377.8637459280435 ] ], [ [ 8746051.820327932015061, 1978376.371620567981154 ], [ 8746052.118964863941073, 1978376.371620567981154 ], [ 8746052.118964863941073, 1978376.073195495875552 ], [ 8746051.820327932015061, 1978376.073195495875552 ], [ 8746051.820327932015061, 1978376.371620567981154 ] ], [ [ 8746060.48079895414412, 1978373.08894477551803 ], [ 8746060.779435886070132, 1978373.08894477551803 ], [ 8746060.779435886070132, 1978372.193669559434056 ], [ 8746061.376709749922156, 1978372.193669559434056 ], [ 8746061.376709749922156, 1978371.895244487328455 ], [ 8746059.883525090292096, 1978371.895244487328455 ], [ 8746059.883525090292096, 1978372.193669559434056 ], [ 8746058.390340430662036, 1978372.193669559434056 ], [ 8746058.390340430662036, 1978372.492094631306827 ], [ 8746060.182162022218108, 1978372.492094631306827 ], [ 8746060.182162022218108, 1978372.790519703412428 ], [ 8746060.48079895414412, 1978372.790519703412428 ], [ 8746060.48079895414412, 1978373.08894477551803 ] ], [ [ 8746057.195792704820633, 1978372.790519703412428 ], [ 8746057.494429636746645, 1978372.790519703412428 ], [ 8746057.494429636746645, 1978372.492094631306827 ], [ 8746057.195792704820633, 1978372.492094631306827 ], [ 8746057.195792704820633, 1978372.790519703412428 ] ], [ [ 8746061.376709749922156, 1978371.895244487328455 ], [ 8746062.571257477626204, 1978371.895244487328455 ], [ 8746062.571257477626204, 1978371.596819415222853 ], [ 8746061.376709749922156, 1978371.596819415222853 ], [ 8746061.376709749922156, 1978371.895244487328455 ] ] ] } },
{ "type": "Feature", "properties": { "value": 255.0 }, "geometry": { "type": "Polygon", "coordinates": [ [ [ 8745858.004959179088473, 1978373.08894477551803 ], [ 8745858.004959179088473, 1978372.790519703412428 ], [ 8745856.511774519458413, 1978372.790519703412428 ], [ 8745856.511774519458413, 1978372.492094631306827 ], [ 8745856.213137587532401, 1978372.492094631306827 ], [ 8745856.213137587532401, 1978372.193669559434056 ], [ 8745855.615863723680377, 1978372.193669559434056 ], [ 8745855.615863723680377, 1978371.895244487328455 ], [ 8745855.317226791754365, 1978371.895244487328455 ], [ 8745855.317226791754365, 1978370.403119127033278 ], [ 8745855.018589859828353, 1978370.403119127033278 ], [ 8745855.018589859828353, 1978368.31414362275973 ], [ 8745854.719952927902341, 1978368.31414362275973 ], [ 8745854.719952927902341, 1978366.822018262697384 ], [ 8745854.421315995976329, 1978366.822018262697384 ], [ 8745854.421315995976329, 1978364.733042758423835 ], [ 8745854.122679064050317, 1978364.733042758423835 ], [ 8745854.122679064050317, 1978361.15194189385511 ], [ 8745854.421315995976329, 1978361.15194189385511 ], [ 8745854.421315995976329, 1978360.256666677771136 ], [ 8745855.018589859828353, 1978360.256666677771136 ], [ 8745855.018589859828353, 1978359.958241605665535 ], [ 8745856.810411451384425, 1978359.958241605665535 ], [ 8745856.810411451384425, 1978359.659816533559933 ], [ 8745858.602233042940497, 1978359.659816533559933 ], [ 8745858.602233042940497, 1978359.361391461687163 ], [ 8745862.484513156116009, 1978359.361391461687163 ], [ 8745862.484513156116009, 1978359.659816533559933 ], [ 8745862.783150088042021, 1978359.659816533559933 ], [ 8745862.783150088042021, 1978359.958241605665535 ], [ 8745863.081787019968033, 1978359.958241605665535 ], [ 8745863.081787019968033, 1978360.256666677771136 ], [ 8745863.380423951894045, 1978360.256666677771136 ], [ 8745863.380423951894045, 1978362.047217109939083 ], [ 8745863.679060883820057, 1978362.047217109939083 ], [ 8745863.679060883820057, 1978363.53934247023426 ], [ 8745863.977697815746069, 1978363.53934247023426 ], [ 8745863.977697815746069, 1978365.031467830296606 ], [ 8745864.276334747672081, 1978365.031467830296606 ], [ 8745864.276334747672081, 1978367.418868406675756 ], [ 8745864.574971679598093, 1978367.418868406675756 ], [ 8745864.574971679598093, 1978370.70154419913888 ], [ 8745864.276334747672081, 1978370.70154419913888 ], [ 8745864.276334747672081, 1978371.895244487328455 ], [ 8745863.977697815746069, 1978371.895244487328455 ], [ 8745863.977697815746069, 1978372.193669559434056 ], [ 8745863.679060883820057, 1978372.193669559434056 ], [ 8745863.679060883820057, 1978372.492094631306827 ], [ 8745863.380423951894045, 1978372.492094631306827 ], [ 8745863.380423951894045, 1978372.790519703412428 ], [ 8745858.602233042940497, 1978372.790519703412428 ], [ 8745858.602233042940497, 1978373.08894477551803 ], [ 8745858.004959179088473, 1978373.08894477551803 ] ] ] } },
{ "type": "Feature", "properties": { "value": 255.0 }, "geometry": { "type": "Polygon", "coordinates": [ [ [ 8745866.665430201217532, 1978373.387369847390801 ], [ 8745866.665430201217532, 1978373.08894477551803 ], [ 8745866.36679326929152, 1978373.08894477551803 ], [ 8745866.36679326929152, 1978371.298394343117252 ], [ 8745866.068156337365508, 1978371.298394343117252 ], [ 8745866.068156337365508, 1978368.612568694865331 ], [ 8745865.769519405439496, 1978368.612568694865331 ], [ 8745865.769519405439496, 1978368.015718550654128 ], [ 8745866.068156337365508, 1978368.015718550654128 ], [ 8745866.068156337365508, 1978367.418868406675756 ], [ 8745865.769519405439496, 1978367.418868406675756 ], [ 8745865.769519405439496, 1978367.120443334570155 ], [ 8745865.470882473513484, 1978367.120443334570155 ], [ 8745865.470882473513484, 1978365.926743046380579 ], [ 8745865.172245541587472, 1978365.926743046380579 ], [ 8745865.172245541587472, 1978364.434617686318234 ], [ 8745864.87360860966146, 1978364.434617686318234 ], [ 8745864.87360860966146, 1978362.047217109939083 ], [ 8745864.574971679598093, 1978362.047217109939083 ], [ 8745864.574971679598093, 1978359.361391461687163 ], [ 8745864.87360860966146, 1978359.361391461687163 ], [ 8745864.87360860966146, 1978359.062966389581561 ], [ 8745865.470882473513484, 1978359.062966389581561 ], [ 8745865.470882473513484, 1978358.76454131747596 ], [ 8745866.068156337365508, 1978358.76454131747596 ], [ 8745866.068156337365508, 1978358.466116245370358 ], [ 8745866.964067133143544, 1978358.466116245370358 ], [ 8745866.964067133143544, 1978358.167691173497587 ], [ 8745867.561340996995568, 1978358.167691173497587 ], [ 8745867.561340996995568, 1978357.869266101391986 ], [ 8745868.158614860847592, 1978357.869266101391986 ], [ 8745868.158614860847592, 1978357.570841029286385 ], [ 8745870.547710314393044, 1978357.570841029286385 ], [ 8745870.547710314393044, 1978357.869266101391986 ], [ 8745871.144984178245068, 1978357.869266101391986 ], [ 8745871.144984178245068, 1978358.167691173497587 ], [ 8745871.44362111017108, 1978358.167691173497587 ], [ 8745871.44362111017108, 1978358.466116245370358 ], [ 8745872.040894974023104, 1978358.466116245370358 ], [ 8745872.040894974023104, 1978358.76454131747596 ], [ 8745872.638168837875128, 1978358.76454131747596 ], [ 8745872.638168837875128, 1978359.361391461687163 ], [ 8745872.93680576980114, 1978359.361391461687163 ], [ 8745872.93680576980114, 1978359.958241605665535 ], [ 8745873.235442701727152, 1978359.958241605665535 ], [ 8745873.235442701727152, 1978362.345642182044685 ], [ 8745873.534079633653164, 1978362.345642182044685 ], [ 8745873.534079633653164, 1978367.120443334570155 ], [ 8745873.235442701727152, 1978367.120443334570155 ], [ 8745873.235442701727152, 1978367.418868406675756 ], [ 8745872.638168837875128, 1978367.418868406675756 ], [ 8745872.638168837875128, 1978367.717293478781357 ], [ 8745872.93680576980114, 1978367.717293478781357 ], [ 8745872.93680576980114, 1978368.612568694865331 ], [ 8745873.235442701727152, 1978368.612568694865331 ], [ 8745873.235442701727152, 1978372.492094631306827 ], [ 8745872.93680576980114, 1978372.492094631306827 ], [ 8745872.93680576980114, 1978372.790519703412428 ], [ 8745872.638168837875128, 1978372.790519703412428 ], [ 8745872.638168837875128, 1978373.08894477551803 ], [ 8745872.040894974023104, 1978373.08894477551803 ], [ 8745872.040894974023104, 1978373.387369847390801 ], [ 8745866.665430201217532, 1978373.387369847390801 ] ] ] } },
{ "type": "Feature", "properties": { "value": 255.0 }, "geometry": { "type": "Polygon", "coordinates": [ [ [ 8745942.519210884347558, 1978379.355871288338676 ], [ 8745942.519210884347558, 1978379.057446216233075 ], [ 8745941.921937020495534, 1978379.057446216233075 ], [ 8745941.921937020495534, 1978378.460596072254702 ], [ 8745941.623300088569522, 1978378.460596072254702 ], [ 8745941.623300088569522, 1978377.8637459280435 ], [ 8745941.32466315664351, 1978377.8637459280435 ], [ 8745941.32466315664351, 1978376.073195495875552 ], [ 8745941.026026224717498, 1978376.073195495875552 ], [ 8745941.026026224717498, 1978374.581070135580376 ], [ 8745940.727389292791486, 1978374.581070135580376 ], [ 8745940.727389292791486, 1978372.193669559434056 ], [ 8745940.428752360865474, 1978372.193669559434056 ], [ 8745940.428752360865474, 1978370.104694055160508 ], [ 8745940.130115428939462, 1978370.104694055160508 ], [ 8745940.130115428939462, 1978368.31414362275973 ], [ 8745939.831478498876095, 1978368.31414362275973 ], [ 8745939.831478498876095, 1978366.822018262697384 ], [ 8745940.428752360865474, 1978366.822018262697384 ], [ 8745940.428752360865474, 1978366.523593190591782 ], [ 8745938.935567703098059, 1978366.523593190591782 ], [ 8745938.935567703098059, 1978366.225168118486181 ], [ 8745938.636930771172047, 1978366.225168118486181 ], [ 8745938.636930771172047, 1978365.628317974507809 ], [ 8745938.338293839246035, 1978365.628317974507809 ], [ 8745938.338293839246035, 1978360.256666677771136 ], [ 8745938.039656907320023, 1978360.256666677771136 ], [ 8745938.039656907320023, 1978358.466116245370358 ], [ 8745938.338293839246035, 1978358.466116245370358 ], [ 8745938.338293839246035, 1978358.167691173497587 ], [ 8745940.130115428939462, 1978358.167691173497587 ], [ 8745940.130115428939462, 1978357.869266101391986 ], [ 8745942.81784781627357, 1978357.869266101391986 ], [ 8745942.81784781627357, 1978357.570841029286385 ], [ 8745945.804217133671045, 1978357.570841029286385 ], [ 8745945.804217133671045, 1978357.869266101391986 ], [ 8745946.102854065597057, 1978357.869266101391986 ], [ 8745946.102854065597057, 1978358.167691173497587 ], [ 8745946.401490997523069, 1978358.167691173497587 ], [ 8745946.401490997523069, 1978359.659816533559933 ], [ 8745946.700127929449081, 1978359.659816533559933 ], [ 8745946.700127929449081, 1978360.256666677771136 ], [ 8745946.998764861375093, 1978360.256666677771136 ], [ 8745946.998764861375093, 1978360.853516821749508 ], [ 8745947.297401793301105, 1978360.853516821749508 ], [ 8745947.297401793301105, 1978361.450366965960711 ], [ 8745947.596038725227118, 1978361.450366965960711 ], [ 8745947.596038725227118, 1978364.434617686318234 ], [ 8745947.297401793301105, 1978364.434617686318234 ], [ 8745947.297401793301105, 1978364.733042758423835 ], [ 8745946.998764861375093, 1978364.733042758423835 ], [ 8745946.998764861375093, 1978365.031467830296606 ], [ 8745946.102854065597057, 1978365.031467830296606 ], [ 8745946.102854065597057, 1978365.329892902402207 ], [ 8745950.283771112561226, 1978365.329892902402207 ], [ 8745950.283771112561226, 1978365.628317974507809 ], [ 8745950.582408044487238, 1978365.628317974507809 ], [ 8745950.582408044487238, 1978365.926743046380579 ], [ 8745950.881044974550605, 1978365.926743046380579 ], [ 8745950.881044974550605, 1978366.523593190591782 ], [ 8745951.179681906476617, 1978366.523593190591782 ], [ 8745951.179681906476617, 1978368.31414362275973 ], [ 8745951.478318838402629, 1978368.31414362275973 ], [ 8745951.478318838402629, 1978371.298394343117252 ], [ 8745951.776955770328641, 1978371.298394343117252 ], [ 8745951.776955770328641, 1978373.387369847390801 ], [ 8745952.075592702254653, 1978373.387369847390801 ], [ 8745952.075592702254653, 1978375.177920279791579 ], [ 8745952.374229634180665, 1978375.177920279791579 ], [ 8745952.374229634180665, 1978377.8637459280435 ], [ 8745952.075592702254653, 1978377.8637459280435 ], [ 8745952.075592702254653, 1978378.162171000149101 ], [ 8745951.478318838402629, 1978378.162171000149101 ], [ 8745951.478318838402629, 1978378.460596072254702 ], [ 8745949.686497248709202, 1978378.460596072254702 ], [ 8745949.686497248709202, 1978378.759021144127473 ], [ 8745947.596038725227118, 1978378.759021144127473 ], [ 8745947.596038725227118, 1978379.057446216233075 ], [ 8745943.713758612051606, 1978379.057446216233075 ], [ 8745943.713758612051606, 1978379.355871288338676 ], [ 8745942.519210884347558, 1978379.355871288338676 ] ], [ [ 8745941.921937020495534, 1978366.225168118486181 ], [ 8745942.220573952421546, 1978366.225168118486181 ], [ 8745942.220573952421546, 1978365.926743046380579 ], [ 8745941.921937020495534, 1978365.926743046380579 ], [ 8745941.921937020495534, 1978366.225168118486181 ] ], [ [ 8745942.81784781627357, 1978365.926743046380579 ], [ 8745943.116484748199582, 1978365.926743046380579 ], [ 8745943.116484748199582, 1978365.628317974507809 ], [ 8745942.81784781627357, 1978365.628317974507809 ], [ 8745942.81784781627357, 1978365.926743046380579 ] ] ] } },
{ "type": "Feature", "properties": { "value": 255.0 }, "geometry": { "type": "Polygon", "coordinates": [ [ [ 8745763.635688722133636, 1978380.25114650442265 ], [ 8745763.635688722133636, 1978379.952721432317048 ], [ 8745763.337051790207624, 1978379.952721432317048 ], [ 8745763.337051790207624, 1978379.654296360444278 ], [ 8745763.038414858281612, 1978379.654296360444278 ], [ 8745763.038414858281612, 1978379.057446216233075 ], [ 8745762.7397779263556, 1978379.057446216233075 ], [ 8745762.7397779263556, 1978377.8637459280435 ], [ 8745762.441140996292233, 1978377.8637459280435 ], [ 8745762.441140996292233, 1978376.968470711959526 ], [ 8745762.142504064366221, 1978376.968470711959526 ], [ 8745762.142504064366221, 1978375.774770423769951 ], [ 8745761.843867132440209, 1978375.774770423769951 ], [ 8745761.843867132440209, 1978374.581070135580376 ], [ 8745761.545230200514197, 1978374.581070135580376 ], [ 8745761.545230200514197, 1978373.387369847390801 ], [ 8745761.246593268588185, 1978373.387369847390801 ], [ 8745761.246593268588185, 1978372.193669559434056 ], [ 8745760.947956336662173, 1978372.193669559434056 ], [ 8745760.947956336662173, 1978371.298394343117252 ], [ 8745760.649319404736161, 1978371.298394343117252 ], [ 8745760.649319404736161, 1978370.104694055160508 ], [ 8745760.350682472810149, 1978370.104694055160508 ], [ 8745760.350682472810149, 1978368.910993766970932 ], [ 8745760.052045540884137, 1978368.910993766970932 ], [ 8745760.052045540884137, 1978367.717293478781357 ], [ 8745759.753408608958125, 1978367.717293478781357 ], [ 8745759.753408608958125, 1978366.822018262697384 ], [ 8745759.454771677032113, 1978366.822018262697384 ], [ 8745759.454771677032113, 1978365.329892902402207 ], [ 8745759.156134745106101, 1978365.329892902402207 ], [ 8745759.156134745106101, 1978364.434617686318234 ], [ 8745758.857497813180089, 1978364.434617686318234 ], [ 8745758.857497813180089, 1978362.942492326023057 ], [ 8745759.156134745106101, 1978362.942492326023057 ], [ 8745759.156134745106101, 1978361.15194189385511 ], [ 8745758.857497813180089, 1978361.15194189385511 ], [ 8745758.857497813180089, 1978359.659816533559933 ], [ 8745758.558860881254077, 1978359.659816533559933 ], [ 8745758.558860881254077, 1978358.76454131747596 ], [ 8745758.857497813180089, 1978358.76454131747596 ], [ 8745758.857497813180089, 1978358.167691173497587 ], [ 8745759.156134745106101, 1978358.167691173497587 ], [ 8745759.156134745106101, 1978357.869266101391986 ], [ 8745759.454771677032113, 1978357.869266101391986 ], [ 8745759.454771677032113, 1978357.570841029286385 ], [ 8745760.649319404736161, 1978357.570841029286385 ], [ 8745760.649319404736161, 1978357.272415957413614 ], [ 8745761.843867132440209, 1978357.272415957413614 ], [ 8745761.843867132440209, 1978356.973990885308012 ], [ 8745763.038414858281612, 1978356.973990885308012 ], [ 8745763.038414858281612, 1978357.272415957413614 ], [ 8745763.635688722133636, 1978357.272415957413614 ], [ 8745763.635688722133636, 1978357.570841029286385 ], [ 8745765.726147245615721, 1978357.570841029286385 ], [ 8745765.726147245615721, 1978357.272415957413614 ], [ 8745766.920694973319769, 1978357.272415957413614 ], [ 8745766.920694973319769, 1978356.973990885308012 ], [ 8745767.219331905245781, 1978356.973990885308012 ], [ 8745767.219331905245781, 1978357.272415957413614 ], [ 8745767.816605769097805, 1978357.272415957413614 ], [ 8745767.816605769097805, 1978357.869266101391986 ], [ 8745768.115242699161172, 1978357.869266101391986 ], [ 8745768.115242699161172, 1978359.062966389581561 ], [ 8745768.413879631087184, 1978359.062966389581561 ], [ 8745768.413879631087184, 1978360.555091749643907 ], [ 8745768.712516563013196, 1978360.555091749643907 ], [ 8745768.712516563013196, 1978361.748792037833482 ], [ 8745769.011153494939208, 1978361.748792037833482 ], [ 8745769.011153494939208, 1978362.644067254150286 ], [ 8745769.30979042686522, 1978362.644067254150286 ], [ 8745769.30979042686522, 1978363.837767542107031 ], [ 8745769.608427358791232, 1978363.837767542107031 ], [ 8745769.608427358791232, 1978365.031467830296606 ], [ 8745769.907064290717244, 1978365.031467830296606 ], [ 8745769.907064290717244, 1978366.225168118486181 ], [ 8745770.205701222643256, 1978366.225168118486181 ], [ 8745770.205701222643256, 1978367.120443334570155 ], [ 8745770.504338154569268, 1978367.120443334570155 ], [ 8745770.504338154569268, 1978368.015718550654128 ], [ 8745770.80297508649528, 1978368.015718550654128 ], [ 8745770.80297508649528, 1978366.822018262697384 ], [ 8745771.101612018421292, 1978366.822018262697384 ], [ 8745771.101612018421292, 1978366.523593190591782 ], [ 8745771.997522814199328, 1978366.523593190591782 ], [ 8745771.997522814199328, 1978366.225168118486181 ], [ 8745773.789344403892756, 1978366.225168118486181 ], [ 8745773.789344403892756, 1978365.926743046380579 ], [ 8745775.282529063522816, 1978365.926743046380579 ], [ 8745775.282529063522816, 1978366.225168118486181 ], [ 8745775.581165995448828, 1978366.225168118486181 ], [ 8745775.581165995448828, 1978366.523593190591782 ], [ 8745775.87980292737484, 1978366.523593190591782 ], [ 8745775.87980292737484, 1978366.822018262697384 ], [ 8745776.178439859300852, 1978366.822018262697384 ], [ 8745776.178439859300852, 1978368.015718550654128 ], [ 8745776.477076791226864, 1978368.015718550654128 ], [ 8745776.477076791226864, 1978368.612568694865331 ], [ 8745776.775713723152876, 1978368.612568694865331 ], [ 8745776.775713723152876, 1978370.403119127033278 ], [ 8745777.074350655078888, 1978370.403119127033278 ], [ 8745777.074350655078888, 1978371.596819415222853 ], [ 8745777.3729875870049, 1978371.596819415222853 ], [ 8745777.3729875870049, 1978372.790519703412428 ], [ 8745777.671624518930912, 1978372.790519703412428 ], [ 8745777.671624518930912, 1978373.387369847390801 ], [ 8745777.970261450856924, 1978373.387369847390801 ], [ 8745777.970261450856924, 1978373.685794919496402 ], [ 8745778.268898382782936, 1978373.685794919496402 ], [ 8745778.268898382782936, 1978374.282645063707605 ], [ 8745778.567535314708948, 1978374.282645063707605 ], [ 8745778.567535314708948, 1978374.879495207685977 ], [ 8745778.268898382782936, 1978374.879495207685977 ], [ 8745778.268898382782936, 1978375.774770423769951 ], [ 8745777.970261450856924, 1978375.774770423769951 ], [ 8745777.970261450856924, 1978376.371620567981154 ], [ 8745776.178439859300852, 1978376.371620567981154 ], [ 8745776.178439859300852, 1978376.670045639853925 ], [ 8745775.581165995448828, 1978376.670045639853925 ], [ 8745775.581165995448828, 1978376.968470711959526 ], [ 8745775.282529063522816, 1978376.968470711959526 ], [ 8745775.282529063522816, 1978377.266895784065127 ], [ 8745774.685255199670792, 1978377.266895784065127 ], [ 8745774.685255199670792, 1978377.565320856170729 ], [ 8745773.789344403892756, 1978377.565320856170729 ], [ 8745773.789344403892756, 1978377.266895784065127 ], [ 8745773.490707471966743, 1978377.266895784065127 ], [ 8745773.490707471966743, 1978376.670045639853925 ], [ 8745773.192070541903377, 1978376.670045639853925 ], [ 8745773.192070541903377, 1978376.073195495875552 ], [ 8745772.893433609977365, 1978376.073195495875552 ], [ 8745772.893433609977365, 1978375.774770423769951 ], [ 8745772.594796678051353, 1978375.774770423769951 ], [ 8745772.594796678051353, 1978376.371620567981154 ], [ 8745772.893433609977365, 1978376.371620567981154 ], [ 8745772.893433609977365, 1978376.968470711959526 ], [ 8745773.192070541903377, 1978376.968470711959526 ], [ 8745773.192070541903377, 1978378.759021144127473 ], [ 8745772.893433609977365, 1978378.759021144127473 ], [ 8745772.893433609977365, 1978379.057446216233075 ], [ 8745771.997522814199328, 1978379.057446216233075 ], [ 8745771.997522814199328, 1978379.355871288338676 ], [ 8745769.30979042686522, 1978379.355871288338676 ], [ 8745769.30979042686522, 1978379.057446216233075 ], [ 8745768.712516563013196, 1978379.057446216233075 ], [ 8745768.712516563013196, 1978379.355871288338676 ], [ 8745767.517968837171793, 1978379.355871288338676 ], [ 8745767.517968837171793, 1978379.654296360444278 ], [ 8745766.024784177541733, 1978379.654296360444278 ], [ 8745766.024784177541733, 1978379.952721432317048 ], [ 8745765.128873381763697, 1978379.952721432317048 ], [ 8745765.128873381763697, 1978380.25114650442265 ], [ 8745763.635688722133636, 1978380.25114650442265 ] ], [ [ 8745772.29615974612534, 1978375.177920279791579 ], [ 8745772.594796678051353, 1978375.177920279791579 ], [ 8745772.594796678051353, 1978374.581070135580376 ], [ 8745772.29615974612534, 1978374.581070135580376 ], [ 8745772.29615974612534, 1978375.177920279791579 ] ], [ [ 8745771.997522814199328, 1978373.984219991602004 ], [ 8745772.29615974612534, 1978373.984219991602004 ], [ 8745772.29615974612534, 1978373.685794919496402 ], [ 8745771.997522814199328, 1978373.685794919496402 ], [ 8745771.997522814199328, 1978373.984219991602004 ] ], [ [ 8745771.698885882273316, 1978372.790519703412428 ], [ 8745771.997522814199328, 1978372.790519703412428 ], [ 8745771.997522814199328, 1978372.193669559434056 ], [ 8745771.698885882273316, 1978372.193669559434056 ], [ 8745771.698885882273316, 1978372.790519703412428 ] ], [ [ 8745771.400248950347304, 1978371.596819415222853 ], [ 8745771.698885882273316, 1978371.596819415222853 ], [ 8745771.698885882273316, 1978370.999969271244481 ], [ 8745771.400248950347304, 1978370.999969271244481 ], [ 8745771.400248950347304, 1978371.596819415222853 ] ], [ [ 8745771.101612018421292, 1978370.403119127033278 ], [ 8745771.400248950347304, 1978370.403119127033278 ], [ 8745771.400248950347304, 1978369.806268983054906 ], [ 8745771.101612018421292, 1978369.806268983054906 ], [ 8745771.101612018421292, 1978370.403119127033278 ] ], [ [ 8745770.80297508649528, 1978369.209418838843703 ], [ 8745771.101612018421292, 1978369.209418838843703 ], [ 8745771.101612018421292, 1978368.612568694865331 ], [ 8745770.80297508649528, 1978368.612568694865331 ], [ 8745770.80297508649528, 1978369.209418838843703 ] ] ] } },
{ "type": "Feature", "properties": { "value": 255.0 }, "geometry": { "type": "Polygon", "coordinates": [ [ [ 8745749.002479063346982, 1978365.329892902402207 ], [ 8745749.002479063346982, 1978359.062966389581561 ], [ 8745749.599752927199006, 1978359.062966389581561 ], [ 8745749.599752927199006, 1978358.76454131747596 ], [ 8745750.495663722977042, 1978358.76454131747596 ], [ 8745750.495663722977042, 1978358.466116245370358 ], [ 8745750.794300654903054, 1978358.466116245370358 ], [ 8745750.794300654903054, 1978358.167691173497587 ], [ 8745751.092937586829066, 1978358.167691173497587 ], [ 8745751.092937586829066, 1978357.869266101391986 ], [ 8745751.391574518755078, 1978357.869266101391986 ], [ 8745751.391574518755078, 1978357.570841029286385 ], [ 8745751.69021145068109, 1978357.570841029286385 ], [ 8745751.69021145068109, 1978357.272415957413614 ], [ 8745751.988848380744457, 1978357.272415957413614 ], [ 8745751.988848380744457, 1978356.973990885308012 ], [ 8745752.586122244596481, 1978356.973990885308012 ], [ 8745752.586122244596481, 1978356.675565813202411 ], [ 8745756.468402359634638, 1978356.675565813202411 ], [ 8745756.468402359634638, 1978356.973990885308012 ], [ 8745756.76703929156065, 1978356.973990885308012 ], [ 8745756.76703929156065, 1978357.272415957413614 ], [ 8745757.065676223486662, 1978357.272415957413614 ], [ 8745757.065676223486662, 1978357.570841029286385 ], [ 8745757.364313153550029, 1978357.570841029286385 ], [ 8745757.364313153550029, 1978357.869266101391986 ], [ 8745757.662950085476041, 1978357.869266101391986 ], [ 8745757.662950085476041, 1978358.466116245370358 ], [ 8745757.961587017402053, 1978358.466116245370358 ], [ 8745757.961587017402053, 1978360.853516821749508 ], [ 8745758.260223949328065, 1978360.853516821749508 ], [ 8745758.260223949328065, 1978362.942492326023057 ], [ 8745757.961587017402053, 1978362.942492326023057 ], [ 8745757.961587017402053, 1978363.53934247023426 ], [ 8745757.662950085476041, 1978363.53934247023426 ], [ 8745757.662950085476041, 1978363.837767542107031 ], [ 8745756.76703929156065, 1978363.837767542107031 ], [ 8745756.76703929156065, 1978364.136192614212632 ], [ 8745754.676580768078566, 1978364.136192614212632 ], [ 8745754.676580768078566, 1978364.434617686318234 ], [ 8745752.586122244596481, 1978364.434617686318234 ], [ 8745752.586122244596481, 1978364.733042758423835 ], [ 8745751.69021145068109, 1978364.733042758423835 ], [ 8745751.69021145068109, 1978365.031467830296606 ], [ 8745749.898389859125018, 1978365.031467830296606 ], [ 8745749.898389859125018, 1978365.329892902402207 ], [ 8745749.002479063346982, 1978365.329892902402207 ] ] ] } },
{ "type": "Feature", "properties": { "value": 255.0 }, "geometry": { "type": "Polygon", "coordinates": [ [ [ 8746034.499385885894299, 1978390.099173881812021 ], [ 8746034.499385885894299, 1978389.80074880970642 ], [ 8746034.200748953968287, 1978389.80074880970642 ], [ 8746034.200748953968287, 1978389.502323737600818 ], [ 8746033.902112022042274, 1978389.502323737600818 ], [ 8746033.902112022042274, 1978388.905473593622446 ], [ 8746033.603475090116262, 1978388.905473593622446 ], [ 8746033.603475090116262, 1978387.711773305432871 ], [ 8746033.30483815819025, 1978387.711773305432871 ], [ 8746033.30483815819025, 1978386.518073017243296 ], [ 8746033.006201226264238, 1978386.518073017243296 ], [ 8746033.006201226264238, 1978385.324372729053721 ], [ 8746032.707564294338226, 1978385.324372729053721 ], [ 8746032.707564294338226, 1978384.429097512969747 ], [ 8746032.408927362412214, 1978384.429097512969747 ], [ 8746032.408927362412214, 1978382.936972152907401 ], [ 8746031.81165349856019, 1978382.936972152907401 ], [ 8746031.81165349856019, 1978382.6385470808018 ], [ 8746031.513016566634178, 1978382.6385470808018 ], [ 8746031.513016566634178, 1978382.340122008696198 ], [ 8746031.214379636570811, 1978382.340122008696198 ], [ 8746031.214379636570811, 1978381.146421720506623 ], [ 8746030.915742704644799, 1978381.146421720506623 ], [ 8746030.915742704644799, 1978380.25114650442265 ], [ 8746030.617105772718787, 1978380.25114650442265 ], [ 8746030.617105772718787, 1978379.355871288338676 ], [ 8746030.318468840792775, 1978379.355871288338676 ], [ 8746030.318468840792775, 1978377.8637459280435 ], [ 8746030.019831908866763, 1978377.8637459280435 ], [ 8746030.019831908866763, 1978375.47634535189718 ], [ 8746029.721194976940751, 1978375.47634535189718 ], [ 8746029.721194976940751, 1978374.282645063707605 ], [ 8746029.422558045014739, 1978374.282645063707605 ], [ 8746029.422558045014739, 1978372.492094631306827 ], [ 8746029.123921113088727, 1978372.492094631306827 ], [ 8746029.123921113088727, 1978370.70154419913888 ], [ 8746028.825284181162715, 1978370.70154419913888 ], [ 8746028.825284181162715, 1978369.209418838843703 ], [ 8746029.123921113088727, 1978369.209418838843703 ], [ 8746029.123921113088727, 1978368.015718550654128 ], [ 8746029.422558045014739, 1978368.015718550654128 ], [ 8746029.422558045014739, 1978367.717293478781357 ], [ 8746029.721194976940751, 1978367.717293478781357 ], [ 8746029.721194976940751, 1978367.418868406675756 ], [ 8746030.019831908866763, 1978367.418868406675756 ], [ 8746030.019831908866763, 1978367.120443334570155 ], [ 8746030.617105772718787, 1978367.120443334570155 ], [ 8746030.617105772718787, 1978366.822018262697384 ], [ 8746033.006201226264238, 1978366.822018262697384 ], [ 8746033.006201226264238, 1978367.120443334570155 ], [ 8746033.603475090116262, 1978367.120443334570155 ], [ 8746033.603475090116262, 1978367.717293478781357 ], [ 8746033.902112022042274, 1978367.717293478781357 ], [ 8746033.902112022042274, 1978368.015718550654128 ], [ 8746034.200748953968287, 1978368.015718550654128 ], [ 8746034.200748953968287, 1978367.418868406675756 ], [ 8746033.902112022042274, 1978367.418868406675756 ], [ 8746033.902112022042274, 1978366.822018262697384 ], [ 8746033.603475090116262, 1978366.822018262697384 ], [ 8746033.603475090116262, 1978365.926743046380579 ], [ 8746033.30483815819025, 1978365.926743046380579 ], [ 8746033.30483815819025, 1978365.031467830296606 ], [ 8746033.006201226264238, 1978365.031467830296606 ], [ 8746033.006201226264238, 1978364.136192614212632 ], [ 8746032.707564294338226, 1978364.136192614212632 ], [ 8746032.707564294338226, 1978363.240917398128659 ], [ 8746032.408927362412214, 1978363.240917398128659 ], [ 8746032.408927362412214, 1978362.047217109939083 ], [ 8746032.110290430486202, 1978362.047217109939083 ], [ 8746032.110290430486202, 1978361.450366965960711 ], [ 8746032.408927362412214, 1978361.450366965960711 ], [ 8746032.408927362412214, 1978360.555091749643907 ], [ 8746032.707564294338226, 1978360.555091749643907 ], [ 8746032.707564294338226, 1978359.958241605665535 ], [ 8746033.006201226264238, 1978359.958241605665535 ], [ 8746033.006201226264238, 1978359.361391461687163 ], [ 8746033.30483815819025, 1978359.361391461687163 ], [ 8746033.30483815819025, 1978359.062966389581561 ], [ 8746033.603475090116262, 1978359.062966389581561 ], [ 8746033.603475090116262, 1978358.76454131747596 ], [ 8746033.902112022042274, 1978358.76454131747596 ], [ 8746033.902112022042274, 1978358.466116245370358 ], [ 8746034.499385885894299, 1978358.466116245370358 ], [ 8746034.499385885894299, 1978358.167691173497587 ], [ 8746035.395296681672335, 1978358.167691173497587 ], [ 8746035.395296681672335, 1978357.869266101391986 ], [ 8746036.291207477450371, 1978357.869266101391986 ], [ 8746036.291207477450371, 1978357.570841029286385 ], [ 8746036.88848133943975, 1978357.570841029286385 ], [ 8746036.88848133943975, 1978357.272415957413614 ], [ 8746037.485755203291774, 1978357.272415957413614 ], [ 8746037.485755203291774, 1978356.973990885308012 ], [ 8746038.38166599906981, 1978356.973990885308012 ], [ 8746038.38166599906981, 1978356.675565813202411 ], [ 8746038.978939862921834, 1978356.675565813202411 ], [ 8746038.978939862921834, 1978356.37714074109681 ], [ 8746039.576213726773858, 1978356.37714074109681 ], [ 8746039.576213726773858, 1978356.078715669224039 ], [ 8746043.757130771875381, 1978356.078715669224039 ], [ 8746043.757130771875381, 1978356.37714074109681 ], [ 8746044.055767703801394, 1978356.37714074109681 ], [ 8746044.055767703801394, 1978356.675565813202411 ], [ 8746044.354404635727406, 1978356.675565813202411 ], [ 8746044.354404635727406, 1978356.973990885308012 ], [ 8746044.653041567653418, 1978356.973990885308012 ], [ 8746044.653041567653418, 1978357.869266101391986 ], [ 8746044.95167849957943, 1978357.869266101391986 ], [ 8746044.95167849957943, 1978358.466116245370358 ], [ 8746045.250315431505442, 1978358.466116245370358 ], [ 8746045.250315431505442, 1978359.361391461687163 ], [ 8746045.548952363431454, 1978359.361391461687163 ], [ 8746045.548952363431454, 1978360.256666677771136 ], [ 8746045.847589295357466, 1978360.256666677771136 ], [ 8746045.847589295357466, 1978361.15194189385511 ], [ 8746046.146226227283478, 1978361.15194189385511 ], [ 8746046.146226227283478, 1978362.047217109939083 ], [ 8746046.44486315920949, 1978362.047217109939083 ], [ 8746046.44486315920949, 1978362.942492326023057 ], [ 8746046.743500091135502, 1978362.942492326023057 ], [ 8746046.743500091135502, 1978364.434617686318234 ], [ 8746047.042137023061514, 1978364.434617686318234 ], [ 8746047.042137023061514, 1978366.225168118486181 ], [ 8746046.743500091135502, 1978366.225168118486181 ], [ 8746046.743500091135502, 1978366.822018262697384 ], [ 8746046.44486315920949, 1978366.822018262697384 ], [ 8746046.44486315920949, 1978367.120443334570155 ], [ 8746046.146226227283478, 1978367.120443334570155 ], [ 8746046.146226227283478, 1978367.418868406675756 ], [ 8746045.847589295357466, 1978367.418868406675756 ], [ 8746045.847589295357466, 1978367.717293478781357 ], [ 8746045.548952363431454, 1978367.717293478781357 ], [ 8746045.548952363431454, 1978368.015718550654128 ], [ 8746045.250315431505442, 1978368.015718550654128 ], [ 8746045.250315431505442, 1978368.31414362275973 ], [ 8746044.95167849957943, 1978368.31414362275973 ], [ 8746044.95167849957943, 1978368.612568694865331 ], [ 8746044.354404635727406, 1978368.612568694865331 ], [ 8746044.354404635727406, 1978368.910993766970932 ], [ 8746043.757130771875381, 1978368.910993766970932 ], [ 8746043.757130771875381, 1978369.209418838843703 ], [ 8746042.861219976097345, 1978369.209418838843703 ], [ 8746042.861219976097345, 1978369.507843910949305 ], [ 8746041.965309182181954, 1978369.507843910949305 ], [ 8746041.965309182181954, 1978369.806268983054906 ], [ 8746041.069398386403918, 1978369.806268983054906 ], [ 8746041.069398386403918, 1978370.104694055160508 ], [ 8746040.173487590625882, 1978370.104694055160508 ], [ 8746040.173487590625882, 1978370.403119127033278 ], [ 8746039.576213726773858, 1978370.403119127033278 ], [ 8746039.576213726773858, 1978370.70154419913888 ], [ 8746038.680302930995822, 1978370.70154419913888 ], [ 8746038.680302930995822, 1978370.999969271244481 ], [ 8746038.083029067143798, 1978370.999969271244481 ], [ 8746038.083029067143798, 1978371.298394343117252 ], [ 8746037.187118271365762, 1978371.298394343117252 ], [ 8746037.187118271365762, 1978371.596819415222853 ], [ 8746035.693933613598347, 1978371.596819415222853 ], [ 8746035.693933613598347, 1978371.298394343117252 ], [ 8746035.395296681672335, 1978371.298394343117252 ], [ 8746035.395296681672335, 1978370.999969271244481 ], [ 8746035.096659749746323, 1978370.999969271244481 ], [ 8746035.096659749746323, 1978369.806268983054906 ], [ 8746034.798022817820311, 1978369.806268983054906 ], [ 8746034.798022817820311, 1978371.298394343117252 ], [ 8746035.096659749746323, 1978371.298394343117252 ], [ 8746035.096659749746323, 1978371.895244487328455 ], [ 8746035.395296681672335, 1978371.895244487328455 ], [ 8746035.395296681672335, 1978373.984219991602004 ], [ 8746035.693933613598347, 1978373.984219991602004 ], [ 8746035.693933613598347, 1978374.581070135580376 ], [ 8746036.291207477450371, 1978374.581070135580376 ], [ 8746036.291207477450371, 1978374.282645063707605 ], [ 8746037.187118271365762, 1978374.282645063707605 ], [ 8746037.187118271365762, 1978373.984219991602004 ], [ 8746037.784392135217786, 1978373.984219991602004 ], [ 8746037.784392135217786, 1978373.685794919496402 ], [ 8746038.680302930995822, 1978373.685794919496402 ], [ 8746038.680302930995822, 1978373.387369847390801 ], [ 8746039.87485065869987, 1978373.387369847390801 ], [ 8746039.87485065869987, 1978373.08894477551803 ], [ 8746041.069398386403918, 1978373.08894477551803 ], [ 8746041.069398386403918, 1978373.387369847390801 ], [ 8746041.36803531832993, 1978373.387369847390801 ], [ 8746041.36803531832993, 1978373.984219991602004 ], [ 8746041.666672250255942, 1978373.984219991602004 ], [ 8746041.666672250255942, 1978374.879495207685977 ], [ 8746041.965309182181954, 1978374.879495207685977 ], [ 8746041.965309182181954, 1978379.654296360444278 ], [ 8746042.263946112245321, 1978379.654296360444278 ], [ 8746042.263946112245321, 1978380.847996648633853 ], [ 8746042.562583044171333, 1978380.847996648633853 ], [ 8746042.562583044171333, 1978382.340122008696198 ], [ 8746042.263946112245321, 1978382.340122008696198 ], [ 8746042.263946112245321, 1978383.235397224780172 ], [ 8746042.562583044171333, 1978383.235397224780172 ], [ 8746042.562583044171333, 1978385.622797801159322 ], [ 8746042.861219976097345, 1978385.622797801159322 ], [ 8746042.861219976097345, 1978388.308623449644074 ], [ 8746042.562583044171333, 1978388.308623449644074 ], [ 8746042.562583044171333, 1978389.502323737600818 ], [ 8746042.263946112245321, 1978389.502323737600818 ], [ 8746042.263946112245321, 1978389.80074880970642 ], [ 8746041.36803531832993, 1978389.80074880970642 ], [ 8746041.36803531832993, 1978389.502323737600818 ], [ 8746040.472124522551894, 1978389.502323737600818 ], [ 8746040.472124522551894, 1978389.203898665728047 ], [ 8746039.277576794847846, 1978389.203898665728047 ], [ 8746039.277576794847846, 1978389.502323737600818 ], [ 8746037.187118271365762, 1978389.502323737600818 ], [ 8746037.187118271365762, 1978389.80074880970642 ], [ 8746035.096659749746323, 1978389.80074880970642 ], [ 8746035.096659749746323, 1978390.099173881812021 ], [ 8746034.499385885894299, 1978390.099173881812021 ] ], [ [ 8746034.499385885894299, 1978369.806268983054906 ], [ 8746034.798022817820311, 1978369.806268983054906 ], [ 8746034.798022817820311, 1978368.910993766970932 ], [ 8746034.499385885894299, 1978368.910993766970932 ], [ 8746034.499385885894299, 1978369.806268983054906 ] ], [ [ 8746034.200748953968287, 1978368.612568694865331 ], [ 8746034.499385885894299, 1978368.612568694865331 ], [ 8746034.499385885894299, 1978368.015718550654128 ], [ 8746034.200748953968287, 1978368.015718550654128 ], [ 8746034.200748953968287, 1978368.612568694865331 ] ] ] } },
{ "type": "Feature", "properties": { "value": 255.0 }, "geometry": { "type": "Polygon", "coordinates": [ [ [ 8745923.107810316607356, 1978367.418868406675756 ], [ 8745923.107810316607356, 1978367.120443334570155 ], [ 8745922.809173384681344, 1978367.120443334570155 ], [ 8745922.809173384681344, 1978366.822018262697384 ], [ 8745922.510536452755332, 1978366.822018262697384 ], [ 8745922.510536452755332, 1978365.628317974507809 ], [ 8745922.21189952082932, 1978365.628317974507809 ], [ 8745922.21189952082932, 1978363.240917398128659 ], [ 8745921.913262588903308, 1978363.240917398128659 ], [ 8745921.913262588903308, 1978362.047217109939083 ], [ 8745921.614625656977296, 1978362.047217109939083 ], [ 8745921.614625656977296, 1978360.853516821749508 ], [ 8745921.315988725051284, 1978360.853516821749508 ], [ 8745921.315988725051284, 1978360.256666677771136 ], [ 8745921.017351793125272, 1978360.256666677771136 ], [ 8745921.017351793125272, 1978359.659816533559933 ], [ 8745920.420077929273248, 1978359.659816533559933 ], [ 8745920.420077929273248, 1978359.361391461687163 ], [ 8745920.121440997347236, 1978359.361391461687163 ], [ 8745920.121440997347236, 1978359.062966389581561 ], [ 8745919.822804065421224, 1978359.062966389581561 ], [ 8745919.822804065421224, 1978356.37714074109681 ], [ 8745920.121440997347236, 1978356.37714074109681 ], [ 8745920.121440997347236, 1978355.481865525012836 ], [ 8745920.420077929273248, 1978355.481865525012836 ], [ 8745920.420077929273248, 1978354.885015381034464 ], [ 8745920.71871486119926, 1978354.885015381034464 ], [ 8745920.71871486119926, 1978354.586590308928862 ], [ 8745921.913262588903308, 1978354.586590308928862 ], [ 8745921.913262588903308, 1978354.288165236823261 ], [ 8745926.392816565930843, 1978354.288165236823261 ], [ 8745926.392816565930843, 1978354.885015381034464 ], [ 8745926.691453497856855, 1978354.885015381034464 ], [ 8745926.691453497856855, 1978359.659816533559933 ], [ 8745926.990090429782867, 1978359.659816533559933 ], [ 8745926.990090429782867, 1978366.225168118486181 ], [ 8745927.288727361708879, 1978366.225168118486181 ], [ 8745927.288727361708879, 1978367.120443334570155 ], [ 8745926.691453497856855, 1978367.120443334570155 ], [ 8745926.691453497856855, 1978367.418868406675756 ], [ 8745923.107810316607356, 1978367.418868406675756 ] ] ] } },
{ "type": "Feature", "properties": { "value": 255.0 }, "geometry": { "type": "Polygon", "coordinates": [ [ [ 8745800.069394405931234, 1978359.062966389581561 ], [ 8745800.069394405931234, 1978358.76454131747596 ], [ 8745799.770757474005222, 1978358.76454131747596 ], [ 8745799.770757474005222, 1978357.869266101391986 ], [ 8745799.47212054207921, 1978357.869266101391986 ], [ 8745799.47212054207921, 1978356.675565813202411 ], [ 8745799.173483610153198, 1978356.675565813202411 ], [ 8745799.173483610153198, 1978354.288165236823261 ], [ 8745799.47212054207921, 1978354.288165236823261 ], [ 8745799.47212054207921, 1978353.98974016495049 ], [ 8745800.069394405931234, 1978353.98974016495049 ], [ 8745800.069394405931234, 1978353.691315092844889 ], [ 8745800.965305199846625, 1978353.691315092844889 ], [ 8745800.965305199846625, 1978353.392890020739287 ], [ 8745802.159852927550673, 1978353.392890020739287 ], [ 8745802.159852927550673, 1978353.094464948633686 ], [ 8745803.653037587180734, 1978353.094464948633686 ], [ 8745803.653037587180734, 1978352.796039876760915 ], [ 8745805.743496108800173, 1978352.796039876760915 ], [ 8745805.743496108800173, 1978352.497614804655313 ], [ 8745806.938043836504221, 1978352.497614804655313 ], [ 8745806.938043836504221, 1978352.796039876760915 ], [ 8745807.236680768430233, 1978352.796039876760915 ], [ 8745807.236680768430233, 1978353.094464948633686 ], [ 8745807.535317700356245, 1978353.094464948633686 ], [ 8745807.535317700356245, 1978356.973990885308012 ], [ 8745807.236680768430233, 1978356.973990885308012 ], [ 8745807.236680768430233, 1978357.272415957413614 ], [ 8745806.938043836504221, 1978357.272415957413614 ], [ 8745806.938043836504221, 1978357.570841029286385 ], [ 8745806.340769972652197, 1978357.570841029286385 ], [ 8745806.340769972652197, 1978357.869266101391986 ], [ 8745805.444859178736806, 1978357.869266101391986 ], [ 8745805.444859178736806, 1978358.167691173497587 ], [ 8745804.54894838295877, 1978358.167691173497587 ], [ 8745804.54894838295877, 1978358.466116245370358 ], [ 8745803.951674519106746, 1978358.466116245370358 ], [ 8745803.951674519106746, 1978358.76454131747596 ], [ 8745803.05576372332871, 1978358.76454131747596 ], [ 8745803.05576372332871, 1978359.062966389581561 ], [ 8745800.069394405931234, 1978359.062966389581561 ] ] ] } },
{ "type": "Feature", "properties": { "value": 255.0 }, "geometry": { "type": "Polygon", "coordinates": [ [ [ 8745854.122679064050317, 1978359.361391461687163 ], [ 8745854.122679064050317, 1978359.062966389581561 ], [ 8745853.525405202060938, 1978359.062966389581561 ], [ 8745853.525405202060938, 1978358.76454131747596 ], [ 8745853.226768270134926, 1978358.76454131747596 ], [ 8745853.226768270134926, 1978358.167691173497587 ], [ 8745852.928131338208914, 1978358.167691173497587 ], [ 8745852.928131338208914, 1978356.078715669224039 ], [ 8745852.629494406282902, 1978356.078715669224039 ], [ 8745852.629494406282902, 1978353.691315092844889 ], [ 8745853.226768270134926, 1978353.691315092844889 ], [ 8745853.226768270134926, 1978353.392890020739287 ], [ 8745854.122679064050317, 1978353.392890020739287 ], [ 8745854.122679064050317, 1978353.094464948633686 ], [ 8745855.615863723680377, 1978353.094464948633686 ], [ 8745855.615863723680377, 1978352.796039876760915 ], [ 8745857.407685315236449, 1978352.796039876760915 ], [ 8745857.407685315236449, 1978352.497614804655313 ], [ 8745859.498143836855888, 1978352.497614804655313 ], [ 8745859.498143836855888, 1978352.199189732549712 ], [ 8745863.679060883820057, 1978352.199189732549712 ], [ 8745863.679060883820057, 1978351.900764660676941 ], [ 8745865.769519405439496, 1978351.900764660676941 ], [ 8745865.769519405439496, 1978352.199189732549712 ], [ 8745866.964067133143544, 1978352.199189732549712 ], [ 8745866.964067133143544, 1978352.497614804655313 ], [ 8745867.262704065069556, 1978352.497614804655313 ], [ 8745867.262704065069556, 1978352.796039876760915 ], [ 8745867.561340996995568, 1978352.796039876760915 ], [ 8745867.561340996995568, 1978353.691315092844889 ], [ 8745867.85997792892158, 1978353.691315092844889 ], [ 8745867.85997792892158, 1978354.885015381034464 ], [ 8745868.158614860847592, 1978354.885015381034464 ], [ 8745868.158614860847592, 1978356.973990885308012 ], [ 8745867.85997792892158, 1978356.973990885308012 ], [ 8745867.85997792892158, 1978357.570841029286385 ], [ 8745867.561340996995568, 1978357.570841029286385 ], [ 8745867.561340996995568, 1978357.869266101391986 ], [ 8745866.964067133143544, 1978357.869266101391986 ], [ 8745866.964067133143544, 1978358.167691173497587 ], [ 8745865.769519405439496, 1978358.167691173497587 ], [ 8745865.769519405439496, 1978358.466116245370358 ], [ 8745864.276334747672081, 1978358.466116245370358 ], [ 8745864.276334747672081, 1978358.76454131747596 ], [ 8745859.498143836855888, 1978358.76454131747596 ], [ 8745859.498143836855888, 1978359.062966389581561 ], [ 8745857.407685315236449, 1978359.062966389581561 ], [ 8745857.407685315236449, 1978359.361391461687163 ], [ 8745854.122679064050317, 1978359.361391461687163 ] ] ] } },
{ "type": "Feature", "properties": { "value": 255.0 }, "geometry": { "type": "Polygon", "coordinates": [ [ [ 8745887.271378496661782, 1978359.659816533559933 ], [ 8745887.271378496661782, 1978359.361391461687163 ], [ 8745886.674104632809758, 1978359.361391461687163 ], [ 8745886.674104632809758, 1978356.078715669224039 ], [ 8745886.375467700883746, 1978356.078715669224039 ], [ 8745886.375467700883746, 1978354.586590308928862 ], [ 8745886.674104632809758, 1978354.586590308928862 ], [ 8745886.674104632809758, 1978352.199189732549712 ], [ 8745886.97274156473577, 1978352.199189732549712 ], [ 8745886.97274156473577, 1978351.60233958857134 ], [ 8745889.063200088217854, 1978351.60233958857134 ], [ 8745889.063200088217854, 1978351.303914516465738 ], [ 8745892.945480201393366, 1978351.303914516465738 ], [ 8745892.945480201393366, 1978351.005489444360137 ], [ 8745896.52912338450551, 1978351.005489444360137 ], [ 8745896.52912338450551, 1978350.707064372487366 ], [ 8745897.723671110346913, 1978350.707064372487366 ], [ 8745897.723671110346913, 1978351.005489444360137 ], [ 8745898.320944974198937, 1978351.005489444360137 ], [ 8745898.320944974198937, 1978351.60233958857134 ], [ 8745898.619581906124949, 1978351.60233958857134 ], [ 8745898.619581906124949, 1978352.199189732549712 ], [ 8745898.918218838050961, 1978352.199189732549712 ], [ 8745898.918218838050961, 1978353.691315092844889 ], [ 8745899.216855769976974, 1978353.691315092844889 ], [ 8745899.216855769976974, 1978355.481865525012836 ], [ 8745899.515492701902986, 1978355.481865525012836 ], [ 8745899.515492701902986, 1978357.272415957413614 ], [ 8745899.814129633828998, 1978357.272415957413614 ], [ 8745899.814129633828998, 1978358.466116245370358 ], [ 8745899.515492701902986, 1978358.466116245370358 ], [ 8745899.515492701902986, 1978358.76454131747596 ], [ 8745898.320944974198937, 1978358.76454131747596 ], [ 8745898.320944974198937, 1978359.062966389581561 ], [ 8745895.03593872487545, 1978359.062966389581561 ], [ 8745895.03593872487545, 1978359.361391461687163 ], [ 8745889.959110883995891, 1978359.361391461687163 ], [ 8745889.959110883995891, 1978359.659816533559933 ], [ 8745887.271378496661782, 1978359.659816533559933 ] ] ] } },
{ "type": "Feature", "properties": { "value": 255.0 }, "geometry": { "type": "Polygon", "coordinates": [ [ [ 8746021.657997816801071, 1978358.466116245370358 ], [ 8746021.657997816801071, 1978358.167691173497587 ], [ 8746021.060723952949047, 1978358.167691173497587 ], [ 8746021.060723952949047, 1978357.869266101391986 ], [ 8746020.762087021023035, 1978357.869266101391986 ], [ 8746020.762087021023035, 1978356.078715669224039 ], [ 8746020.463450090959668, 1978356.078715669224039 ], [ 8746020.463450090959668, 1978353.98974016495049 ], [ 8746020.164813159033656, 1978353.98974016495049 ], [ 8746020.164813159033656, 1978351.60233958857134 ], [ 8746019.866176227107644, 1978351.60233958857134 ], [ 8746019.866176227107644, 1978349.811789156170562 ], [ 8746019.567539295181632, 1978349.811789156170562 ], [ 8746019.567539295181632, 1978348.916513940086588 ], [ 8746019.866176227107644, 1978348.916513940086588 ], [ 8746019.866176227107644, 1978348.319663796108216 ], [ 8746021.060723952949047, 1978348.319663796108216 ], [ 8746021.060723952949047, 1978348.021238724002615 ], [ 8746023.449819408357143, 1978348.021238724002615 ], [ 8746023.449819408357143, 1978348.319663796108216 ], [ 8746023.748456340283155, 1978348.319663796108216 ], [ 8746023.748456340283155, 1978350.408639300381765 ], [ 8746024.047093272209167, 1978350.408639300381765 ], [ 8746024.047093272209167, 1978351.005489444360137 ], [ 8746024.644367136061192, 1978351.005489444360137 ], [ 8746024.644367136061192, 1978351.303914516465738 ], [ 8746024.943004067987204, 1978351.303914516465738 ], [ 8746024.943004067987204, 1978351.60233958857134 ], [ 8746025.540277931839228, 1978351.60233958857134 ], [ 8746025.540277931839228, 1978352.199189732549712 ], [ 8746025.83891486376524, 1978352.199189732549712 ], [ 8746025.83891486376524, 1978353.094464948633686 ], [ 8746026.137551793828607, 1978353.094464948633686 ], [ 8746026.137551793828607, 1978353.98974016495049 ], [ 8746026.436188725754619, 1978353.98974016495049 ], [ 8746026.436188725754619, 1978354.586590308928862 ], [ 8746026.734825657680631, 1978354.586590308928862 ], [ 8746026.734825657680631, 1978355.481865525012836 ], [ 8746027.033462589606643, 1978355.481865525012836 ], [ 8746027.033462589606643, 1978356.078715669224039 ], [ 8746027.332099521532655, 1978356.078715669224039 ], [ 8746027.332099521532655, 1978357.272415957413614 ], [ 8746027.033462589606643, 1978357.272415957413614 ], [ 8746027.033462589606643, 1978357.570841029286385 ], [ 8746026.137551793828607, 1978357.570841029286385 ], [ 8746026.137551793828607, 1978357.869266101391986 ], [ 8746023.748456340283155, 1978357.869266101391986 ], [ 8746023.748456340283155, 1978358.167691173497587 ], [ 8746022.255271680653095, 1978358.167691173497587 ], [ 8746022.255271680653095, 1978358.466116245370358 ], [ 8746021.657997816801071, 1978358.466116245370358 ] ] ] } },
{ "type": "Feature", "properties": { "value": 255.0 }, "geometry": { "type": "Polygon", "coordinates": [ [ [ 8746047.340773954987526, 1978364.136192614212632 ], [ 8746047.340773954987526, 1978363.837767542107031 ], [ 8746047.042137023061514, 1978363.837767542107031 ], [ 8746047.042137023061514, 1978362.942492326023057 ], [ 8746046.743500091135502, 1978362.942492326023057 ], [ 8746046.743500091135502, 1978362.047217109939083 ], [ 8746046.44486315920949, 1978362.047217109939083 ], [ 8746046.44486315920949, 1978361.15194189385511 ], [ 8746046.146226227283478, 1978361.15194189385511 ], [ 8746046.146226227283478, 1978360.256666677771136 ], [ 8746045.847589295357466, 1978360.256666677771136 ], [ 8746045.847589295357466, 1978358.76454131747596 ], [ 8746046.44486315920949, 1978358.76454131747596 ], [ 8746046.44486315920949, 1978358.466116245370358 ], [ 8746047.340773954987526, 1978358.466116245370358 ], [ 8746047.340773954987526, 1978358.167691173497587 ], [ 8746049.132595544680953, 1978358.167691173497587 ], [ 8746049.132595544680953, 1978357.869266101391986 ], [ 8746050.028506340458989, 1978357.869266101391986 ], [ 8746050.028506340458989, 1978357.570841029286385 ], [ 8746050.924417136237025, 1978357.570841029286385 ], [ 8746050.924417136237025, 1978357.272415957413614 ], [ 8746049.729869408532977, 1978357.272415957413614 ], [ 8746049.729869408532977, 1978356.973990885308012 ], [ 8746049.431232476606965, 1978356.973990885308012 ], [ 8746049.431232476606965, 1978356.078715669224039 ], [ 8746049.132595544680953, 1978356.078715669224039 ], [ 8746049.132595544680953, 1978355.481865525012836 ], [ 8746048.833958612754941, 1978355.481865525012836 ], [ 8746048.833958612754941, 1978354.586590308928862 ], [ 8746048.535321680828929, 1978354.586590308928862 ], [ 8746048.535321680828929, 1978353.691315092844889 ], [ 8746048.236684748902917, 1978353.691315092844889 ], [ 8746048.236684748902917, 1978351.60233958857134 ], [ 8746048.535321680828929, 1978351.60233958857134 ], [ 8746048.535321680828929, 1978351.303914516465738 ], [ 8746049.431232476606965, 1978351.303914516465738 ], [ 8746049.431232476606965, 1978351.005489444360137 ], [ 8746050.327143272385001, 1978351.005489444360137 ], [ 8746050.327143272385001, 1978350.707064372487366 ], [ 8746050.924417136237025, 1978350.707064372487366 ], [ 8746050.924417136237025, 1978350.408639300381765 ], [ 8746051.521691, 1978350.408639300381765 ], [ 8746051.521691, 1978350.110214228276163 ], [ 8746052.417601795867085, 1978350.110214228276163 ], [ 8746052.417601795867085, 1978349.811789156170562 ], [ 8746053.014875657856464, 1978349.811789156170562 ], [ 8746053.014875657856464, 1978349.513364084297791 ], [ 8746053.910786453634501, 1978349.513364084297791 ], [ 8746053.910786453634501, 1978349.21493901219219 ], [ 8746054.508060317486525, 1978349.21493901219219 ], [ 8746054.508060317486525, 1978348.916513940086588 ], [ 8746055.403971113264561, 1978348.916513940086588 ], [ 8746055.403971113264561, 1978348.618088868213817 ], [ 8746056.299881909042597, 1978348.618088868213817 ], [ 8746056.299881909042597, 1978348.319663796108216 ], [ 8746056.897155772894621, 1978348.319663796108216 ], [ 8746056.897155772894621, 1978348.021238724002615 ], [ 8746057.793066568672657, 1978348.021238724002615 ], [ 8746057.793066568672657, 1978347.722813651897013 ], [ 8746058.688977362588048, 1978347.722813651897013 ], [ 8746058.688977362588048, 1978347.424388580024242 ], [ 8746059.584888158366084, 1978347.424388580024242 ], [ 8746059.584888158366084, 1978347.125963507918641 ], [ 8746060.48079895414412, 1978347.125963507918641 ], [ 8746060.48079895414412, 1978346.82753843581304 ], [ 8746061.376709749922156, 1978346.82753843581304 ], [ 8746061.376709749922156, 1978346.529113363940269 ], [ 8746062.571257477626204, 1978346.529113363940269 ], [ 8746062.571257477626204, 1978346.82753843581304 ], [ 8746063.168531341478229, 1978346.82753843581304 ], [ 8746063.168531341478229, 1978347.125963507918641 ], [ 8746063.467168273404241, 1978347.125963507918641 ], [ 8746063.467168273404241, 1978347.722813651897013 ], [ 8746063.765805203467607, 1978347.722813651897013 ], [ 8746063.765805203467607, 1978348.021238724002615 ], [ 8746064.06444213539362, 1978348.021238724002615 ], [ 8746064.06444213539362, 1978348.319663796108216 ], [ 8746064.363079067319632, 1978348.319663796108216 ], [ 8746064.363079067319632, 1978348.618088868213817 ], [ 8746064.661715999245644, 1978348.618088868213817 ], [ 8746064.661715999245644, 1978348.916513940086588 ], [ 8746064.960352931171656, 1978348.916513940086588 ], [ 8746064.960352931171656, 1978349.513364084297791 ], [ 8746065.258989863097668, 1978349.513364084297791 ], [ 8746065.258989863097668, 1978350.110214228276163 ], [ 8746065.55762679502368, 1978350.110214228276163 ], [ 8746065.55762679502368, 1978350.707064372487366 ], [ 8746065.258989863097668, 1978350.707064372487366 ], [ 8746065.258989863097668, 1978351.005489444360137 ], [ 8746064.661715999245644, 1978351.005489444360137 ], [ 8746064.661715999245644, 1978351.303914516465738 ], [ 8746064.06444213539362, 1978351.303914516465738 ], [ 8746064.06444213539362, 1978351.60233958857134 ], [ 8746063.765805203467607, 1978351.60233958857134 ], [ 8746063.765805203467607, 1978352.199189732549712 ], [ 8746063.467168273404241, 1978352.199189732549712 ], [ 8746063.467168273404241, 1978352.497614804655313 ], [ 8746063.168531341478229, 1978352.497614804655313 ], [ 8746063.168531341478229, 1978352.796039876760915 ], [ 8746062.272620545700192, 1978352.796039876760915 ], [ 8746062.272620545700192, 1978353.094464948633686 ], [ 8746061.675346681848168, 1978353.094464948633686 ], [ 8746061.675346681848168, 1978353.392890020739287 ], [ 8746060.779435886070132, 1978353.392890020739287 ], [ 8746060.779435886070132, 1978353.691315092844889 ], [ 8746059.883525090292096, 1978353.691315092844889 ], [ 8746059.883525090292096, 1978353.98974016495049 ], [ 8746058.98761429451406, 1978353.98974016495049 ], [ 8746058.98761429451406, 1978354.288165236823261 ], [ 8746058.091703500598669, 1978354.288165236823261 ], [ 8746058.091703500598669, 1978354.586590308928862 ], [ 8746057.494429636746645, 1978354.586590308928862 ], [ 8746057.494429636746645, 1978354.885015381034464 ], [ 8746058.688977362588048, 1978354.885015381034464 ], [ 8746058.688977362588048, 1978354.586590308928862 ], [ 8746059.584888158366084, 1978354.586590308928862 ], [ 8746059.584888158366084, 1978354.288165236823261 ], [ 8746060.48079895414412, 1978354.288165236823261 ], [ 8746060.48079895414412, 1978353.98974016495049 ], [ 8746061.078072817996144, 1978353.98974016495049 ], [ 8746061.078072817996144, 1978353.691315092844889 ], [ 8746061.97398361377418, 1978353.691315092844889 ], [ 8746061.97398361377418, 1978353.392890020739287 ], [ 8746063.168531341478229, 1978353.392890020739287 ], [ 8746063.168531341478229, 1978353.094464948633686 ], [ 8746063.765805203467607, 1978353.094464948633686 ], [ 8746063.765805203467607, 1978353.392890020739287 ], [ 8746064.06444213539362, 1978353.392890020739287 ], [ 8746064.06444213539362, 1978354.586590308928862 ], [ 8746064.363079067319632, 1978354.586590308928862 ], [ 8746064.363079067319632, 1978356.37714074109681 ], [ 8746064.661715999245644, 1978356.37714074109681 ], [ 8746064.661715999245644, 1978357.272415957413614 ], [ 8746064.363079067319632, 1978357.272415957413614 ], [ 8746064.363079067319632, 1978357.869266101391986 ], [ 8746064.06444213539362, 1978357.869266101391986 ], [ 8746064.06444213539362, 1978358.167691173497587 ], [ 8746063.765805203467607, 1978358.167691173497587 ], [ 8746063.765805203467607, 1978358.466116245370358 ], [ 8746063.467168273404241, 1978358.466116245370358 ], [ 8746063.467168273404241, 1978358.76454131747596 ], [ 8746061.97398361377418, 1978358.76454131747596 ], [ 8746061.97398361377418, 1978359.062966389581561 ], [ 8746061.078072817996144, 1978359.062966389581561 ], [ 8746061.078072817996144, 1978359.361391461687163 ], [ 8746060.48079895414412, 1978359.361391461687163 ], [ 8746060.48079895414412, 1978359.659816533559933 ], [ 8746059.883525090292096, 1978359.659816533559933 ], [ 8746059.883525090292096, 1978359.958241605665535 ], [ 8746059.286251226440072, 1978359.958241605665535 ], [ 8746059.286251226440072, 1978360.256666677771136 ], [ 8746058.688977362588048, 1978360.256666677771136 ], [ 8746058.688977362588048, 1978360.555091749643907 ], [ 8746057.793066568672657, 1978360.555091749643907 ], [ 8746057.793066568672657, 1978360.853516821749508 ], [ 8746057.494429636746645, 1978360.853516821749508 ], [ 8746057.494429636746645, 1978361.15194189385511 ], [ 8746056.299881909042597, 1978361.15194189385511 ], [ 8746056.299881909042597, 1978361.450366965960711 ], [ 8746055.403971113264561, 1978361.450366965960711 ], [ 8746055.403971113264561, 1978361.748792037833482 ], [ 8746054.508060317486525, 1978361.748792037833482 ], [ 8746054.508060317486525, 1978362.047217109939083 ], [ 8746053.612149521708488, 1978362.047217109939083 ], [ 8746053.612149521708488, 1978362.345642182044685 ], [ 8746052.716238727793097, 1978362.345642182044685 ], [ 8746052.716238727793097, 1978362.644067254150286 ], [ 8746051.820327932015061, 1978362.644067254150286 ], [ 8746051.820327932015061, 1978362.942492326023057 ], [ 8746050.924417136237025, 1978362.942492326023057 ], [ 8746050.924417136237025, 1978363.240917398128659 ], [ 8746050.327143272385001, 1978363.240917398128659 ], [ 8746050.327143272385001, 1978363.53934247023426 ], [ 8746049.431232476606965, 1978363.53934247023426 ], [ 8746049.431232476606965, 1978363.837767542107031 ], [ 8746048.833958612754941, 1978363.837767542107031 ], [ 8746048.833958612754941, 1978364.136192614212632 ], [ 8746047.340773954987526, 1978364.136192614212632 ] ], [ [ 8746051.521691, 1978357.272415957413614 ], [ 8746052.118964863941073, 1978357.272415957413614 ], [ 8746052.118964863941073, 1978356.973990885308012 ], [ 8746051.521691, 1978356.973990885308012 ], [ 8746051.521691, 1978357.272415957413614 ] ], [ [ 8746052.118964863941073, 1978356.973990885308012 ], [ 8746053.014875657856464, 1978356.973990885308012 ], [ 8746053.014875657856464, 1978356.675565813202411 ], [ 8746053.612149521708488, 1978356.675565813202411 ], [ 8746053.612149521708488, 1978356.37714074109681 ], [ 8746052.716238727793097, 1978356.37714074109681 ], [ 8746052.716238727793097, 1978356.675565813202411 ], [ 8746052.118964863941073, 1978356.675565813202411 ], [ 8746052.118964863941073, 1978356.973990885308012 ] ], [ [ 8746053.612149521708488, 1978356.37714074109681 ], [ 8746054.209423385560513, 1978356.37714074109681 ], [ 8746054.209423385560513, 1978356.078715669224039 ], [ 8746053.612149521708488, 1978356.078715669224039 ], [ 8746053.612149521708488, 1978356.37714074109681 ] ], [ [ 8746054.209423385560513, 1978356.078715669224039 ], [ 8746054.806697249412537, 1978356.078715669224039 ], [ 8746054.806697249412537, 1978355.780290597118437 ], [ 8746054.209423385560513, 1978355.780290597118437 ], [ 8746054.209423385560513, 1978356.078715669224039 ] ], [ [ 8746055.105334181338549, 1978355.780290597118437 ], [ 8746056.001244977116585, 1978355.780290597118437 ], [ 8746056.001244977116585, 1978355.481865525012836 ], [ 8746056.598518840968609, 1978355.481865525012836 ], [ 8746056.598518840968609, 1978355.183440452907234 ], [ 8746057.494429636746645, 1978355.183440452907234 ], [ 8746057.494429636746645, 1978354.885015381034464 ], [ 8746056.299881909042597, 1978354.885015381034464 ], [ 8746056.299881909042597, 1978355.183440452907234 ], [ 8746055.702608045190573, 1978355.183440452907234 ], [ 8746055.702608045190573, 1978355.481865525012836 ], [ 8746055.105334181338549, 1978355.481865525012836 ], [ 8746055.105334181338549, 1978355.780290597118437 ] ] ] } },
{ "type": "Feature", "properties": { "value": 255.0 }, "geometry": { "type": "Polygon", "coordinates": [ [ [ 8745839.19083247333765, 1978360.256666677771136 ], [ 8745839.19083247333765, 1978359.958241605665535 ], [ 8745838.892195541411638, 1978359.958241605665535 ], [ 8745838.892195541411638, 1978359.361391461687163 ], [ 8745838.593558609485626, 1978359.361391461687163 ], [ 8745838.593558609485626, 1978358.167691173497587 ], [ 8745838.294921677559614, 1978358.167691173497587 ], [ 8745838.294921677559614, 1978356.37714074109681 ], [ 8745837.996284745633602, 1978356.37714074109681 ], [ 8745837.996284745633602, 1978355.183440452907234 ], [ 8745837.697647815570235, 1978355.183440452907234 ], [ 8745837.697647815570235, 1978353.691315092844889 ], [ 8745837.399010883644223, 1978353.691315092844889 ], [ 8745837.399010883644223, 1978352.199189732549712 ], [ 8745837.100373951718211, 1978352.199189732549712 ], [ 8745837.100373951718211, 1978350.707064372487366 ], [ 8745836.801737019792199, 1978350.707064372487366 ], [ 8745836.801737019792199, 1978348.618088868213817 ], [ 8745837.100373951718211, 1978348.618088868213817 ], [ 8745837.100373951718211, 1978348.319663796108216 ], [ 8745837.399010883644223, 1978348.319663796108216 ], [ 8745837.399010883644223, 1978348.021238724002615 ], [ 8745838.593558609485626, 1978348.021238724002615 ], [ 8745838.593558609485626, 1978347.722813651897013 ], [ 8745840.68401713296771, 1978347.722813651897013 ], [ 8745840.68401713296771, 1978347.424388580024242 ], [ 8745842.475838724523783, 1978347.424388580024242 ], [ 8745842.475838724523783, 1978347.125963507918641 ], [ 8745843.969023382291198, 1978347.125963507918641 ], [ 8745843.969023382291198, 1978346.82753843581304 ], [ 8745845.462208041921258, 1978346.82753843581304 ], [ 8745845.462208041921258, 1978346.529113363940269 ], [ 8745847.851303497329354, 1978346.529113363940269 ], [ 8745847.851303497329354, 1978346.82753843581304 ], [ 8745848.149940429255366, 1978346.82753843581304 ], [ 8745848.149940429255366, 1978347.125963507918641 ], [ 8745848.448577361181378, 1978347.125963507918641 ], [ 8745848.448577361181378, 1978347.424388580024242 ], [ 8745848.747214291244745, 1978347.424388580024242 ], [ 8745848.747214291244745, 1978349.513364084297791 ], [ 8745849.045851223170757, 1978349.513364084297791 ], [ 8745849.045851223170757, 1978350.408639300381765 ], [ 8745849.344488155096769, 1978350.408639300381765 ], [ 8745849.344488155096769, 1978351.60233958857134 ], [ 8745849.643125087022781, 1978351.60233958857134 ], [ 8745849.643125087022781, 1978352.497614804655313 ], [ 8745849.941762018948793, 1978352.497614804655313 ], [ 8745849.941762018948793, 1978352.796039876760915 ], [ 8745850.240398950874805, 1978352.796039876760915 ], [ 8745850.240398950874805, 1978353.98974016495049 ], [ 8745849.941762018948793, 1978353.98974016495049 ], [ 8745849.941762018948793, 1978355.183440452907234 ], [ 8745849.643125087022781, 1978355.183440452907234 ], [ 8745849.643125087022781, 1978355.780290597118437 ], [ 8745849.941762018948793, 1978355.780290597118437 ], [ 8745849.941762018948793, 1978356.973990885308012 ], [ 8745849.643125087022781, 1978356.973990885308012 ], [ 8745849.643125087022781, 1978357.570841029286385 ], [ 8745849.344488155096769, 1978357.570841029286385 ], [ 8745849.344488155096769, 1978357.869266101391986 ], [ 8745849.045851223170757, 1978357.869266101391986 ], [ 8745849.045851223170757, 1978358.167691173497587 ], [ 8745848.747214291244745, 1978358.167691173497587 ], [ 8745848.747214291244745, 1978358.466116245370358 ], [ 8745847.851303497329354, 1978358.466116245370358 ], [ 8745847.851303497329354, 1978358.76454131747596 ], [ 8745846.358118837699294, 1978358.76454131747596 ], [ 8745846.358118837699294, 1978359.062966389581561 ], [ 8745844.26766031421721, 1978359.062966389581561 ], [ 8745844.26766031421721, 1978359.361391461687163 ], [ 8745842.774475656449795, 1978359.361391461687163 ], [ 8745842.774475656449795, 1978359.659816533559933 ], [ 8745841.281290996819735, 1978359.659816533559933 ], [ 8745841.281290996819735, 1978359.958241605665535 ], [ 8745839.489469405263662, 1978359.958241605665535 ], [ 8745839.489469405263662, 1978360.256666677771136 ], [ 8745839.19083247333765, 1978360.256666677771136 ] ] ] } },
{ "type": "Feature", "properties": { "value": 255.0 }, "geometry": { "type": "Polygon", "coordinates": [ [ [ 8746028.526647249236703, 1978358.76454131747596 ], [ 8746028.526647249236703, 1978358.466116245370358 ], [ 8746028.228010317310691, 1978358.466116245370358 ], [ 8746028.228010317310691, 1978358.167691173497587 ], [ 8746027.929373385384679, 1978358.167691173497587 ], [ 8746027.929373385384679, 1978357.272415957413614 ], [ 8746027.630736453458667, 1978357.272415957413614 ], [ 8746027.630736453458667, 1978356.078715669224039 ], [ 8746027.332099521532655, 1978356.078715669224039 ], [ 8746027.332099521532655, 1978354.885015381034464 ], [ 8746027.033462589606643, 1978354.885015381034464 ], [ 8746027.033462589606643, 1978353.98974016495049 ], [ 8746026.734825657680631, 1978353.98974016495049 ], [ 8746026.734825657680631, 1978353.094464948633686 ], [ 8746026.436188725754619, 1978353.094464948633686 ], [ 8746026.436188725754619, 1978352.497614804655313 ], [ 8746026.137551793828607, 1978352.497614804655313 ], [ 8746026.137551793828607, 1978352.199189732549712 ], [ 8746025.83891486376524, 1978352.199189732549712 ], [ 8746025.83891486376524, 1978351.303914516465738 ], [ 8746026.137551793828607, 1978351.303914516465738 ], [ 8746026.137551793828607, 1978350.408639300381765 ], [ 8746026.436188725754619, 1978350.408639300381765 ], [ 8746026.436188725754619, 1978349.811789156170562 ], [ 8746026.734825657680631, 1978349.811789156170562 ], [ 8746026.734825657680631, 1978349.513364084297791 ], [ 8746027.033462589606643, 1978349.513364084297791 ], [ 8746027.033462589606643, 1978349.21493901219219 ], [ 8746027.332099521532655, 1978349.21493901219219 ], [ 8746027.332099521532655, 1978348.916513940086588 ], [ 8746027.929373385384679, 1978348.916513940086588 ], [ 8746027.929373385384679, 1978348.618088868213817 ], [ 8746028.526647249236703, 1978348.618088868213817 ], [ 8746028.526647249236703, 1978348.319663796108216 ], [ 8746029.123921113088727, 1978348.319663796108216 ], [ 8746029.123921113088727, 1978348.021238724002615 ], [ 8746029.422558045014739, 1978348.021238724002615 ], [ 8746029.422558045014739, 1978347.722813651897013 ], [ 8746030.019831908866763, 1978347.722813651897013 ], [ 8746030.019831908866763, 1978347.424388580024242 ], [ 8746030.617105772718787, 1978347.424388580024242 ], [ 8746030.617105772718787, 1978347.125963507918641 ], [ 8746031.513016566634178, 1978347.125963507918641 ], [ 8746031.513016566634178, 1978346.82753843581304 ], [ 8746032.707564294338226, 1978346.82753843581304 ], [ 8746032.707564294338226, 1978346.529113363940269 ], [ 8746033.603475090116262, 1978346.529113363940269 ], [ 8746033.603475090116262, 1978346.230688291834667 ], [ 8746034.200748953968287, 1978346.230688291834667 ], [ 8746034.200748953968287, 1978345.932263219729066 ], [ 8746034.798022817820311, 1978345.932263219729066 ], [ 8746034.798022817820311, 1978345.633838147623464 ], [ 8746035.693933613598347, 1978345.633838147623464 ], [ 8746035.693933613598347, 1978345.335413075750694 ], [ 8746037.187118271365762, 1978345.335413075750694 ], [ 8746037.187118271365762, 1978345.633838147623464 ], [ 8746037.784392135217786, 1978345.633838147623464 ], [ 8746037.784392135217786, 1978345.932263219729066 ], [ 8746038.083029067143798, 1978345.932263219729066 ], [ 8746038.083029067143798, 1978346.529113363940269 ], [ 8746038.38166599906981, 1978346.529113363940269 ], [ 8746038.38166599906981, 1978347.424388580024242 ], [ 8746038.680302930995822, 1978347.424388580024242 ], [ 8746038.680302930995822, 1978348.319663796108216 ], [ 8746038.978939862921834, 1978348.319663796108216 ], [ 8746038.978939862921834, 1978349.21493901219219 ], [ 8746039.277576794847846, 1978349.21493901219219 ], [ 8746039.277576794847846, 1978350.110214228276163 ], [ 8746039.576213726773858, 1978350.110214228276163 ], [ 8746039.576213726773858, 1978351.005489444360137 ], [ 8746039.87485065869987, 1978351.005489444360137 ], [ 8746039.87485065869987, 1978351.303914516465738 ], [ 8746040.173487590625882, 1978351.303914516465738 ], [ 8746040.173487590625882, 1978352.796039876760915 ], [ 8746040.472124522551894, 1978352.796039876760915 ], [ 8746040.472124522551894, 1978354.586590308928862 ], [ 8746040.173487590625882, 1978354.586590308928862 ], [ 8746040.173487590625882, 1978355.183440452907234 ], [ 8746039.576213726773858, 1978355.183440452907234 ], [ 8746039.576213726773858, 1978355.481865525012836 ], [ 8746039.277576794847846, 1978355.481865525012836 ], [ 8746039.277576794847846, 1978355.780290597118437 ], [ 8746038.680302930995822, 1978355.780290597118437 ], [ 8746038.680302930995822, 1978356.078715669224039 ], [ 8746038.083029067143798, 1978356.078715669224039 ], [ 8746038.083029067143798, 1978356.37714074109681 ], [ 8746037.187118271365762, 1978356.37714074109681 ], [ 8746037.187118271365762, 1978356.675565813202411 ], [ 8746036.291207477450371, 1978356.675565813202411 ], [ 8746036.291207477450371, 1978356.973990885308012 ], [ 8746035.395296681672335, 1978356.973990885308012 ], [ 8746035.395296681672335, 1978357.272415957413614 ], [ 8746034.499385885894299, 1978357.272415957413614 ], [ 8746034.499385885894299, 1978357.570841029286385 ], [ 8746033.603475090116262, 1978357.570841029286385 ], [ 8746033.603475090116262, 1978357.869266101391986 ], [ 8746033.006201226264238, 1978357.869266101391986 ], [ 8746033.006201226264238, 1978358.167691173497587 ], [ 8746031.81165349856019, 1978358.167691173497587 ], [ 8746031.81165349856019, 1978358.466116245370358 ], [ 8746030.318468840792775, 1978358.466116245370358 ], [ 8746030.318468840792775, 1978358.76454131747596 ], [ 8746028.526647249236703, 1978358.76454131747596 ] ] ] } },
{ "type": "Feature", "properties": { "value": 255.0 }, "geometry": { "type": "Polygon", "coordinates": [ [ [ 8745986.418839862570167, 1978363.53934247023426 ], [ 8745986.418839862570167, 1978363.240917398128659 ], [ 8745986.120202930644155, 1978363.240917398128659 ], [ 8745986.120202930644155, 1978362.942492326023057 ], [ 8745985.821565998718143, 1978362.942492326023057 ], [ 8745985.821565998718143, 1978362.345642182044685 ], [ 8745985.52292906679213, 1978362.345642182044685 ], [ 8745985.52292906679213, 1978360.555091749643907 ], [ 8745985.224292134866118, 1978360.555091749643907 ], [ 8745985.224292134866118, 1978359.659816533559933 ], [ 8745984.925655202940106, 1978359.659816533559933 ], [ 8745984.925655202940106, 1978358.167691173497587 ], [ 8745984.627018271014094, 1978358.167691173497587 ], [ 8745984.627018271014094, 1978355.780290597118437 ], [ 8745981.342012021690607, 1978355.780290597118437 ], [ 8745981.342012021690607, 1978355.183440452907234 ], [ 8745981.043375089764595, 1978355.183440452907234 ], [ 8745981.043375089764595, 1978354.586590308928862 ], [ 8745980.744738157838583, 1978354.586590308928862 ], [ 8745980.744738157838583, 1978352.796039876760915 ], [ 8745980.446101225912571, 1978352.796039876760915 ], [ 8745980.446101225912571, 1978351.303914516465738 ], [ 8745980.147464293986559, 1978351.303914516465738 ], [ 8745980.147464293986559, 1978349.811789156170562 ], [ 8745979.848827362060547, 1978349.811789156170562 ], [ 8745979.848827362060547, 1978348.021238724002615 ], [ 8745980.147464293986559, 1978348.021238724002615 ], [ 8745980.147464293986559, 1978347.424388580024242 ], [ 8745980.446101225912571, 1978347.424388580024242 ], [ 8745980.446101225912571, 1978347.125963507918641 ], [ 8745981.043375089764595, 1978347.125963507918641 ], [ 8745981.043375089764595, 1978346.82753843581304 ], [ 8745981.342012021690607, 1978346.82753843581304 ], [ 8745981.342012021690607, 1978346.529113363940269 ], [ 8745982.536559749394655, 1978346.529113363940269 ], [ 8745982.536559749394655, 1978346.230688291834667 ], [ 8745984.627018271014094, 1978346.230688291834667 ], [ 8745984.627018271014094, 1978345.932263219729066 ], [ 8745985.821565998718143, 1978345.932263219729066 ], [ 8745985.821565998718143, 1978345.633838147623464 ], [ 8745986.418839862570167, 1978345.633838147623464 ], [ 8745986.418839862570167, 1978345.335413075750694 ], [ 8745987.613387590274215, 1978345.335413075750694 ], [ 8745987.613387590274215, 1978345.036988003645092 ], [ 8745990.301119975745678, 1978345.036988003645092 ], [ 8745990.301119975745678, 1978345.335413075750694 ], [ 8745990.59975690767169, 1978345.335413075750694 ], [ 8745990.59975690767169, 1978345.932263219729066 ], [ 8745990.898393839597702, 1978345.932263219729066 ], [ 8745990.898393839597702, 1978347.424388580024242 ], [ 8745991.197030771523714, 1978347.424388580024242 ], [ 8745991.197030771523714, 1978348.916513940086588 ], [ 8745991.495667703449726, 1978348.916513940086588 ], [ 8745991.495667703449726, 1978350.110214228276163 ], [ 8745991.794304635375738, 1978350.110214228276163 ], [ 8745991.794304635375738, 1978351.60233958857134 ], [ 8745992.09294156730175, 1978351.60233958857134 ], [ 8745992.09294156730175, 1978353.98974016495049 ], [ 8745994.482037020847201, 1978353.98974016495049 ], [ 8745994.482037020847201, 1978355.481865525012836 ], [ 8745994.780673952773213, 1978355.481865525012836 ], [ 8745994.780673952773213, 1978356.37714074109681 ], [ 8745995.079310884699225, 1978356.37714074109681 ], [ 8745995.079310884699225, 1978356.973990885308012 ], [ 8745996.572495544329286, 1978356.973990885308012 ], [ 8745996.572495544329286, 1978357.272415957413614 ], [ 8745996.871132476255298, 1978357.272415957413614 ], [ 8745996.871132476255298, 1978357.869266101391986 ], [ 8745997.16976940818131, 1978357.869266101391986 ], [ 8745997.16976940818131, 1978356.973990885308012 ], [ 8745997.468406340107322, 1978356.973990885308012 ], [ 8745997.468406340107322, 1978356.078715669224039 ], [ 8745997.767043272033334, 1978356.078715669224039 ], [ 8745997.767043272033334, 1978355.780290597118437 ], [ 8745998.065680203959346, 1978355.780290597118437 ], [ 8745998.065680203959346, 1978355.481865525012836 ], [ 8745998.364317135885358, 1978355.481865525012836 ], [ 8745998.364317135885358, 1978355.183440452907234 ], [ 8745999.558864861726761, 1978355.183440452907234 ], [ 8745999.558864861726761, 1978354.885015381034464 ], [ 8746003.441144976764917, 1978354.885015381034464 ], [ 8746003.441144976764917, 1978355.183440452907234 ], [ 8746003.739781908690929, 1978355.183440452907234 ], [ 8746003.739781908690929, 1978356.37714074109681 ], [ 8746004.038418840616941, 1978356.37714074109681 ], [ 8746004.038418840616941, 1978356.973990885308012 ], [ 8746004.337055772542953, 1978356.973990885308012 ], [ 8746004.337055772542953, 1978357.869266101391986 ], [ 8746004.63569270260632, 1978357.869266101391986 ], [ 8746004.63569270260632, 1978359.062966389581561 ], [ 8746004.934329634532332, 1978359.062966389581561 ], [ 8746004.934329634532332, 1978359.659816533559933 ], [ 8746004.63569270260632, 1978359.659816533559933 ], [ 8746004.63569270260632, 1978360.555091749643907 ], [ 8746004.337055772542953, 1978360.555091749643907 ], [ 8746004.337055772542953, 1978361.748792037833482 ], [ 8746004.038418840616941, 1978361.748792037833482 ], [ 8746004.038418840616941, 1978362.047217109939083 ], [ 8746003.441144976764917, 1978362.047217109939083 ], [ 8746003.441144976764917, 1978362.345642182044685 ], [ 8746002.843871112912893, 1978362.345642182044685 ], [ 8746002.843871112912893, 1978362.644067254150286 ], [ 8746001.649323385208845, 1978362.644067254150286 ], [ 8746001.649323385208845, 1978362.942492326023057 ], [ 8745998.961590999737382, 1978362.942492326023057 ], [ 8745998.961590999737382, 1978362.644067254150286 ], [ 8745998.66295406781137, 1978362.644067254150286 ], [ 8745998.66295406781137, 1978362.345642182044685 ], [ 8745998.364317135885358, 1978362.345642182044685 ], [ 8745998.364317135885358, 1978361.748792037833482 ], [ 8745998.065680203959346, 1978361.748792037833482 ], [ 8745998.065680203959346, 1978360.853516821749508 ], [ 8745997.468406340107322, 1978360.853516821749508 ], [ 8745997.468406340107322, 1978361.450366965960711 ], [ 8745997.16976940818131, 1978361.450366965960711 ], [ 8745997.16976940818131, 1978361.748792037833482 ], [ 8745996.572495544329286, 1978361.748792037833482 ], [ 8745996.572495544329286, 1978362.047217109939083 ], [ 8745995.079310884699225, 1978362.047217109939083 ], [ 8745995.079310884699225, 1978362.345642182044685 ], [ 8745993.58612622693181, 1978362.345642182044685 ], [ 8745993.58612622693181, 1978362.644067254150286 ], [ 8745992.09294156730175, 1978362.644067254150286 ], [ 8745992.09294156730175, 1978362.942492326023057 ], [ 8745990.301119975745678, 1978362.942492326023057 ], [ 8745990.301119975745678, 1978363.240917398128659 ], [ 8745988.210661454126239, 1978363.240917398128659 ], [ 8745988.210661454126239, 1978363.53934247023426 ], [ 8745986.418839862570167, 1978363.53934247023426 ] ], [ [ 8745997.468406340107322, 1978360.555091749643907 ], [ 8745997.767043272033334, 1978360.555091749643907 ], [ 8745997.767043272033334, 1978359.659816533559933 ], [ 8745997.468406340107322, 1978359.659816533559933 ], [ 8745997.468406340107322, 1978360.555091749643907 ] ], [ [ 8745997.16976940818131, 1978359.361391461687163 ], [ 8745997.468406340107322, 1978359.361391461687163 ], [ 8745997.468406340107322, 1978358.167691173497587 ], [ 8745997.16976940818131, 1978358.167691173497587 ], [ 8745997.16976940818131, 1978359.361391461687163 ] ], [ [ 8745991.794304635375738, 1978354.288165236823261 ], [ 8745992.09294156730175, 1978354.288165236823261 ], [ 8745992.09294156730175, 1978353.98974016495049 ], [ 8745991.794304635375738, 1978353.98974016495049 ], [ 8745991.794304635375738, 1978354.288165236823261 ] ] ] } },
{ "type": "Feature", "properties": { "value": 255.0 }, "geometry": { "type": "Polygon", "coordinates": [ [ [ 8745913.252791564911604, 1978362.644067254150286 ], [ 8745913.252791564911604, 1978362.345642182044685 ], [ 8745911.460969975218177, 1978362.345642182044685 ], [ 8745911.460969975218177, 1978362.047217109939083 ], [ 8745906.682779066264629, 1978362.047217109939083 ], [ 8745906.682779066264629, 1978361.748792037833482 ], [ 8745906.085505202412605, 1978361.748792037833482 ], [ 8745906.085505202412605, 1978361.450366965960711 ], [ 8745903.099135883152485, 1978361.450366965960711 ], [ 8745903.099135883152485, 1978361.15194189385511 ], [ 8745902.800498951226473, 1978361.15194189385511 ], [ 8745902.800498951226473, 1978360.853516821749508 ], [ 8745902.501862019300461, 1978360.853516821749508 ], [ 8745902.501862019300461, 1978360.555091749643907 ], [ 8745902.203225089237094, 1978360.555091749643907 ], [ 8745902.203225089237094, 1978358.466116245370358 ], [ 8745901.904588157311082, 1978358.466116245370358 ], [ 8745901.904588157311082, 1978354.288165236823261 ], [ 8745901.60595122538507, 1978354.288165236823261 ], [ 8745901.60595122538507, 1978349.513364084297791 ], [ 8745901.307314293459058, 1978349.513364084297791 ], [ 8745901.307314293459058, 1978347.125963507918641 ], [ 8745901.60595122538507, 1978347.125963507918641 ], [ 8745901.60595122538507, 1978346.230688291834667 ], [ 8745901.307314293459058, 1978346.230688291834667 ], [ 8745901.307314293459058, 1978345.036988003645092 ], [ 8745901.60595122538507, 1978345.036988003645092 ], [ 8745901.60595122538507, 1978344.440137859433889 ], [ 8745901.904588157311082, 1978344.440137859433889 ], [ 8745901.904588157311082, 1978344.141712787561119 ], [ 8745902.501862019300461, 1978344.141712787561119 ], [ 8745902.501862019300461, 1978343.843287715455517 ], [ 8745908.474600655958056, 1978343.843287715455517 ], [ 8745908.474600655958056, 1978343.544862643349916 ], [ 8745912.058243839070201, 1978343.544862643349916 ], [ 8745912.058243839070201, 1978343.843287715455517 ], [ 8745912.356880770996213, 1978343.843287715455517 ], [ 8745912.356880770996213, 1978344.738562931539491 ], [ 8745912.655517702922225, 1978344.738562931539491 ], [ 8745912.655517702922225, 1978349.21493901219219 ], [ 8745912.954154634848237, 1978349.21493901219219 ], [ 8745912.954154634848237, 1978353.392890020739287 ], [ 8745913.252791564911604, 1978353.392890020739287 ], [ 8745913.252791564911604, 1978354.586590308928862 ], [ 8745913.551428496837616, 1978354.586590308928862 ], [ 8745913.551428496837616, 1978355.780290597118437 ], [ 8745913.850065428763628, 1978355.780290597118437 ], [ 8745913.850065428763628, 1978358.466116245370358 ], [ 8745914.14870236068964, 1978358.466116245370358 ], [ 8745914.14870236068964, 1978362.345642182044685 ], [ 8745913.551428496837616, 1978362.345642182044685 ], [ 8745913.551428496837616, 1978362.644067254150286 ], [ 8745913.252791564911604, 1978362.644067254150286 ] ] ] } },
{ "type": "Feature", "properties": { "value": 255.0 }, "geometry": { "type": "Polygon", "coordinates": [ [ [ 8746006.726151226088405, 1978349.21493901219219 ], [ 8746006.726151226088405, 1978348.916513940086588 ], [ 8746006.128877362236381, 1978348.916513940086588 ], [ 8746006.128877362236381, 1978348.618088868213817 ], [ 8746005.830240430310369, 1978348.618088868213817 ], [ 8746005.830240430310369, 1978348.021238724002615 ], [ 8746005.531603498384356, 1978348.021238724002615 ], [ 8746005.531603498384356, 1978346.529113363940269 ], [ 8746005.232966566458344, 1978346.529113363940269 ], [ 8746005.232966566458344, 1978345.633838147623464 ], [ 8746004.934329634532332, 1978345.633838147623464 ], [ 8746004.934329634532332, 1978343.843287715455517 ], [ 8746005.232966566458344, 1978343.843287715455517 ], [ 8746005.232966566458344, 1978343.544862643349916 ], [ 8746005.531603498384356, 1978343.544862643349916 ], [ 8746005.531603498384356, 1978343.246437571477145 ], [ 8746006.427514294162393, 1978343.246437571477145 ], [ 8746006.427514294162393, 1978342.948012499371544 ], [ 8746007.323425089940429, 1978342.948012499371544 ], [ 8746007.323425089940429, 1978342.649587427265942 ], [ 8746008.219335885718465, 1978342.649587427265942 ], [ 8746008.219335885718465, 1978342.351162355160341 ], [ 8746009.413883613422513, 1978342.351162355160341 ], [ 8746009.413883613422513, 1978342.05273728328757 ], [ 8746010.907068271189928, 1978342.05273728328757 ], [ 8746010.907068271189928, 1978341.754312211181968 ], [ 8746012.101615998893976, 1978341.754312211181968 ], [ 8746012.101615998893976, 1978341.455887139076367 ], [ 8746012.997526794672012, 1978341.455887139076367 ], [ 8746012.997526794672012, 1978341.157462067203596 ], [ 8746015.087985318154097, 1978341.157462067203596 ], [ 8746015.087985318154097, 1978341.455887139076367 ], [ 8746015.386622248217463, 1978341.455887139076367 ], [ 8746015.386622248217463, 1978341.754312211181968 ], [ 8746015.685259180143476, 1978341.754312211181968 ], [ 8746015.685259180143476, 1978343.544862643349916 ], [ 8746015.983896112069488, 1978343.544862643349916 ], [ 8746015.983896112069488, 1978345.036988003645092 ], [ 8746016.2825330439955, 1978345.036988003645092 ], [ 8746016.2825330439955, 1978346.82753843581304 ], [ 8746015.983896112069488, 1978346.82753843581304 ], [ 8746015.983896112069488, 1978347.125963507918641 ], [ 8746015.087985318154097, 1978347.125963507918641 ], [ 8746015.087985318154097, 1978347.424388580024242 ], [ 8746013.893437590450048, 1978347.424388580024242 ], [ 8746013.893437590450048, 1978347.722813651897013 ], [ 8746012.400252930819988, 1978347.722813651897013 ], [ 8746012.400252930819988, 1978348.021238724002615 ], [ 8746009.115246681496501, 1978348.021238724002615 ], [ 8746009.115246681496501, 1978348.319663796108216 ], [ 8746008.517972817644477, 1978348.319663796108216 ], [ 8746008.517972817644477, 1978348.618088868213817 ], [ 8746007.622062021866441, 1978348.618088868213817 ], [ 8746007.622062021866441, 1978348.916513940086588 ], [ 8746007.024788158014417, 1978348.916513940086588 ], [ 8746007.024788158014417, 1978349.21493901219219 ], [ 8746006.726151226088405, 1978349.21493901219219 ] ] ] } },
{ "type": "Feature", "properties": { "value": 255.0 }, "geometry": { "type": "Polygon", "coordinates": [ [ [ 8745837.697647815570235, 1978347.125963507918641 ], [ 8745837.697647815570235, 1978346.82753843581304 ], [ 8745837.100373951718211, 1978346.82753843581304 ], [ 8745837.100373951718211, 1978346.529113363940269 ], [ 8745836.801737019792199, 1978346.529113363940269 ], [ 8745836.801737019792199, 1978345.932263219729066 ], [ 8745836.503100087866187, 1978345.932263219729066 ], [ 8745836.503100087866187, 1978345.036988003645092 ], [ 8745836.204463155940175, 1978345.036988003645092 ], [ 8745836.204463155940175, 1978343.544862643349916 ], [ 8745835.905826224014163, 1978343.544862643349916 ], [ 8745835.905826224014163, 1978341.157462067203596 ], [ 8745835.607189292088151, 1978341.157462067203596 ], [ 8745835.607189292088151, 1978340.262186850886792 ], [ 8745835.905826224014163, 1978340.262186850886792 ], [ 8745835.905826224014163, 1978339.66533670690842 ], [ 8745836.204463155940175, 1978339.66533670690842 ], [ 8745836.204463155940175, 1978339.366911634802818 ], [ 8745837.399010883644223, 1978339.366911634802818 ], [ 8745837.399010883644223, 1978339.068486562930048 ], [ 8745839.19083247333765, 1978339.068486562930048 ], [ 8745839.19083247333765, 1978338.770061490824446 ], [ 8745840.982654064893723, 1978338.770061490824446 ], [ 8745840.982654064893723, 1978338.471636418718845 ], [ 8745842.177201792597771, 1978338.471636418718845 ], [ 8745842.177201792597771, 1978338.173211346613243 ], [ 8745843.073112588375807, 1978338.173211346613243 ], [ 8745843.073112588375807, 1978337.874786274740472 ], [ 8745843.670386450365186, 1978337.874786274740472 ], [ 8745843.670386450365186, 1978337.576361202634871 ], [ 8745845.462208041921258, 1978337.576361202634871 ], [ 8745845.462208041921258, 1978337.874786274740472 ], [ 8745845.76084497384727, 1978337.874786274740472 ], [ 8745845.76084497384727, 1978338.471636418718845 ], [ 8745846.059481905773282, 1978338.471636418718845 ], [ 8745846.059481905773282, 1978339.366911634802818 ], [ 8745846.358118837699294, 1978339.366911634802818 ], [ 8745846.358118837699294, 1978340.859036995097995 ], [ 8745846.656755769625306, 1978340.859036995097995 ], [ 8745846.656755769625306, 1978342.351162355160341 ], [ 8745846.955392701551318, 1978342.351162355160341 ], [ 8745846.955392701551318, 1978343.843287715455517 ], [ 8745846.656755769625306, 1978343.843287715455517 ], [ 8745846.656755769625306, 1978344.738562931539491 ], [ 8745846.358118837699294, 1978344.738562931539491 ], [ 8745846.358118837699294, 1978345.335413075750694 ], [ 8745846.059481905773282, 1978345.335413075750694 ], [ 8745846.059481905773282, 1978345.633838147623464 ], [ 8745845.76084497384727, 1978345.633838147623464 ], [ 8745845.76084497384727, 1978345.932263219729066 ], [ 8745843.969023382291198, 1978345.932263219729066 ], [ 8745843.969023382291198, 1978346.230688291834667 ], [ 8745841.878564860671759, 1978346.230688291834667 ], [ 8745841.878564860671759, 1978346.529113363940269 ], [ 8745840.385380201041698, 1978346.529113363940269 ], [ 8745840.385380201041698, 1978346.82753843581304 ], [ 8745838.294921677559614, 1978346.82753843581304 ], [ 8745838.294921677559614, 1978347.125963507918641 ], [ 8745837.697647815570235, 1978347.125963507918641 ] ] ] } },
{ "type": "Feature", "properties": { "value": 255.0 }, "geometry": { "type": "Polygon", "coordinates": [ [ [ 8745852.629494406282902, 1978352.199189732549712 ], [ 8745852.629494406282902, 1978351.900764660676941 ], [ 8745852.33085747435689, 1978351.900764660676941 ], [ 8745852.33085747435689, 1978351.60233958857134 ], [ 8745852.032220542430878, 1978351.60233958857134 ], [ 8745852.032220542430878, 1978350.707064372487366 ], [ 8745851.733583610504866, 1978350.707064372487366 ], [ 8745851.733583610504866, 1978348.618088868213817 ], [ 8745851.434946678578854, 1978348.618088868213817 ], [ 8745851.434946678578854, 1978345.932263219729066 ], [ 8745851.136309746652842, 1978345.932263219729066 ], [ 8745851.136309746652842, 1978343.843287715455517 ], [ 8745850.83767281472683, 1978343.843287715455517 ], [ 8745850.83767281472683, 1978341.754312211181968 ], [ 8745851.136309746652842, 1978341.754312211181968 ], [ 8745851.136309746652842, 1978340.262186850886792 ], [ 8745851.434946678578854, 1978340.262186850886792 ], [ 8745851.434946678578854, 1978339.963761779014021 ], [ 8745851.733583610504866, 1978339.963761779014021 ], [ 8745851.733583610504866, 1978339.66533670690842 ], [ 8745855.317226791754365, 1978339.66533670690842 ], [ 8745855.317226791754365, 1978339.366911634802818 ], [ 8745856.511774519458413, 1978339.366911634802818 ], [ 8745856.511774519458413, 1978339.068486562930048 ], [ 8745858.004959179088473, 1978339.068486562930048 ], [ 8745858.004959179088473, 1978338.770061490824446 ], [ 8745858.602233042940497, 1978338.770061490824446 ], [ 8745858.602233042940497, 1978338.471636418718845 ], [ 8745859.498143836855888, 1978338.471636418718845 ], [ 8745859.498143836855888, 1978338.173211346613243 ], [ 8745860.692691564559937, 1978338.173211346613243 ], [ 8745860.692691564559937, 1978337.874786274740472 ], [ 8745863.380423951894045, 1978337.874786274740472 ], [ 8745863.380423951894045, 1978337.576361202634871 ], [ 8745864.276334747672081, 1978337.576361202634871 ], [ 8745864.276334747672081, 1978337.27793613052927 ], [ 8745865.769519405439496, 1978337.27793613052927 ], [ 8745865.769519405439496, 1978336.979511058423668 ], [ 8745867.561340996995568, 1978336.979511058423668 ], [ 8745867.561340996995568, 1978337.27793613052927 ], [ 8745867.85997792892158, 1978337.27793613052927 ], [ 8745867.85997792892158, 1978337.576361202634871 ], [ 8745868.158614860847592, 1978337.576361202634871 ], [ 8745868.158614860847592, 1978339.366911634802818 ], [ 8745868.457251792773604, 1978339.366911634802818 ], [ 8745868.457251792773604, 1978341.754312211181968 ], [ 8745868.755888724699616, 1978341.754312211181968 ], [ 8745868.755888724699616, 1978343.843287715455517 ], [ 8745869.054525656625628, 1978343.843287715455517 ], [ 8745869.054525656625628, 1978346.529113363940269 ], [ 8745869.353162588551641, 1978346.529113363940269 ], [ 8745869.353162588551641, 1978349.21493901219219 ], [ 8745869.054525656625628, 1978349.21493901219219 ], [ 8745869.054525656625628, 1978350.408639300381765 ], [ 8745868.755888724699616, 1978350.408639300381765 ], [ 8745868.755888724699616, 1978350.707064372487366 ], [ 8745868.457251792773604, 1978350.707064372487366 ], [ 8745868.457251792773604, 1978351.005489444360137 ], [ 8745867.561340996995568, 1978351.005489444360137 ], [ 8745867.561340996995568, 1978351.303914516465738 ], [ 8745866.964067133143544, 1978351.303914516465738 ], [ 8745866.964067133143544, 1978351.60233958857134 ], [ 8745862.783150088042021, 1978351.60233958857134 ], [ 8745862.783150088042021, 1978351.303914516465738 ], [ 8745862.484513156116009, 1978351.303914516465738 ], [ 8745862.484513156116009, 1978351.005489444360137 ], [ 8745862.185876224189997, 1978351.005489444360137 ], [ 8745862.185876224189997, 1978350.707064372487366 ], [ 8745860.692691564559937, 1978350.707064372487366 ], [ 8745860.692691564559937, 1978351.005489444360137 ], [ 8745860.095417700707912, 1978351.005489444360137 ], [ 8745860.095417700707912, 1978351.303914516465738 ], [ 8745858.602233042940497, 1978351.303914516465738 ], [ 8745858.602233042940497, 1978351.60233958857134 ], [ 8745856.511774519458413, 1978351.60233958857134 ], [ 8745856.511774519458413, 1978351.900764660676941 ], [ 8745854.719952927902341, 1978351.900764660676941 ], [ 8745854.719952927902341, 1978352.199189732549712 ], [ 8745852.629494406282902, 1978352.199189732549712 ] ] ] } },
{ "type": "Feature", "properties": { "value": 255.0 }, "geometry": { "type": "Polygon", "coordinates": [ [ [ 8745824.258985882624984, 1978359.958241605665535 ], [ 8745824.258985882624984, 1978359.659816533559933 ], [ 8745823.960348950698972, 1978359.659816533559933 ], [ 8745823.960348950698972, 1978358.76454131747596 ], [ 8745823.66171201877296, 1978358.76454131747596 ], [ 8745823.66171201877296, 1978357.272415957413614 ], [ 8745823.363075086846948, 1978357.272415957413614 ], [ 8745823.363075086846948, 1978356.078715669224039 ], [ 8745823.064438154920936, 1978356.078715669224039 ], [ 8745823.064438154920936, 1978354.885015381034464 ], [ 8745822.765801222994924, 1978354.885015381034464 ], [ 8745822.765801222994924, 1978353.98974016495049 ], [ 8745822.467164291068912, 1978353.98974016495049 ], [ 8745822.467164291068912, 1978352.796039876760915 ], [ 8745822.1685273591429, 1978352.796039876760915 ], [ 8745822.1685273591429, 1978352.199189732549712 ], [ 8745821.869890427216887, 1978352.199189732549712 ], [ 8745821.869890427216887, 1978351.303914516465738 ], [ 8745821.571253497153521, 1978351.303914516465738 ], [ 8745821.571253497153521, 1978347.722813651897013 ], [ 8745821.272616565227509, 1978347.722813651897013 ], [ 8745821.272616565227509, 1978347.125963507918641 ], [ 8745820.973979633301497, 1978347.125963507918641 ], [ 8745820.973979633301497, 1978346.82753843581304 ], [ 8745820.675342701375484, 1978346.82753843581304 ], [ 8745820.675342701375484, 1978346.230688291834667 ], [ 8745820.376705769449472, 1978346.230688291834667 ], [ 8745820.376705769449472, 1978345.633838147623464 ], [ 8745820.07806883752346, 1978345.633838147623464 ], [ 8745820.07806883752346, 1978345.036988003645092 ], [ 8745819.779431905597448, 1978345.036988003645092 ], [ 8745819.779431905597448, 1978344.141712787561119 ], [ 8745819.480794973671436, 1978344.141712787561119 ], [ 8745819.480794973671436, 1978342.351162355160341 ], [ 8745819.182158041745424, 1978342.351162355160341 ], [ 8745819.182158041745424, 1978340.859036995097995 ], [ 8745818.883521109819412, 1978340.859036995097995 ], [ 8745818.883521109819412, 1978338.471636418718845 ], [ 8745819.182158041745424, 1978338.471636418718845 ], [ 8745819.182158041745424, 1978337.874786274740472 ], [ 8745821.272616565227509, 1978337.874786274740472 ], [ 8745821.272616565227509, 1978337.576361202634871 ], [ 8745822.765801222994924, 1978337.576361202634871 ], [ 8745822.765801222994924, 1978337.27793613052927 ], [ 8745826.050807474181056, 1978337.27793613052927 ], [ 8745826.050807474181056, 1978336.979511058423668 ], [ 8745826.946718269959092, 1978336.979511058423668 ], [ 8745826.946718269959092, 1978336.681085986550897 ], [ 8745827.543992131948471, 1978336.681085986550897 ], [ 8745827.543992131948471, 1978336.382660914445296 ], [ 8745827.842629063874483, 1978336.382660914445296 ], [ 8745827.842629063874483, 1978336.681085986550897 ], [ 8745828.141265995800495, 1978336.681085986550897 ], [ 8745828.141265995800495, 1978337.27793613052927 ], [ 8745828.439902927726507, 1978337.27793613052927 ], [ 8745828.439902927726507, 1978337.576361202634871 ], [ 8745828.738539859652519, 1978337.576361202634871 ], [ 8745828.738539859652519, 1978338.173211346613243 ], [ 8745829.037176791578531, 1978338.173211346613243 ], [ 8745829.037176791578531, 1978338.471636418718845 ], [ 8745829.335813723504543, 1978338.471636418718845 ], [ 8745829.335813723504543, 1978338.770061490824446 ], [ 8745829.634450655430555, 1978338.770061490824446 ], [ 8745829.634450655430555, 1978339.068486562930048 ], [ 8745829.933087587356567, 1978339.068486562930048 ], [ 8745829.933087587356567, 1978339.66533670690842 ], [ 8745830.231724519282579, 1978339.66533670690842 ], [ 8745830.231724519282579, 1978339.963761779014021 ], [ 8745831.127635315060616, 1978339.963761779014021 ], [ 8745831.127635315060616, 1978340.262186850886792 ], [ 8745831.72490917891264, 1978340.262186850886792 ], [ 8745831.72490917891264, 1978340.560611922992393 ], [ 8745832.023546110838652, 1978340.560611922992393 ], [ 8745832.023546110838652, 1978340.859036995097995 ], [ 8745832.322183042764664, 1978340.859036995097995 ], [ 8745832.322183042764664, 1978341.157462067203596 ], [ 8745832.919456904754043, 1978341.157462067203596 ], [ 8745832.919456904754043, 1978341.455887139076367 ], [ 8745833.218093836680055, 1978341.455887139076367 ], [ 8745833.218093836680055, 1978341.754312211181968 ], [ 8745833.516730768606067, 1978341.754312211181968 ], [ 8745833.516730768606067, 1978342.05273728328757 ], [ 8745834.114004632458091, 1978342.05273728328757 ], [ 8745834.114004632458091, 1978342.351162355160341 ], [ 8745834.412641564384103, 1978342.351162355160341 ], [ 8745834.412641564384103, 1978342.948012499371544 ], [ 8745834.711278496310115, 1978342.948012499371544 ], [ 8745834.711278496310115, 1978343.843287715455517 ], [ 8745835.009915428236127, 1978343.843287715455517 ], [ 8745835.009915428236127, 1978344.440137859433889 ], [ 8745835.308552360162139, 1978344.440137859433889 ], [ 8745835.308552360162139, 1978344.738562931539491 ], [ 8745835.607189292088151, 1978344.738562931539491 ], [ 8745835.607189292088151, 1978345.335413075750694 ], [ 8745835.905826224014163, 1978345.335413075750694 ], [ 8745835.905826224014163, 1978348.618088868213817 ], [ 8745836.204463155940175, 1978348.618088868213817 ], [ 8745836.204463155940175, 1978349.811789156170562 ], [ 8745836.503100087866187, 1978349.811789156170562 ], [ 8745836.503100087866187, 1978351.60233958857134 ], [ 8745836.801737019792199, 1978351.60233958857134 ], [ 8745836.801737019792199, 1978353.392890020739287 ], [ 8745837.100373951718211, 1978353.392890020739287 ], [ 8745837.100373951718211, 1978356.973990885308012 ], [ 8745836.801737019792199, 1978356.973990885308012 ], [ 8745836.801737019792199, 1978358.167691173497587 ], [ 8745836.503100087866187, 1978358.167691173497587 ], [ 8745836.503100087866187, 1978359.062966389581561 ], [ 8745836.204463155940175, 1978359.062966389581561 ], [ 8745836.204463155940175, 1978359.361391461687163 ], [ 8745835.905826224014163, 1978359.361391461687163 ], [ 8745835.905826224014163, 1978359.659816533559933 ], [ 8745835.308552360162139, 1978359.659816533559933 ], [ 8745835.308552360162139, 1978359.958241605665535 ], [ 8745835.009915428236127, 1978359.958241605665535 ], [ 8745835.009915428236127, 1978359.361391461687163 ], [ 8745834.711278496310115, 1978359.361391461687163 ], [ 8745834.711278496310115, 1978358.76454131747596 ], [ 8745833.218093836680055, 1978358.76454131747596 ], [ 8745833.218093836680055, 1978359.062966389581561 ], [ 8745830.828998383134604, 1978359.062966389581561 ], [ 8745830.828998383134604, 1978359.361391461687163 ], [ 8745829.634450655430555, 1978359.361391461687163 ], [ 8745829.634450655430555, 1978359.659816533559933 ], [ 8745828.738539859652519, 1978359.659816533559933 ], [ 8745828.738539859652519, 1978359.958241605665535 ], [ 8745824.258985882624984, 1978359.958241605665535 ] ] ] } },
{ "type": "Feature", "properties": { "value": 255.0 }, "geometry": { "type": "Polygon", "coordinates": [ [ [ 8745893.54275406524539, 1978345.633838147623464 ], [ 8745893.54275406524539, 1978345.335413075750694 ], [ 8745893.244117133319378, 1978345.335413075750694 ], [ 8745893.244117133319378, 1978339.66533670690842 ], [ 8745892.945480201393366, 1978339.66533670690842 ], [ 8745892.945480201393366, 1978338.471636418718845 ], [ 8745893.244117133319378, 1978338.471636418718845 ], [ 8745893.244117133319378, 1978336.979511058423668 ], [ 8745893.54275406524539, 1978336.979511058423668 ], [ 8745893.54275406524539, 1978336.382660914445296 ], [ 8745894.140027929097414, 1978336.382660914445296 ], [ 8745894.140027929097414, 1978336.084235842339694 ], [ 8745896.827760316431522, 1978336.084235842339694 ], [ 8745896.827760316431522, 1978335.785810770466924 ], [ 8745898.918218838050961, 1978335.785810770466924 ], [ 8745898.918218838050961, 1978336.084235842339694 ], [ 8745899.515492701902986, 1978336.084235842339694 ], [ 8745899.515492701902986, 1978336.382660914445296 ], [ 8745899.814129633828998, 1978336.382660914445296 ], [ 8745899.814129633828998, 1978336.681085986550897 ], [ 8745900.11276656575501, 1978336.681085986550897 ], [ 8745900.11276656575501, 1978337.874786274740472 ], [ 8745900.411403497681022, 1978337.874786274740472 ], [ 8745900.411403497681022, 1978344.141712787561119 ], [ 8745900.11276656575501, 1978344.141712787561119 ], [ 8745900.11276656575501, 1978345.036988003645092 ], [ 8745899.814129633828998, 1978345.036988003645092 ], [ 8745899.814129633828998, 1978345.335413075750694 ], [ 8745899.515492701902986, 1978345.335413075750694 ], [ 8745899.515492701902986, 1978345.633838147623464 ], [ 8745893.54275406524539, 1978345.633838147623464 ] ] ] } },
{ "type": "Feature", "properties": { "value": 255.0 }, "geometry": { "type": "Polygon", "coordinates": [ [ [ 8745774.983892131596804, 1978350.707064372487366 ], [ 8745774.983892131596804, 1978350.408639300381765 ], [ 8745774.38661826774478, 1978350.408639300381765 ], [ 8745774.38661826774478, 1978350.110214228276163 ], [ 8745774.087981335818768, 1978350.110214228276163 ], [ 8745774.087981335818768, 1978349.21493901219219 ], [ 8745773.789344403892756, 1978349.21493901219219 ], [ 8745773.789344403892756, 1978347.424388580024242 ], [ 8745773.490707471966743, 1978347.424388580024242 ], [ 8745773.490707471966743, 1978345.633838147623464 ], [ 8745773.192070541903377, 1978345.633838147623464 ], [ 8745773.192070541903377, 1978344.738562931539491 ], [ 8745772.893433609977365, 1978344.738562931539491 ], [ 8745772.893433609977365, 1978343.544862643349916 ], [ 8745772.594796678051353, 1978343.544862643349916 ], [ 8745772.594796678051353, 1978341.754312211181968 ], [ 8745772.29615974612534, 1978341.754312211181968 ], [ 8745772.29615974612534, 1978340.262186850886792 ], [ 8745771.997522814199328, 1978340.262186850886792 ], [ 8745771.997522814199328, 1978339.366911634802818 ], [ 8745771.698885882273316, 1978339.366911634802818 ], [ 8745771.698885882273316, 1978336.979511058423668 ], [ 8745771.997522814199328, 1978336.979511058423668 ], [ 8745771.997522814199328, 1978336.681085986550897 ], [ 8745772.594796678051353, 1978336.681085986550897 ], [ 8745772.594796678051353, 1978336.382660914445296 ], [ 8745775.282529063522816, 1978336.382660914445296 ], [ 8745775.282529063522816, 1978336.084235842339694 ], [ 8745776.775713723152876, 1978336.084235842339694 ], [ 8745776.775713723152876, 1978335.785810770466924 ], [ 8745778.268898382782936, 1978335.785810770466924 ], [ 8745778.268898382782936, 1978335.487385698361322 ], [ 8745779.762083040550351, 1978335.487385698361322 ], [ 8745779.762083040550351, 1978335.188960626255721 ], [ 8745781.553904632106423, 1978335.188960626255721 ], [ 8745781.553904632106423, 1978334.890535554150119 ], [ 8745783.047089291736484, 1978334.890535554150119 ], [ 8745783.047089291736484, 1978334.592110482277349 ], [ 8745784.540273949503899, 1978334.592110482277349 ], [ 8745784.540273949503899, 1978334.293685410171747 ], [ 8745786.332095541059971, 1978334.293685410171747 ], [ 8745786.332095541059971, 1978333.995260338066146 ], [ 8745788.123917132616043, 1978333.995260338066146 ], [ 8745788.123917132616043, 1978333.696835266193375 ], [ 8745790.513012586161494, 1978333.696835266193375 ], [ 8745790.513012586161494, 1978333.398410194087774 ], [ 8745795.291203495115042, 1978333.398410194087774 ], [ 8745795.291203495115042, 1978333.696835266193375 ], [ 8745796.187114290893078, 1978333.696835266193375 ], [ 8745796.187114290893078, 1978333.995260338066146 ], [ 8745796.784388154745102, 1978333.995260338066146 ], [ 8745796.784388154745102, 1978334.890535554150119 ], [ 8745797.083025086671114, 1978334.890535554150119 ], [ 8745797.083025086671114, 1978336.681085986550897 ], [ 8745797.381662018597126, 1978336.681085986550897 ], [ 8745797.381662018597126, 1978337.27793613052927 ], [ 8745797.083025086671114, 1978337.27793613052927 ], [ 8745797.083025086671114, 1978338.770061490824446 ], [ 8745797.381662018597126, 1978338.770061490824446 ], [ 8745797.381662018597126, 1978339.068486562930048 ], [ 8745797.083025086671114, 1978339.068486562930048 ], [ 8745797.083025086671114, 1978339.66533670690842 ], [ 8745796.48575122281909, 1978339.66533670690842 ], [ 8745796.48575122281909, 1978339.963761779014021 ], [ 8745795.888477358967066, 1978339.963761779014021 ], [ 8745795.888477358967066, 1978340.262186850886792 ], [ 8745795.291203495115042, 1978340.262186850886792 ], [ 8745795.291203495115042, 1978340.560611922992393 ], [ 8745794.99256656318903, 1978340.560611922992393 ], [ 8745794.99256656318903, 1978340.859036995097995 ], [ 8745794.693929633125663, 1978340.859036995097995 ], [ 8745794.693929633125663, 1978341.157462067203596 ], [ 8745794.395292701199651, 1978341.157462067203596 ], [ 8745794.395292701199651, 1978341.455887139076367 ], [ 8745793.798018837347627, 1978341.455887139076367 ], [ 8745793.798018837347627, 1978341.754312211181968 ], [ 8745793.200744973495603, 1978341.754312211181968 ], [ 8745793.200744973495603, 1978342.05273728328757 ], [ 8745792.603471109643579, 1978342.05273728328757 ], [ 8745792.603471109643579, 1978342.351162355160341 ], [ 8745791.110286450013518, 1978342.351162355160341 ], [ 8745791.110286450013518, 1978342.649587427265942 ], [ 8745786.630732472985983, 1978342.649587427265942 ], [ 8745786.630732472985983, 1978342.948012499371544 ], [ 8745786.332095541059971, 1978342.948012499371544 ], [ 8745786.332095541059971, 1978343.544862643349916 ], [ 8745786.033458609133959, 1978343.544862643349916 ], [ 8745786.033458609133959, 1978345.036988003645092 ], [ 8745786.332095541059971, 1978345.036988003645092 ], [ 8745786.332095541059971, 1978348.021238724002615 ], [ 8745786.033458609133959, 1978348.021238724002615 ], [ 8745786.033458609133959, 1978348.319663796108216 ], [ 8745785.734821677207947, 1978348.319663796108216 ], [ 8745785.734821677207947, 1978348.618088868213817 ], [ 8745784.838910881429911, 1978348.618088868213817 ], [ 8745784.838910881429911, 1978348.916513940086588 ], [ 8745783.94300008751452, 1978348.916513940086588 ], [ 8745783.94300008751452, 1978349.21493901219219 ], [ 8745782.748452359810472, 1978349.21493901219219 ], [ 8745782.748452359810472, 1978349.513364084297791 ], [ 8745781.553904632106423, 1978349.513364084297791 ], [ 8745781.553904632106423, 1978349.811789156170562 ], [ 8745780.359356904402375, 1978349.811789156170562 ], [ 8745780.359356904402375, 1978350.110214228276163 ], [ 8745778.268898382782936, 1978350.110214228276163 ], [ 8745778.268898382782936, 1978350.408639300381765 ], [ 8745776.178439859300852, 1978350.408639300381765 ], [ 8745776.178439859300852, 1978350.707064372487366 ], [ 8745775.87980292737484, 1978350.707064372487366 ], [ 8745775.87980292737484, 1978350.408639300381765 ], [ 8745775.282529063522816, 1978350.408639300381765 ], [ 8745775.282529063522816, 1978350.707064372487366 ], [ 8745774.983892131596804, 1978350.707064372487366 ] ] ] } },
{ "type": "Feature", "properties": { "value": 255.0 }, "geometry": { "type": "Polygon", "coordinates": [ [ [ 8745749.002479063346982, 1978352.796039876760915 ], [ 8745749.002479063346982, 1978331.607859761686996 ], [ 8745752.287485312670469, 1978331.607859761686996 ], [ 8745752.287485312670469, 1978331.906284833792597 ], [ 8745752.586122244596481, 1978331.906284833792597 ], [ 8745752.586122244596481, 1978332.204709905898198 ], [ 8745752.884759176522493, 1978332.204709905898198 ], [ 8745752.884759176522493, 1978332.801560049876571 ], [ 8745753.183396108448505, 1978332.801560049876571 ], [ 8745753.183396108448505, 1978334.293685410171747 ], [ 8745753.482033040374517, 1978334.293685410171747 ], [ 8745753.482033040374517, 1978333.398410194087774 ], [ 8745753.780669972300529, 1978333.398410194087774 ], [ 8745753.780669972300529, 1978333.099985121982172 ], [ 8745755.27385463193059, 1978333.099985121982172 ], [ 8745755.27385463193059, 1978332.801560049876571 ], [ 8745757.364313153550029, 1978332.801560049876571 ], [ 8745757.364313153550029, 1978332.5031349780038 ], [ 8745758.857497813180089, 1978332.5031349780038 ], [ 8745758.857497813180089, 1978332.204709905898198 ], [ 8745760.350682472810149, 1978332.204709905898198 ], [ 8745760.350682472810149, 1978332.5031349780038 ], [ 8745760.947956336662173, 1978332.5031349780038 ], [ 8745760.947956336662173, 1978332.801560049876571 ], [ 8745766.323421109467745, 1978332.801560049876571 ], [ 8745766.323421109467745, 1978332.5031349780038 ], [ 8745766.920694973319769, 1978332.5031349780038 ], [ 8745766.920694973319769, 1978332.204709905898198 ], [ 8745768.413879631087184, 1978332.204709905898198 ], [ 8745768.413879631087184, 1978332.5031349780038 ], [ 8745768.712516563013196, 1978332.5031349780038 ], [ 8745768.712516563013196, 1978332.801560049876571 ], [ 8745769.011153494939208, 1978332.801560049876571 ], [ 8745769.011153494939208, 1978333.398410194087774 ], [ 8745769.30979042686522, 1978333.398410194087774 ], [ 8745769.30979042686522, 1978333.995260338066146 ], [ 8745769.608427358791232, 1978333.995260338066146 ], [ 8745769.608427358791232, 1978334.592110482277349 ], [ 8745769.907064290717244, 1978334.592110482277349 ], [ 8745769.907064290717244, 1978336.979511058423668 ], [ 8745770.205701222643256, 1978336.979511058423668 ], [ 8745770.205701222643256, 1978338.173211346613243 ], [ 8745770.504338154569268, 1978338.173211346613243 ], [ 8745770.504338154569268, 1978339.66533670690842 ], [ 8745770.80297508649528, 1978339.66533670690842 ], [ 8745770.80297508649528, 1978341.455887139076367 ], [ 8745771.101612018421292, 1978341.455887139076367 ], [ 8745771.101612018421292, 1978343.544862643349916 ], [ 8745770.80297508649528, 1978343.544862643349916 ], [ 8745770.80297508649528, 1978346.230688291834667 ], [ 8745771.101612018421292, 1978346.230688291834667 ], [ 8745771.101612018421292, 1978347.722813651897013 ], [ 8745771.400248950347304, 1978347.722813651897013 ], [ 8745771.400248950347304, 1978348.021238724002615 ], [ 8745771.698885882273316, 1978348.021238724002615 ], [ 8745771.698885882273316, 1978348.319663796108216 ], [ 8745771.997522814199328, 1978348.319663796108216 ], [ 8745771.997522814199328, 1978348.618088868213817 ], [ 8745772.29615974612534, 1978348.618088868213817 ], [ 8745772.29615974612534, 1978349.811789156170562 ], [ 8745771.997522814199328, 1978349.811789156170562 ], [ 8745771.997522814199328, 1978349.513364084297791 ], [ 8745771.400248950347304, 1978349.513364084297791 ], [ 8745771.400248950347304, 1978349.21493901219219 ], [ 8745771.101612018421292, 1978349.21493901219219 ], [ 8745771.101612018421292, 1978349.513364084297791 ], [ 8745770.80297508649528, 1978349.513364084297791 ], [ 8745770.80297508649528, 1978349.811789156170562 ], [ 8745770.504338154569268, 1978349.811789156170562 ], [ 8745770.504338154569268, 1978350.110214228276163 ], [ 8745770.205701222643256, 1978350.110214228276163 ], [ 8745770.205701222643256, 1978350.408639300381765 ], [ 8745767.219331905245781, 1978350.408639300381765 ], [ 8745767.219331905245781, 1978350.707064372487366 ], [ 8745765.128873381763697, 1978350.707064372487366 ], [ 8745765.128873381763697, 1978350.408639300381765 ], [ 8745764.531599517911673, 1978350.408639300381765 ], [ 8745764.531599517911673, 1978350.110214228276163 ], [ 8745764.232962585985661, 1978350.110214228276163 ], [ 8745764.232962585985661, 1978349.513364084297791 ], [ 8745763.934325654059649, 1978349.513364084297791 ], [ 8745763.934325654059649, 1978350.408639300381765 ], [ 8745763.038414858281612, 1978350.408639300381765 ], [ 8745763.038414858281612, 1978350.707064372487366 ], [ 8745761.545230200514197, 1978350.707064372487366 ], [ 8745761.545230200514197, 1978351.005489444360137 ], [ 8745759.753408608958125, 1978351.005489444360137 ], [ 8745759.753408608958125, 1978351.303914516465738 ], [ 8745756.468402359634638, 1978351.303914516465738 ], [ 8745756.468402359634638, 1978351.005489444360137 ], [ 8745756.169765427708626, 1978351.005489444360137 ], [ 8745756.169765427708626, 1978350.408639300381765 ], [ 8745755.871128495782614, 1978350.408639300381765 ], [ 8745755.871128495782614, 1978351.005489444360137 ], [ 8745755.572491563856602, 1978351.005489444360137 ], [ 8745755.572491563856602, 1978351.900764660676941 ], [ 8745755.27385463193059, 1978351.900764660676941 ], [ 8745755.27385463193059, 1978352.199189732549712 ], [ 8745754.377943836152554, 1978352.199189732549712 ], [ 8745754.377943836152554, 1978352.497614804655313 ], [ 8745752.287485312670469, 1978352.497614804655313 ], [ 8745752.287485312670469, 1978352.796039876760915 ], [ 8745749.002479063346982, 1978352.796039876760915 ] ], [ [ 8745755.572491563856602, 1978350.408639300381765 ], [ 8745755.871128495782614, 1978350.408639300381765 ], [ 8745755.871128495782614, 1978348.916513940086588 ], [ 8745755.572491563856602, 1978348.916513940086588 ], [ 8745755.572491563856602, 1978350.408639300381765 ] ], [ [ 8745755.27385463193059, 1978348.319663796108216 ], [ 8745755.572491563856602, 1978348.319663796108216 ], [ 8745755.572491563856602, 1978347.125963507918641 ], [ 8745755.27385463193059, 1978347.125963507918641 ], [ 8745755.27385463193059, 1978348.319663796108216 ] ], [ [ 8745763.635688722133636, 1978348.021238724002615 ], [ 8745763.934325654059649, 1978348.021238724002615 ], [ 8745763.934325654059649, 1978347.722813651897013 ], [ 8745763.635688722133636, 1978347.722813651897013 ], [ 8745763.635688722133636, 1978348.021238724002615 ] ], [ [ 8745754.975217700004578, 1978346.529113363940269 ], [ 8745755.27385463193059, 1978346.529113363940269 ], [ 8745755.27385463193059, 1978345.335413075750694 ], [ 8745754.975217700004578, 1978345.335413075750694 ], [ 8745754.975217700004578, 1978346.529113363940269 ] ], [ [ 8745763.337051790207624, 1978345.932263219729066 ], [ 8745763.635688722133636, 1978345.932263219729066 ], [ 8745763.635688722133636, 1978345.633838147623464 ], [ 8745763.337051790207624, 1978345.633838147623464 ], [ 8745763.337051790207624, 1978345.932263219729066 ] ], [ [ 8745754.676580768078566, 1978344.738562931539491 ], [ 8745754.975217700004578, 1978344.738562931539491 ], [ 8745754.975217700004578, 1978343.544862643349916 ], [ 8745754.676580768078566, 1978343.544862643349916 ], [ 8745754.676580768078566, 1978344.738562931539491 ] ], [ [ 8745763.038414858281612, 1978344.440137859433889 ], [ 8745763.337051790207624, 1978344.440137859433889 ], [ 8745763.337051790207624, 1978344.141712787561119 ], [ 8745763.038414858281612, 1978344.141712787561119 ], [ 8745763.038414858281612, 1978344.440137859433889 ] ], [ [ 8745754.377943836152554, 1978342.351162355160341 ], [ 8745754.676580768078566, 1978342.351162355160341 ], [ 8745754.676580768078566, 1978341.455887139076367 ], [ 8745754.377943836152554, 1978341.455887139076367 ], [ 8745754.377943836152554, 1978342.351162355160341 ] ], [ [ 8745754.079306904226542, 1978340.262186850886792 ], [ 8745754.377943836152554, 1978340.262186850886792 ], [ 8745754.377943836152554, 1978339.963761779014021 ], [ 8745754.079306904226542, 1978339.963761779014021 ], [ 8745754.079306904226542, 1978340.262186850886792 ] ], [ [ 8745753.780669972300529, 1978338.471636418718845 ], [ 8745754.079306904226542, 1978338.471636418718845 ], [ 8745754.079306904226542, 1978338.173211346613243 ], [ 8745753.780669972300529, 1978338.173211346613243 ], [ 8745753.780669972300529, 1978338.471636418718845 ] ], [ [ 8745753.482033040374517, 1978336.681085986550897 ], [ 8745753.780669972300529, 1978336.681085986550897 ], [ 8745753.780669972300529, 1978336.382660914445296 ], [ 8745753.482033040374517, 1978336.382660914445296 ], [ 8745753.482033040374517, 1978336.681085986550897 ] ] ] } },
{ "type": "Feature", "properties": { "value": 255.0 }, "geometry": { "type": "Polygon", "coordinates": [ [ [ 8746005.232966566458344, 1978342.649587427265942 ], [ 8746005.232966566458344, 1978342.351162355160341 ], [ 8746004.63569270260632, 1978342.351162355160341 ], [ 8746004.63569270260632, 1978342.05273728328757 ], [ 8746004.337055772542953, 1978342.05273728328757 ], [ 8746004.337055772542953, 1978341.157462067203596 ], [ 8746004.038418840616941, 1978341.157462067203596 ], [ 8746004.038418840616941, 1978339.963761779014021 ], [ 8746003.739781908690929, 1978339.963761779014021 ], [ 8746003.739781908690929, 1978338.770061490824446 ], [ 8746003.441144976764917, 1978338.770061490824446 ], [ 8746003.441144976764917, 1978337.27793613052927 ], [ 8746003.142508044838905, 1978337.27793613052927 ], [ 8746003.142508044838905, 1978335.785810770466924 ], [ 8746002.843871112912893, 1978335.785810770466924 ], [ 8746002.843871112912893, 1978334.293685410171747 ], [ 8746002.545234180986881, 1978334.293685410171747 ], [ 8746002.545234180986881, 1978333.696835266193375 ], [ 8746002.843871112912893, 1978333.696835266193375 ], [ 8746002.843871112912893, 1978333.099985121982172 ], [ 8746003.142508044838905, 1978333.099985121982172 ], [ 8746003.142508044838905, 1978332.801560049876571 ], [ 8746003.739781908690929, 1978332.801560049876571 ], [ 8746003.739781908690929, 1978332.5031349780038 ], [ 8746004.934329634532332, 1978332.5031349780038 ], [ 8746004.934329634532332, 1978332.204709905898198 ], [ 8746006.726151226088405, 1978332.204709905898198 ], [ 8746006.726151226088405, 1978331.906284833792597 ], [ 8746008.219335885718465, 1978331.906284833792597 ], [ 8746008.219335885718465, 1978331.607859761686996 ], [ 8746009.413883613422513, 1978331.607859761686996 ], [ 8746009.413883613422513, 1978331.309434689814225 ], [ 8746010.309794407337904, 1978331.309434689814225 ], [ 8746010.309794407337904, 1978331.011009617708623 ], [ 8746011.20570520311594, 1978331.011009617708623 ], [ 8746011.20570520311594, 1978330.712584545603022 ], [ 8746013.296163726598024, 1978330.712584545603022 ], [ 8746013.296163726598024, 1978331.011009617708623 ], [ 8746013.893437590450048, 1978331.011009617708623 ], [ 8746013.893437590450048, 1978331.309434689814225 ], [ 8746014.490711454302073, 1978331.309434689814225 ], [ 8746014.490711454302073, 1978331.906284833792597 ], [ 8746014.789348386228085, 1978331.906284833792597 ], [ 8746014.789348386228085, 1978332.5031349780038 ], [ 8746015.087985318154097, 1978332.5031349780038 ], [ 8746015.087985318154097, 1978333.398410194087774 ], [ 8746015.386622248217463, 1978333.398410194087774 ], [ 8746015.386622248217463, 1978334.293685410171747 ], [ 8746015.685259180143476, 1978334.293685410171747 ], [ 8746015.685259180143476, 1978335.188960626255721 ], [ 8746015.983896112069488, 1978335.188960626255721 ], [ 8746015.983896112069488, 1978336.382660914445296 ], [ 8746016.2825330439955, 1978336.382660914445296 ], [ 8746016.2825330439955, 1978337.874786274740472 ], [ 8746016.581169975921512, 1978337.874786274740472 ], [ 8746016.581169975921512, 1978339.366911634802818 ], [ 8746016.2825330439955, 1978339.366911634802818 ], [ 8746016.2825330439955, 1978339.963761779014021 ], [ 8746015.685259180143476, 1978339.963761779014021 ], [ 8746015.685259180143476, 1978340.262186850886792 ], [ 8746015.087985318154097, 1978340.262186850886792 ], [ 8746015.087985318154097, 1978340.560611922992393 ], [ 8746014.19207452237606, 1978340.560611922992393 ], [ 8746014.19207452237606, 1978340.859036995097995 ], [ 8746012.698889862746, 1978340.859036995097995 ], [ 8746012.698889862746, 1978341.157462067203596 ], [ 8746011.20570520311594, 1978341.157462067203596 ], [ 8746011.20570520311594, 1978341.455887139076367 ], [ 8746009.712520545348525, 1978341.455887139076367 ], [ 8746009.712520545348525, 1978341.754312211181968 ], [ 8746008.219335885718465, 1978341.754312211181968 ], [ 8746008.219335885718465, 1978342.05273728328757 ], [ 8746007.323425089940429, 1978342.05273728328757 ], [ 8746007.323425089940429, 1978342.351162355160341 ], [ 8746005.830240430310369, 1978342.351162355160341 ], [ 8746005.830240430310369, 1978342.649587427265942 ], [ 8746005.232966566458344, 1978342.649587427265942 ] ] ] } },
{ "type": "Feature", "properties": { "value": 255.0 }, "geometry": { "type": "Polygon", "coordinates": [ [ [ 8745872.93680576980114, 1978344.440137859433889 ], [ 8745872.93680576980114, 1978344.141712787561119 ], [ 8745872.339531905949116, 1978344.141712787561119 ], [ 8745872.339531905949116, 1978343.843287715455517 ], [ 8745872.040894974023104, 1978343.843287715455517 ], [ 8745872.040894974023104, 1978343.246437571477145 ], [ 8745871.742258042097092, 1978343.246437571477145 ], [ 8745871.742258042097092, 1978342.351162355160341 ], [ 8745871.44362111017108, 1978342.351162355160341 ], [ 8745871.44362111017108, 1978340.859036995097995 ], [ 8745871.144984178245068, 1978340.859036995097995 ], [ 8745871.144984178245068, 1978339.068486562930048 ], [ 8745870.846347246319056, 1978339.068486562930048 ], [ 8745870.846347246319056, 1978337.27793613052927 ], [ 8745870.547710314393044, 1978337.27793613052927 ], [ 8745870.547710314393044, 1978335.487385698361322 ], [ 8745870.249073382467031, 1978335.487385698361322 ], [ 8745870.249073382467031, 1978332.801560049876571 ], [ 8745869.950436452403665, 1978332.801560049876571 ], [ 8745869.950436452403665, 1978330.712584545603022 ], [ 8745870.249073382467031, 1978330.712584545603022 ], [ 8745870.249073382467031, 1978329.817309329519048 ], [ 8745870.547710314393044, 1978329.817309329519048 ], [ 8745870.547710314393044, 1978329.518884257413447 ], [ 8745870.846347246319056, 1978329.518884257413447 ], [ 8745870.846347246319056, 1978329.220459185540676 ], [ 8745874.131353497505188, 1978329.220459185540676 ], [ 8745874.131353497505188, 1978328.922034113435075 ], [ 8745874.4299904294312, 1978328.922034113435075 ], [ 8745874.4299904294312, 1978329.220459185540676 ], [ 8745875.027264293283224, 1978329.220459185540676 ], [ 8745875.027264293283224, 1978329.518884257413447 ], [ 8745875.624538155272603, 1978329.518884257413447 ], [ 8745875.624538155272603, 1978329.817309329519048 ], [ 8745875.923175087198615, 1978329.817309329519048 ], [ 8745875.923175087198615, 1978330.11573440162465 ], [ 8745876.221812019124627, 1978330.11573440162465 ], [ 8745876.221812019124627, 1978331.011009617708623 ], [ 8745876.520448951050639, 1978331.011009617708623 ], [ 8745876.520448951050639, 1978331.906284833792597 ], [ 8745876.819085882976651, 1978331.906284833792597 ], [ 8745876.819085882976651, 1978333.099985121982172 ], [ 8745877.117722814902663, 1978333.099985121982172 ], [ 8745877.117722814902663, 1978334.592110482277349 ], [ 8745877.416359746828675, 1978334.592110482277349 ], [ 8745877.416359746828675, 1978336.084235842339694 ], [ 8745877.714996678754687, 1978336.084235842339694 ], [ 8745877.714996678754687, 1978338.173211346613243 ], [ 8745878.013633610680699, 1978338.173211346613243 ], [ 8745878.013633610680699, 1978339.963761779014021 ], [ 8745878.312270542606711, 1978339.963761779014021 ], [ 8745878.312270542606711, 1978342.351162355160341 ], [ 8745878.013633610680699, 1978342.351162355160341 ], [ 8745878.013633610680699, 1978343.246437571477145 ], [ 8745877.714996678754687, 1978343.246437571477145 ], [ 8745877.714996678754687, 1978343.544862643349916 ], [ 8745877.117722814902663, 1978343.544862643349916 ], [ 8745877.117722814902663, 1978343.843287715455517 ], [ 8745875.624538155272603, 1978343.843287715455517 ], [ 8745875.624538155272603, 1978344.141712787561119 ], [ 8745874.4299904294312, 1978344.141712787561119 ], [ 8745874.4299904294312, 1978344.440137859433889 ], [ 8745872.93680576980114, 1978344.440137859433889 ] ] ] } },
{ "type": "Feature", "properties": { "value": 255.0 }, "geometry": { "type": "Polygon", "coordinates": [ [ [ 8745771.997522814199328, 1978335.487385698361322 ], [ 8745771.997522814199328, 1978335.188960626255721 ], [ 8745771.400248950347304, 1978335.188960626255721 ], [ 8745771.400248950347304, 1978334.592110482277349 ], [ 8745771.101612018421292, 1978334.592110482277349 ], [ 8745771.101612018421292, 1978332.204709905898198 ], [ 8745771.400248950347304, 1978332.204709905898198 ], [ 8745771.400248950347304, 1978328.623609041329473 ], [ 8745771.698885882273316, 1978328.623609041329473 ], [ 8745771.698885882273316, 1978328.325183969456702 ], [ 8745771.997522814199328, 1978328.325183969456702 ], [ 8745771.997522814199328, 1978328.026758897351101 ], [ 8745773.192070541903377, 1978328.026758897351101 ], [ 8745773.192070541903377, 1978327.7283338252455 ], [ 8745774.983892131596804, 1978327.7283338252455 ], [ 8745774.983892131596804, 1978327.429908753139898 ], [ 8745776.775713723152876, 1978327.429908753139898 ], [ 8745776.775713723152876, 1978327.131483681267127 ], [ 8745778.567535314708948, 1978327.131483681267127 ], [ 8745778.567535314708948, 1978326.833058609161526 ], [ 8745780.359356904402375, 1978326.833058609161526 ], [ 8745780.359356904402375, 1978326.534633537055925 ], [ 8745782.748452359810472, 1978326.534633537055925 ], [ 8745782.748452359810472, 1978326.236208464950323 ], [ 8745784.241637017577887, 1978326.236208464950323 ], [ 8745784.241637017577887, 1978325.937783393077552 ], [ 8745786.630732472985983, 1978325.937783393077552 ], [ 8745786.630732472985983, 1978325.639358320971951 ], [ 8745788.123917132616043, 1978325.639358320971951 ], [ 8745788.123917132616043, 1978325.340933248866349 ], [ 8745792.006197245791554, 1978325.340933248866349 ], [ 8745792.006197245791554, 1978325.639358320971951 ], [ 8745792.902108041569591, 1978325.639358320971951 ], [ 8745792.902108041569591, 1978325.937783393077552 ], [ 8745793.200744973495603, 1978325.937783393077552 ], [ 8745793.200744973495603, 1978326.236208464950323 ], [ 8745793.499381905421615, 1978326.236208464950323 ], [ 8745793.499381905421615, 1978325.937783393077552 ], [ 8745794.395292701199651, 1978325.937783393077552 ], [ 8745794.395292701199651, 1978325.639358320971951 ], [ 8745799.173483610153198, 1978325.639358320971951 ], [ 8745799.173483610153198, 1978325.340933248866349 ], [ 8745802.159852927550673, 1978325.340933248866349 ], [ 8745802.159852927550673, 1978325.639358320971951 ], [ 8745802.458489859476686, 1978325.639358320971951 ], [ 8745802.458489859476686, 1978325.937783393077552 ], [ 8745802.757126791402698, 1978325.937783393077552 ], [ 8745802.757126791402698, 1978328.026758897351101 ], [ 8745803.05576372332871, 1978328.026758897351101 ], [ 8745803.05576372332871, 1978329.220459185540676 ], [ 8745803.354400655254722, 1978329.220459185540676 ], [ 8745803.354400655254722, 1978330.414159473730251 ], [ 8745803.653037587180734, 1978330.414159473730251 ], [ 8745803.653037587180734, 1978331.607859761686996 ], [ 8745803.951674519106746, 1978331.607859761686996 ], [ 8745803.951674519106746, 1978331.906284833792597 ], [ 8745803.653037587180734, 1978331.906284833792597 ], [ 8745803.653037587180734, 1978332.801560049876571 ], [ 8745803.354400655254722, 1978332.801560049876571 ], [ 8745803.354400655254722, 1978333.099985121982172 ], [ 8745799.770757474005222, 1978333.099985121982172 ], [ 8745799.770757474005222, 1978332.801560049876571 ], [ 8745795.291203495115042, 1978332.801560049876571 ], [ 8745795.291203495115042, 1978332.5031349780038 ], [ 8745794.693929633125663, 1978332.5031349780038 ], [ 8745794.693929633125663, 1978332.204709905898198 ], [ 8745794.096655769273639, 1978332.204709905898198 ], [ 8745794.096655769273639, 1978332.5031349780038 ], [ 8745793.499381905421615, 1978332.5031349780038 ], [ 8745793.499381905421615, 1978332.801560049876571 ], [ 8745790.513012586161494, 1978332.801560049876571 ], [ 8745790.513012586161494, 1978333.099985121982172 ], [ 8745788.721190996468067, 1978333.099985121982172 ], [ 8745788.721190996468067, 1978333.398410194087774 ], [ 8745786.630732472985983, 1978333.398410194087774 ], [ 8745786.630732472985983, 1978333.696835266193375 ], [ 8745784.241637017577887, 1978333.696835266193375 ], [ 8745784.241637017577887, 1978333.995260338066146 ], [ 8745782.449815427884459, 1978333.995260338066146 ], [ 8745782.449815427884459, 1978334.293685410171747 ], [ 8745780.060719972476363, 1978334.293685410171747 ], [ 8745780.060719972476363, 1978334.592110482277349 ], [ 8745777.970261450856924, 1978334.592110482277349 ], [ 8745777.970261450856924, 1978334.890535554150119 ], [ 8745776.178439859300852, 1978334.890535554150119 ], [ 8745776.178439859300852, 1978335.188960626255721 ], [ 8745773.789344403892756, 1978335.188960626255721 ], [ 8745773.789344403892756, 1978335.487385698361322 ], [ 8745771.997522814199328, 1978335.487385698361322 ] ] ] } },
{ "type": "Feature", "properties": { "value": 255.0 }, "geometry": { "type": "Polygon", "coordinates": [ [ [ 8745940.130115428939462, 1978351.005489444360137 ], [ 8745940.130115428939462, 1978350.707064372487366 ], [ 8745939.532841566950083, 1978350.707064372487366 ], [ 8745939.532841566950083, 1978350.408639300381765 ], [ 8745938.935567703098059, 1978350.408639300381765 ], [ 8745938.935567703098059, 1978349.811789156170562 ], [ 8745938.636930771172047, 1978349.811789156170562 ], [ 8745938.636930771172047, 1978348.021238724002615 ], [ 8745938.338293839246035, 1978348.021238724002615 ], [ 8745938.338293839246035, 1978345.036988003645092 ], [ 8745938.039656907320023, 1978345.036988003645092 ], [ 8745938.039656907320023, 1978339.66533670690842 ], [ 8745937.741019975394011, 1978339.66533670690842 ], [ 8745937.741019975394011, 1978339.068486562930048 ], [ 8745938.039656907320023, 1978339.068486562930048 ], [ 8745938.039656907320023, 1978337.874786274740472 ], [ 8745938.338293839246035, 1978337.874786274740472 ], [ 8745938.338293839246035, 1978337.576361202634871 ], [ 8745938.636930771172047, 1978337.576361202634871 ], [ 8745938.636930771172047, 1978337.27793613052927 ], [ 8745939.532841566950083, 1978337.27793613052927 ], [ 8745939.532841566950083, 1978336.979511058423668 ], [ 8745940.428752360865474, 1978336.979511058423668 ], [ 8745940.428752360865474, 1978336.681085986550897 ], [ 8745939.234204635024071, 1978336.681085986550897 ], [ 8745939.234204635024071, 1978336.979511058423668 ], [ 8745938.935567703098059, 1978336.979511058423668 ], [ 8745938.935567703098059, 1978336.681085986550897 ], [ 8745938.338293839246035, 1978336.681085986550897 ], [ 8745938.338293839246035, 1978336.084235842339694 ], [ 8745938.039656907320023, 1978336.084235842339694 ], [ 8745938.039656907320023, 1978335.487385698361322 ], [ 8745937.741019975394011, 1978335.487385698361322 ], [ 8745937.741019975394011, 1978326.236208464950323 ], [ 8745938.039656907320023, 1978326.236208464950323 ], [ 8745938.039656907320023, 1978325.937783393077552 ], [ 8745939.234204635024071, 1978325.937783393077552 ], [ 8745939.234204635024071, 1978325.639358320971951 ], [ 8745942.220573952421546, 1978325.639358320971951 ], [ 8745942.220573952421546, 1978325.340933248866349 ], [ 8745946.401490997523069, 1978325.340933248866349 ], [ 8745946.401490997523069, 1978325.042508176993579 ], [ 8745947.297401793301105, 1978325.042508176993579 ], [ 8745947.297401793301105, 1978324.744083104887977 ], [ 8745947.89467565715313, 1978324.744083104887977 ], [ 8745947.89467565715313, 1978324.445658032782376 ], [ 8745948.193312589079142, 1978324.445658032782376 ], [ 8745948.193312589079142, 1978324.147232960676774 ], [ 8745949.985134180635214, 1978324.147232960676774 ], [ 8745949.985134180635214, 1978324.445658032782376 ], [ 8745950.283771112561226, 1978324.445658032782376 ], [ 8745950.283771112561226, 1978324.744083104887977 ], [ 8745950.582408044487238, 1978324.744083104887977 ], [ 8745950.582408044487238, 1978325.042508176993579 ], [ 8745950.881044974550605, 1978325.042508176993579 ], [ 8745950.881044974550605, 1978325.639358320971951 ], [ 8745951.179681906476617, 1978325.639358320971951 ], [ 8745951.179681906476617, 1978325.937783393077552 ], [ 8745951.478318838402629, 1978325.937783393077552 ], [ 8745951.478318838402629, 1978326.236208464950323 ], [ 8745951.776955770328641, 1978326.236208464950323 ], [ 8745951.776955770328641, 1978326.534633537055925 ], [ 8745952.075592702254653, 1978326.534633537055925 ], [ 8745952.075592702254653, 1978326.833058609161526 ], [ 8745952.374229634180665, 1978326.833058609161526 ], [ 8745952.374229634180665, 1978327.131483681267127 ], [ 8745952.672866566106677, 1978327.131483681267127 ], [ 8745952.672866566106677, 1978327.7283338252455 ], [ 8745952.971503498032689, 1978327.7283338252455 ], [ 8745952.971503498032689, 1978328.623609041329473 ], [ 8745953.270140429958701, 1978328.623609041329473 ], [ 8745953.270140429958701, 1978329.518884257413447 ], [ 8745953.568777361884713, 1978329.518884257413447 ], [ 8745953.568777361884713, 1978330.712584545603022 ], [ 8745953.867414293810725, 1978330.712584545603022 ], [ 8745953.867414293810725, 1978333.696835266193375 ], [ 8745953.568777361884713, 1978333.696835266193375 ], [ 8745953.568777361884713, 1978333.995260338066146 ], [ 8745953.270140429958701, 1978333.995260338066146 ], [ 8745953.270140429958701, 1978334.293685410171747 ], [ 8745952.672866566106677, 1978334.293685410171747 ], [ 8745952.672866566106677, 1978334.592110482277349 ], [ 8745952.374229634180665, 1978334.592110482277349 ], [ 8745952.374229634180665, 1978334.890535554150119 ], [ 8745952.075592702254653, 1978334.890535554150119 ], [ 8745952.075592702254653, 1978335.188960626255721 ], [ 8745951.776955770328641, 1978335.188960626255721 ], [ 8745951.776955770328641, 1978335.487385698361322 ], [ 8745950.881044974550605, 1978335.487385698361322 ], [ 8745950.881044974550605, 1978335.785810770466924 ], [ 8745951.776955770328641, 1978335.785810770466924 ], [ 8745951.776955770328641, 1978336.084235842339694 ], [ 8745952.075592702254653, 1978336.084235842339694 ], [ 8745952.075592702254653, 1978336.382660914445296 ], [ 8745952.374229634180665, 1978336.382660914445296 ], [ 8745952.374229634180665, 1978337.874786274740472 ], [ 8745952.672866566106677, 1978337.874786274740472 ], [ 8745952.672866566106677, 1978341.754312211181968 ], [ 8745952.971503498032689, 1978341.754312211181968 ], [ 8745952.971503498032689, 1978343.843287715455517 ], [ 8745953.270140429958701, 1978343.843287715455517 ], [ 8745953.270140429958701, 1978345.633838147623464 ], [ 8745953.568777361884713, 1978345.633838147623464 ], [ 8745953.568777361884713, 1978349.21493901219219 ], [ 8745953.270140429958701, 1978349.21493901219219 ], [ 8745953.270140429958701, 1978349.513364084297791 ], [ 8745952.971503498032689, 1978349.513364084297791 ], [ 8745952.971503498032689, 1978349.811789156170562 ], [ 8745952.672866566106677, 1978349.811789156170562 ], [ 8745952.672866566106677, 1978350.110214228276163 ], [ 8745949.089223384857178, 1978350.110214228276163 ], [ 8745949.089223384857178, 1978349.811789156170562 ], [ 8745948.790586452931166, 1978349.811789156170562 ], [ 8745948.790586452931166, 1978350.110214228276163 ], [ 8745944.012395543977618, 1978350.110214228276163 ], [ 8745944.012395543977618, 1978350.408639300381765 ], [ 8745941.921937020495534, 1978350.408639300381765 ], [ 8745941.921937020495534, 1978350.707064372487366 ], [ 8745940.428752360865474, 1978350.707064372487366 ], [ 8745940.428752360865474, 1978351.005489444360137 ], [ 8745940.130115428939462, 1978351.005489444360137 ] ], [ [ 8745943.116484748199582, 1978336.979511058423668 ], [ 8745944.012395543977618, 1978336.979511058423668 ], [ 8745944.012395543977618, 1978336.681085986550897 ], [ 8745943.116484748199582, 1978336.681085986550897 ], [ 8745943.116484748199582, 1978336.979511058423668 ] ], [ [ 8745946.102854065597057, 1978336.681085986550897 ], [ 8745946.998764861375093, 1978336.681085986550897 ], [ 8745946.998764861375093, 1978336.382660914445296 ], [ 8745946.102854065597057, 1978336.382660914445296 ], [ 8745946.102854065597057, 1978336.681085986550897 ] ], [ [ 8745948.790586452931166, 1978336.382660914445296 ], [ 8745949.089223384857178, 1978336.382660914445296 ], [ 8745949.089223384857178, 1978336.084235842339694 ], [ 8745948.790586452931166, 1978336.084235842339694 ], [ 8745948.790586452931166, 1978336.382660914445296 ] ], [ [ 8745949.686497248709202, 1978336.084235842339694 ], [ 8745949.985134180635214, 1978336.084235842339694 ], [ 8745949.985134180635214, 1978335.785810770466924 ], [ 8745949.686497248709202, 1978335.785810770466924 ], [ 8745949.686497248709202, 1978336.084235842339694 ] ] ] } },
{ "type": "Feature", "properties": { "value": 255.0 }, "geometry": { "type": "Polygon", "coordinates": [ [ [ 8746062.869894409552217, 1978342.05273728328757 ], [ 8746062.869894409552217, 1978341.754312211181968 ], [ 8746062.571257477626204, 1978341.754312211181968 ], [ 8746062.571257477626204, 1978341.455887139076367 ], [ 8746062.272620545700192, 1978341.455887139076367 ], [ 8746062.272620545700192, 1978340.859036995097995 ], [ 8746061.97398361377418, 1978340.859036995097995 ], [ 8746061.97398361377418, 1978340.262186850886792 ], [ 8746061.675346681848168, 1978340.262186850886792 ], [ 8746061.675346681848168, 1978339.66533670690842 ], [ 8746061.376709749922156, 1978339.66533670690842 ], [ 8746061.376709749922156, 1978339.068486562930048 ], [ 8746061.078072817996144, 1978339.068486562930048 ], [ 8746061.078072817996144, 1978338.173211346613243 ], [ 8746060.779435886070132, 1978338.173211346613243 ], [ 8746060.779435886070132, 1978337.576361202634871 ], [ 8746060.48079895414412, 1978337.576361202634871 ], [ 8746060.48079895414412, 1978336.979511058423668 ], [ 8746060.182162022218108, 1978336.979511058423668 ], [ 8746060.182162022218108, 1978336.382660914445296 ], [ 8746059.883525090292096, 1978336.382660914445296 ], [ 8746059.883525090292096, 1978335.487385698361322 ], [ 8746059.584888158366084, 1978335.487385698361322 ], [ 8746059.584888158366084, 1978334.890535554150119 ], [ 8746059.286251226440072, 1978334.890535554150119 ], [ 8746059.286251226440072, 1978334.293685410171747 ], [ 8746058.98761429451406, 1978334.293685410171747 ], [ 8746058.98761429451406, 1978333.696835266193375 ], [ 8746058.688977362588048, 1978333.696835266193375 ], [ 8746058.688977362588048, 1978332.801560049876571 ], [ 8746058.390340430662036, 1978332.801560049876571 ], [ 8746058.390340430662036, 1978332.204709905898198 ], [ 8746058.091703500598669, 1978332.204709905898198 ], [ 8746058.091703500598669, 1978331.607859761686996 ], [ 8746057.793066568672657, 1978331.607859761686996 ], [ 8746057.793066568672657, 1978331.011009617708623 ], [ 8746057.494429636746645, 1978331.011009617708623 ], [ 8746057.494429636746645, 1978330.414159473730251 ], [ 8746057.195792704820633, 1978330.414159473730251 ], [ 8746057.195792704820633, 1978328.922034113435075 ], [ 8746057.494429636746645, 1978328.922034113435075 ], [ 8746057.494429636746645, 1978328.623609041329473 ], [ 8746057.793066568672657, 1978328.623609041329473 ], [ 8746057.793066568672657, 1978328.325183969456702 ], [ 8746058.091703500598669, 1978328.325183969456702 ], [ 8746058.091703500598669, 1978328.026758897351101 ], [ 8746058.688977362588048, 1978328.026758897351101 ], [ 8746058.688977362588048, 1978327.7283338252455 ], [ 8746059.286251226440072, 1978327.7283338252455 ], [ 8746059.286251226440072, 1978327.429908753139898 ], [ 8746061.376709749922156, 1978327.429908753139898 ], [ 8746061.376709749922156, 1978327.131483681267127 ], [ 8746061.97398361377418, 1978327.131483681267127 ], [ 8746061.97398361377418, 1978326.833058609161526 ], [ 8746063.168531341478229, 1978326.833058609161526 ], [ 8746063.168531341478229, 1978326.534633537055925 ], [ 8746064.06444213539362, 1978326.534633537055925 ], [ 8746064.06444213539362, 1978326.236208464950323 ], [ 8746064.363079067319632, 1978326.236208464950323 ], [ 8746064.363079067319632, 1978325.937783393077552 ], [ 8746064.960352931171656, 1978325.937783393077552 ], [ 8746064.960352931171656, 1978325.639358320971951 ], [ 8746065.55762679502368, 1978325.639358320971951 ], [ 8746065.55762679502368, 1978325.340933248866349 ], [ 8746066.453537590801716, 1978325.340933248866349 ], [ 8746066.453537590801716, 1978325.042508176993579 ], [ 8746067.05081145465374, 1978325.042508176993579 ], [ 8746067.05081145465374, 1978324.744083104887977 ], [ 8746067.946722250431776, 1978324.744083104887977 ], [ 8746067.946722250431776, 1978324.445658032782376 ], [ 8746068.842633046209812, 1978324.445658032782376 ], [ 8746068.842633046209812, 1978324.147232960676774 ], [ 8746069.738543840125203, 1978324.147232960676774 ], [ 8746069.738543840125203, 1978323.848807888804004 ], [ 8746071.829002363607287, 1978323.848807888804004 ], [ 8746071.829002363607287, 1978338.770061490824446 ], [ 8746071.231728499755263, 1978338.770061490824446 ], [ 8746071.231728499755263, 1978339.068486562930048 ], [ 8746070.634454635903239, 1978339.068486562930048 ], [ 8746070.634454635903239, 1978339.366911634802818 ], [ 8746069.439906908199191, 1978339.366911634802818 ], [ 8746069.439906908199191, 1978339.66533670690842 ], [ 8746068.5439961142838, 1978339.66533670690842 ], [ 8746068.5439961142838, 1978339.963761779014021 ], [ 8746067.648085318505764, 1978339.963761779014021 ], [ 8746067.648085318505764, 1978340.262186850886792 ], [ 8746066.752174522727728, 1978340.262186850886792 ], [ 8746066.752174522727728, 1978339.963761779014021 ], [ 8746065.258989863097668, 1978339.963761779014021 ], [ 8746065.258989863097668, 1978340.262186850886792 ], [ 8746064.960352931171656, 1978340.262186850886792 ], [ 8746064.960352931171656, 1978340.859036995097995 ], [ 8746064.661715999245644, 1978340.859036995097995 ], [ 8746064.661715999245644, 1978341.455887139076367 ], [ 8746064.363079067319632, 1978341.455887139076367 ], [ 8746064.363079067319632, 1978341.754312211181968 ], [ 8746064.06444213539362, 1978341.754312211181968 ], [ 8746064.06444213539362, 1978342.05273728328757 ], [ 8746062.869894409552217, 1978342.05273728328757 ] ] ] } },
{ "type": "Feature", "properties": { "value": 255.0 }, "geometry": { "type": "Polygon", "coordinates": [ [ [ 8746022.553908612579107, 1978335.188960626255721 ], [ 8746022.553908612579107, 1978334.890535554150119 ], [ 8746022.255271680653095, 1978334.890535554150119 ], [ 8746022.255271680653095, 1978334.592110482277349 ], [ 8746021.956634748727083, 1978334.592110482277349 ], [ 8746021.956634748727083, 1978333.995260338066146 ], [ 8746021.657997816801071, 1978333.995260338066146 ], [ 8746021.657997816801071, 1978332.5031349780038 ], [ 8746021.359360884875059, 1978332.5031349780038 ], [ 8746021.359360884875059, 1978331.309434689814225 ], [ 8746021.060723952949047, 1978331.309434689814225 ], [ 8746021.060723952949047, 1978330.11573440162465 ], [ 8746020.762087021023035, 1978330.11573440162465 ], [ 8746020.762087021023035, 1978328.623609041329473 ], [ 8746020.463450090959668, 1978328.623609041329473 ], [ 8746020.463450090959668, 1978327.131483681267127 ], [ 8746020.164813159033656, 1978327.131483681267127 ], [ 8746020.164813159033656, 1978325.937783393077552 ], [ 8746019.866176227107644, 1978325.937783393077552 ], [ 8746019.866176227107644, 1978324.445658032782376 ], [ 8746019.567539295181632, 1978324.445658032782376 ], [ 8746019.567539295181632, 1978322.655107600614429 ], [ 8746019.866176227107644, 1978322.655107600614429 ], [ 8746019.866176227107644, 1978322.058257456403226 ], [ 8746020.164813159033656, 1978322.058257456403226 ], [ 8746020.164813159033656, 1978321.461407312424853 ], [ 8746020.463450090959668, 1978321.461407312424853 ], [ 8746020.463450090959668, 1978320.864557168213651 ], [ 8746022.553908612579107, 1978320.864557168213651 ], [ 8746022.553908612579107, 1978320.56613209634088 ], [ 8746024.047093272209167, 1978320.56613209634088 ], [ 8746024.047093272209167, 1978320.864557168213651 ], [ 8746024.644367136061192, 1978320.864557168213651 ], [ 8746024.644367136061192, 1978321.162982240319252 ], [ 8746024.943004067987204, 1978321.162982240319252 ], [ 8746024.943004067987204, 1978321.461407312424853 ], [ 8746025.241641, 1978321.461407312424853 ], [ 8746025.241641, 1978321.759832384530455 ], [ 8746025.540277931839228, 1978321.759832384530455 ], [ 8746025.540277931839228, 1978322.356682528508827 ], [ 8746025.83891486376524, 1978322.356682528508827 ], [ 8746025.83891486376524, 1978322.655107600614429 ], [ 8746026.137551793828607, 1978322.655107600614429 ], [ 8746026.137551793828607, 1978322.95353267272003 ], [ 8746026.436188725754619, 1978322.95353267272003 ], [ 8746026.436188725754619, 1978323.550382816698402 ], [ 8746026.734825657680631, 1978323.550382816698402 ], [ 8746026.734825657680631, 1978324.147232960676774 ], [ 8746027.033462589606643, 1978324.147232960676774 ], [ 8746027.033462589606643, 1978324.445658032782376 ], [ 8746027.630736453458667, 1978324.445658032782376 ], [ 8746027.630736453458667, 1978324.744083104887977 ], [ 8746029.721194976940751, 1978324.744083104887977 ], [ 8746029.721194976940751, 1978325.042508176993579 ], [ 8746030.915742704644799, 1978325.042508176993579 ], [ 8746030.915742704644799, 1978325.340933248866349 ], [ 8746031.214379636570811, 1978325.340933248866349 ], [ 8746031.214379636570811, 1978325.639358320971951 ], [ 8746031.513016566634178, 1978325.639358320971951 ], [ 8746031.513016566634178, 1978326.236208464950323 ], [ 8746031.81165349856019, 1978326.236208464950323 ], [ 8746031.81165349856019, 1978326.833058609161526 ], [ 8746032.110290430486202, 1978326.833058609161526 ], [ 8746032.110290430486202, 1978327.131483681267127 ], [ 8746032.408927362412214, 1978327.131483681267127 ], [ 8746032.408927362412214, 1978327.429908753139898 ], [ 8746032.707564294338226, 1978327.429908753139898 ], [ 8746032.707564294338226, 1978328.026758897351101 ], [ 8746033.006201226264238, 1978328.026758897351101 ], [ 8746033.006201226264238, 1978328.623609041329473 ], [ 8746033.30483815819025, 1978328.623609041329473 ], [ 8746033.30483815819025, 1978329.220459185540676 ], [ 8746033.603475090116262, 1978329.220459185540676 ], [ 8746033.603475090116262, 1978329.518884257413447 ], [ 8746033.902112022042274, 1978329.518884257413447 ], [ 8746033.902112022042274, 1978330.11573440162465 ], [ 8746034.200748953968287, 1978330.11573440162465 ], [ 8746034.200748953968287, 1978331.011009617708623 ], [ 8746034.499385885894299, 1978331.011009617708623 ], [ 8746034.499385885894299, 1978331.906284833792597 ], [ 8746034.798022817820311, 1978331.906284833792597 ], [ 8746034.798022817820311, 1978332.5031349780038 ], [ 8746035.096659749746323, 1978332.5031349780038 ], [ 8746035.096659749746323, 1978333.099985121982172 ], [ 8746034.499385885894299, 1978333.099985121982172 ], [ 8746034.499385885894299, 1978333.398410194087774 ], [ 8746034.200748953968287, 1978333.398410194087774 ], [ 8746034.200748953968287, 1978333.696835266193375 ], [ 8746033.30483815819025, 1978333.696835266193375 ], [ 8746033.30483815819025, 1978333.995260338066146 ], [ 8746032.110290430486202, 1978333.995260338066146 ], [ 8746032.110290430486202, 1978334.293685410171747 ], [ 8746031.214379636570811, 1978334.293685410171747 ], [ 8746031.214379636570811, 1978334.592110482277349 ], [ 8746030.019831908866763, 1978334.592110482277349 ], [ 8746030.019831908866763, 1978334.890535554150119 ], [ 8746027.630736453458667, 1978334.890535554150119 ], [ 8746027.630736453458667, 1978334.592110482277349 ], [ 8746026.436188725754619, 1978334.592110482277349 ], [ 8746026.436188725754619, 1978334.890535554150119 ], [ 8746024.943004067987204, 1978334.890535554150119 ], [ 8746024.943004067987204, 1978335.188960626255721 ], [ 8746022.553908612579107, 1978335.188960626255721 ] ] ] } },
{ "type": "Feature", "properties": { "value": 255.0 }, "geometry": { "type": "Polygon", "coordinates": [ [ [ 8746002.545234180986881, 1978332.204709905898198 ], [ 8746002.545234180986881, 1978331.906284833792597 ], [ 8746002.246597249060869, 1978331.906284833792597 ], [ 8746002.246597249060869, 1978331.309434689814225 ], [ 8746001.947960317134857, 1978331.309434689814225 ], [ 8746001.947960317134857, 1978330.11573440162465 ], [ 8746001.649323385208845, 1978330.11573440162465 ], [ 8746001.649323385208845, 1978328.922034113435075 ], [ 8746001.350686453282833, 1978328.922034113435075 ], [ 8746001.350686453282833, 1978327.429908753139898 ], [ 8746001.052049521356821, 1978327.429908753139898 ], [ 8746001.052049521356821, 1978326.534633537055925 ], [ 8746000.753412589430809, 1978326.534633537055925 ], [ 8746000.753412589430809, 1978325.042508176993579 ], [ 8746000.454775657504797, 1978325.042508176993579 ], [ 8746000.454775657504797, 1978323.550382816698402 ], [ 8746000.156138725578785, 1978323.550382816698402 ], [ 8746000.156138725578785, 1978321.461407312424853 ], [ 8745999.857501793652773, 1978321.461407312424853 ], [ 8745999.857501793652773, 1978319.969281952129677 ], [ 8746000.156138725578785, 1978319.969281952129677 ], [ 8746000.156138725578785, 1978319.670856880256906 ], [ 8746000.454775657504797, 1978319.670856880256906 ], [ 8746000.454775657504797, 1978319.372431808151305 ], [ 8746001.350686453282833, 1978319.372431808151305 ], [ 8746001.350686453282833, 1978319.074006736045703 ], [ 8746002.843871112912893, 1978319.074006736045703 ], [ 8746002.843871112912893, 1978318.775581663940102 ], [ 8746004.038418840616941, 1978318.775581663940102 ], [ 8746004.038418840616941, 1978318.477156592067331 ], [ 8746005.232966566458344, 1978318.477156592067331 ], [ 8746005.232966566458344, 1978318.17873151996173 ], [ 8746006.726151226088405, 1978318.17873151996173 ], [ 8746006.726151226088405, 1978317.880306447856128 ], [ 8746009.115246681496501, 1978317.880306447856128 ], [ 8746009.115246681496501, 1978317.581881375983357 ], [ 8746010.309794407337904, 1978317.581881375983357 ], [ 8746010.309794407337904, 1978317.283456303877756 ], [ 8746011.20570520311594, 1978317.283456303877756 ], [ 8746011.20570520311594, 1978316.985031231772155 ], [ 8746012.101615998893976, 1978316.985031231772155 ], [ 8746012.101615998893976, 1978316.686606159666553 ], [ 8746013.296163726598024, 1978316.686606159666553 ], [ 8746013.296163726598024, 1978316.388181087793782 ], [ 8746014.490711454302073, 1978316.388181087793782 ], [ 8746014.490711454302073, 1978316.089756015688181 ], [ 8746016.2825330439955, 1978316.089756015688181 ], [ 8746016.2825330439955, 1978316.388181087793782 ], [ 8746016.581169975921512, 1978316.388181087793782 ], [ 8746016.581169975921512, 1978316.686606159666553 ], [ 8746016.879806907847524, 1978316.686606159666553 ], [ 8746016.879806907847524, 1978316.985031231772155 ], [ 8746017.178443839773536, 1978316.985031231772155 ], [ 8746017.178443839773536, 1978317.581881375983357 ], [ 8746017.477080771699548, 1978317.581881375983357 ], [ 8746017.477080771699548, 1978318.477156592067331 ], [ 8746017.77571770362556, 1978318.477156592067331 ], [ 8746017.77571770362556, 1978320.267707024235278 ], [ 8746018.074354635551572, 1978320.267707024235278 ], [ 8746018.074354635551572, 1978322.058257456403226 ], [ 8746018.372991567477584, 1978322.058257456403226 ], [ 8746018.372991567477584, 1978323.251957744592801 ], [ 8746018.671628499403596, 1978323.251957744592801 ], [ 8746018.671628499403596, 1978325.042508176993579 ], [ 8746018.970265431329608, 1978325.042508176993579 ], [ 8746018.970265431329608, 1978326.833058609161526 ], [ 8746019.26890236325562, 1978326.833058609161526 ], [ 8746019.26890236325562, 1978328.325183969456702 ], [ 8746018.970265431329608, 1978328.325183969456702 ], [ 8746018.970265431329608, 1978328.623609041329473 ], [ 8746018.372991567477584, 1978328.623609041329473 ], [ 8746018.372991567477584, 1978328.922034113435075 ], [ 8746017.178443839773536, 1978328.922034113435075 ], [ 8746017.178443839773536, 1978329.220459185540676 ], [ 8746015.983896112069488, 1978329.220459185540676 ], [ 8746015.983896112069488, 1978329.518884257413447 ], [ 8746014.789348386228085, 1978329.518884257413447 ], [ 8746014.789348386228085, 1978329.817309329519048 ], [ 8746013.296163726598024, 1978329.817309329519048 ], [ 8746013.296163726598024, 1978330.11573440162465 ], [ 8746011.802979066967964, 1978330.11573440162465 ], [ 8746011.802979066967964, 1978330.414159473730251 ], [ 8746010.309794407337904, 1978330.414159473730251 ], [ 8746010.309794407337904, 1978330.712584545603022 ], [ 8746009.115246681496501, 1978330.712584545603022 ], [ 8746009.115246681496501, 1978331.011009617708623 ], [ 8746007.920698953792453, 1978331.011009617708623 ], [ 8746007.920698953792453, 1978331.309434689814225 ], [ 8746006.427514294162393, 1978331.309434689814225 ], [ 8746006.427514294162393, 1978331.607859761686996 ], [ 8746005.232966566458344, 1978331.607859761686996 ], [ 8746005.232966566458344, 1978331.906284833792597 ], [ 8746004.038418840616941, 1978331.906284833792597 ], [ 8746004.038418840616941, 1978332.204709905898198 ], [ 8746002.545234180986881, 1978332.204709905898198 ] ] ] } },
{ "type": "Feature", "properties": { "value": 255.0 }, "geometry": { "type": "Polygon", "coordinates": [ [ [ 8745871.144984178245068, 1978328.623609041329473 ], [ 8745871.144984178245068, 1978328.325183969456702 ], [ 8745870.249073382467031, 1978328.325183969456702 ], [ 8745870.249073382467031, 1978328.026758897351101 ], [ 8745869.950436452403665, 1978328.026758897351101 ], [ 8745869.950436452403665, 1978327.7283338252455 ], [ 8745869.651799520477653, 1978327.7283338252455 ], [ 8745869.651799520477653, 1978327.429908753139898 ], [ 8745869.353162588551641, 1978327.429908753139898 ], [ 8745869.353162588551641, 1978326.534633537055925 ], [ 8745869.054525656625628, 1978326.534633537055925 ], [ 8745869.054525656625628, 1978325.042508176993579 ], [ 8745868.755888724699616, 1978325.042508176993579 ], [ 8745868.755888724699616, 1978323.848807888804004 ], [ 8745868.457251792773604, 1978323.848807888804004 ], [ 8745868.457251792773604, 1978321.461407312424853 ], [ 8745868.158614860847592, 1978321.461407312424853 ], [ 8745868.158614860847592, 1978319.372431808151305 ], [ 8745867.85997792892158, 1978319.372431808151305 ], [ 8745867.85997792892158, 1978317.581881375983357 ], [ 8745868.158614860847592, 1978317.581881375983357 ], [ 8745868.158614860847592, 1978316.985031231772155 ], [ 8745868.457251792773604, 1978316.985031231772155 ], [ 8745868.457251792773604, 1978316.686606159666553 ], [ 8745869.054525656625628, 1978316.686606159666553 ], [ 8745869.054525656625628, 1978316.388181087793782 ], [ 8745870.249073382467031, 1978316.388181087793782 ], [ 8745870.249073382467031, 1978316.089756015688181 ], [ 8745871.44362111017108, 1978316.089756015688181 ], [ 8745871.44362111017108, 1978315.791330943582579 ], [ 8745872.339531905949116, 1978315.791330943582579 ], [ 8745872.339531905949116, 1978315.492905871476978 ], [ 8745873.832716565579176, 1978315.492905871476978 ], [ 8745873.832716565579176, 1978315.791330943582579 ], [ 8745874.131353497505188, 1978315.791330943582579 ], [ 8745874.131353497505188, 1978316.089756015688181 ], [ 8745874.4299904294312, 1978316.089756015688181 ], [ 8745874.4299904294312, 1978316.985031231772155 ], [ 8745874.728627361357212, 1978316.985031231772155 ], [ 8745874.728627361357212, 1978318.775581663940102 ], [ 8745875.027264293283224, 1978318.775581663940102 ], [ 8745875.027264293283224, 1978320.56613209634088 ], [ 8745875.325901225209236, 1978320.56613209634088 ], [ 8745875.325901225209236, 1978322.655107600614429 ], [ 8745875.624538155272603, 1978322.655107600614429 ], [ 8745875.624538155272603, 1978325.042508176993579 ], [ 8745875.923175087198615, 1978325.042508176993579 ], [ 8745875.923175087198615, 1978327.7283338252455 ], [ 8745875.624538155272603, 1978327.7283338252455 ], [ 8745875.624538155272603, 1978328.026758897351101 ], [ 8745875.325901225209236, 1978328.026758897351101 ], [ 8745875.325901225209236, 1978328.325183969456702 ], [ 8745874.728627361357212, 1978328.325183969456702 ], [ 8745874.728627361357212, 1978328.623609041329473 ], [ 8745871.144984178245068, 1978328.623609041329473 ] ] ] } },
{ "type": "Feature", "properties": { "value": 255.0 }, "geometry": { "type": "Polygon", "coordinates": [ [ [ 8745852.032220542430878, 1978330.11573440162465 ], [ 8745852.032220542430878, 1978329.817309329519048 ], [ 8745851.733583610504866, 1978329.817309329519048 ], [ 8745851.733583610504866, 1978329.518884257413447 ], [ 8745851.434946678578854, 1978329.518884257413447 ], [ 8745851.434946678578854, 1978328.325183969456702 ], [ 8745851.136309746652842, 1978328.325183969456702 ], [ 8745851.136309746652842, 1978326.534633537055925 ], [ 8745850.83767281472683, 1978326.534633537055925 ], [ 8745850.83767281472683, 1978324.744083104887977 ], [ 8745850.539035882800817, 1978324.744083104887977 ], [ 8745850.539035882800817, 1978324.147232960676774 ], [ 8745850.240398950874805, 1978324.147232960676774 ], [ 8745850.240398950874805, 1978322.95353267272003 ], [ 8745849.941762018948793, 1978322.95353267272003 ], [ 8745849.941762018948793, 1978320.56613209634088 ], [ 8745850.240398950874805, 1978320.56613209634088 ], [ 8745850.240398950874805, 1978320.267707024235278 ], [ 8745850.83767281472683, 1978320.267707024235278 ], [ 8745850.83767281472683, 1978319.969281952129677 ], [ 8745851.434946678578854, 1978319.969281952129677 ], [ 8745851.434946678578854, 1978319.670856880256906 ], [ 8745851.733583610504866, 1978319.670856880256906 ], [ 8745851.733583610504866, 1978319.372431808151305 ], [ 8745852.33085747435689, 1978319.372431808151305 ], [ 8745852.33085747435689, 1978319.074006736045703 ], [ 8745852.928131338208914, 1978319.074006736045703 ], [ 8745852.928131338208914, 1978318.775581663940102 ], [ 8745853.525405202060938, 1978318.775581663940102 ], [ 8745853.525405202060938, 1978318.477156592067331 ], [ 8745854.122679064050317, 1978318.477156592067331 ], [ 8745854.122679064050317, 1978318.17873151996173 ], [ 8745854.421315995976329, 1978318.17873151996173 ], [ 8745854.421315995976329, 1978317.880306447856128 ], [ 8745854.719952927902341, 1978317.880306447856128 ], [ 8745854.719952927902341, 1978317.581881375983357 ], [ 8745855.018589859828353, 1978317.581881375983357 ], [ 8745855.018589859828353, 1978317.283456303877756 ], [ 8745855.317226791754365, 1978317.283456303877756 ], [ 8745855.317226791754365, 1978316.985031231772155 ], [ 8745855.615863723680377, 1978316.985031231772155 ], [ 8745855.615863723680377, 1978316.388181087793782 ], [ 8745855.914500655606389, 1978316.388181087793782 ], [ 8745855.914500655606389, 1978316.089756015688181 ], [ 8745856.213137587532401, 1978316.089756015688181 ], [ 8745856.213137587532401, 1978315.791330943582579 ], [ 8745856.810411451384425, 1978315.791330943582579 ], [ 8745856.810411451384425, 1978315.492905871476978 ], [ 8745857.706322247162461, 1978315.492905871476978 ], [ 8745857.706322247162461, 1978315.194480799604207 ], [ 8745858.602233042940497, 1978315.194480799604207 ], [ 8745858.602233042940497, 1978314.896055727498606 ], [ 8745860.095417700707912, 1978314.896055727498606 ], [ 8745860.095417700707912, 1978314.597630655393004 ], [ 8745861.588602360337973, 1978314.597630655393004 ], [ 8745861.588602360337973, 1978314.299205583520234 ], [ 8745863.380423951894045, 1978314.299205583520234 ], [ 8745863.380423951894045, 1978314.000780511414632 ], [ 8745865.172245541587472, 1978314.000780511414632 ], [ 8745865.172245541587472, 1978314.299205583520234 ], [ 8745865.769519405439496, 1978314.299205583520234 ], [ 8745865.769519405439496, 1978314.896055727498606 ], [ 8745866.068156337365508, 1978314.896055727498606 ], [ 8745866.068156337365508, 1978315.194480799604207 ], [ 8745866.36679326929152, 1978315.194480799604207 ], [ 8745866.36679326929152, 1978315.791330943582579 ], [ 8745866.665430201217532, 1978315.791330943582579 ], [ 8745866.665430201217532, 1978316.388181087793782 ], [ 8745866.964067133143544, 1978316.388181087793782 ], [ 8745866.964067133143544, 1978319.969281952129677 ], [ 8745867.262704065069556, 1978319.969281952129677 ], [ 8745867.262704065069556, 1978322.058257456403226 ], [ 8745867.561340996995568, 1978322.058257456403226 ], [ 8745867.561340996995568, 1978323.848807888804004 ], [ 8745867.85997792892158, 1978323.848807888804004 ], [ 8745867.85997792892158, 1978325.639358320971951 ], [ 8745868.158614860847592, 1978325.639358320971951 ], [ 8745868.158614860847592, 1978327.131483681267127 ], [ 8745867.85997792892158, 1978327.131483681267127 ], [ 8745867.85997792892158, 1978327.7283338252455 ], [ 8745866.665430201217532, 1978327.7283338252455 ], [ 8745866.665430201217532, 1978328.026758897351101 ], [ 8745864.276334747672081, 1978328.026758897351101 ], [ 8745864.276334747672081, 1978328.325183969456702 ], [ 8745862.484513156116009, 1978328.325183969456702 ], [ 8745862.484513156116009, 1978328.623609041329473 ], [ 8745860.991328496485949, 1978328.623609041329473 ], [ 8745860.991328496485949, 1978328.922034113435075 ], [ 8745859.199506906792521, 1978328.922034113435075 ], [ 8745859.199506906792521, 1978329.220459185540676 ], [ 8745857.407685315236449, 1978329.220459185540676 ], [ 8745857.407685315236449, 1978329.518884257413447 ], [ 8745855.615863723680377, 1978329.518884257413447 ], [ 8745855.615863723680377, 1978329.817309329519048 ], [ 8745853.525405202060938, 1978329.817309329519048 ], [ 8745853.525405202060938, 1978330.11573440162465 ], [ 8745852.032220542430878, 1978330.11573440162465 ] ] ] } },
{ "type": "Feature", "properties": { "value": 255.0 }, "geometry": { "type": "Polygon", "coordinates": [ [ [ 8745774.38661826774478, 1978326.534633537055925 ], [ 8745774.38661826774478, 1978326.236208464950323 ], [ 8745773.490707471966743, 1978326.236208464950323 ], [ 8745773.490707471966743, 1978325.639358320971951 ], [ 8745773.192070541903377, 1978325.639358320971951 ], [ 8745773.192070541903377, 1978324.445658032782376 ], [ 8745772.893433609977365, 1978324.445658032782376 ], [ 8745772.893433609977365, 1978322.95353267272003 ], [ 8745772.594796678051353, 1978322.95353267272003 ], [ 8745772.594796678051353, 1978321.461407312424853 ], [ 8745772.29615974612534, 1978321.461407312424853 ], [ 8745772.29615974612534, 1978319.969281952129677 ], [ 8745771.997522814199328, 1978319.969281952129677 ], [ 8745771.997522814199328, 1978316.686606159666553 ], [ 8745772.29615974612534, 1978316.686606159666553 ], [ 8745772.29615974612534, 1978316.388181087793782 ], [ 8745772.893433609977365, 1978316.388181087793782 ], [ 8745772.893433609977365, 1978316.089756015688181 ], [ 8745773.789344403892756, 1978316.089756015688181 ], [ 8745773.789344403892756, 1978315.791330943582579 ], [ 8745774.685255199670792, 1978315.791330943582579 ], [ 8745774.685255199670792, 1978315.492905871476978 ], [ 8745776.178439859300852, 1978315.492905871476978 ], [ 8745776.178439859300852, 1978315.194480799604207 ], [ 8745777.074350655078888, 1978315.194480799604207 ], [ 8745777.074350655078888, 1978314.896055727498606 ], [ 8745777.671624518930912, 1978314.896055727498606 ], [ 8745777.671624518930912, 1978314.597630655393004 ], [ 8745778.866172244772315, 1978314.597630655393004 ], [ 8745778.866172244772315, 1978314.299205583520234 ], [ 8745780.359356904402375, 1978314.299205583520234 ], [ 8745780.359356904402375, 1978314.000780511414632 ], [ 8745780.956630768254399, 1978314.000780511414632 ], [ 8745780.956630768254399, 1978313.702355439309031 ], [ 8745781.852541564032435, 1978313.702355439309031 ], [ 8745781.852541564032435, 1978313.403930367203429 ], [ 8745783.644363155588508, 1978313.403930367203429 ], [ 8745783.644363155588508, 1978313.105505295330659 ], [ 8745785.436184745281935, 1978313.105505295330659 ], [ 8745785.436184745281935, 1978312.807080223225057 ], [ 8745786.630732472985983, 1978312.807080223225057 ], [ 8745786.630732472985983, 1978313.105505295330659 ], [ 8745787.228006336838007, 1978313.105505295330659 ], [ 8745787.228006336838007, 1978313.403930367203429 ], [ 8745787.526643268764019, 1978313.403930367203429 ], [ 8745787.526643268764019, 1978314.000780511414632 ], [ 8745787.825280200690031, 1978314.000780511414632 ], [ 8745787.825280200690031, 1978315.492905871476978 ], [ 8745788.123917132616043, 1978315.492905871476978 ], [ 8745788.123917132616043, 1978315.791330943582579 ], [ 8745788.422554064542055, 1978315.791330943582579 ], [ 8745788.422554064542055, 1978316.388181087793782 ], [ 8745788.721190996468067, 1978316.388181087793782 ], [ 8745788.721190996468067, 1978316.686606159666553 ], [ 8745789.019827928394079, 1978316.686606159666553 ], [ 8745789.019827928394079, 1978317.283456303877756 ], [ 8745789.318464860320091, 1978317.283456303877756 ], [ 8745789.318464860320091, 1978317.581881375983357 ], [ 8745789.617101790383458, 1978317.581881375983357 ], [ 8745789.617101790383458, 1978318.17873151996173 ], [ 8745789.91573872230947, 1978318.17873151996173 ], [ 8745789.91573872230947, 1978318.775581663940102 ], [ 8745790.214375654235482, 1978318.775581663940102 ], [ 8745790.214375654235482, 1978319.074006736045703 ], [ 8745790.513012586161494, 1978319.074006736045703 ], [ 8745790.513012586161494, 1978319.670856880256906 ], [ 8745790.811649518087506, 1978319.670856880256906 ], [ 8745790.811649518087506, 1978319.969281952129677 ], [ 8745791.110286450013518, 1978319.969281952129677 ], [ 8745791.110286450013518, 1978320.56613209634088 ], [ 8745791.40892338193953, 1978320.56613209634088 ], [ 8745791.40892338193953, 1978320.864557168213651 ], [ 8745791.707560313865542, 1978320.864557168213651 ], [ 8745791.707560313865542, 1978321.461407312424853 ], [ 8745792.006197245791554, 1978321.461407312424853 ], [ 8745792.006197245791554, 1978322.95353267272003 ], [ 8745791.707560313865542, 1978322.95353267272003 ], [ 8745791.707560313865542, 1978323.251957744592801 ], [ 8745791.40892338193953, 1978323.251957744592801 ], [ 8745791.40892338193953, 1978323.550382816698402 ], [ 8745791.110286450013518, 1978323.550382816698402 ], [ 8745791.110286450013518, 1978323.848807888804004 ], [ 8745790.811649518087506, 1978323.848807888804004 ], [ 8745790.811649518087506, 1978324.147232960676774 ], [ 8745790.214375654235482, 1978324.147232960676774 ], [ 8745790.214375654235482, 1978324.445658032782376 ], [ 8745789.318464860320091, 1978324.445658032782376 ], [ 8745789.318464860320091, 1978324.744083104887977 ], [ 8745787.825280200690031, 1978324.744083104887977 ], [ 8745787.825280200690031, 1978325.042508176993579 ], [ 8745785.734821677207947, 1978325.042508176993579 ], [ 8745785.734821677207947, 1978325.340933248866349 ], [ 8745783.644363155588508, 1978325.340933248866349 ], [ 8745783.644363155588508, 1978325.639358320971951 ], [ 8745781.553904632106423, 1978325.639358320971951 ], [ 8745781.553904632106423, 1978325.937783393077552 ], [ 8745777.3729875870049, 1978325.937783393077552 ], [ 8745777.3729875870049, 1978326.236208464950323 ], [ 8745775.282529063522816, 1978326.236208464950323 ], [ 8745775.282529063522816, 1978326.534633537055925 ], [ 8745774.38661826774478, 1978326.534633537055925 ] ] ] } },
{ "type": "Feature", "properties": { "value": 255.0 }, "geometry": { "type": "Polygon", "coordinates": [ [ [ 8746018.970265431329608, 1978318.477156592067331 ], [ 8746018.970265431329608, 1978318.17873151996173 ], [ 8746018.671628499403596, 1978318.17873151996173 ], [ 8746018.671628499403596, 1978317.581881375983357 ], [ 8746018.372991567477584, 1978317.581881375983357 ], [ 8746018.372991567477584, 1978316.686606159666553 ], [ 8746018.074354635551572, 1978316.686606159666553 ], [ 8746018.074354635551572, 1978315.492905871476978 ], [ 8746017.77571770362556, 1978315.492905871476978 ], [ 8746017.77571770362556, 1978314.597630655393004 ], [ 8746017.477080771699548, 1978314.597630655393004 ], [ 8746017.477080771699548, 1978313.105505295330659 ], [ 8746017.178443839773536, 1978313.105505295330659 ], [ 8746017.178443839773536, 1978312.210230079246685 ], [ 8746017.477080771699548, 1978312.210230079246685 ], [ 8746017.477080771699548, 1978311.911805007141083 ], [ 8746017.77571770362556, 1978311.911805007141083 ], [ 8746017.77571770362556, 1978311.613379935035482 ], [ 8746018.074354635551572, 1978311.613379935035482 ], [ 8746018.074354635551572, 1978311.314954862929881 ], [ 8746018.671628499403596, 1978311.314954862929881 ], [ 8746018.671628499403596, 1978311.01652979105711 ], [ 8746018.970265431329608, 1978311.01652979105711 ], [ 8746018.970265431329608, 1978310.718104718951508 ], [ 8746019.567539295181632, 1978310.718104718951508 ], [ 8746019.567539295181632, 1978310.419679646845907 ], [ 8746020.463450090959668, 1978310.419679646845907 ], [ 8746020.463450090959668, 1978310.121254574973136 ], [ 8746021.359360884875059, 1978310.121254574973136 ], [ 8746021.359360884875059, 1978309.822829502867535 ], [ 8746022.553908612579107, 1978309.822829502867535 ], [ 8746022.553908612579107, 1978309.524404430761933 ], [ 8746023.449819408357143, 1978309.524404430761933 ], [ 8746023.449819408357143, 1978309.225979358656332 ], [ 8746024.943004067987204, 1978309.225979358656332 ], [ 8746024.943004067987204, 1978308.927554286783561 ], [ 8746026.137551793828607, 1978308.927554286783561 ], [ 8746026.137551793828607, 1978308.62912921467796 ], [ 8746027.033462589606643, 1978308.62912921467796 ], [ 8746027.033462589606643, 1978308.330704142572358 ], [ 8746027.630736453458667, 1978308.330704142572358 ], [ 8746027.630736453458667, 1978308.62912921467796 ], [ 8746028.228010317310691, 1978308.62912921467796 ], [ 8746028.228010317310691, 1978308.927554286783561 ], [ 8746028.526647249236703, 1978308.927554286783561 ], [ 8746028.526647249236703, 1978310.121254574973136 ], [ 8746028.825284181162715, 1978310.121254574973136 ], [ 8746028.825284181162715, 1978311.911805007141083 ], [ 8746029.123921113088727, 1978311.911805007141083 ], [ 8746029.123921113088727, 1978313.702355439309031 ], [ 8746029.422558045014739, 1978313.702355439309031 ], [ 8746029.422558045014739, 1978314.896055727498606 ], [ 8746029.123921113088727, 1978314.896055727498606 ], [ 8746029.123921113088727, 1978315.492905871476978 ], [ 8746028.228010317310691, 1978315.492905871476978 ], [ 8746028.228010317310691, 1978315.791330943582579 ], [ 8746027.630736453458667, 1978315.791330943582579 ], [ 8746027.630736453458667, 1978316.089756015688181 ], [ 8746026.734825657680631, 1978316.089756015688181 ], [ 8746026.734825657680631, 1978316.388181087793782 ], [ 8746025.83891486376524, 1978316.388181087793782 ], [ 8746025.83891486376524, 1978316.686606159666553 ], [ 8746024.943004067987204, 1978316.686606159666553 ], [ 8746024.943004067987204, 1978316.985031231772155 ], [ 8746023.748456340283155, 1978316.985031231772155 ], [ 8746023.748456340283155, 1978317.283456303877756 ], [ 8746022.852545544505119, 1978317.283456303877756 ], [ 8746022.852545544505119, 1978317.581881375983357 ], [ 8746022.255271680653095, 1978317.581881375983357 ], [ 8746022.255271680653095, 1978317.880306447856128 ], [ 8746021.359360884875059, 1978317.880306447856128 ], [ 8746021.359360884875059, 1978318.17873151996173 ], [ 8746020.463450090959668, 1978318.17873151996173 ], [ 8746020.463450090959668, 1978318.477156592067331 ], [ 8746018.970265431329608, 1978318.477156592067331 ] ] ] } },
{ "type": "Feature", "properties": { "value": 255.0 }, "geometry": { "type": "Polygon", "coordinates": [ [ [ 8745926.990090429782867, 1978336.681085986550897 ], [ 8745926.990090429782867, 1978336.382660914445296 ], [ 8745926.691453497856855, 1978336.382660914445296 ], [ 8745926.691453497856855, 1978336.084235842339694 ], [ 8745926.392816565930843, 1978336.084235842339694 ], [ 8745926.392816565930843, 1978334.592110482277349 ], [ 8745926.094179634004831, 1978334.592110482277349 ], [ 8745926.094179634004831, 1978333.099985121982172 ], [ 8745925.795542702078819, 1978333.099985121982172 ], [ 8745925.795542702078819, 1978330.414159473730251 ], [ 8745925.496905770152807, 1978330.414159473730251 ], [ 8745925.496905770152807, 1978326.236208464950323 ], [ 8745925.198268838226795, 1978326.236208464950323 ], [ 8745925.198268838226795, 1978321.461407312424853 ], [ 8745924.899631906300783, 1978321.461407312424853 ], [ 8745924.899631906300783, 1978315.791330943582579 ], [ 8745924.600994974374771, 1978315.791330943582579 ], [ 8745924.600994974374771, 1978313.702355439309031 ], [ 8745924.302358042448759, 1978313.702355439309031 ], [ 8745924.302358042448759, 1978308.62912921467796 ], [ 8745924.899631906300783, 1978308.62912921467796 ], [ 8745924.899631906300783, 1978308.330704142572358 ], [ 8745928.483275089412928, 1978308.330704142572358 ], [ 8745928.483275089412928, 1978308.032279070466757 ], [ 8745934.75465065613389, 1978308.032279070466757 ], [ 8745934.75465065613389, 1978308.330704142572358 ], [ 8745935.053287588059902, 1978308.330704142572358 ], [ 8745935.053287588059902, 1978309.524404430761933 ], [ 8745935.351924519985914, 1978309.524404430761933 ], [ 8745935.351924519985914, 1978312.508655151119456 ], [ 8745935.650561451911926, 1978312.508655151119456 ], [ 8745935.650561451911926, 1978315.492905871476978 ], [ 8745935.949198383837938, 1978315.492905871476978 ], [ 8745935.949198383837938, 1978318.17873151996173 ], [ 8745936.24783531576395, 1978318.17873151996173 ], [ 8745936.24783531576395, 1978321.162982240319252 ], [ 8745936.546472247689962, 1978321.162982240319252 ], [ 8745936.546472247689962, 1978325.639358320971951 ], [ 8745936.845109179615974, 1978325.639358320971951 ], [ 8745936.845109179615974, 1978329.518884257413447 ], [ 8745937.143746111541986, 1978329.518884257413447 ], [ 8745937.143746111541986, 1978333.696835266193375 ], [ 8745936.845109179615974, 1978333.696835266193375 ], [ 8745936.845109179615974, 1978333.995260338066146 ], [ 8745936.546472247689962, 1978333.995260338066146 ], [ 8745936.546472247689962, 1978334.293685410171747 ], [ 8745934.75465065613389, 1978334.293685410171747 ], [ 8745934.75465065613389, 1978334.592110482277349 ], [ 8745931.469644406810403, 1978334.592110482277349 ], [ 8745931.469644406810403, 1978334.890535554150119 ], [ 8745930.872370542958379, 1978334.890535554150119 ], [ 8745930.872370542958379, 1978335.188960626255721 ], [ 8745930.275096679106355, 1978335.188960626255721 ], [ 8745930.275096679106355, 1978335.487385698361322 ], [ 8745929.976459747180343, 1978335.487385698361322 ], [ 8745929.976459747180343, 1978335.785810770466924 ], [ 8745929.677822815254331, 1978335.785810770466924 ], [ 8745929.677822815254331, 1978336.084235842339694 ], [ 8745929.080548953264952, 1978336.084235842339694 ], [ 8745929.080548953264952, 1978336.382660914445296 ], [ 8745928.184638157486916, 1978336.382660914445296 ], [ 8745928.184638157486916, 1978336.681085986550897 ], [ 8745926.990090429782867, 1978336.681085986550897 ] ] ] } },
{ "type": "Feature", "properties": { "value": 255.0 }, "geometry": { "type": "Polygon", "coordinates": [ [ [ 8745937.741019975394011, 1978322.058257456403226 ], [ 8745937.741019975394011, 1978321.759832384530455 ], [ 8745937.442383043467999, 1978321.759832384530455 ], [ 8745937.442383043467999, 1978321.162982240319252 ], [ 8745937.143746111541986, 1978321.162982240319252 ], [ 8745937.143746111541986, 1978318.17873151996173 ], [ 8745936.845109179615974, 1978318.17873151996173 ], [ 8745936.845109179615974, 1978314.299205583520234 ], [ 8745936.546472247689962, 1978314.299205583520234 ], [ 8745936.546472247689962, 1978310.121254574973136 ], [ 8745936.24783531576395, 1978310.121254574973136 ], [ 8745936.24783531576395, 1978308.330704142572358 ], [ 8745936.546472247689962, 1978308.330704142572358 ], [ 8745936.546472247689962, 1978307.435428926488385 ], [ 8745936.845109179615974, 1978307.435428926488385 ], [ 8745936.845109179615974, 1978307.137003854382783 ], [ 8745937.741019975394011, 1978307.137003854382783 ], [ 8745937.741019975394011, 1978306.838578782510012 ], [ 8745940.130115428939462, 1978306.838578782510012 ], [ 8745940.130115428939462, 1978306.540153710404411 ], [ 8745943.116484748199582, 1978306.540153710404411 ], [ 8745943.116484748199582, 1978306.24172863829881 ], [ 8745946.401490997523069, 1978306.24172863829881 ], [ 8745946.401490997523069, 1978306.540153710404411 ], [ 8745947.89467565715313, 1978306.540153710404411 ], [ 8745947.89467565715313, 1978306.838578782510012 ], [ 8745948.193312589079142, 1978306.838578782510012 ], [ 8745948.193312589079142, 1978307.137003854382783 ], [ 8745948.491949521005154, 1978307.137003854382783 ], [ 8745948.491949521005154, 1978308.62912921467796 ], [ 8745948.790586452931166, 1978308.62912921467796 ], [ 8745948.790586452931166, 1978309.822829502867535 ], [ 8745949.089223384857178, 1978309.822829502867535 ], [ 8745949.089223384857178, 1978311.01652979105711 ], [ 8745949.38786031678319, 1978311.01652979105711 ], [ 8745949.38786031678319, 1978313.702355439309031 ], [ 8745949.686497248709202, 1978313.702355439309031 ], [ 8745949.686497248709202, 1978318.17873151996173 ], [ 8745949.985134180635214, 1978318.17873151996173 ], [ 8745949.985134180635214, 1978320.56613209634088 ], [ 8745949.686497248709202, 1978320.56613209634088 ], [ 8745949.686497248709202, 1978321.461407312424853 ], [ 8745949.089223384857178, 1978321.461407312424853 ], [ 8745949.089223384857178, 1978321.759832384530455 ], [ 8745947.89467565715313, 1978321.759832384530455 ], [ 8745947.89467565715313, 1978321.461407312424853 ], [ 8745947.297401793301105, 1978321.461407312424853 ], [ 8745947.297401793301105, 1978321.759832384530455 ], [ 8745941.921937020495534, 1978321.759832384530455 ], [ 8745941.921937020495534, 1978322.058257456403226 ], [ 8745937.741019975394011, 1978322.058257456403226 ] ] ] } },
{ "type": "Feature", "properties": { "value": 255.0 }, "geometry": { "type": "Polygon", "coordinates": [ [ [ 8745851.136309746652842, 1978315.791330943582579 ], [ 8745851.136309746652842, 1978315.492905871476978 ], [ 8745850.539035882800817, 1978315.492905871476978 ], [ 8745850.539035882800817, 1978315.194480799604207 ], [ 8745850.240398950874805, 1978315.194480799604207 ], [ 8745850.240398950874805, 1978314.299205583520234 ], [ 8745849.941762018948793, 1978314.299205583520234 ], [ 8745849.941762018948793, 1978312.807080223225057 ], [ 8745849.643125087022781, 1978312.807080223225057 ], [ 8745849.643125087022781, 1978311.314954862929881 ], [ 8745849.344488155096769, 1978311.314954862929881 ], [ 8745849.344488155096769, 1978310.121254574973136 ], [ 8745849.045851223170757, 1978310.121254574973136 ], [ 8745849.045851223170757, 1978308.927554286783561 ], [ 8745848.747214291244745, 1978308.927554286783561 ], [ 8745848.747214291244745, 1978307.733853998593986 ], [ 8745848.448577361181378, 1978307.733853998593986 ], [ 8745848.448577361181378, 1978305.644878494320437 ], [ 8745848.149940429255366, 1978305.644878494320437 ], [ 8745848.149940429255366, 1978304.749603278236464 ], [ 8745847.851303497329354, 1978304.749603278236464 ], [ 8745847.851303497329354, 1978304.152753134025261 ], [ 8745847.552666565403342, 1978304.152753134025261 ], [ 8745847.552666565403342, 1978303.555902990046889 ], [ 8745847.851303497329354, 1978303.555902990046889 ], [ 8745847.851303497329354, 1978302.959052845835686 ], [ 8745848.149940429255366, 1978302.959052845835686 ], [ 8745848.149940429255366, 1978302.660627773730084 ], [ 8745850.240398950874805, 1978302.660627773730084 ], [ 8745850.240398950874805, 1978302.959052845835686 ], [ 8745852.33085747435689, 1978302.959052845835686 ], [ 8745852.33085747435689, 1978302.660627773730084 ], [ 8745854.421315995976329, 1978302.660627773730084 ], [ 8745854.421315995976329, 1978302.362202701857314 ], [ 8745855.317226791754365, 1978302.362202701857314 ], [ 8745855.317226791754365, 1978302.063777629751712 ], [ 8745855.615863723680377, 1978302.063777629751712 ], [ 8745855.615863723680377, 1978302.362202701857314 ], [ 8745855.914500655606389, 1978302.362202701857314 ], [ 8745855.914500655606389, 1978302.660627773730084 ], [ 8745856.213137587532401, 1978302.660627773730084 ], [ 8745856.213137587532401, 1978302.959052845835686 ], [ 8745856.511774519458413, 1978302.959052845835686 ], [ 8745856.511774519458413, 1978303.555902990046889 ], [ 8745856.810411451384425, 1978303.555902990046889 ], [ 8745856.810411451384425, 1978305.943303566193208 ], [ 8745857.109048383310437, 1978305.943303566193208 ], [ 8745857.109048383310437, 1978308.032279070466757 ], [ 8745857.407685315236449, 1978308.032279070466757 ], [ 8745857.407685315236449, 1978308.62912921467796 ], [ 8745857.706322247162461, 1978308.62912921467796 ], [ 8745857.706322247162461, 1978309.225979358656332 ], [ 8745857.407685315236449, 1978309.225979358656332 ], [ 8745857.407685315236449, 1978311.314954862929881 ], [ 8745857.706322247162461, 1978311.314954862929881 ], [ 8745857.706322247162461, 1978311.911805007141083 ], [ 8745858.004959179088473, 1978311.911805007141083 ], [ 8745858.004959179088473, 1978312.807080223225057 ], [ 8745858.303596111014485, 1978312.807080223225057 ], [ 8745858.303596111014485, 1978313.403930367203429 ], [ 8745858.602233042940497, 1978313.403930367203429 ], [ 8745858.602233042940497, 1978314.299205583520234 ], [ 8745858.303596111014485, 1978314.299205583520234 ], [ 8745858.303596111014485, 1978314.597630655393004 ], [ 8745858.004959179088473, 1978314.597630655393004 ], [ 8745858.004959179088473, 1978314.896055727498606 ], [ 8745857.109048383310437, 1978314.896055727498606 ], [ 8745857.109048383310437, 1978315.194480799604207 ], [ 8745855.615863723680377, 1978315.194480799604207 ], [ 8745855.615863723680377, 1978315.492905871476978 ], [ 8745852.629494406282902, 1978315.492905871476978 ], [ 8745852.629494406282902, 1978315.791330943582579 ], [ 8745851.136309746652842, 1978315.791330943582579 ] ] ] } },
{ "type": "Feature", "properties": { "value": 255.0 }, "geometry": { "type": "Polygon", "coordinates": [ [ [ 8745813.508056337013841, 1978322.356682528508827 ], [ 8745813.508056337013841, 1978322.058257456403226 ], [ 8745813.209419405087829, 1978322.058257456403226 ], [ 8745813.209419405087829, 1978321.461407312424853 ], [ 8745812.910782473161817, 1978321.461407312424853 ], [ 8745812.910782473161817, 1978319.969281952129677 ], [ 8745812.612145541235805, 1978319.969281952129677 ], [ 8745812.612145541235805, 1978318.775581663940102 ], [ 8745812.313508609309793, 1978318.775581663940102 ], [ 8745812.313508609309793, 1978316.985031231772155 ], [ 8745812.01487167738378, 1978316.985031231772155 ], [ 8745812.01487167738378, 1978315.791330943582579 ], [ 8745811.716234745457768, 1978315.791330943582579 ], [ 8745811.716234745457768, 1978313.702355439309031 ], [ 8745812.313508609309793, 1978313.702355439309031 ], [ 8745812.313508609309793, 1978313.403930367203429 ], [ 8745813.806693268939853, 1978313.403930367203429 ], [ 8745813.806693268939853, 1978313.105505295330659 ], [ 8745812.313508609309793, 1978313.105505295330659 ], [ 8745812.313508609309793, 1978312.807080223225057 ], [ 8745812.01487167738378, 1978312.807080223225057 ], [ 8745812.01487167738378, 1978312.508655151119456 ], [ 8745811.716234745457768, 1978312.508655151119456 ], [ 8745811.716234745457768, 1978312.210230079246685 ], [ 8745811.417597813531756, 1978312.210230079246685 ], [ 8745811.417597813531756, 1978311.01652979105711 ], [ 8745811.118960881605744, 1978311.01652979105711 ], [ 8745811.118960881605744, 1978308.927554286783561 ], [ 8745810.820323951542377, 1978308.927554286783561 ], [ 8745810.820323951542377, 1978306.24172863829881 ], [ 8745810.521687019616365, 1978306.24172863829881 ], [ 8745810.521687019616365, 1978303.555902990046889 ], [ 8745811.417597813531756, 1978303.555902990046889 ], [ 8745811.417597813531756, 1978303.257477917941287 ], [ 8745812.313508609309793, 1978303.257477917941287 ], [ 8745812.313508609309793, 1978302.959052845835686 ], [ 8745812.910782473161817, 1978302.959052845835686 ], [ 8745812.910782473161817, 1978302.660627773730084 ], [ 8745815.001240996643901, 1978302.660627773730084 ], [ 8745815.001240996643901, 1978302.362202701857314 ], [ 8745817.390336450189352, 1978302.362202701857314 ], [ 8745817.390336450189352, 1978302.063777629751712 ], [ 8745819.480794973671436, 1978302.063777629751712 ], [ 8745819.480794973671436, 1978301.765352557646111 ], [ 8745821.272616565227509, 1978301.765352557646111 ], [ 8745821.272616565227509, 1978301.46692748577334 ], [ 8745822.765801222994924, 1978301.46692748577334 ], [ 8745822.765801222994924, 1978301.168502413667738 ], [ 8745823.960348950698972, 1978301.168502413667738 ], [ 8745823.960348950698972, 1978300.870077341562137 ], [ 8745826.349444406107068, 1978300.870077341562137 ], [ 8745826.349444406107068, 1978301.168502413667738 ], [ 8745826.946718269959092, 1978301.168502413667738 ], [ 8745826.946718269959092, 1978301.46692748577334 ], [ 8745827.245355200022459, 1978301.46692748577334 ], [ 8745827.245355200022459, 1978301.765352557646111 ], [ 8745827.842629063874483, 1978301.765352557646111 ], [ 8745827.842629063874483, 1978302.063777629751712 ], [ 8745828.738539859652519, 1978302.063777629751712 ], [ 8745828.738539859652519, 1978302.362202701857314 ], [ 8745829.037176791578531, 1978302.362202701857314 ], [ 8745829.037176791578531, 1978302.660627773730084 ], [ 8745829.335813723504543, 1978302.660627773730084 ], [ 8745829.335813723504543, 1978303.555902990046889 ], [ 8745829.634450655430555, 1978303.555902990046889 ], [ 8745829.634450655430555, 1978304.749603278236464 ], [ 8745829.933087587356567, 1978304.749603278236464 ], [ 8745829.933087587356567, 1978305.644878494320437 ], [ 8745830.231724519282579, 1978305.644878494320437 ], [ 8745830.231724519282579, 1978306.540153710404411 ], [ 8745830.530361451208591, 1978306.540153710404411 ], [ 8745830.530361451208591, 1978308.927554286783561 ], [ 8745830.231724519282579, 1978308.927554286783561 ], [ 8745830.231724519282579, 1978309.225979358656332 ], [ 8745829.634450655430555, 1978309.225979358656332 ], [ 8745829.634450655430555, 1978309.524404430761933 ], [ 8745828.738539859652519, 1978309.524404430761933 ], [ 8745828.738539859652519, 1978309.822829502867535 ], [ 8745828.141265995800495, 1978309.822829502867535 ], [ 8745828.141265995800495, 1978310.121254574973136 ], [ 8745827.842629063874483, 1978310.121254574973136 ], [ 8745827.842629063874483, 1978310.419679646845907 ], [ 8745827.245355200022459, 1978310.419679646845907 ], [ 8745827.245355200022459, 1978310.718104718951508 ], [ 8745826.050807474181056, 1978310.718104718951508 ], [ 8745826.050807474181056, 1978311.01652979105711 ], [ 8745827.245355200022459, 1978311.01652979105711 ], [ 8745827.245355200022459, 1978311.314954862929881 ], [ 8745827.543992131948471, 1978311.314954862929881 ], [ 8745827.543992131948471, 1978314.299205583520234 ], [ 8745827.842629063874483, 1978314.299205583520234 ], [ 8745827.842629063874483, 1978316.388181087793782 ], [ 8745828.141265995800495, 1978316.388181087793782 ], [ 8745828.141265995800495, 1978316.985031231772155 ], [ 8745828.439902927726507, 1978316.985031231772155 ], [ 8745828.439902927726507, 1978319.074006736045703 ], [ 8745828.141265995800495, 1978319.074006736045703 ], [ 8745828.141265995800495, 1978319.372431808151305 ], [ 8745827.842629063874483, 1978319.372431808151305 ], [ 8745827.842629063874483, 1978319.670856880256906 ], [ 8745827.543992131948471, 1978319.670856880256906 ], [ 8745827.543992131948471, 1978319.969281952129677 ], [ 8745826.64808133803308, 1978319.969281952129677 ], [ 8745826.64808133803308, 1978320.267707024235278 ], [ 8745825.15489667840302, 1978320.267707024235278 ], [ 8745825.15489667840302, 1978320.56613209634088 ], [ 8745823.363075086846948, 1978320.56613209634088 ], [ 8745823.363075086846948, 1978320.864557168213651 ], [ 8745822.467164291068912, 1978320.864557168213651 ], [ 8745822.467164291068912, 1978321.162982240319252 ], [ 8745820.675342701375484, 1978321.162982240319252 ], [ 8745820.675342701375484, 1978321.461407312424853 ], [ 8745818.883521109819412, 1978321.461407312424853 ], [ 8745818.883521109819412, 1978321.759832384530455 ], [ 8745817.09169951826334, 1978321.759832384530455 ], [ 8745817.09169951826334, 1978322.058257456403226 ], [ 8745815.598514860495925, 1978322.058257456403226 ], [ 8745815.598514860495925, 1978322.356682528508827 ], [ 8745813.508056337013841, 1978322.356682528508827 ] ], [ [ 8745813.806693268939853, 1978313.105505295330659 ], [ 8745815.299877928569913, 1978313.105505295330659 ], [ 8745815.299877928569913, 1978312.807080223225057 ], [ 8745813.806693268939853, 1978312.807080223225057 ], [ 8745813.806693268939853, 1978313.105505295330659 ] ], [ [ 8745816.494425654411316, 1978312.807080223225057 ], [ 8745817.390336450189352, 1978312.807080223225057 ], [ 8745817.390336450189352, 1978312.508655151119456 ], [ 8745816.494425654411316, 1978312.508655151119456 ], [ 8745816.494425654411316, 1978312.807080223225057 ] ], [ [ 8745818.5848841778934, 1978312.508655151119456 ], [ 8745819.182158041745424, 1978312.508655151119456 ], [ 8745819.182158041745424, 1978312.210230079246685 ], [ 8745818.5848841778934, 1978312.210230079246685 ], [ 8745818.5848841778934, 1978312.508655151119456 ] ], [ [ 8745820.376705769449472, 1978312.210230079246685 ], [ 8745820.675342701375484, 1978312.210230079246685 ], [ 8745820.675342701375484, 1978311.911805007141083 ], [ 8745820.376705769449472, 1978311.911805007141083 ], [ 8745820.376705769449472, 1978312.210230079246685 ] ], [ [ 8745821.272616565227509, 1978311.911805007141083 ], [ 8745821.571253497153521, 1978311.911805007141083 ], [ 8745821.571253497153521, 1978311.613379935035482 ], [ 8745821.272616565227509, 1978311.613379935035482 ], [ 8745821.272616565227509, 1978311.911805007141083 ] ], [ [ 8745822.765801222994924, 1978311.613379935035482 ], [ 8745823.363075086846948, 1978311.613379935035482 ], [ 8745823.363075086846948, 1978311.314954862929881 ], [ 8745822.765801222994924, 1978311.314954862929881 ], [ 8745822.765801222994924, 1978311.613379935035482 ] ], [ [ 8745824.557622814550996, 1978311.314954862929881 ], [ 8745825.15489667840302, 1978311.314954862929881 ], [ 8745825.15489667840302, 1978311.01652979105711 ], [ 8745824.557622814550996, 1978311.01652979105711 ], [ 8745824.557622814550996, 1978311.314954862929881 ] ] ] } },
{ "type": "Feature", "properties": { "value": 255.0 }, "geometry": { "type": "Polygon", "coordinates": [ [ [ 8746063.765805203467607, 1978315.791330943582579 ], [ 8746063.765805203467607, 1978315.492905871476978 ], [ 8746063.467168273404241, 1978315.492905871476978 ], [ 8746063.467168273404241, 1978315.194480799604207 ], [ 8746063.168531341478229, 1978315.194480799604207 ], [ 8746063.168531341478229, 1978314.597630655393004 ], [ 8746062.869894409552217, 1978314.597630655393004 ], [ 8746062.869894409552217, 1978313.702355439309031 ], [ 8746062.571257477626204, 1978313.702355439309031 ], [ 8746062.571257477626204, 1978312.807080223225057 ], [ 8746062.272620545700192, 1978312.807080223225057 ], [ 8746062.272620545700192, 1978311.911805007141083 ], [ 8746061.97398361377418, 1978311.911805007141083 ], [ 8746061.97398361377418, 1978311.01652979105711 ], [ 8746061.675346681848168, 1978311.01652979105711 ], [ 8746061.675346681848168, 1978310.121254574973136 ], [ 8746061.376709749922156, 1978310.121254574973136 ], [ 8746061.376709749922156, 1978309.225979358656332 ], [ 8746061.078072817996144, 1978309.225979358656332 ], [ 8746061.078072817996144, 1978308.330704142572358 ], [ 8746060.779435886070132, 1978308.330704142572358 ], [ 8746060.779435886070132, 1978307.733853998593986 ], [ 8746060.48079895414412, 1978307.733853998593986 ], [ 8746060.48079895414412, 1978306.838578782510012 ], [ 8746060.182162022218108, 1978306.838578782510012 ], [ 8746060.182162022218108, 1978306.24172863829881 ], [ 8746059.883525090292096, 1978306.24172863829881 ], [ 8746059.883525090292096, 1978305.346453422214836 ], [ 8746059.584888158366084, 1978305.346453422214836 ], [ 8746059.584888158366084, 1978302.660627773730084 ], [ 8746059.883525090292096, 1978302.660627773730084 ], [ 8746059.883525090292096, 1978302.362202701857314 ], [ 8746060.48079895414412, 1978302.362202701857314 ], [ 8746060.48079895414412, 1978302.063777629751712 ], [ 8746061.078072817996144, 1978302.063777629751712 ], [ 8746061.078072817996144, 1978301.765352557646111 ], [ 8746061.675346681848168, 1978301.765352557646111 ], [ 8746061.675346681848168, 1978301.46692748577334 ], [ 8746062.571257477626204, 1978301.46692748577334 ], [ 8746062.571257477626204, 1978301.168502413667738 ], [ 8746063.467168273404241, 1978301.168502413667738 ], [ 8746063.467168273404241, 1978300.870077341562137 ], [ 8746064.363079067319632, 1978300.870077341562137 ], [ 8746064.363079067319632, 1978300.571652269456536 ], [ 8746065.856263726949692, 1978300.571652269456536 ], [ 8746065.856263726949692, 1978300.273227197583765 ], [ 8746067.349448386579752, 1978300.273227197583765 ], [ 8746067.349448386579752, 1978300.571652269456536 ], [ 8746067.648085318505764, 1978300.571652269456536 ], [ 8746067.648085318505764, 1978300.870077341562137 ], [ 8746067.946722250431776, 1978300.870077341562137 ], [ 8746067.946722250431776, 1978301.168502413667738 ], [ 8746068.245359182357788, 1978301.168502413667738 ], [ 8746068.245359182357788, 1978302.063777629751712 ], [ 8746068.5439961142838, 1978302.063777629751712 ], [ 8746068.5439961142838, 1978303.257477917941287 ], [ 8746068.842633046209812, 1978303.257477917941287 ], [ 8746068.842633046209812, 1978303.854328061919659 ], [ 8746069.141269976273179, 1978303.854328061919659 ], [ 8746069.141269976273179, 1978304.451178206130862 ], [ 8746069.439906908199191, 1978304.451178206130862 ], [ 8746069.439906908199191, 1978305.346453422214836 ], [ 8746069.738543840125203, 1978305.346453422214836 ], [ 8746069.738543840125203, 1978306.540153710404411 ], [ 8746070.037180772051215, 1978306.540153710404411 ], [ 8746070.037180772051215, 1978306.838578782510012 ], [ 8746070.335817703977227, 1978306.838578782510012 ], [ 8746070.335817703977227, 1978307.435428926488385 ], [ 8746070.634454635903239, 1978307.435428926488385 ], [ 8746070.634454635903239, 1978308.032279070466757 ], [ 8746070.933091567829251, 1978308.032279070466757 ], [ 8746070.933091567829251, 1978309.225979358656332 ], [ 8746071.231728499755263, 1978309.225979358656332 ], [ 8746071.231728499755263, 1978310.121254574973136 ], [ 8746071.829002363607287, 1978310.121254574973136 ], [ 8746071.829002363607287, 1978313.105505295330659 ], [ 8746071.231728499755263, 1978313.105505295330659 ], [ 8746071.231728499755263, 1978313.403930367203429 ], [ 8746070.634454635903239, 1978313.403930367203429 ], [ 8746070.634454635903239, 1978313.702355439309031 ], [ 8746070.037180772051215, 1978313.702355439309031 ], [ 8746070.037180772051215, 1978314.000780511414632 ], [ 8746069.141269976273179, 1978314.000780511414632 ], [ 8746069.141269976273179, 1978314.299205583520234 ], [ 8746068.245359182357788, 1978314.299205583520234 ], [ 8746068.245359182357788, 1978314.597630655393004 ], [ 8746067.349448386579752, 1978314.597630655393004 ], [ 8746067.349448386579752, 1978314.896055727498606 ], [ 8746065.856263726949692, 1978314.896055727498606 ], [ 8746065.856263726949692, 1978315.194480799604207 ], [ 8746064.960352931171656, 1978315.194480799604207 ], [ 8746064.960352931171656, 1978315.492905871476978 ], [ 8746064.06444213539362, 1978315.492905871476978 ], [ 8746064.06444213539362, 1978315.791330943582579 ], [ 8746063.765805203467607, 1978315.791330943582579 ] ] ] } },
{ "type": "Feature", "properties": { "value": 255.0 }, "geometry": { "type": "Polygon", "coordinates": [ [ [ 8745958.645605202764273, 1978316.686606159666553 ], [ 8745958.645605202764273, 1978316.388181087793782 ], [ 8745957.749694406986237, 1978316.388181087793782 ], [ 8745957.749694406986237, 1978315.791330943582579 ], [ 8745957.451057475060225, 1978315.791330943582579 ], [ 8745957.451057475060225, 1978315.194480799604207 ], [ 8745957.152420543134212, 1978315.194480799604207 ], [ 8745957.152420543134212, 1978314.597630655393004 ], [ 8745956.8537836112082, 1978314.597630655393004 ], [ 8745956.8537836112082, 1978314.299205583520234 ], [ 8745956.555146679282188, 1978314.299205583520234 ], [ 8745956.555146679282188, 1978313.702355439309031 ], [ 8745956.256509747356176, 1978313.702355439309031 ], [ 8745956.256509747356176, 1978313.105505295330659 ], [ 8745955.957872817292809, 1978313.105505295330659 ], [ 8745955.957872817292809, 1978312.210230079246685 ], [ 8745955.659235885366797, 1978312.210230079246685 ], [ 8745955.659235885366797, 1978310.718104718951508 ], [ 8745955.360598953440785, 1978310.718104718951508 ], [ 8745955.360598953440785, 1978309.225979358656332 ], [ 8745955.061962021514773, 1978309.225979358656332 ], [ 8745955.061962021514773, 1978308.927554286783561 ], [ 8745954.763325089588761, 1978308.927554286783561 ], [ 8745954.763325089588761, 1978308.62912921467796 ], [ 8745954.166051225736737, 1978308.62912921467796 ], [ 8745954.166051225736737, 1978308.032279070466757 ], [ 8745953.867414293810725, 1978308.032279070466757 ], [ 8745953.867414293810725, 1978306.540153710404411 ], [ 8745954.166051225736737, 1978306.540153710404411 ], [ 8745954.166051225736737, 1978305.644878494320437 ], [ 8745953.867414293810725, 1978305.644878494320437 ], [ 8745953.867414293810725, 1978305.346453422214836 ], [ 8745954.166051225736737, 1978305.346453422214836 ], [ 8745954.166051225736737, 1978305.048028350109234 ], [ 8745954.464688157662749, 1978305.048028350109234 ], [ 8745954.464688157662749, 1978304.152753134025261 ], [ 8745954.763325089588761, 1978304.152753134025261 ], [ 8745954.763325089588761, 1978303.854328061919659 ], [ 8745954.464688157662749, 1978303.854328061919659 ], [ 8745954.464688157662749, 1978301.46692748577334 ], [ 8745954.763325089588761, 1978301.46692748577334 ], [ 8745954.763325089588761, 1978300.870077341562137 ], [ 8745955.061962021514773, 1978300.870077341562137 ], [ 8745955.061962021514773, 1978300.571652269456536 ], [ 8745956.8537836112082, 1978300.571652269456536 ], [ 8745956.8537836112082, 1978300.273227197583765 ], [ 8745958.048331338912249, 1978300.273227197583765 ], [ 8745958.048331338912249, 1978300.870077341562137 ], [ 8745958.346968270838261, 1978300.870077341562137 ], [ 8745958.346968270838261, 1978302.362202701857314 ], [ 8745958.645605202764273, 1978302.362202701857314 ], [ 8745958.645605202764273, 1978304.451178206130862 ], [ 8745958.944242134690285, 1978304.451178206130862 ], [ 8745958.944242134690285, 1978307.435428926488385 ], [ 8745959.242879066616297, 1978307.435428926488385 ], [ 8745959.242879066616297, 1978311.911805007141083 ], [ 8745959.541515998542309, 1978311.911805007141083 ], [ 8745959.541515998542309, 1978312.210230079246685 ], [ 8745959.840152930468321, 1978312.210230079246685 ], [ 8745959.840152930468321, 1978312.508655151119456 ], [ 8745960.736063726246357, 1978312.508655151119456 ], [ 8745960.736063726246357, 1978315.194480799604207 ], [ 8745960.437426794320345, 1978315.194480799604207 ], [ 8745960.437426794320345, 1978315.492905871476978 ], [ 8745959.840152930468321, 1978315.492905871476978 ], [ 8745959.840152930468321, 1978315.791330943582579 ], [ 8745959.541515998542309, 1978315.791330943582579 ], [ 8745959.541515998542309, 1978316.089756015688181 ], [ 8745959.242879066616297, 1978316.089756015688181 ], [ 8745959.242879066616297, 1978316.388181087793782 ], [ 8745958.944242134690285, 1978316.388181087793782 ], [ 8745958.944242134690285, 1978316.686606159666553 ], [ 8745958.645605202764273, 1978316.686606159666553 ] ], [ [ 8745958.944242134690285, 1978314.000780511414632 ], [ 8745959.242879066616297, 1978314.000780511414632 ], [ 8745959.242879066616297, 1978313.403930367203429 ], [ 8745958.944242134690285, 1978313.403930367203429 ], [ 8745958.944242134690285, 1978314.000780511414632 ] ] ] } },
{ "type": "Feature", "properties": { "value": 255.0 }, "geometry": { "type": "Polygon", "coordinates": [ [ [ 8745781.255267700180411, 1978311.613379935035482 ], [ 8745781.255267700180411, 1978311.314954862929881 ], [ 8745780.956630768254399, 1978311.314954862929881 ], [ 8745780.956630768254399, 1978311.01652979105711 ], [ 8745780.657993836328387, 1978311.01652979105711 ], [ 8745780.657993836328387, 1978310.718104718951508 ], [ 8745780.359356904402375, 1978310.718104718951508 ], [ 8745780.359356904402375, 1978310.121254574973136 ], [ 8745780.060719972476363, 1978310.121254574973136 ], [ 8745780.060719972476363, 1978308.927554286783561 ], [ 8745779.762083040550351, 1978308.927554286783561 ], [ 8745779.762083040550351, 1978307.137003854382783 ], [ 8745779.463446108624339, 1978307.137003854382783 ], [ 8745779.463446108624339, 1978305.644878494320437 ], [ 8745779.164809176698327, 1978305.644878494320437 ], [ 8745779.164809176698327, 1978304.152753134025261 ], [ 8745778.866172244772315, 1978304.152753134025261 ], [ 8745778.866172244772315, 1978302.660627773730084 ], [ 8745778.567535314708948, 1978302.660627773730084 ], [ 8745778.567535314708948, 1978301.46692748577334 ], [ 8745778.866172244772315, 1978301.46692748577334 ], [ 8745778.866172244772315, 1978301.168502413667738 ], [ 8745779.463446108624339, 1978301.168502413667738 ], [ 8745779.463446108624339, 1978300.870077341562137 ], [ 8745781.255267700180411, 1978300.870077341562137 ], [ 8745781.255267700180411, 1978300.571652269456536 ], [ 8745785.734821677207947, 1978300.571652269456536 ], [ 8745785.734821677207947, 1978300.273227197583765 ], [ 8745788.422554064542055, 1978300.273227197583765 ], [ 8745788.422554064542055, 1978299.974802125478163 ], [ 8745788.721190996468067, 1978299.974802125478163 ], [ 8745788.721190996468067, 1978300.273227197583765 ], [ 8745789.91573872230947, 1978300.273227197583765 ], [ 8745789.91573872230947, 1978300.571652269456536 ], [ 8745790.214375654235482, 1978300.571652269456536 ], [ 8745790.214375654235482, 1978301.46692748577334 ], [ 8745790.513012586161494, 1978301.46692748577334 ], [ 8745790.513012586161494, 1978302.063777629751712 ], [ 8745790.811649518087506, 1978302.063777629751712 ], [ 8745790.811649518087506, 1978302.660627773730084 ], [ 8745791.110286450013518, 1978302.660627773730084 ], [ 8745791.110286450013518, 1978303.854328061919659 ], [ 8745791.40892338193953, 1978303.854328061919659 ], [ 8745791.40892338193953, 1978304.451178206130862 ], [ 8745791.707560313865542, 1978304.451178206130862 ], [ 8745791.707560313865542, 1978308.032279070466757 ], [ 8745792.006197245791554, 1978308.032279070466757 ], [ 8745792.006197245791554, 1978308.62912921467796 ], [ 8745791.707560313865542, 1978308.62912921467796 ], [ 8745791.707560313865542, 1978309.225979358656332 ], [ 8745791.40892338193953, 1978309.225979358656332 ], [ 8745791.40892338193953, 1978309.524404430761933 ], [ 8745791.110286450013518, 1978309.524404430761933 ], [ 8745791.110286450013518, 1978309.822829502867535 ], [ 8745789.91573872230947, 1978309.822829502867535 ], [ 8745789.91573872230947, 1978310.121254574973136 ], [ 8745788.422554064542055, 1978310.121254574973136 ], [ 8745788.422554064542055, 1978310.419679646845907 ], [ 8745786.630732472985983, 1978310.419679646845907 ], [ 8745786.630732472985983, 1978310.718104718951508 ], [ 8745785.436184745281935, 1978310.718104718951508 ], [ 8745785.436184745281935, 1978311.01652979105711 ], [ 8745783.94300008751452, 1978311.01652979105711 ], [ 8745783.94300008751452, 1978311.314954862929881 ], [ 8745783.047089291736484, 1978311.314954862929881 ], [ 8745783.047089291736484, 1978311.613379935035482 ], [ 8745781.255267700180411, 1978311.613379935035482 ] ] ] } },
{ "type": "Feature", "properties": { "value": 255.0 }, "geometry": { "type": "Polygon", "coordinates": [ [ [ 8745872.339531905949116, 1978305.048028350109234 ], [ 8745872.339531905949116, 1978304.749603278236464 ], [ 8745870.846347246319056, 1978304.749603278236464 ], [ 8745870.846347246319056, 1978304.451178206130862 ], [ 8745867.561340996995568, 1978304.451178206130862 ], [ 8745867.561340996995568, 1978304.152753134025261 ], [ 8745867.262704065069556, 1978304.152753134025261 ], [ 8745867.262704065069556, 1978303.854328061919659 ], [ 8745866.964067133143544, 1978303.854328061919659 ], [ 8745866.964067133143544, 1978303.257477917941287 ], [ 8745866.665430201217532, 1978303.257477917941287 ], [ 8745866.665430201217532, 1978302.362202701857314 ], [ 8745866.36679326929152, 1978302.362202701857314 ], [ 8745866.36679326929152, 1978301.168502413667738 ], [ 8745866.068156337365508, 1978301.168502413667738 ], [ 8745866.068156337365508, 1978299.377951981499791 ], [ 8745865.769519405439496, 1978299.377951981499791 ], [ 8745865.769519405439496, 1978298.184251693310216 ], [ 8745866.068156337365508, 1978298.184251693310216 ], [ 8745866.068156337365508, 1978297.288976476993412 ], [ 8745866.36679326929152, 1978297.288976476993412 ], [ 8745866.36679326929152, 1978296.990551405120641 ], [ 8745866.665430201217532, 1978296.990551405120641 ], [ 8745866.665430201217532, 1978296.69212633301504 ], [ 8745867.262704065069556, 1978296.69212633301504 ], [ 8745867.262704065069556, 1978296.393701260909438 ], [ 8745869.054525656625628, 1978296.393701260909438 ], [ 8745869.054525656625628, 1978296.095276189036667 ], [ 8745872.93680576980114, 1978296.095276189036667 ], [ 8745872.93680576980114, 1978295.796851116931066 ], [ 8745873.832716565579176, 1978295.796851116931066 ], [ 8745873.832716565579176, 1978296.095276189036667 ], [ 8745874.728627361357212, 1978296.095276189036667 ], [ 8745874.728627361357212, 1978296.393701260909438 ], [ 8745875.325901225209236, 1978296.393701260909438 ], [ 8745875.325901225209236, 1978297.288976476993412 ], [ 8745875.624538155272603, 1978297.288976476993412 ], [ 8745875.624538155272603, 1978297.885826621204615 ], [ 8745875.923175087198615, 1978297.885826621204615 ], [ 8745875.923175087198615, 1978298.482676765182987 ], [ 8745876.221812019124627, 1978298.482676765182987 ], [ 8745876.221812019124627, 1978298.781101837288588 ], [ 8745876.520448951050639, 1978298.781101837288588 ], [ 8745876.520448951050639, 1978299.377951981499791 ], [ 8745876.819085882976651, 1978299.377951981499791 ], [ 8745876.819085882976651, 1978300.273227197583765 ], [ 8745877.117722814902663, 1978300.273227197583765 ], [ 8745877.117722814902663, 1978300.870077341562137 ], [ 8745877.416359746828675, 1978300.870077341562137 ], [ 8745877.416359746828675, 1978301.168502413667738 ], [ 8745877.714996678754687, 1978301.168502413667738 ], [ 8745877.714996678754687, 1978301.765352557646111 ], [ 8745878.013633610680699, 1978301.765352557646111 ], [ 8745878.013633610680699, 1978302.362202701857314 ], [ 8745878.312270542606711, 1978302.362202701857314 ], [ 8745878.312270542606711, 1978304.451178206130862 ], [ 8745877.714996678754687, 1978304.451178206130862 ], [ 8745877.714996678754687, 1978304.749603278236464 ], [ 8745876.221812019124627, 1978304.749603278236464 ], [ 8745876.221812019124627, 1978305.048028350109234 ], [ 8745872.339531905949116, 1978305.048028350109234 ] ] ] } },
{ "type": "Feature", "properties": { "value": 255.0 }, "geometry": { "type": "Polygon", "coordinates": [ [ [ 8745886.076830770820379, 1978304.152753134025261 ], [ 8745886.076830770820379, 1978303.854328061919659 ], [ 8745885.479556906968355, 1978303.854328061919659 ], [ 8745885.479556906968355, 1978302.959052845835686 ], [ 8745885.180919975042343, 1978302.959052845835686 ], [ 8745885.180919975042343, 1978299.676377053372562 ], [ 8745884.882283043116331, 1978299.676377053372562 ], [ 8745884.882283043116331, 1978298.184251693310216 ], [ 8745884.583646111190319, 1978298.184251693310216 ], [ 8745884.583646111190319, 1978295.498426044825464 ], [ 8745884.285009179264307, 1978295.498426044825464 ], [ 8745884.285009179264307, 1978293.707875612657517 ], [ 8745883.986372247338295, 1978293.707875612657517 ], [ 8745883.986372247338295, 1978288.933074459899217 ], [ 8745883.687735315412283, 1978288.933074459899217 ], [ 8745883.687735315412283, 1978285.650398667436093 ], [ 8745883.389098383486271, 1978285.650398667436093 ], [ 8745883.389098383486271, 1978284.755123451352119 ], [ 8745883.687735315412283, 1978284.755123451352119 ], [ 8745883.687735315412283, 1978283.859848235268146 ], [ 8745883.986372247338295, 1978283.859848235268146 ], [ 8745883.986372247338295, 1978283.561423163162544 ], [ 8745884.285009179264307, 1978283.561423163162544 ], [ 8745884.285009179264307, 1978283.262998091289774 ], [ 8745884.882283043116331, 1978283.262998091289774 ], [ 8745884.882283043116331, 1978282.964573019184172 ], [ 8745889.959110883995891, 1978282.964573019184172 ], [ 8745889.959110883995891, 1978282.666147947078571 ], [ 8745893.244117133319378, 1978282.666147947078571 ], [ 8745893.244117133319378, 1978282.964573019184172 ], [ 8745893.54275406524539, 1978282.964573019184172 ], [ 8745893.54275406524539, 1978283.262998091289774 ], [ 8745893.841390997171402, 1978283.262998091289774 ], [ 8745893.841390997171402, 1978283.859848235268146 ], [ 8745894.140027929097414, 1978283.859848235268146 ], [ 8745894.140027929097414, 1978284.456698379246518 ], [ 8745894.438664861023426, 1978284.456698379246518 ], [ 8745894.438664861023426, 1978285.650398667436093 ], [ 8745894.737301792949438, 1978285.650398667436093 ], [ 8745894.737301792949438, 1978287.14252402773127 ], [ 8745895.03593872487545, 1978287.14252402773127 ], [ 8745895.03593872487545, 1978289.52992460411042 ], [ 8745895.334575656801462, 1978289.52992460411042 ], [ 8745895.334575656801462, 1978290.723624892299995 ], [ 8745895.633212588727474, 1978290.723624892299995 ], [ 8745895.633212588727474, 1978292.215750252362341 ], [ 8745895.931849520653486, 1978292.215750252362341 ], [ 8745895.931849520653486, 1978293.707875612657517 ], [ 8745896.230486452579498, 1978293.707875612657517 ], [ 8745896.230486452579498, 1978290.425199820194393 ], [ 8745895.931849520653486, 1978290.425199820194393 ], [ 8745895.931849520653486, 1978288.037799243815243 ], [ 8745895.633212588727474, 1978288.037799243815243 ], [ 8745895.633212588727474, 1978285.948823739541695 ], [ 8745895.931849520653486, 1978285.948823739541695 ], [ 8745895.931849520653486, 1978285.650398667436093 ], [ 8745896.827760316431522, 1978285.650398667436093 ], [ 8745896.827760316431522, 1978285.351973595563322 ], [ 8745898.320944974198937, 1978285.351973595563322 ], [ 8745898.320944974198937, 1978285.053548523457721 ], [ 8745899.515492701902986, 1978285.053548523457721 ], [ 8745899.515492701902986, 1978284.755123451352119 ], [ 8745900.411403497681022, 1978284.755123451352119 ], [ 8745900.411403497681022, 1978284.456698379246518 ], [ 8745901.904588157311082, 1978284.456698379246518 ], [ 8745901.904588157311082, 1978284.158273307373747 ], [ 8745903.995046678930521, 1978284.158273307373747 ], [ 8745903.995046678930521, 1978283.859848235268146 ], [ 8745905.488231338560581, 1978283.859848235268146 ], [ 8745905.488231338560581, 1978284.158273307373747 ], [ 8745906.085505202412605, 1978284.158273307373747 ], [ 8745906.085505202412605, 1978284.755123451352119 ], [ 8745906.384142134338617, 1978284.755123451352119 ], [ 8745906.384142134338617, 1978287.14252402773127 ], [ 8745906.682779066264629, 1978287.14252402773127 ], [ 8745906.682779066264629, 1978289.52992460411042 ], [ 8745906.981415998190641, 1978289.52992460411042 ], [ 8745906.981415998190641, 1978292.215750252362341 ], [ 8745907.280052930116653, 1978292.215750252362341 ], [ 8745907.280052930116653, 1978294.304725756635889 ], [ 8745907.578689862042665, 1978294.304725756635889 ], [ 8745907.578689862042665, 1978296.393701260909438 ], [ 8745907.877326792106032, 1978296.393701260909438 ], [ 8745907.877326792106032, 1978298.781101837288588 ], [ 8745908.175963724032044, 1978298.781101837288588 ], [ 8745908.175963724032044, 1978300.870077341562137 ], [ 8745907.877326792106032, 1978300.870077341562137 ], [ 8745907.877326792106032, 1978301.168502413667738 ], [ 8745907.578689862042665, 1978301.168502413667738 ], [ 8745907.578689862042665, 1978301.46692748577334 ], [ 8745905.189594406634569, 1978301.46692748577334 ], [ 8745905.189594406634569, 1978301.765352557646111 ], [ 8745901.60595122538507, 1978301.765352557646111 ], [ 8745901.60595122538507, 1978302.063777629751712 ], [ 8745899.216855769976974, 1978302.063777629751712 ], [ 8745899.216855769976974, 1978302.362202701857314 ], [ 8745898.022308042272925, 1978302.362202701857314 ], [ 8745898.022308042272925, 1978302.063777629751712 ], [ 8745897.723671110346913, 1978302.063777629751712 ], [ 8745897.723671110346913, 1978301.765352557646111 ], [ 8745897.425034178420901, 1978301.765352557646111 ], [ 8745897.425034178420901, 1978299.974802125478163 ], [ 8745897.126397246494889, 1978299.974802125478163 ], [ 8745897.126397246494889, 1978297.885826621204615 ], [ 8745896.827760316431522, 1978297.885826621204615 ], [ 8745896.827760316431522, 1978295.498426044825464 ], [ 8745896.52912338450551, 1978295.498426044825464 ], [ 8745896.52912338450551, 1978298.781101837288588 ], [ 8745896.827760316431522, 1978298.781101837288588 ], [ 8745896.827760316431522, 1978300.870077341562137 ], [ 8745897.126397246494889, 1978300.870077341562137 ], [ 8745897.126397246494889, 1978302.660627773730084 ], [ 8745896.827760316431522, 1978302.660627773730084 ], [ 8745896.827760316431522, 1978302.959052845835686 ], [ 8745896.52912338450551, 1978302.959052845835686 ], [ 8745896.52912338450551, 1978303.257477917941287 ], [ 8745895.03593872487545, 1978303.257477917941287 ], [ 8745895.03593872487545, 1978303.555902990046889 ], [ 8745891.153658611699939, 1978303.555902990046889 ], [ 8745891.153658611699939, 1978303.854328061919659 ], [ 8745887.271378496661782, 1978303.854328061919659 ], [ 8745887.271378496661782, 1978304.152753134025261 ], [ 8745886.076830770820379, 1978304.152753134025261 ] ], [ [ 8745896.230486452579498, 1978295.200000972719863 ], [ 8745896.52912338450551, 1978295.200000972719863 ], [ 8745896.52912338450551, 1978293.707875612657517 ], [ 8745896.230486452579498, 1978293.707875612657517 ], [ 8745896.230486452579498, 1978295.200000972719863 ] ] ] } },
{ "type": "Feature", "properties": { "value": 255.0 }, "geometry": { "type": "Polygon", "coordinates": [ [ [ 8745864.574971679598093, 1978292.812600396573544 ], [ 8745864.574971679598093, 1978292.514175324467942 ], [ 8745864.276334747672081, 1978292.514175324467942 ], [ 8745864.276334747672081, 1978292.215750252362341 ], [ 8745863.977697815746069, 1978292.215750252362341 ], [ 8745863.977697815746069, 1978291.022049964172766 ], [ 8745863.679060883820057, 1978291.022049964172766 ], [ 8745863.679060883820057, 1978288.634649388026446 ], [ 8745863.380423951894045, 1978288.634649388026446 ], [ 8745863.380423951894045, 1978287.739374171709642 ], [ 8745863.081787019968033, 1978287.739374171709642 ], [ 8745863.081787019968033, 1978287.14252402773127 ], [ 8745862.783150088042021, 1978287.14252402773127 ], [ 8745862.783150088042021, 1978286.247248811647296 ], [ 8745862.484513156116009, 1978286.247248811647296 ], [ 8745862.484513156116009, 1978285.351973595563322 ], [ 8745862.185876224189997, 1978285.351973595563322 ], [ 8745862.185876224189997, 1978284.158273307373747 ], [ 8745861.887239292263985, 1978284.158273307373747 ], [ 8745861.887239292263985, 1978281.770872730994597 ], [ 8745862.484513156116009, 1978281.770872730994597 ], [ 8745862.484513156116009, 1978281.472447658888996 ], [ 8745863.977697815746069, 1978281.472447658888996 ], [ 8745863.977697815746069, 1978281.174022587016225 ], [ 8745866.068156337365508, 1978281.174022587016225 ], [ 8745866.068156337365508, 1978280.875597514910623 ], [ 8745867.561340996995568, 1978280.875597514910623 ], [ 8745867.561340996995568, 1978281.174022587016225 ], [ 8745869.950436452403665, 1978281.174022587016225 ], [ 8745869.950436452403665, 1978280.875597514910623 ], [ 8745871.144984178245068, 1978280.875597514910623 ], [ 8745871.144984178245068, 1978281.174022587016225 ], [ 8745872.339531905949116, 1978281.174022587016225 ], [ 8745872.339531905949116, 1978281.472447658888996 ], [ 8745872.638168837875128, 1978281.472447658888996 ], [ 8745872.638168837875128, 1978281.770872730994597 ], [ 8745873.235442701727152, 1978281.770872730994597 ], [ 8745873.235442701727152, 1978282.069297803100199 ], [ 8745873.534079633653164, 1978282.069297803100199 ], [ 8745873.534079633653164, 1978282.666147947078571 ], [ 8745873.832716565579176, 1978282.666147947078571 ], [ 8745873.832716565579176, 1978283.262998091289774 ], [ 8745874.131353497505188, 1978283.262998091289774 ], [ 8745874.131353497505188, 1978283.859848235268146 ], [ 8745874.4299904294312, 1978283.859848235268146 ], [ 8745874.4299904294312, 1978284.158273307373747 ], [ 8745874.728627361357212, 1978284.158273307373747 ], [ 8745874.728627361357212, 1978284.456698379246518 ], [ 8745875.325901225209236, 1978284.456698379246518 ], [ 8745875.325901225209236, 1978284.755123451352119 ], [ 8745875.624538155272603, 1978284.755123451352119 ], [ 8745875.624538155272603, 1978285.053548523457721 ], [ 8745875.923175087198615, 1978285.053548523457721 ], [ 8745875.923175087198615, 1978285.351973595563322 ], [ 8745876.221812019124627, 1978285.351973595563322 ], [ 8745876.221812019124627, 1978285.650398667436093 ], [ 8745876.520448951050639, 1978285.650398667436093 ], [ 8745876.520448951050639, 1978286.545673883520067 ], [ 8745876.819085882976651, 1978286.545673883520067 ], [ 8745876.819085882976651, 1978288.037799243815243 ], [ 8745877.117722814902663, 1978288.037799243815243 ], [ 8745877.117722814902663, 1978289.231499532004818 ], [ 8745877.416359746828675, 1978289.231499532004818 ], [ 8745877.416359746828675, 1978290.723624892299995 ], [ 8745877.117722814902663, 1978290.723624892299995 ], [ 8745877.117722814902663, 1978291.022049964172766 ], [ 8745876.221812019124627, 1978291.022049964172766 ], [ 8745876.221812019124627, 1978291.320475036278367 ], [ 8745874.131353497505188, 1978291.320475036278367 ], [ 8745874.131353497505188, 1978291.618900108383968 ], [ 8745872.339531905949116, 1978291.618900108383968 ], [ 8745872.339531905949116, 1978291.917325180256739 ], [ 8745871.144984178245068, 1978291.917325180256739 ], [ 8745871.144984178245068, 1978292.215750252362341 ], [ 8745869.651799520477653, 1978292.215750252362341 ], [ 8745869.651799520477653, 1978292.514175324467942 ], [ 8745868.457251792773604, 1978292.514175324467942 ], [ 8745868.457251792773604, 1978292.812600396573544 ], [ 8745864.574971679598093, 1978292.812600396573544 ] ] ] } },
{ "type": "Feature", "properties": { "value": 255.0 }, "geometry": { "type": "Polygon", "coordinates": [ [ [ 8745832.322183042764664, 1978327.131483681267127 ], [ 8745832.322183042764664, 1978326.833058609161526 ], [ 8745831.72490917891264, 1978326.833058609161526 ], [ 8745831.72490917891264, 1978325.639358320971951 ], [ 8745831.426272246986628, 1978325.639358320971951 ], [ 8745831.426272246986628, 1978324.445658032782376 ], [ 8745831.127635315060616, 1978324.445658032782376 ], [ 8745831.127635315060616, 1978322.95353267272003 ], [ 8745830.828998383134604, 1978322.95353267272003 ], [ 8745830.828998383134604, 1978321.759832384530455 ], [ 8745830.530361451208591, 1978321.759832384530455 ], [ 8745830.530361451208591, 1978320.267707024235278 ], [ 8745830.231724519282579, 1978320.267707024235278 ], [ 8745830.231724519282579, 1978318.775581663940102 ], [ 8745830.530361451208591, 1978318.775581663940102 ], [ 8745830.530361451208591, 1978318.477156592067331 ], [ 8745831.426272246986628, 1978318.477156592067331 ], [ 8745831.426272246986628, 1978318.17873151996173 ], [ 8745830.231724519282579, 1978318.17873151996173 ], [ 8745830.231724519282579, 1978317.581881375983357 ], [ 8745829.933087587356567, 1978317.581881375983357 ], [ 8745829.933087587356567, 1978316.985031231772155 ], [ 8745829.634450655430555, 1978316.985031231772155 ], [ 8745829.634450655430555, 1978315.791330943582579 ], [ 8745829.335813723504543, 1978315.791330943582579 ], [ 8745829.335813723504543, 1978314.597630655393004 ], [ 8745829.037176791578531, 1978314.597630655393004 ], [ 8745829.037176791578531, 1978313.105505295330659 ], [ 8745828.738539859652519, 1978313.105505295330659 ], [ 8745828.738539859652519, 1978311.613379935035482 ], [ 8745828.439902927726507, 1978311.613379935035482 ], [ 8745828.439902927726507, 1978311.01652979105711 ], [ 8745828.738539859652519, 1978311.01652979105711 ], [ 8745828.738539859652519, 1978310.121254574973136 ], [ 8745829.037176791578531, 1978310.121254574973136 ], [ 8745829.037176791578531, 1978309.822829502867535 ], [ 8745829.634450655430555, 1978309.822829502867535 ], [ 8745829.634450655430555, 1978309.524404430761933 ], [ 8745830.231724519282579, 1978309.524404430761933 ], [ 8745830.231724519282579, 1978309.225979358656332 ], [ 8745830.828998383134604, 1978309.225979358656332 ], [ 8745830.828998383134604, 1978308.927554286783561 ], [ 8745832.023546110838652, 1978308.927554286783561 ], [ 8745832.023546110838652, 1978308.62912921467796 ], [ 8745833.516730768606067, 1978308.62912921467796 ], [ 8745833.516730768606067, 1978308.330704142572358 ], [ 8745834.114004632458091, 1978308.330704142572358 ], [ 8745834.114004632458091, 1978308.032279070466757 ], [ 8745833.516730768606067, 1978308.032279070466757 ], [ 8745833.516730768606067, 1978307.733853998593986 ], [ 8745833.218093836680055, 1978307.733853998593986 ], [ 8745833.218093836680055, 1978307.137003854382783 ], [ 8745832.919456904754043, 1978307.137003854382783 ], [ 8745832.919456904754043, 1978306.24172863829881 ], [ 8745832.620819972828031, 1978306.24172863829881 ], [ 8745832.620819972828031, 1978305.346453422214836 ], [ 8745832.322183042764664, 1978305.346453422214836 ], [ 8745832.322183042764664, 1978304.152753134025261 ], [ 8745832.023546110838652, 1978304.152753134025261 ], [ 8745832.023546110838652, 1978302.660627773730084 ], [ 8745831.72490917891264, 1978302.660627773730084 ], [ 8745831.72490917891264, 1978301.168502413667738 ], [ 8745831.426272246986628, 1978301.168502413667738 ], [ 8745831.426272246986628, 1978299.377951981499791 ], [ 8745831.127635315060616, 1978299.377951981499791 ], [ 8745831.127635315060616, 1978298.482676765182987 ], [ 8745831.426272246986628, 1978298.482676765182987 ], [ 8745831.426272246986628, 1978297.885826621204615 ], [ 8745831.72490917891264, 1978297.885826621204615 ], [ 8745831.72490917891264, 1978297.587401549099013 ], [ 8745832.919456904754043, 1978297.587401549099013 ], [ 8745832.919456904754043, 1978297.288976476993412 ], [ 8745831.72490917891264, 1978297.288976476993412 ], [ 8745831.72490917891264, 1978296.990551405120641 ], [ 8745831.426272246986628, 1978296.990551405120641 ], [ 8745831.426272246986628, 1978296.69212633301504 ], [ 8745831.127635315060616, 1978296.69212633301504 ], [ 8745831.127635315060616, 1978294.603150828741491 ], [ 8745830.828998383134604, 1978294.603150828741491 ], [ 8745830.828998383134604, 1978293.409450540551916 ], [ 8745830.530361451208591, 1978293.409450540551916 ], [ 8745830.530361451208591, 1978292.812600396573544 ], [ 8745829.335813723504543, 1978292.812600396573544 ], [ 8745829.335813723504543, 1978293.111025468446314 ], [ 8745829.037176791578531, 1978293.111025468446314 ], [ 8745829.037176791578531, 1978292.812600396573544 ], [ 8745828.738539859652519, 1978292.812600396573544 ], [ 8745828.738539859652519, 1978292.215750252362341 ], [ 8745829.037176791578531, 1978292.215750252362341 ], [ 8745829.037176791578531, 1978291.917325180256739 ], [ 8745829.634450655430555, 1978291.917325180256739 ], [ 8745829.634450655430555, 1978292.215750252362341 ], [ 8745830.231724519282579, 1978292.215750252362341 ], [ 8745830.231724519282579, 1978292.514175324467942 ], [ 8745830.530361451208591, 1978292.514175324467942 ], [ 8745830.530361451208591, 1978292.215750252362341 ], [ 8745830.828998383134604, 1978292.215750252362341 ], [ 8745830.828998383134604, 1978291.618900108383968 ], [ 8745831.127635315060616, 1978291.618900108383968 ], [ 8745831.127635315060616, 1978291.022049964172766 ], [ 8745831.426272246986628, 1978291.022049964172766 ], [ 8745831.426272246986628, 1978290.126774748088792 ], [ 8745831.72490917891264, 1978290.126774748088792 ], [ 8745831.72490917891264, 1978287.739374171709642 ], [ 8745832.023546110838652, 1978287.739374171709642 ], [ 8745832.023546110838652, 1978285.948823739541695 ], [ 8745831.72490917891264, 1978285.948823739541695 ], [ 8745831.72490917891264, 1978284.755123451352119 ], [ 8745831.426272246986628, 1978284.755123451352119 ], [ 8745831.426272246986628, 1978284.456698379246518 ], [ 8745830.828998383134604, 1978284.456698379246518 ], [ 8745830.828998383134604, 1978284.158273307373747 ], [ 8745830.231724519282579, 1978284.158273307373747 ], [ 8745830.231724519282579, 1978283.859848235268146 ], [ 8745829.933087587356567, 1978283.859848235268146 ], [ 8745829.933087587356567, 1978282.666147947078571 ], [ 8745830.231724519282579, 1978282.666147947078571 ], [ 8745830.231724519282579, 1978281.770872730994597 ], [ 8745830.530361451208591, 1978281.770872730994597 ], [ 8745830.530361451208591, 1978281.472447658888996 ], [ 8745830.828998383134604, 1978281.472447658888996 ], [ 8745830.828998383134604, 1978281.174022587016225 ], [ 8745836.204463155940175, 1978281.174022587016225 ], [ 8745836.204463155940175, 1978280.875597514910623 ], [ 8745837.996284745633602, 1978280.875597514910623 ], [ 8745837.996284745633602, 1978281.174022587016225 ], [ 8745838.892195541411638, 1978281.174022587016225 ], [ 8745838.892195541411638, 1978281.472447658888996 ], [ 8745839.19083247333765, 1978281.472447658888996 ], [ 8745839.19083247333765, 1978282.367722874972969 ], [ 8745839.489469405263662, 1978282.367722874972969 ], [ 8745839.489469405263662, 1978283.262998091289774 ], [ 8745839.788106337189674, 1978283.262998091289774 ], [ 8745839.788106337189674, 1978287.739374171709642 ], [ 8745840.086743269115686, 1978287.739374171709642 ], [ 8745840.086743269115686, 1978289.52992460411042 ], [ 8745840.385380201041698, 1978289.52992460411042 ], [ 8745840.385380201041698, 1978291.320475036278367 ], [ 8745840.68401713296771, 1978291.320475036278367 ], [ 8745840.68401713296771, 1978293.409450540551916 ], [ 8745840.982654064893723, 1978293.409450540551916 ], [ 8745840.982654064893723, 1978294.603150828741491 ], [ 8745841.281290996819735, 1978294.603150828741491 ], [ 8745841.281290996819735, 1978295.200000972719863 ], [ 8745840.982654064893723, 1978295.200000972719863 ], [ 8745840.982654064893723, 1978295.796851116931066 ], [ 8745840.68401713296771, 1978295.796851116931066 ], [ 8745840.68401713296771, 1978296.095276189036667 ], [ 8745839.788106337189674, 1978296.095276189036667 ], [ 8745839.788106337189674, 1978296.393701260909438 ], [ 8745840.982654064893723, 1978296.393701260909438 ], [ 8745840.982654064893723, 1978296.69212633301504 ], [ 8745841.281290996819735, 1978296.69212633301504 ], [ 8745841.281290996819735, 1978297.885826621204615 ], [ 8745841.579927928745747, 1978297.885826621204615 ], [ 8745841.579927928745747, 1978299.377951981499791 ], [ 8745841.878564860671759, 1978299.377951981499791 ], [ 8745841.878564860671759, 1978300.273227197583765 ], [ 8745842.177201792597771, 1978300.273227197583765 ], [ 8745842.177201792597771, 1978301.46692748577334 ], [ 8745842.475838724523783, 1978301.46692748577334 ], [ 8745842.475838724523783, 1978302.959052845835686 ], [ 8745842.774475656449795, 1978302.959052845835686 ], [ 8745842.774475656449795, 1978304.451178206130862 ], [ 8745843.073112588375807, 1978304.451178206130862 ], [ 8745843.073112588375807, 1978305.644878494320437 ], [ 8745843.371749518439174, 1978305.644878494320437 ], [ 8745843.371749518439174, 1978306.838578782510012 ], [ 8745843.073112588375807, 1978306.838578782510012 ], [ 8745843.073112588375807, 1978307.435428926488385 ], [ 8745842.177201792597771, 1978307.435428926488385 ], [ 8745842.177201792597771, 1978307.733853998593986 ], [ 8745837.100373951718211, 1978307.733853998593986 ], [ 8745837.100373951718211, 1978308.032279070466757 ], [ 8745839.489469405263662, 1978308.032279070466757 ], [ 8745839.489469405263662, 1978308.330704142572358 ], [ 8745839.788106337189674, 1978308.330704142572358 ], [ 8745839.788106337189674, 1978308.927554286783561 ], [ 8745840.086743269115686, 1978308.927554286783561 ], [ 8745840.086743269115686, 1978309.822829502867535 ], [ 8745840.385380201041698, 1978309.822829502867535 ], [ 8745840.385380201041698, 1978311.01652979105711 ], [ 8745840.68401713296771, 1978311.01652979105711 ], [ 8745840.68401713296771, 1978311.911805007141083 ], [ 8745840.982654064893723, 1978311.911805007141083 ], [ 8745840.982654064893723, 1978313.702355439309031 ], [ 8745841.281290996819735, 1978313.702355439309031 ], [ 8745841.281290996819735, 1978315.791330943582579 ], [ 8745840.982654064893723, 1978315.791330943582579 ], [ 8745840.982654064893723, 1978316.388181087793782 ], [ 8745840.68401713296771, 1978316.388181087793782 ], [ 8745840.68401713296771, 1978316.686606159666553 ], [ 8745841.281290996819735, 1978316.686606159666553 ], [ 8745841.281290996819735, 1978317.283456303877756 ], [ 8745841.579927928745747, 1978317.283456303877756 ], [ 8745841.579927928745747, 1978318.775581663940102 ], [ 8745841.878564860671759, 1978318.775581663940102 ], [ 8745841.878564860671759, 1978319.670856880256906 ], [ 8745842.177201792597771, 1978319.670856880256906 ], [ 8745842.177201792597771, 1978320.56613209634088 ], [ 8745842.475838724523783, 1978320.56613209634088 ], [ 8745842.475838724523783, 1978321.461407312424853 ], [ 8745842.774475656449795, 1978321.461407312424853 ], [ 8745842.774475656449795, 1978323.550382816698402 ], [ 8745843.073112588375807, 1978323.550382816698402 ], [ 8745843.073112588375807, 1978325.937783393077552 ], [ 8745842.475838724523783, 1978325.937783393077552 ], [ 8745842.475838724523783, 1978326.236208464950323 ], [ 8745840.68401713296771, 1978326.236208464950323 ], [ 8745840.68401713296771, 1978326.534633537055925 ], [ 8745838.294921677559614, 1978326.534633537055925 ], [ 8745838.294921677559614, 1978326.833058609161526 ], [ 8745835.308552360162139, 1978326.833058609161526 ], [ 8745835.308552360162139, 1978327.131483681267127 ], [ 8745832.322183042764664, 1978327.131483681267127 ] ], [ [ 8745837.697647815570235, 1978316.985031231772155 ], [ 8745837.996284745633602, 1978316.985031231772155 ], [ 8745837.996284745633602, 1978316.686606159666553 ], [ 8745837.697647815570235, 1978316.686606159666553 ], [ 8745837.697647815570235, 1978316.985031231772155 ] ], [ [ 8745835.607189292088151, 1978308.330704142572358 ], [ 8745836.503100087866187, 1978308.330704142572358 ], [ 8745836.503100087866187, 1978308.032279070466757 ], [ 8745835.607189292088151, 1978308.032279070466757 ], [ 8745835.607189292088151, 1978308.330704142572358 ] ], [ [ 8745834.114004632458091, 1978297.288976476993412 ], [ 8745835.009915428236127, 1978297.288976476993412 ], [ 8745835.009915428236127, 1978296.990551405120641 ], [ 8745834.114004632458091, 1978296.990551405120641 ], [ 8745834.114004632458091, 1978297.288976476993412 ] ], [ [ 8745836.204463155940175, 1978296.990551405120641 ], [ 8745836.503100087866187, 1978296.990551405120641 ], [ 8745836.503100087866187, 1978296.69212633301504 ], [ 8745836.204463155940175, 1978296.69212633301504 ], [ 8745836.204463155940175, 1978296.990551405120641 ] ], [ [ 8745837.996284745633602, 1978296.69212633301504 ], [ 8745838.294921677559614, 1978296.69212633301504 ], [ 8745838.294921677559614, 1978296.393701260909438 ], [ 8745837.996284745633602, 1978296.393701260909438 ], [ 8745837.996284745633602, 1978296.69212633301504 ] ] ] } },
{ "type": "Feature", "properties": { "value": 255.0 }, "geometry": { "type": "Polygon", "coordinates": [ [ [ 8745813.209419405087829, 1978295.200000972719863 ], [ 8745813.209419405087829, 1978294.901575900847092 ], [ 8745812.910782473161817, 1978294.901575900847092 ], [ 8745812.910782473161817, 1978294.304725756635889 ], [ 8745812.612145541235805, 1978294.304725756635889 ], [ 8745812.612145541235805, 1978284.158273307373747 ], [ 8745812.313508609309793, 1978284.158273307373747 ], [ 8745812.313508609309793, 1978282.666147947078571 ], [ 8745812.612145541235805, 1978282.666147947078571 ], [ 8745812.612145541235805, 1978279.98032229882665 ], [ 8745812.910782473161817, 1978279.98032229882665 ], [ 8745812.910782473161817, 1978278.488196938531473 ], [ 8745813.209419405087829, 1978278.488196938531473 ], [ 8745813.209419405087829, 1978278.189771866425872 ], [ 8745814.403967132791877, 1978278.189771866425872 ], [ 8745814.403967132791877, 1978278.488196938531473 ], [ 8745814.702604064717889, 1978278.488196938531473 ], [ 8745814.702604064717889, 1978278.786622010637075 ], [ 8745815.001240996643901, 1978278.786622010637075 ], [ 8745815.001240996643901, 1978279.085047082509845 ], [ 8745819.480794973671436, 1978279.085047082509845 ], [ 8745819.480794973671436, 1978279.383472154615447 ], [ 8745823.66171201877296, 1978279.383472154615447 ], [ 8745823.66171201877296, 1978279.681897226721048 ], [ 8745826.050807474181056, 1978279.681897226721048 ], [ 8745826.050807474181056, 1978279.98032229882665 ], [ 8745827.543992131948471, 1978279.98032229882665 ], [ 8745827.543992131948471, 1978280.278747370699421 ], [ 8745827.842629063874483, 1978280.278747370699421 ], [ 8745827.842629063874483, 1978280.577172442805022 ], [ 8745828.141265995800495, 1978280.577172442805022 ], [ 8745828.141265995800495, 1978282.964573019184172 ], [ 8745828.439902927726507, 1978282.964573019184172 ], [ 8745828.439902927726507, 1978283.561423163162544 ], [ 8745828.141265995800495, 1978283.561423163162544 ], [ 8745828.141265995800495, 1978284.456698379246518 ], [ 8745827.842629063874483, 1978284.456698379246518 ], [ 8745827.842629063874483, 1978284.755123451352119 ], [ 8745827.543992131948471, 1978284.755123451352119 ], [ 8745827.543992131948471, 1978285.053548523457721 ], [ 8745827.245355200022459, 1978285.053548523457721 ], [ 8745827.245355200022459, 1978285.351973595563322 ], [ 8745826.946718269959092, 1978285.351973595563322 ], [ 8745826.946718269959092, 1978285.650398667436093 ], [ 8745826.64808133803308, 1978285.650398667436093 ], [ 8745826.64808133803308, 1978285.948823739541695 ], [ 8745826.349444406107068, 1978285.948823739541695 ], [ 8745826.349444406107068, 1978286.247248811647296 ], [ 8745825.752170542255044, 1978286.247248811647296 ], [ 8745825.752170542255044, 1978286.545673883520067 ], [ 8745825.453533610329032, 1978286.545673883520067 ], [ 8745825.453533610329032, 1978287.14252402773127 ], [ 8745825.15489667840302, 1978287.14252402773127 ], [ 8745825.15489667840302, 1978287.440949099836871 ], [ 8745824.856259746477008, 1978287.440949099836871 ], [ 8745824.856259746477008, 1978288.933074459899217 ], [ 8745825.15489667840302, 1978288.933074459899217 ], [ 8745825.15489667840302, 1978289.52992460411042 ], [ 8745825.453533610329032, 1978289.52992460411042 ], [ 8745825.453533610329032, 1978289.828349675983191 ], [ 8745825.752170542255044, 1978289.828349675983191 ], [ 8745825.752170542255044, 1978290.126774748088792 ], [ 8745826.050807474181056, 1978290.126774748088792 ], [ 8745826.050807474181056, 1978290.425199820194393 ], [ 8745826.64808133803308, 1978290.425199820194393 ], [ 8745826.64808133803308, 1978290.723624892299995 ], [ 8745826.946718269959092, 1978290.723624892299995 ], [ 8745826.946718269959092, 1978291.022049964172766 ], [ 8745827.245355200022459, 1978291.022049964172766 ], [ 8745827.245355200022459, 1978291.320475036278367 ], [ 8745827.543992131948471, 1978291.320475036278367 ], [ 8745827.543992131948471, 1978291.618900108383968 ], [ 8745827.842629063874483, 1978291.618900108383968 ], [ 8745827.842629063874483, 1978292.215750252362341 ], [ 8745828.141265995800495, 1978292.215750252362341 ], [ 8745828.141265995800495, 1978292.812600396573544 ], [ 8745827.842629063874483, 1978292.812600396573544 ], [ 8745827.842629063874483, 1978293.707875612657517 ], [ 8745827.543992131948471, 1978293.707875612657517 ], [ 8745827.543992131948471, 1978294.006300684763119 ], [ 8745827.245355200022459, 1978294.006300684763119 ], [ 8745827.245355200022459, 1978294.304725756635889 ], [ 8745826.946718269959092, 1978294.304725756635889 ], [ 8745826.946718269959092, 1978294.603150828741491 ], [ 8745826.64808133803308, 1978294.603150828741491 ], [ 8745826.64808133803308, 1978294.901575900847092 ], [ 8745825.752170542255044, 1978294.901575900847092 ], [ 8745825.752170542255044, 1978295.200000972719863 ], [ 8745813.209419405087829, 1978295.200000972719863 ] ], [ [ 8745813.508056337013841, 1978280.278747370699421 ], [ 8745814.105330200865865, 1978280.278747370699421 ], [ 8745814.105330200865865, 1978279.98032229882665 ], [ 8745814.403967132791877, 1978279.98032229882665 ], [ 8745814.403967132791877, 1978279.681897226721048 ], [ 8745814.105330200865865, 1978279.681897226721048 ], [ 8745814.105330200865865, 1978279.383472154615447 ], [ 8745813.508056337013841, 1978279.383472154615447 ], [ 8745813.508056337013841, 1978279.681897226721048 ], [ 8745813.209419405087829, 1978279.681897226721048 ], [ 8745813.209419405087829, 1978279.98032229882665 ], [ 8745813.508056337013841, 1978279.98032229882665 ], [ 8745813.508056337013841, 1978280.278747370699421 ] ] ] } },
{ "type": "Feature", "properties": { "value": 255.0 }, "geometry": { "type": "Polygon", "coordinates": [ [ [ 8745975.667910316959023, 1978296.69212633301504 ], [ 8745975.667910316959023, 1978296.393701260909438 ], [ 8745974.771999521180987, 1978296.393701260909438 ], [ 8745974.771999521180987, 1978294.901575900847092 ], [ 8745971.4869932718575, 1978294.901575900847092 ], [ 8745971.4869932718575, 1978294.603150828741491 ], [ 8745970.889719408005476, 1978294.603150828741491 ], [ 8745970.889719408005476, 1978294.304725756635889 ], [ 8745970.292445544153452, 1978294.304725756635889 ], [ 8745970.292445544153452, 1978294.006300684763119 ], [ 8745969.695171680301428, 1978294.006300684763119 ], [ 8745969.695171680301428, 1978293.707875612657517 ], [ 8745969.396534748375416, 1978293.707875612657517 ], [ 8745969.396534748375416, 1978293.409450540551916 ], [ 8745969.097897816449404, 1978293.409450540551916 ], [ 8745969.097897816449404, 1978290.126774748088792 ], [ 8745968.799260884523392, 1978290.126774748088792 ], [ 8745968.799260884523392, 1978286.545673883520067 ], [ 8745968.50062395259738, 1978286.545673883520067 ], [ 8745968.50062395259738, 1978280.577172442805022 ], [ 8745968.201987020671368, 1978280.577172442805022 ], [ 8745968.201987020671368, 1978276.996071578236297 ], [ 8745968.50062395259738, 1978276.996071578236297 ], [ 8745968.50062395259738, 1978276.697646506363526 ], [ 8745968.799260884523392, 1978276.697646506363526 ], [ 8745968.799260884523392, 1978276.399221434257925 ], [ 8745969.396534748375416, 1978276.399221434257925 ], [ 8745969.396534748375416, 1978276.697646506363526 ], [ 8745969.695171680301428, 1978276.697646506363526 ], [ 8745969.695171680301428, 1978276.996071578236297 ], [ 8745970.292445544153452, 1978276.996071578236297 ], [ 8745970.292445544153452, 1978277.294496650341898 ], [ 8745971.188356339931488, 1978277.294496650341898 ], [ 8745971.188356339931488, 1978276.996071578236297 ], [ 8745973.876088725402951, 1978276.996071578236297 ], [ 8745973.876088725402951, 1978277.294496650341898 ], [ 8745974.473362589254975, 1978277.294496650341898 ], [ 8745974.473362589254975, 1978276.996071578236297 ], [ 8745975.667910316959023, 1978276.996071578236297 ], [ 8745975.667910316959023, 1978277.294496650341898 ], [ 8745977.758368838578463, 1978277.294496650341898 ], [ 8745977.758368838578463, 1978277.5929217224475 ], [ 8745979.848827362060547, 1978277.5929217224475 ], [ 8745979.848827362060547, 1978277.891346794553101 ], [ 8745980.147464293986559, 1978277.891346794553101 ], [ 8745980.147464293986559, 1978278.786622010637075 ], [ 8745980.446101225912571, 1978278.786622010637075 ], [ 8745980.446101225912571, 1978281.770872730994597 ], [ 8745980.744738157838583, 1978281.770872730994597 ], [ 8745980.744738157838583, 1978285.948823739541695 ], [ 8745981.043375089764595, 1978285.948823739541695 ], [ 8745981.043375089764595, 1978286.844098955625668 ], [ 8745981.342012021690607, 1978286.844098955625668 ], [ 8745981.342012021690607, 1978288.336224315920845 ], [ 8745981.640648953616619, 1978288.336224315920845 ], [ 8745981.640648953616619, 1978288.634649388026446 ], [ 8745981.342012021690607, 1978288.634649388026446 ], [ 8745981.342012021690607, 1978289.52992460411042 ], [ 8745981.043375089764595, 1978289.52992460411042 ], [ 8745981.043375089764595, 1978289.828349675983191 ], [ 8745980.744738157838583, 1978289.828349675983191 ], [ 8745980.744738157838583, 1978290.126774748088792 ], [ 8745980.147464293986559, 1978290.126774748088792 ], [ 8745980.147464293986559, 1978290.425199820194393 ], [ 8745979.251553498208523, 1978290.425199820194393 ], [ 8745979.251553498208523, 1978290.723624892299995 ], [ 8745978.952916566282511, 1978290.723624892299995 ], [ 8745978.952916566282511, 1978291.022049964172766 ], [ 8745978.654279634356499, 1978291.022049964172766 ], [ 8745978.654279634356499, 1978292.215750252362341 ], [ 8745978.952916566282511, 1978292.215750252362341 ], [ 8745978.952916566282511, 1978292.812600396573544 ], [ 8745978.654279634356499, 1978292.812600396573544 ], [ 8745978.654279634356499, 1978293.707875612657517 ], [ 8745978.355642702430487, 1978293.707875612657517 ], [ 8745978.355642702430487, 1978294.304725756635889 ], [ 8745978.057005770504475, 1978294.304725756635889 ], [ 8745978.057005770504475, 1978294.901575900847092 ], [ 8745977.758368838578463, 1978294.901575900847092 ], [ 8745977.758368838578463, 1978295.200000972719863 ], [ 8745977.459731908515096, 1978295.200000972719863 ], [ 8745977.459731908515096, 1978296.095276189036667 ], [ 8745977.161094976589084, 1978296.095276189036667 ], [ 8745977.161094976589084, 1978296.393701260909438 ], [ 8745976.862458044663072, 1978296.393701260909438 ], [ 8745976.862458044663072, 1978296.69212633301504 ], [ 8745975.667910316959023, 1978296.69212633301504 ] ] ] } },
{ "type": "Feature", "properties": { "value": 255.0 }, "geometry": { "type": "Polygon", "coordinates": [ [ [ 8745750.19702679105103, 1978285.650398667436093 ], [ 8745750.19702679105103, 1978285.351973595563322 ], [ 8745749.898389859125018, 1978285.351973595563322 ], [ 8745749.898389859125018, 1978285.053548523457721 ], [ 8745749.599752927199006, 1978285.053548523457721 ], [ 8745749.599752927199006, 1978281.472447658888996 ], [ 8745749.002479063346982, 1978281.472447658888996 ], [ 8745749.002479063346982, 1978276.697646506363526 ], [ 8745749.898389859125018, 1978276.697646506363526 ], [ 8745749.898389859125018, 1978276.399221434257925 ], [ 8745760.649319404736161, 1978276.399221434257925 ], [ 8745760.649319404736161, 1978276.100796362152323 ], [ 8745765.427510313689709, 1978276.100796362152323 ], [ 8745765.427510313689709, 1978276.399221434257925 ], [ 8745766.024784177541733, 1978276.399221434257925 ], [ 8745766.024784177541733, 1978284.755123451352119 ], [ 8745765.726147245615721, 1978284.755123451352119 ], [ 8745765.726147245615721, 1978285.053548523457721 ], [ 8745765.427510313689709, 1978285.053548523457721 ], [ 8745765.427510313689709, 1978285.351973595563322 ], [ 8745762.441140996292233, 1978285.351973595563322 ], [ 8745762.441140996292233, 1978285.650398667436093 ], [ 8745761.545230200514197, 1978285.650398667436093 ], [ 8745761.545230200514197, 1978285.351973595563322 ], [ 8745760.649319404736161, 1978285.351973595563322 ], [ 8745760.649319404736161, 1978285.650398667436093 ], [ 8745750.19702679105103, 1978285.650398667436093 ] ] ] } },
{ "type": "Feature", "properties": { "value": 255.0 }, "geometry": { "type": "Polygon", "coordinates": [ [ [ 8746008.816609749570489, 1978299.377951981499791 ], [ 8746008.816609749570489, 1978299.07952690939419 ], [ 8746008.219335885718465, 1978299.07952690939419 ], [ 8746008.219335885718465, 1978298.781101837288588 ], [ 8746007.920698953792453, 1978298.781101837288588 ], [ 8746007.920698953792453, 1978298.184251693310216 ], [ 8746007.622062021866441, 1978298.184251693310216 ], [ 8746007.622062021866441, 1978297.288976476993412 ], [ 8746007.323425089940429, 1978297.288976476993412 ], [ 8746007.323425089940429, 1978296.095276189036667 ], [ 8746007.024788158014417, 1978296.095276189036667 ], [ 8746007.024788158014417, 1978294.603150828741491 ], [ 8746006.726151226088405, 1978294.603150828741491 ], [ 8746006.726151226088405, 1978293.409450540551916 ], [ 8746006.427514294162393, 1978293.409450540551916 ], [ 8746006.427514294162393, 1978291.917325180256739 ], [ 8746006.128877362236381, 1978291.917325180256739 ], [ 8746006.128877362236381, 1978290.425199820194393 ], [ 8746005.830240430310369, 1978290.425199820194393 ], [ 8746005.830240430310369, 1978289.52992460411042 ], [ 8746005.531603498384356, 1978289.52992460411042 ], [ 8746005.531603498384356, 1978288.336224315920845 ], [ 8746005.232966566458344, 1978288.336224315920845 ], [ 8746005.232966566458344, 1978286.545673883520067 ], [ 8746005.531603498384356, 1978286.545673883520067 ], [ 8746005.531603498384356, 1978285.650398667436093 ], [ 8746004.934329634532332, 1978285.650398667436093 ], [ 8746004.934329634532332, 1978285.053548523457721 ], [ 8746004.63569270260632, 1978285.053548523457721 ], [ 8746004.63569270260632, 1978282.069297803100199 ], [ 8746004.337055772542953, 1978282.069297803100199 ], [ 8746004.337055772542953, 1978279.98032229882665 ], [ 8746004.63569270260632, 1978279.98032229882665 ], [ 8746004.63569270260632, 1978277.294496650341898 ], [ 8746004.934329634532332, 1978277.294496650341898 ], [ 8746004.934329634532332, 1978276.996071578236297 ], [ 8746005.232966566458344, 1978276.996071578236297 ], [ 8746005.232966566458344, 1978276.697646506363526 ], [ 8746005.830240430310369, 1978276.697646506363526 ], [ 8746005.830240430310369, 1978276.399221434257925 ], [ 8746006.427514294162393, 1978276.399221434257925 ], [ 8746006.427514294162393, 1978276.100796362152323 ], [ 8746007.622062021866441, 1978276.100796362152323 ], [ 8746007.622062021866441, 1978275.802371290279552 ], [ 8746008.816609749570489, 1978275.802371290279552 ], [ 8746008.816609749570489, 1978275.503946218173951 ], [ 8746009.712520545348525, 1978275.503946218173951 ], [ 8746009.712520545348525, 1978275.205521146068349 ], [ 8746013.893437590450048, 1978275.205521146068349 ], [ 8746013.893437590450048, 1978274.907096073962748 ], [ 8746014.789348386228085, 1978274.907096073962748 ], [ 8746014.789348386228085, 1978274.608671002089977 ], [ 8746015.386622248217463, 1978274.608671002089977 ], [ 8746015.386622248217463, 1978274.310245929984376 ], [ 8746016.2825330439955, 1978274.310245929984376 ], [ 8746016.2825330439955, 1978274.011820857878774 ], [ 8746017.477080771699548, 1978274.011820857878774 ], [ 8746017.477080771699548, 1978274.310245929984376 ], [ 8746018.074354635551572, 1978274.310245929984376 ], [ 8746018.074354635551572, 1978274.608671002089977 ], [ 8746018.671628499403596, 1978274.608671002089977 ], [ 8746018.671628499403596, 1978274.310245929984376 ], [ 8746018.970265431329608, 1978274.310245929984376 ], [ 8746018.970265431329608, 1978274.011820857878774 ], [ 8746019.866176227107644, 1978274.011820857878774 ], [ 8746019.866176227107644, 1978274.310245929984376 ], [ 8746020.164813159033656, 1978274.310245929984376 ], [ 8746020.164813159033656, 1978274.608671002089977 ], [ 8746020.463450090959668, 1978274.608671002089977 ], [ 8746020.463450090959668, 1978275.205521146068349 ], [ 8746020.762087021023035, 1978275.205521146068349 ], [ 8746020.762087021023035, 1978275.503946218173951 ], [ 8746021.060723952949047, 1978275.503946218173951 ], [ 8746021.060723952949047, 1978275.802371290279552 ], [ 8746021.359360884875059, 1978275.802371290279552 ], [ 8746021.359360884875059, 1978276.697646506363526 ], [ 8746021.657997816801071, 1978276.697646506363526 ], [ 8746021.657997816801071, 1978277.5929217224475 ], [ 8746021.956634748727083, 1978277.5929217224475 ], [ 8746021.956634748727083, 1978280.278747370699421 ], [ 8746021.657997816801071, 1978280.278747370699421 ], [ 8746021.657997816801071, 1978280.577172442805022 ], [ 8746021.359360884875059, 1978280.577172442805022 ], [ 8746021.359360884875059, 1978280.875597514910623 ], [ 8746019.866176227107644, 1978280.875597514910623 ], [ 8746019.866176227107644, 1978281.174022587016225 ], [ 8746020.762087021023035, 1978281.174022587016225 ], [ 8746020.762087021023035, 1978281.472447658888996 ], [ 8746021.359360884875059, 1978281.472447658888996 ], [ 8746021.359360884875059, 1978282.069297803100199 ], [ 8746021.657997816801071, 1978282.069297803100199 ], [ 8746021.657997816801071, 1978282.964573019184172 ], [ 8746021.956634748727083, 1978282.964573019184172 ], [ 8746021.956634748727083, 1978283.262998091289774 ], [ 8746022.255271680653095, 1978283.262998091289774 ], [ 8746022.255271680653095, 1978284.158273307373747 ], [ 8746022.553908612579107, 1978284.158273307373747 ], [ 8746022.553908612579107, 1978284.755123451352119 ], [ 8746022.852545544505119, 1978284.755123451352119 ], [ 8746022.852545544505119, 1978285.948823739541695 ], [ 8746023.151182476431131, 1978285.948823739541695 ], [ 8746023.151182476431131, 1978288.037799243815243 ], [ 8746023.449819408357143, 1978288.037799243815243 ], [ 8746023.449819408357143, 1978290.126774748088792 ], [ 8746023.748456340283155, 1978290.126774748088792 ], [ 8746023.748456340283155, 1978291.618900108383968 ], [ 8746024.047093272209167, 1978291.618900108383968 ], [ 8746024.047093272209167, 1978292.812600396573544 ], [ 8746024.34573020413518, 1978292.812600396573544 ], [ 8746024.34573020413518, 1978295.200000972719863 ], [ 8746024.047093272209167, 1978295.200000972719863 ], [ 8746024.047093272209167, 1978295.796851116931066 ], [ 8746023.748456340283155, 1978295.796851116931066 ], [ 8746023.748456340283155, 1978296.095276189036667 ], [ 8746023.449819408357143, 1978296.095276189036667 ], [ 8746023.449819408357143, 1978296.393701260909438 ], [ 8746022.255271680653095, 1978296.393701260909438 ], [ 8746022.255271680653095, 1978296.095276189036667 ], [ 8746021.956634748727083, 1978296.095276189036667 ], [ 8746021.956634748727083, 1978296.393701260909438 ], [ 8746021.060723952949047, 1978296.393701260909438 ], [ 8746021.060723952949047, 1978296.69212633301504 ], [ 8746019.866176227107644, 1978296.69212633301504 ], [ 8746019.866176227107644, 1978296.990551405120641 ], [ 8746018.970265431329608, 1978296.990551405120641 ], [ 8746018.970265431329608, 1978297.288976476993412 ], [ 8746017.77571770362556, 1978297.288976476993412 ], [ 8746017.77571770362556, 1978297.587401549099013 ], [ 8746016.2825330439955, 1978297.587401549099013 ], [ 8746016.2825330439955, 1978297.885826621204615 ], [ 8746015.386622248217463, 1978297.885826621204615 ], [ 8746015.386622248217463, 1978298.184251693310216 ], [ 8746014.490711454302073, 1978298.184251693310216 ], [ 8746014.490711454302073, 1978298.482676765182987 ], [ 8746013.296163726598024, 1978298.482676765182987 ], [ 8746013.296163726598024, 1978298.781101837288588 ], [ 8746012.400252930819988, 1978298.781101837288588 ], [ 8746012.400252930819988, 1978299.07952690939419 ], [ 8746010.608431339263916, 1978299.07952690939419 ], [ 8746010.608431339263916, 1978299.377951981499791 ], [ 8746008.816609749570489, 1978299.377951981499791 ] ], [ [ 8746005.830240430310369, 1978285.948823739541695 ], [ 8746006.726151226088405, 1978285.948823739541695 ], [ 8746006.726151226088405, 1978285.650398667436093 ], [ 8746005.830240430310369, 1978285.650398667436093 ], [ 8746005.830240430310369, 1978285.948823739541695 ] ], [ [ 8746010.309794407337904, 1978284.755123451352119 ], [ 8746010.608431339263916, 1978284.755123451352119 ], [ 8746010.608431339263916, 1978284.456698379246518 ], [ 8746010.309794407337904, 1978284.456698379246518 ], [ 8746010.309794407337904, 1978284.755123451352119 ] ], [ [ 8746018.671628499403596, 1978281.770872730994597 ], [ 8746018.970265431329608, 1978281.770872730994597 ], [ 8746018.970265431329608, 1978281.472447658888996 ], [ 8746018.671628499403596, 1978281.472447658888996 ], [ 8746018.671628499403596, 1978281.770872730994597 ] ], [ [ 8746018.970265431329608, 1978281.472447658888996 ], [ 8746019.866176227107644, 1978281.472447658888996 ], [ 8746019.866176227107644, 1978281.174022587016225 ], [ 8746018.970265431329608, 1978281.174022587016225 ], [ 8746018.970265431329608, 1978281.472447658888996 ] ] ] } },
{ "type": "Feature", "properties": { "value": 255.0 }, "geometry": { "type": "Polygon", "coordinates": [ [ [ 8745859.7967807687819, 1978281.472447658888996 ], [ 8745859.7967807687819, 1978281.174022587016225 ], [ 8745859.199506906792521, 1978281.174022587016225 ], [ 8745859.199506906792521, 1978280.875597514910623 ], [ 8745858.900869974866509, 1978280.875597514910623 ], [ 8745858.900869974866509, 1978279.98032229882665 ], [ 8745858.602233042940497, 1978279.98032229882665 ], [ 8745858.602233042940497, 1978278.786622010637075 ], [ 8745858.303596111014485, 1978278.786622010637075 ], [ 8745858.303596111014485, 1978278.189771866425872 ], [ 8745858.004959179088473, 1978278.189771866425872 ], [ 8745858.004959179088473, 1978277.5929217224475 ], [ 8745857.706322247162461, 1978277.5929217224475 ], [ 8745857.706322247162461, 1978277.294496650341898 ], [ 8745857.407685315236449, 1978277.294496650341898 ], [ 8745857.407685315236449, 1978276.697646506363526 ], [ 8745857.109048383310437, 1978276.697646506363526 ], [ 8745857.109048383310437, 1978276.399221434257925 ], [ 8745856.810411451384425, 1978276.399221434257925 ], [ 8745856.810411451384425, 1978276.100796362152323 ], [ 8745857.109048383310437, 1978276.100796362152323 ], [ 8745857.109048383310437, 1978275.802371290279552 ], [ 8745857.407685315236449, 1978275.802371290279552 ], [ 8745857.407685315236449, 1978275.503946218173951 ], [ 8745858.004959179088473, 1978275.503946218173951 ], [ 8745858.004959179088473, 1978275.205521146068349 ], [ 8745858.602233042940497, 1978275.205521146068349 ], [ 8745858.602233042940497, 1978274.907096073962748 ], [ 8745859.199506906792521, 1978274.907096073962748 ], [ 8745859.199506906792521, 1978274.608671002089977 ], [ 8745859.7967807687819, 1978274.608671002089977 ], [ 8745859.7967807687819, 1978274.310245929984376 ], [ 8745860.394054632633924, 1978274.310245929984376 ], [ 8745860.394054632633924, 1978274.011820857878774 ], [ 8745861.289965428411961, 1978274.011820857878774 ], [ 8745861.289965428411961, 1978273.713395785773173 ], [ 8745862.185876224189997, 1978273.713395785773173 ], [ 8745862.185876224189997, 1978273.414970713900402 ], [ 8745863.380423951894045, 1978273.414970713900402 ], [ 8745863.380423951894045, 1978273.116545641794801 ], [ 8745864.276334747672081, 1978273.116545641794801 ], [ 8745864.276334747672081, 1978272.818120569689199 ], [ 8745865.470882473513484, 1978272.818120569689199 ], [ 8745865.470882473513484, 1978272.519695497816429 ], [ 8745866.665430201217532, 1978272.519695497816429 ], [ 8745866.665430201217532, 1978272.221270425710827 ], [ 8745867.561340996995568, 1978272.221270425710827 ], [ 8745867.561340996995568, 1978271.922845353605226 ], [ 8745869.054525656625628, 1978271.922845353605226 ], [ 8745869.054525656625628, 1978272.221270425710827 ], [ 8745869.353162588551641, 1978272.221270425710827 ], [ 8745869.353162588551641, 1978272.519695497816429 ], [ 8745869.651799520477653, 1978272.519695497816429 ], [ 8745869.651799520477653, 1978273.414970713900402 ], [ 8745869.950436452403665, 1978273.414970713900402 ], [ 8745869.950436452403665, 1978274.608671002089977 ], [ 8745870.249073382467031, 1978274.608671002089977 ], [ 8745870.249073382467031, 1978275.503946218173951 ], [ 8745870.547710314393044, 1978275.503946218173951 ], [ 8745870.547710314393044, 1978276.996071578236297 ], [ 8745870.249073382467031, 1978276.996071578236297 ], [ 8745870.249073382467031, 1978277.5929217224475 ], [ 8745869.950436452403665, 1978277.5929217224475 ], [ 8745869.950436452403665, 1978277.891346794553101 ], [ 8745869.651799520477653, 1978277.891346794553101 ], [ 8745869.651799520477653, 1978278.189771866425872 ], [ 8745869.353162588551641, 1978278.189771866425872 ], [ 8745869.353162588551641, 1978278.488196938531473 ], [ 8745869.054525656625628, 1978278.488196938531473 ], [ 8745869.054525656625628, 1978278.786622010637075 ], [ 8745868.755888724699616, 1978278.786622010637075 ], [ 8745868.755888724699616, 1978279.085047082509845 ], [ 8745868.457251792773604, 1978279.085047082509845 ], [ 8745868.457251792773604, 1978279.383472154615447 ], [ 8745868.158614860847592, 1978279.383472154615447 ], [ 8745868.158614860847592, 1978279.681897226721048 ], [ 8745867.561340996995568, 1978279.681897226721048 ], [ 8745867.561340996995568, 1978279.98032229882665 ], [ 8745866.964067133143544, 1978279.98032229882665 ], [ 8745866.964067133143544, 1978280.278747370699421 ], [ 8745866.068156337365508, 1978280.278747370699421 ], [ 8745866.068156337365508, 1978280.577172442805022 ], [ 8745865.172245541587472, 1978280.577172442805022 ], [ 8745865.172245541587472, 1978280.875597514910623 ], [ 8745863.679060883820057, 1978280.875597514910623 ], [ 8745863.679060883820057, 1978281.174022587016225 ], [ 8745862.484513156116009, 1978281.174022587016225 ], [ 8745862.484513156116009, 1978281.472447658888996 ], [ 8745859.7967807687819, 1978281.472447658888996 ] ] ] } },
{ "type": "Feature", "properties": { "value": 255.0 }, "geometry": { "type": "Polygon", "coordinates": [ [ [ 8745918.329619407653809, 1978284.456698379246518 ], [ 8745918.329619407653809, 1978284.158273307373747 ], [ 8745917.13507167994976, 1978284.158273307373747 ], [ 8745917.13507167994976, 1978283.859848235268146 ], [ 8745915.044613156467676, 1978283.859848235268146 ], [ 8745915.044613156467676, 1978283.561423163162544 ], [ 8745912.356880770996213, 1978283.561423163162544 ], [ 8745912.356880770996213, 1978283.262998091289774 ], [ 8745909.967785315588117, 1978283.262998091289774 ], [ 8745909.967785315588117, 1978282.964573019184172 ], [ 8745909.669148383662105, 1978282.964573019184172 ], [ 8745909.669148383662105, 1978282.367722874972969 ], [ 8745909.370511451736093, 1978282.367722874972969 ], [ 8745909.370511451736093, 1978282.069297803100199 ], [ 8745909.669148383662105, 1978282.069297803100199 ], [ 8745909.669148383662105, 1978279.085047082509845 ], [ 8745909.967785315588117, 1978279.085047082509845 ], [ 8745909.967785315588117, 1978275.205521146068349 ], [ 8745910.266422247514129, 1978275.205521146068349 ], [ 8745910.266422247514129, 1978274.310245929984376 ], [ 8745910.565059179440141, 1978274.310245929984376 ], [ 8745910.565059179440141, 1978272.818120569689199 ], [ 8745910.863696111366153, 1978272.818120569689199 ], [ 8745910.863696111366153, 1978271.922845353605226 ], [ 8745911.759606907144189, 1978271.922845353605226 ], [ 8745911.759606907144189, 1978271.624420281499624 ], [ 8745912.356880770996213, 1978271.624420281499624 ], [ 8745912.356880770996213, 1978271.922845353605226 ], [ 8745914.447339292615652, 1978271.922845353605226 ], [ 8745914.447339292615652, 1978272.221270425710827 ], [ 8745915.6418870203197, 1978272.221270425710827 ], [ 8745915.6418870203197, 1978272.519695497816429 ], [ 8745916.836434748023748, 1978272.519695497816429 ], [ 8745916.836434748023748, 1978272.818120569689199 ], [ 8745918.926893269643188, 1978272.818120569689199 ], [ 8745918.926893269643188, 1978272.519695497816429 ], [ 8745919.2255302015692, 1978272.519695497816429 ], [ 8745919.2255302015692, 1978272.221270425710827 ], [ 8745920.420077929273248, 1978272.221270425710827 ], [ 8745920.420077929273248, 1978272.519695497816429 ], [ 8745921.017351793125272, 1978272.519695497816429 ], [ 8745921.017351793125272, 1978273.116545641794801 ], [ 8745921.315988725051284, 1978273.116545641794801 ], [ 8745921.315988725051284, 1978279.383472154615447 ], [ 8745921.614625656977296, 1978279.383472154615447 ], [ 8745921.614625656977296, 1978280.875597514910623 ], [ 8745921.913262588903308, 1978280.875597514910623 ], [ 8745921.913262588903308, 1978281.174022587016225 ], [ 8745921.614625656977296, 1978281.174022587016225 ], [ 8745921.614625656977296, 1978283.859848235268146 ], [ 8745921.315988725051284, 1978283.859848235268146 ], [ 8745921.315988725051284, 1978284.158273307373747 ], [ 8745921.017351793125272, 1978284.158273307373747 ], [ 8745921.017351793125272, 1978284.456698379246518 ], [ 8745918.329619407653809, 1978284.456698379246518 ] ] ] } },
{ "type": "Feature", "properties": { "value": 255.0 }, "geometry": { "type": "Polygon", "coordinates": [ [ [ 8745820.973979633301497, 1978278.488196938531473 ], [ 8745820.973979633301497, 1978277.891346794553101 ], [ 8745820.675342701375484, 1978277.891346794553101 ], [ 8745820.675342701375484, 1978265.65591884078458 ], [ 8745820.973979633301497, 1978265.65591884078458 ], [ 8745820.973979633301497, 1978265.059068696806207 ], [ 8745821.272616565227509, 1978265.059068696806207 ], [ 8745821.272616565227509, 1978264.760643624700606 ], [ 8745822.467164291068912, 1978264.760643624700606 ], [ 8745822.467164291068912, 1978264.462218552595004 ], [ 8745823.960348950698972, 1978264.462218552595004 ], [ 8745823.960348950698972, 1978264.163793480489403 ], [ 8745824.557622814550996, 1978264.163793480489403 ], [ 8745824.557622814550996, 1978263.865368408616632 ], [ 8745827.543992131948471, 1978263.865368408616632 ], [ 8745827.543992131948471, 1978264.163793480489403 ], [ 8745827.842629063874483, 1978264.163793480489403 ], [ 8745827.842629063874483, 1978264.462218552595004 ], [ 8745828.141265995800495, 1978264.462218552595004 ], [ 8745828.141265995800495, 1978276.697646506363526 ], [ 8745828.439902927726507, 1978276.697646506363526 ], [ 8745828.439902927726507, 1978277.891346794553101 ], [ 8745828.141265995800495, 1978277.891346794553101 ], [ 8745828.141265995800495, 1978278.488196938531473 ], [ 8745820.973979633301497, 1978278.488196938531473 ] ] ] } },
{ "type": "Feature", "properties": { "value": 255.0 }, "geometry": { "type": "Polygon", "coordinates": [ [ [ 8746036.589844409376383, 1978298.184251693310216 ], [ 8746036.589844409376383, 1978297.885826621204615 ], [ 8746036.291207477450371, 1978297.885826621204615 ], [ 8746036.291207477450371, 1978297.587401549099013 ], [ 8746035.992570545524359, 1978297.587401549099013 ], [ 8746035.992570545524359, 1978296.990551405120641 ], [ 8746035.693933613598347, 1978296.990551405120641 ], [ 8746035.693933613598347, 1978296.095276189036667 ], [ 8746035.395296681672335, 1978296.095276189036667 ], [ 8746035.395296681672335, 1978295.498426044825464 ], [ 8746035.096659749746323, 1978295.498426044825464 ], [ 8746035.096659749746323, 1978294.603150828741491 ], [ 8746034.798022817820311, 1978294.603150828741491 ], [ 8746034.798022817820311, 1978293.707875612657517 ], [ 8746034.499385885894299, 1978293.707875612657517 ], [ 8746034.499385885894299, 1978293.111025468446314 ], [ 8746034.200748953968287, 1978293.111025468446314 ], [ 8746034.200748953968287, 1978292.215750252362341 ], [ 8746033.902112022042274, 1978292.215750252362341 ], [ 8746033.902112022042274, 1978291.618900108383968 ], [ 8746033.603475090116262, 1978291.618900108383968 ], [ 8746033.603475090116262, 1978289.52992460411042 ], [ 8746033.30483815819025, 1978289.52992460411042 ], [ 8746033.30483815819025, 1978288.634649388026446 ], [ 8746033.006201226264238, 1978288.634649388026446 ], [ 8746033.006201226264238, 1978288.037799243815243 ], [ 8746032.707564294338226, 1978288.037799243815243 ], [ 8746032.707564294338226, 1978287.14252402773127 ], [ 8746032.408927362412214, 1978287.14252402773127 ], [ 8746032.408927362412214, 1978286.247248811647296 ], [ 8746032.110290430486202, 1978286.247248811647296 ], [ 8746032.110290430486202, 1978285.650398667436093 ], [ 8746031.81165349856019, 1978285.650398667436093 ], [ 8746031.81165349856019, 1978285.351973595563322 ], [ 8746031.513016566634178, 1978285.351973595563322 ], [ 8746031.513016566634178, 1978285.053548523457721 ], [ 8746031.214379636570811, 1978285.053548523457721 ], [ 8746031.214379636570811, 1978284.755123451352119 ], [ 8746030.915742704644799, 1978284.755123451352119 ], [ 8746030.915742704644799, 1978284.158273307373747 ], [ 8746030.617105772718787, 1978284.158273307373747 ], [ 8746030.617105772718787, 1978283.262998091289774 ], [ 8746030.915742704644799, 1978283.262998091289774 ], [ 8746030.915742704644799, 1978282.964573019184172 ], [ 8746031.81165349856019, 1978282.964573019184172 ], [ 8746031.81165349856019, 1978282.666147947078571 ], [ 8746030.318468840792775, 1978282.666147947078571 ], [ 8746030.318468840792775, 1978282.964573019184172 ], [ 8746030.019831908866763, 1978282.964573019184172 ], [ 8746030.019831908866763, 1978283.262998091289774 ], [ 8746029.422558045014739, 1978283.262998091289774 ], [ 8746029.422558045014739, 1978283.561423163162544 ], [ 8746029.123921113088727, 1978283.561423163162544 ], [ 8746029.123921113088727, 1978283.859848235268146 ], [ 8746028.825284181162715, 1978283.859848235268146 ], [ 8746028.825284181162715, 1978284.158273307373747 ], [ 8746028.228010317310691, 1978284.158273307373747 ], [ 8746028.228010317310691, 1978284.456698379246518 ], [ 8746026.436188725754619, 1978284.456698379246518 ], [ 8746026.436188725754619, 1978284.158273307373747 ], [ 8746025.83891486376524, 1978284.158273307373747 ], [ 8746025.83891486376524, 1978283.859848235268146 ], [ 8746025.540277931839228, 1978283.859848235268146 ], [ 8746025.540277931839228, 1978283.561423163162544 ], [ 8746025.241641, 1978283.561423163162544 ], [ 8746025.241641, 1978282.964573019184172 ], [ 8746024.644367136061192, 1978282.964573019184172 ], [ 8746024.644367136061192, 1978282.666147947078571 ], [ 8746024.34573020413518, 1978282.666147947078571 ], [ 8746024.34573020413518, 1978282.069297803100199 ], [ 8746024.047093272209167, 1978282.069297803100199 ], [ 8746024.047093272209167, 1978281.770872730994597 ], [ 8746023.748456340283155, 1978281.770872730994597 ], [ 8746023.748456340283155, 1978281.174022587016225 ], [ 8746023.449819408357143, 1978281.174022587016225 ], [ 8746023.449819408357143, 1978280.875597514910623 ], [ 8746023.151182476431131, 1978280.875597514910623 ], [ 8746023.151182476431131, 1978280.278747370699421 ], [ 8746022.852545544505119, 1978280.278747370699421 ], [ 8746022.852545544505119, 1978279.085047082509845 ], [ 8746022.553908612579107, 1978279.085047082509845 ], [ 8746022.553908612579107, 1978276.399221434257925 ], [ 8746022.255271680653095, 1978276.399221434257925 ], [ 8746022.255271680653095, 1978275.802371290279552 ], [ 8746021.956634748727083, 1978275.802371290279552 ], [ 8746021.956634748727083, 1978275.205521146068349 ], [ 8746021.657997816801071, 1978275.205521146068349 ], [ 8746021.657997816801071, 1978272.519695497816429 ], [ 8746021.956634748727083, 1978272.519695497816429 ], [ 8746021.956634748727083, 1978272.221270425710827 ], [ 8746021.657997816801071, 1978272.221270425710827 ], [ 8746021.657997816801071, 1978270.43071999354288 ], [ 8746021.956634748727083, 1978270.43071999354288 ], [ 8746021.956634748727083, 1978270.132294921437278 ], [ 8746022.255271680653095, 1978270.132294921437278 ], [ 8746022.255271680653095, 1978269.833869849331677 ], [ 8746022.553908612579107, 1978269.833869849331677 ], [ 8746022.553908612579107, 1978269.535444777226076 ], [ 8746023.449819408357143, 1978269.535444777226076 ], [ 8746023.449819408357143, 1978269.237019705353305 ], [ 8746024.943004067987204, 1978269.237019705353305 ], [ 8746024.943004067987204, 1978268.938594633247703 ], [ 8746025.83891486376524, 1978268.938594633247703 ], [ 8746025.83891486376524, 1978268.640169561142102 ], [ 8746027.332099521532655, 1978268.640169561142102 ], [ 8746027.332099521532655, 1978268.3417444890365 ], [ 8746027.929373385384679, 1978268.3417444890365 ], [ 8746027.929373385384679, 1978268.04331941716373 ], [ 8746028.825284181162715, 1978268.04331941716373 ], [ 8746028.825284181162715, 1978267.744894345058128 ], [ 8746029.721194976940751, 1978267.744894345058128 ], [ 8746029.721194976940751, 1978267.446469272952527 ], [ 8746030.617105772718787, 1978267.446469272952527 ], [ 8746030.617105772718787, 1978267.148044201079756 ], [ 8746031.513016566634178, 1978267.148044201079756 ], [ 8746031.513016566634178, 1978266.849619128974155 ], [ 8746032.110290430486202, 1978266.849619128974155 ], [ 8746032.110290430486202, 1978266.551194056868553 ], [ 8746032.408927362412214, 1978266.551194056868553 ], [ 8746032.408927362412214, 1978266.252768984762952 ], [ 8746033.006201226264238, 1978266.252768984762952 ], [ 8746033.006201226264238, 1978265.954343912890181 ], [ 8746033.30483815819025, 1978265.954343912890181 ], [ 8746033.30483815819025, 1978265.65591884078458 ], [ 8746034.200748953968287, 1978265.65591884078458 ], [ 8746034.200748953968287, 1978265.357493768678978 ], [ 8746034.798022817820311, 1978265.357493768678978 ], [ 8746034.798022817820311, 1978265.059068696806207 ], [ 8746035.395296681672335, 1978265.059068696806207 ], [ 8746035.395296681672335, 1978264.760643624700606 ], [ 8746035.693933613598347, 1978264.760643624700606 ], [ 8746035.693933613598347, 1978264.462218552595004 ], [ 8746036.589844409376383, 1978264.462218552595004 ], [ 8746036.589844409376383, 1978264.163793480489403 ], [ 8746037.485755203291774, 1978264.163793480489403 ], [ 8746037.485755203291774, 1978263.865368408616632 ], [ 8746038.38166599906981, 1978263.865368408616632 ], [ 8746038.38166599906981, 1978263.566943336511031 ], [ 8746038.978939862921834, 1978263.566943336511031 ], [ 8746038.978939862921834, 1978263.268518264405429 ], [ 8746039.87485065869987, 1978263.268518264405429 ], [ 8746039.87485065869987, 1978262.970093192299828 ], [ 8746040.770761454477906, 1978262.970093192299828 ], [ 8746040.770761454477906, 1978262.671668120427057 ], [ 8746041.069398386403918, 1978262.671668120427057 ], [ 8746041.069398386403918, 1978262.970093192299828 ], [ 8746041.666672250255942, 1978262.970093192299828 ], [ 8746041.666672250255942, 1978263.268518264405429 ], [ 8746042.263946112245321, 1978263.268518264405429 ], [ 8746042.263946112245321, 1978263.566943336511031 ], [ 8746042.562583044171333, 1978263.566943336511031 ], [ 8746042.562583044171333, 1978263.865368408616632 ], [ 8746042.861219976097345, 1978263.865368408616632 ], [ 8746042.861219976097345, 1978264.163793480489403 ], [ 8746043.159856908023357, 1978264.163793480489403 ], [ 8746043.159856908023357, 1978264.760643624700606 ], [ 8746043.458493839949369, 1978264.760643624700606 ], [ 8746043.458493839949369, 1978265.357493768678978 ], [ 8746043.757130771875381, 1978265.357493768678978 ], [ 8746043.757130771875381, 1978266.252768984762952 ], [ 8746044.055767703801394, 1978266.252768984762952 ], [ 8746044.055767703801394, 1978266.849619128974155 ], [ 8746044.354404635727406, 1978266.849619128974155 ], [ 8746044.354404635727406, 1978267.744894345058128 ], [ 8746044.653041567653418, 1978267.744894345058128 ], [ 8746044.653041567653418, 1978268.640169561142102 ], [ 8746044.95167849957943, 1978268.640169561142102 ], [ 8746044.95167849957943, 1978269.833869849331677 ], [ 8746045.250315431505442, 1978269.833869849331677 ], [ 8746045.250315431505442, 1978270.729145065415651 ], [ 8746045.548952363431454, 1978270.729145065415651 ], [ 8746045.548952363431454, 1978272.221270425710827 ], [ 8746045.847589295357466, 1978272.221270425710827 ], [ 8746045.847589295357466, 1978272.818120569689199 ], [ 8746046.146226227283478, 1978272.818120569689199 ], [ 8746046.146226227283478, 1978273.713395785773173 ], [ 8746046.44486315920949, 1978273.713395785773173 ], [ 8746046.44486315920949, 1978274.907096073962748 ], [ 8746046.743500091135502, 1978274.907096073962748 ], [ 8746046.743500091135502, 1978276.996071578236297 ], [ 8746047.042137023061514, 1978276.996071578236297 ], [ 8746047.042137023061514, 1978277.294496650341898 ], [ 8746046.743500091135502, 1978277.294496650341898 ], [ 8746046.743500091135502, 1978277.891346794553101 ], [ 8746046.44486315920949, 1978277.891346794553101 ], [ 8746046.44486315920949, 1978278.189771866425872 ], [ 8746046.146226227283478, 1978278.189771866425872 ], [ 8746046.146226227283478, 1978278.488196938531473 ], [ 8746045.250315431505442, 1978278.488196938531473 ], [ 8746045.250315431505442, 1978278.786622010637075 ], [ 8746044.354404635727406, 1978278.786622010637075 ], [ 8746044.354404635727406, 1978279.085047082509845 ], [ 8746043.458493839949369, 1978279.085047082509845 ], [ 8746043.458493839949369, 1978279.383472154615447 ], [ 8746044.653041567653418, 1978279.383472154615447 ], [ 8746044.653041567653418, 1978279.085047082509845 ], [ 8746046.44486315920949, 1978279.085047082509845 ], [ 8746046.44486315920949, 1978279.383472154615447 ], [ 8746046.743500091135502, 1978279.383472154615447 ], [ 8746046.743500091135502, 1978279.681897226721048 ], [ 8746047.042137023061514, 1978279.681897226721048 ], [ 8746047.042137023061514, 1978279.98032229882665 ], [ 8746047.340773954987526, 1978279.98032229882665 ], [ 8746047.340773954987526, 1978280.875597514910623 ], [ 8746047.639410885050893, 1978280.875597514910623 ], [ 8746047.639410885050893, 1978281.770872730994597 ], [ 8746047.938047816976905, 1978281.770872730994597 ], [ 8746047.938047816976905, 1978282.367722874972969 ], [ 8746048.236684748902917, 1978282.367722874972969 ], [ 8746048.236684748902917, 1978282.666147947078571 ], [ 8746048.535321680828929, 1978282.666147947078571 ], [ 8746048.535321680828929, 1978283.262998091289774 ], [ 8746048.833958612754941, 1978283.262998091289774 ], [ 8746048.833958612754941, 1978283.859848235268146 ], [ 8746049.132595544680953, 1978283.859848235268146 ], [ 8746049.132595544680953, 1978284.456698379246518 ], [ 8746049.431232476606965, 1978284.456698379246518 ], [ 8746049.431232476606965, 1978285.053548523457721 ], [ 8746049.729869408532977, 1978285.053548523457721 ], [ 8746049.729869408532977, 1978285.948823739541695 ], [ 8746050.028506340458989, 1978285.948823739541695 ], [ 8746050.028506340458989, 1978286.545673883520067 ], [ 8746050.327143272385001, 1978286.545673883520067 ], [ 8746050.327143272385001, 1978287.440949099836871 ], [ 8746050.625780204311013, 1978287.440949099836871 ], [ 8746050.625780204311013, 1978288.336224315920845 ], [ 8746050.924417136237025, 1978288.336224315920845 ], [ 8746050.924417136237025, 1978288.933074459899217 ], [ 8746051.223054068163037, 1978288.933074459899217 ], [ 8746051.223054068163037, 1978289.828349675983191 ], [ 8746051.521691, 1978289.828349675983191 ], [ 8746051.521691, 1978290.425199820194393 ], [ 8746051.820327932015061, 1978290.425199820194393 ], [ 8746051.820327932015061, 1978292.215750252362341 ], [ 8746051.521691, 1978292.215750252362341 ], [ 8746051.521691, 1978292.514175324467942 ], [ 8746050.924417136237025, 1978292.514175324467942 ], [ 8746050.924417136237025, 1978292.812600396573544 ], [ 8746050.028506340458989, 1978292.812600396573544 ], [ 8746050.028506340458989, 1978293.111025468446314 ], [ 8746049.431232476606965, 1978293.111025468446314 ], [ 8746049.431232476606965, 1978293.409450540551916 ], [ 8746048.535321680828929, 1978293.409450540551916 ], [ 8746048.535321680828929, 1978293.707875612657517 ], [ 8746047.938047816976905, 1978293.707875612657517 ], [ 8746047.938047816976905, 1978294.006300684763119 ], [ 8746047.042137023061514, 1978294.006300684763119 ], [ 8746047.042137023061514, 1978294.304725756635889 ], [ 8746046.44486315920949, 1978294.304725756635889 ], [ 8746046.44486315920949, 1978294.603150828741491 ], [ 8746045.548952363431454, 1978294.603150828741491 ], [ 8746045.548952363431454, 1978294.901575900847092 ], [ 8746044.95167849957943, 1978294.901575900847092 ], [ 8746044.95167849957943, 1978295.200000972719863 ], [ 8746044.354404635727406, 1978295.200000972719863 ], [ 8746044.354404635727406, 1978295.498426044825464 ], [ 8746043.458493839949369, 1978295.498426044825464 ], [ 8746043.458493839949369, 1978295.796851116931066 ], [ 8746042.861219976097345, 1978295.796851116931066 ], [ 8746042.861219976097345, 1978296.095276189036667 ], [ 8746041.666672250255942, 1978296.095276189036667 ], [ 8746041.666672250255942, 1978296.393701260909438 ], [ 8746040.770761454477906, 1978296.393701260909438 ], [ 8746040.770761454477906, 1978296.69212633301504 ], [ 8746039.87485065869987, 1978296.69212633301504 ], [ 8746039.87485065869987, 1978296.990551405120641 ], [ 8746039.576213726773858, 1978296.990551405120641 ], [ 8746039.576213726773858, 1978297.288976476993412 ], [ 8746038.978939862921834, 1978297.288976476993412 ], [ 8746038.978939862921834, 1978297.587401549099013 ], [ 8746038.38166599906981, 1978297.587401549099013 ], [ 8746038.38166599906981, 1978297.885826621204615 ], [ 8746037.784392135217786, 1978297.885826621204615 ], [ 8746037.784392135217786, 1978298.184251693310216 ], [ 8746036.589844409376383, 1978298.184251693310216 ] ], [ [ 8746032.707564294338226, 1978282.666147947078571 ], [ 8746033.902112022042274, 1978282.666147947078571 ], [ 8746033.902112022042274, 1978282.367722874972969 ], [ 8746032.707564294338226, 1978282.367722874972969 ], [ 8746032.707564294338226, 1978282.666147947078571 ] ], [ [ 8746034.200748953968287, 1978282.367722874972969 ], [ 8746035.395296681672335, 1978282.367722874972969 ], [ 8746035.395296681672335, 1978282.069297803100199 ], [ 8746034.200748953968287, 1978282.069297803100199 ], [ 8746034.200748953968287, 1978282.367722874972969 ] ], [ [ 8746035.395296681672335, 1978282.069297803100199 ], [ 8746036.88848133943975, 1978282.069297803100199 ], [ 8746036.88848133943975, 1978281.770872730994597 ], [ 8746035.395296681672335, 1978281.770872730994597 ], [ 8746035.395296681672335, 1978282.069297803100199 ] ], [ [ 8746036.88848133943975, 1978281.770872730994597 ], [ 8746038.38166599906981, 1978281.770872730994597 ], [ 8746038.38166599906981, 1978281.472447658888996 ], [ 8746038.978939862921834, 1978281.472447658888996 ], [ 8746038.978939862921834, 1978281.174022587016225 ], [ 8746039.576213726773858, 1978281.174022587016225 ], [ 8746039.576213726773858, 1978280.875597514910623 ], [ 8746038.680302930995822, 1978280.875597514910623 ], [ 8746038.680302930995822, 1978281.174022587016225 ], [ 8746037.784392135217786, 1978281.174022587016225 ], [ 8746037.784392135217786, 1978281.472447658888996 ], [ 8746036.88848133943975, 1978281.472447658888996 ], [ 8746036.88848133943975, 1978281.770872730994597 ] ], [ [ 8746039.576213726773858, 1978280.875597514910623 ], [ 8746040.173487590625882, 1978280.875597514910623 ], [ 8746040.173487590625882, 1978280.577172442805022 ], [ 8746039.576213726773858, 1978280.577172442805022 ], [ 8746039.576213726773858, 1978280.875597514910623 ] ], [ [ 8746040.173487590625882, 1978280.577172442805022 ], [ 8746040.770761454477906, 1978280.577172442805022 ], [ 8746040.770761454477906, 1978280.278747370699421 ], [ 8746040.173487590625882, 1978280.278747370699421 ], [ 8746040.173487590625882, 1978280.577172442805022 ] ], [ [ 8746040.770761454477906, 1978280.278747370699421 ], [ 8746041.666672250255942, 1978280.278747370699421 ], [ 8746041.666672250255942, 1978279.98032229882665 ], [ 8746040.770761454477906, 1978279.98032229882665 ], [ 8746040.770761454477906, 1978280.278747370699421 ] ], [ [ 8746041.965309182181954, 1978279.98032229882665 ], [ 8746042.562583044171333, 1978279.98032229882665 ], [ 8746042.562583044171333, 1978279.681897226721048 ], [ 8746041.965309182181954, 1978279.681897226721048 ], [ 8746041.965309182181954, 1978279.98032229882665 ] ], [ [ 8746042.562583044171333, 1978279.681897226721048 ], [ 8746043.159856908023357, 1978279.681897226721048 ], [ 8746043.159856908023357, 1978279.383472154615447 ], [ 8746042.562583044171333, 1978279.383472154615447 ], [ 8746042.562583044171333, 1978279.681897226721048 ] ] ] } },
{ "type": "Feature", "properties": { "value": 255.0 }, "geometry": { "type": "Polygon", "coordinates": [ [ [ 8745840.086743269115686, 1978279.085047082509845 ], [ 8745840.086743269115686, 1978278.786622010637075 ], [ 8745839.19083247333765, 1978278.786622010637075 ], [ 8745839.19083247333765, 1978278.488196938531473 ], [ 8745837.697647815570235, 1978278.488196938531473 ], [ 8745837.697647815570235, 1978278.189771866425872 ], [ 8745836.503100087866187, 1978278.189771866425872 ], [ 8745836.503100087866187, 1978277.891346794553101 ], [ 8745834.114004632458091, 1978277.891346794553101 ], [ 8745834.114004632458091, 1978277.5929217224475 ], [ 8745831.72490917891264, 1978277.5929217224475 ], [ 8745831.72490917891264, 1978277.294496650341898 ], [ 8745830.828998383134604, 1978277.294496650341898 ], [ 8745830.828998383134604, 1978277.5929217224475 ], [ 8745830.530361451208591, 1978277.5929217224475 ], [ 8745830.530361451208591, 1978277.294496650341898 ], [ 8745829.634450655430555, 1978277.294496650341898 ], [ 8745829.634450655430555, 1978276.996071578236297 ], [ 8745829.037176791578531, 1978276.996071578236297 ], [ 8745829.037176791578531, 1978276.399221434257925 ], [ 8745828.738539859652519, 1978276.399221434257925 ], [ 8745828.738539859652519, 1978263.566943336511031 ], [ 8745829.037176791578531, 1978263.566943336511031 ], [ 8745829.037176791578531, 1978262.970093192299828 ], [ 8745829.335813723504543, 1978262.970093192299828 ], [ 8745829.335813723504543, 1978262.671668120427057 ], [ 8745829.933087587356567, 1978262.671668120427057 ], [ 8745829.933087587356567, 1978262.373243048321456 ], [ 8745834.412641564384103, 1978262.373243048321456 ], [ 8745834.412641564384103, 1978262.671668120427057 ], [ 8745838.593558609485626, 1978262.671668120427057 ], [ 8745838.593558609485626, 1978262.970093192299828 ], [ 8745840.086743269115686, 1978262.970093192299828 ], [ 8745840.086743269115686, 1978263.268518264405429 ], [ 8745840.982654064893723, 1978263.268518264405429 ], [ 8745840.982654064893723, 1978263.566943336511031 ], [ 8745841.281290996819735, 1978263.566943336511031 ], [ 8745841.281290996819735, 1978263.865368408616632 ], [ 8745841.579927928745747, 1978263.865368408616632 ], [ 8745841.579927928745747, 1978264.163793480489403 ], [ 8745841.878564860671759, 1978264.163793480489403 ], [ 8745841.878564860671759, 1978267.744894345058128 ], [ 8745841.579927928745747, 1978267.744894345058128 ], [ 8745841.579927928745747, 1978268.3417444890365 ], [ 8745841.281290996819735, 1978268.3417444890365 ], [ 8745841.281290996819735, 1978270.43071999354288 ], [ 8745841.579927928745747, 1978270.43071999354288 ], [ 8745841.579927928745747, 1978271.325995209626853 ], [ 8745841.878564860671759, 1978271.325995209626853 ], [ 8745841.878564860671759, 1978275.802371290279552 ], [ 8745842.177201792597771, 1978275.802371290279552 ], [ 8745842.177201792597771, 1978279.085047082509845 ], [ 8745840.086743269115686, 1978279.085047082509845 ] ] ] } },
{ "type": "Feature", "properties": { "value": 255.0 }, "geometry": { "type": "Polygon", "coordinates": [ [ [ 8745750.495663722977042, 1978275.802371290279552 ], [ 8745750.495663722977042, 1978275.503946218173951 ], [ 8745749.898389859125018, 1978275.503946218173951 ], [ 8745749.898389859125018, 1978275.205521146068349 ], [ 8745749.599752927199006, 1978275.205521146068349 ], [ 8745749.599752927199006, 1978274.907096073962748 ], [ 8745749.002479063346982, 1978274.907096073962748 ], [ 8745749.002479063346982, 1978262.373243048321456 ], [ 8745759.454771677032113, 1978262.373243048321456 ], [ 8745759.454771677032113, 1978262.074817976215854 ], [ 8745766.024784177541733, 1978262.074817976215854 ], [ 8745766.024784177541733, 1978262.373243048321456 ], [ 8745766.323421109467745, 1978262.373243048321456 ], [ 8745766.323421109467745, 1978262.970093192299828 ], [ 8745766.622058041393757, 1978262.970093192299828 ], [ 8745766.622058041393757, 1978266.849619128974155 ], [ 8745766.920694973319769, 1978266.849619128974155 ], [ 8745766.920694973319769, 1978274.011820857878774 ], [ 8745766.622058041393757, 1978274.011820857878774 ], [ 8745766.622058041393757, 1978274.608671002089977 ], [ 8745766.323421109467745, 1978274.608671002089977 ], [ 8745766.323421109467745, 1978274.907096073962748 ], [ 8745766.024784177541733, 1978274.907096073962748 ], [ 8745766.024784177541733, 1978275.205521146068349 ], [ 8745764.830236449837685, 1978275.205521146068349 ], [ 8745764.830236449837685, 1978275.503946218173951 ], [ 8745763.934325654059649, 1978275.503946218173951 ], [ 8745763.934325654059649, 1978275.205521146068349 ], [ 8745763.337051790207624, 1978275.205521146068349 ], [ 8745763.337051790207624, 1978275.503946218173951 ], [ 8745751.391574518755078, 1978275.503946218173951 ], [ 8745751.391574518755078, 1978275.802371290279552 ], [ 8745750.495663722977042, 1978275.802371290279552 ] ] ] } },
{ "type": "Feature", "properties": { "value": 255.0 }, "geometry": { "type": "Polygon", "coordinates": [ [ [ 8745906.981415998190641, 1978283.859848235268146 ], [ 8745906.981415998190641, 1978283.561423163162544 ], [ 8745902.203225089237094, 1978283.561423163162544 ], [ 8745902.203225089237094, 1978283.262998091289774 ], [ 8745901.904588157311082, 1978283.262998091289774 ], [ 8745901.904588157311082, 1978282.964573019184172 ], [ 8745901.60595122538507, 1978282.964573019184172 ], [ 8745901.60595122538507, 1978280.875597514910623 ], [ 8745901.904588157311082, 1978280.875597514910623 ], [ 8745901.904588157311082, 1978278.786622010637075 ], [ 8745902.203225089237094, 1978278.786622010637075 ], [ 8745902.203225089237094, 1978276.399221434257925 ], [ 8745901.60595122538507, 1978276.399221434257925 ], [ 8745901.60595122538507, 1978276.697646506363526 ], [ 8745899.814129633828998, 1978276.697646506363526 ], [ 8745899.814129633828998, 1978276.399221434257925 ], [ 8745898.619581906124949, 1978276.399221434257925 ], [ 8745898.619581906124949, 1978276.100796362152323 ], [ 8745898.022308042272925, 1978276.100796362152323 ], [ 8745898.022308042272925, 1978275.802371290279552 ], [ 8745897.723671110346913, 1978275.802371290279552 ], [ 8745897.723671110346913, 1978275.503946218173951 ], [ 8745897.126397246494889, 1978275.503946218173951 ], [ 8745897.126397246494889, 1978275.205521146068349 ], [ 8745896.52912338450551, 1978275.205521146068349 ], [ 8745896.52912338450551, 1978274.907096073962748 ], [ 8745896.230486452579498, 1978274.907096073962748 ], [ 8745896.230486452579498, 1978274.608671002089977 ], [ 8745895.633212588727474, 1978274.608671002089977 ], [ 8745895.633212588727474, 1978274.310245929984376 ], [ 8745895.03593872487545, 1978274.310245929984376 ], [ 8745895.03593872487545, 1978274.011820857878774 ], [ 8745894.737301792949438, 1978274.011820857878774 ], [ 8745894.737301792949438, 1978273.713395785773173 ], [ 8745894.140027929097414, 1978273.713395785773173 ], [ 8745894.140027929097414, 1978273.414970713900402 ], [ 8745893.841390997171402, 1978273.414970713900402 ], [ 8745893.841390997171402, 1978272.818120569689199 ], [ 8745893.54275406524539, 1978272.818120569689199 ], [ 8745893.54275406524539, 1978270.729145065415651 ], [ 8745893.841390997171402, 1978270.729145065415651 ], [ 8745893.841390997171402, 1978268.3417444890365 ], [ 8745894.140027929097414, 1978268.3417444890365 ], [ 8745894.140027929097414, 1978266.849619128974155 ], [ 8745894.438664861023426, 1978266.849619128974155 ], [ 8745894.438664861023426, 1978265.357493768678978 ], [ 8745894.737301792949438, 1978265.357493768678978 ], [ 8745894.737301792949438, 1978264.163793480489403 ], [ 8745895.03593872487545, 1978264.163793480489403 ], [ 8745895.03593872487545, 1978262.373243048321456 ], [ 8745895.334575656801462, 1978262.373243048321456 ], [ 8745895.334575656801462, 1978261.776392904343084 ], [ 8745895.633212588727474, 1978261.776392904343084 ], [ 8745895.633212588727474, 1978261.477967832237482 ], [ 8745897.126397246494889, 1978261.477967832237482 ], [ 8745897.126397246494889, 1978261.776392904343084 ], [ 8745898.918218838050961, 1978261.776392904343084 ], [ 8745898.918218838050961, 1978262.074817976215854 ], [ 8745899.814129633828998, 1978262.074817976215854 ], [ 8745899.814129633828998, 1978262.373243048321456 ], [ 8745902.501862019300461, 1978262.373243048321456 ], [ 8745902.501862019300461, 1978262.671668120427057 ], [ 8745903.397772815078497, 1978262.671668120427057 ], [ 8745903.397772815078497, 1978263.268518264405429 ], [ 8745903.696409747004509, 1978263.268518264405429 ], [ 8745903.696409747004509, 1978264.760643624700606 ], [ 8745903.397772815078497, 1978264.760643624700606 ], [ 8745903.397772815078497, 1978266.849619128974155 ], [ 8745903.099135883152485, 1978266.849619128974155 ], [ 8745903.099135883152485, 1978269.237019705353305 ], [ 8745902.800498951226473, 1978269.237019705353305 ], [ 8745902.800498951226473, 1978272.818120569689199 ], [ 8745902.501862019300461, 1978272.818120569689199 ], [ 8745902.501862019300461, 1978275.205521146068349 ], [ 8745902.800498951226473, 1978275.205521146068349 ], [ 8745902.800498951226473, 1978274.011820857878774 ], [ 8745903.099135883152485, 1978274.011820857878774 ], [ 8745903.099135883152485, 1978273.713395785773173 ], [ 8745903.397772815078497, 1978273.713395785773173 ], [ 8745903.397772815078497, 1978273.414970713900402 ], [ 8745905.189594406634569, 1978273.414970713900402 ], [ 8745905.189594406634569, 1978273.116545641794801 ], [ 8745906.085505202412605, 1978273.116545641794801 ], [ 8745906.085505202412605, 1978272.818120569689199 ], [ 8745906.682779066264629, 1978272.818120569689199 ], [ 8745906.682779066264629, 1978272.519695497816429 ], [ 8745906.981415998190641, 1978272.519695497816429 ], [ 8745906.981415998190641, 1978272.221270425710827 ], [ 8745907.280052930116653, 1978272.221270425710827 ], [ 8745907.280052930116653, 1978271.922845353605226 ], [ 8745907.578689862042665, 1978271.922845353605226 ], [ 8745907.578689862042665, 1978271.624420281499624 ], [ 8745907.877326792106032, 1978271.624420281499624 ], [ 8745907.877326792106032, 1978271.325995209626853 ], [ 8745908.175963724032044, 1978271.325995209626853 ], [ 8745908.175963724032044, 1978271.027570137521252 ], [ 8745909.370511451736093, 1978271.027570137521252 ], [ 8745909.370511451736093, 1978271.325995209626853 ], [ 8745909.669148383662105, 1978271.325995209626853 ], [ 8745909.669148383662105, 1978276.100796362152323 ], [ 8745909.370511451736093, 1978276.100796362152323 ], [ 8745909.370511451736093, 1978280.875597514910623 ], [ 8745909.071874519810081, 1978280.875597514910623 ], [ 8745909.071874519810081, 1978283.262998091289774 ], [ 8745908.773237587884068, 1978283.262998091289774 ], [ 8745908.773237587884068, 1978283.561423163162544 ], [ 8745907.877326792106032, 1978283.561423163162544 ], [ 8745907.877326792106032, 1978283.859848235268146 ], [ 8745906.981415998190641, 1978283.859848235268146 ] ], [ [ 8745902.203225089237094, 1978276.399221434257925 ], [ 8745902.501862019300461, 1978276.399221434257925 ], [ 8745902.501862019300461, 1978275.503946218173951 ], [ 8745902.203225089237094, 1978275.503946218173951 ], [ 8745902.203225089237094, 1978276.399221434257925 ] ] ] } },
{ "type": "Feature", "properties": { "value": 255.0 }, "geometry": { "type": "Polygon", "coordinates": [ [ [ 8745777.3729875870049, 1978283.262998091289774 ], [ 8745777.3729875870049, 1978282.964573019184172 ], [ 8745777.074350655078888, 1978282.964573019184172 ], [ 8745777.074350655078888, 1978282.069297803100199 ], [ 8745776.775713723152876, 1978282.069297803100199 ], [ 8745776.775713723152876, 1978274.310245929984376 ], [ 8745776.477076791226864, 1978274.310245929984376 ], [ 8745776.477076791226864, 1978266.849619128974155 ], [ 8745776.178439859300852, 1978266.849619128974155 ], [ 8745776.178439859300852, 1978264.462218552595004 ], [ 8745776.477076791226864, 1978264.462218552595004 ], [ 8745776.477076791226864, 1978263.268518264405429 ], [ 8745776.178439859300852, 1978263.268518264405429 ], [ 8745776.178439859300852, 1978263.865368408616632 ], [ 8745775.87980292737484, 1978263.865368408616632 ], [ 8745775.87980292737484, 1978264.163793480489403 ], [ 8745775.581165995448828, 1978264.163793480489403 ], [ 8745775.581165995448828, 1978264.462218552595004 ], [ 8745775.282529063522816, 1978264.462218552595004 ], [ 8745775.282529063522816, 1978266.252768984762952 ], [ 8745775.581165995448828, 1978266.252768984762952 ], [ 8745775.581165995448828, 1978268.640169561142102 ], [ 8745775.282529063522816, 1978268.640169561142102 ], [ 8745775.282529063522816, 1978268.938594633247703 ], [ 8745774.38661826774478, 1978268.938594633247703 ], [ 8745774.38661826774478, 1978269.237019705353305 ], [ 8745769.011153494939208, 1978269.237019705353305 ], [ 8745769.011153494939208, 1978269.535444777226076 ], [ 8745768.712516563013196, 1978269.535444777226076 ], [ 8745768.712516563013196, 1978269.237019705353305 ], [ 8745768.413879631087184, 1978269.237019705353305 ], [ 8745768.413879631087184, 1978268.938594633247703 ], [ 8745768.115242699161172, 1978268.938594633247703 ], [ 8745768.115242699161172, 1978268.640169561142102 ], [ 8745767.816605769097805, 1978268.640169561142102 ], [ 8745767.816605769097805, 1978265.954343912890181 ], [ 8745767.517968837171793, 1978265.954343912890181 ], [ 8745767.517968837171793, 1978260.582692616153508 ], [ 8745767.816605769097805, 1978260.582692616153508 ], [ 8745767.816605769097805, 1978260.284267544047907 ], [ 8745768.115242699161172, 1978260.284267544047907 ], [ 8745768.115242699161172, 1978259.985842471942306 ], [ 8745769.608427358791232, 1978259.985842471942306 ], [ 8745769.608427358791232, 1978259.687417400069535 ], [ 8745774.685255199670792, 1978259.687417400069535 ], [ 8745774.685255199670792, 1978259.985842471942306 ], [ 8745775.87980292737484, 1978259.985842471942306 ], [ 8745775.87980292737484, 1978260.284267544047907 ], [ 8745776.178439859300852, 1978260.284267544047907 ], [ 8745776.178439859300852, 1978260.582692616153508 ], [ 8745776.477076791226864, 1978260.582692616153508 ], [ 8745776.477076791226864, 1978262.970093192299828 ], [ 8745776.775713723152876, 1978262.970093192299828 ], [ 8745776.775713723152876, 1978262.373243048321456 ], [ 8745777.074350655078888, 1978262.373243048321456 ], [ 8745777.074350655078888, 1978262.074817976215854 ], [ 8745789.318464860320091, 1978262.074817976215854 ], [ 8745789.318464860320091, 1978261.776392904343084 ], [ 8745790.513012586161494, 1978261.776392904343084 ], [ 8745790.513012586161494, 1978262.074817976215854 ], [ 8745791.40892338193953, 1978262.074817976215854 ], [ 8745791.40892338193953, 1978262.373243048321456 ], [ 8745791.707560313865542, 1978262.373243048321456 ], [ 8745791.707560313865542, 1978264.163793480489403 ], [ 8745792.006197245791554, 1978264.163793480489403 ], [ 8745792.006197245791554, 1978269.535444777226076 ], [ 8745792.304834177717566, 1978269.535444777226076 ], [ 8745792.304834177717566, 1978277.294496650341898 ], [ 8745792.603471109643579, 1978277.294496650341898 ], [ 8745792.603471109643579, 1978281.174022587016225 ], [ 8745792.304834177717566, 1978281.174022587016225 ], [ 8745792.304834177717566, 1978282.367722874972969 ], [ 8745791.707560313865542, 1978282.367722874972969 ], [ 8745791.707560313865542, 1978282.666147947078571 ], [ 8745788.721190996468067, 1978282.666147947078571 ], [ 8745788.721190996468067, 1978282.964573019184172 ], [ 8745785.137547813355923, 1978282.964573019184172 ], [ 8745785.137547813355923, 1978283.262998091289774 ], [ 8745784.540273949503899, 1978283.262998091289774 ], [ 8745784.540273949503899, 1978282.964573019184172 ], [ 8745783.345726223662496, 1978282.964573019184172 ], [ 8745783.345726223662496, 1978283.262998091289774 ], [ 8745777.3729875870049, 1978283.262998091289774 ] ] ] } },
{ "type": "Feature", "properties": { "value": 255.0 }, "geometry": { "type": "Polygon", "coordinates": [ [ [ 8745972.980177929624915, 1978275.503946218173951 ], [ 8745972.980177929624915, 1978275.205521146068349 ], [ 8745971.785630203783512, 1978275.205521146068349 ], [ 8745971.785630203783512, 1978274.907096073962748 ], [ 8745971.4869932718575, 1978274.907096073962748 ], [ 8745971.4869932718575, 1978272.818120569689199 ], [ 8745971.188356339931488, 1978272.818120569689199 ], [ 8745971.188356339931488, 1978258.195292039774358 ], [ 8745971.4869932718575, 1978258.195292039774358 ], [ 8745971.4869932718575, 1978257.598441895795986 ], [ 8745971.785630203783512, 1978257.598441895795986 ], [ 8745971.785630203783512, 1978257.300016823690385 ], [ 8745972.382904065772891, 1978257.300016823690385 ], [ 8745972.382904065772891, 1978257.001591751584783 ], [ 8745973.577451793476939, 1978257.001591751584783 ], [ 8745973.577451793476939, 1978256.703166679479182 ], [ 8745977.161094976589084, 1978256.703166679479182 ], [ 8745977.161094976589084, 1978257.001591751584783 ], [ 8745977.459731908515096, 1978257.001591751584783 ], [ 8745977.459731908515096, 1978257.300016823690385 ], [ 8745977.758368838578463, 1978257.300016823690385 ], [ 8745977.758368838578463, 1978258.195292039774358 ], [ 8745978.057005770504475, 1978258.195292039774358 ], [ 8745978.057005770504475, 1978259.090567255858332 ], [ 8745978.355642702430487, 1978259.090567255858332 ], [ 8745978.355642702430487, 1978258.79214218375273 ], [ 8745978.654279634356499, 1978258.79214218375273 ], [ 8745978.654279634356499, 1978258.49371711187996 ], [ 8745979.848827362060547, 1978258.49371711187996 ], [ 8745979.848827362060547, 1978258.79214218375273 ], [ 8745981.342012021690607, 1978258.79214218375273 ], [ 8745981.342012021690607, 1978258.49371711187996 ], [ 8745983.133833611384034, 1978258.49371711187996 ], [ 8745983.133833611384034, 1978258.195292039774358 ], [ 8745984.925655202940106, 1978258.195292039774358 ], [ 8745984.925655202940106, 1978258.49371711187996 ], [ 8745986.717476794496179, 1978258.49371711187996 ], [ 8745986.717476794496179, 1978258.79214218375273 ], [ 8745990.002483043819666, 1978258.79214218375273 ], [ 8745990.002483043819666, 1978259.090567255858332 ], [ 8745990.301119975745678, 1978259.090567255858332 ], [ 8745990.301119975745678, 1978259.687417400069535 ], [ 8745990.59975690767169, 1978259.687417400069535 ], [ 8745990.59975690767169, 1978264.462218552595004 ], [ 8745990.898393839597702, 1978264.462218552595004 ], [ 8745990.898393839597702, 1978271.027570137521252 ], [ 8745991.197030771523714, 1978271.027570137521252 ], [ 8745991.197030771523714, 1978273.116545641794801 ], [ 8745990.898393839597702, 1978273.116545641794801 ], [ 8745990.898393839597702, 1978274.011820857878774 ], [ 8745990.59975690767169, 1978274.011820857878774 ], [ 8745990.59975690767169, 1978274.310245929984376 ], [ 8745987.314750658348203, 1978274.310245929984376 ], [ 8745987.314750658348203, 1978274.011820857878774 ], [ 8745984.925655202940106, 1978274.011820857878774 ], [ 8745984.925655202940106, 1978274.310245929984376 ], [ 8745983.432470543310046, 1978274.310245929984376 ], [ 8745983.432470543310046, 1978274.608671002089977 ], [ 8745982.237922817468643, 1978274.608671002089977 ], [ 8745982.237922817468643, 1978274.907096073962748 ], [ 8745980.744738157838583, 1978274.907096073962748 ], [ 8745980.744738157838583, 1978274.608671002089977 ], [ 8745978.952916566282511, 1978274.608671002089977 ], [ 8745978.952916566282511, 1978274.310245929984376 ], [ 8745978.654279634356499, 1978274.310245929984376 ], [ 8745978.654279634356499, 1978273.414970713900402 ], [ 8745978.355642702430487, 1978273.414970713900402 ], [ 8745978.355642702430487, 1978265.357493768678978 ], [ 8745978.057005770504475, 1978265.357493768678978 ], [ 8745978.057005770504475, 1978273.713395785773173 ], [ 8745978.355642702430487, 1978273.713395785773173 ], [ 8745978.355642702430487, 1978274.608671002089977 ], [ 8745978.057005770504475, 1978274.608671002089977 ], [ 8745978.057005770504475, 1978274.907096073962748 ], [ 8745977.459731908515096, 1978274.907096073962748 ], [ 8745977.459731908515096, 1978275.205521146068349 ], [ 8745975.966547248885036, 1978275.205521146068349 ], [ 8745975.966547248885036, 1978275.503946218173951 ], [ 8745972.980177929624915, 1978275.503946218173951 ] ] ] } },
{ "type": "Feature", "properties": { "value": 255.0 }, "geometry": { "type": "Polygon", "coordinates": [ [ [ 8745992.690215431153774, 1978270.729145065415651 ], [ 8745992.690215431153774, 1978270.43071999354288 ], [ 8745992.391578499227762, 1978270.43071999354288 ], [ 8745992.391578499227762, 1978269.237019705353305 ], [ 8745992.09294156730175, 1978269.237019705353305 ], [ 8745992.09294156730175, 1978263.566943336511031 ], [ 8745991.794304635375738, 1978263.566943336511031 ], [ 8745991.794304635375738, 1978257.300016823690385 ], [ 8745992.09294156730175, 1978257.300016823690385 ], [ 8745992.09294156730175, 1978257.001591751584783 ], [ 8745997.16976940818131, 1978257.001591751584783 ], [ 8745997.16976940818131, 1978256.703166679479182 ], [ 8745998.66295406781137, 1978256.703166679479182 ], [ 8745998.66295406781137, 1978256.404741607606411 ], [ 8745999.857501793652773, 1978256.404741607606411 ], [ 8745999.857501793652773, 1978256.703166679479182 ], [ 8746000.454775657504797, 1978256.703166679479182 ], [ 8746000.454775657504797, 1978257.001591751584783 ], [ 8746000.753412589430809, 1978257.001591751584783 ], [ 8746000.753412589430809, 1978261.477967832237482 ], [ 8746001.052049521356821, 1978261.477967832237482 ], [ 8746001.052049521356821, 1978265.357493768678978 ], [ 8746001.350686453282833, 1978265.357493768678978 ], [ 8746001.350686453282833, 1978270.132294921437278 ], [ 8746001.052049521356821, 1978270.132294921437278 ], [ 8746001.052049521356821, 1978270.43071999354288 ], [ 8746000.753412589430809, 1978270.43071999354288 ], [ 8746000.753412589430809, 1978270.729145065415651 ], [ 8745992.690215431153774, 1978270.729145065415651 ] ] ] } },
{ "type": "Feature", "properties": { "value": 255.0 }, "geometry": { "type": "Polygon", "coordinates": [ [ [ 8745943.415121680125594, 1978280.875597514910623 ], [ 8745943.415121680125594, 1978280.577172442805022 ], [ 8745942.81784781627357, 1978280.577172442805022 ], [ 8745942.81784781627357, 1978280.278747370699421 ], [ 8745942.519210884347558, 1978280.278747370699421 ], [ 8745942.519210884347558, 1978279.383472154615447 ], [ 8745942.220573952421546, 1978279.383472154615447 ], [ 8745942.220573952421546, 1978275.802371290279552 ], [ 8745939.831478498876095, 1978275.802371290279552 ], [ 8745939.831478498876095, 1978275.503946218173951 ], [ 8745939.532841566950083, 1978275.503946218173951 ], [ 8745939.532841566950083, 1978275.205521146068349 ], [ 8745939.234204635024071, 1978275.205521146068349 ], [ 8745939.234204635024071, 1978273.713395785773173 ], [ 8745938.935567703098059, 1978273.713395785773173 ], [ 8745938.935567703098059, 1978267.148044201079756 ], [ 8745939.234204635024071, 1978267.148044201079756 ], [ 8745939.234204635024071, 1978266.551194056868553 ], [ 8745939.831478498876095, 1978266.551194056868553 ], [ 8745939.831478498876095, 1978266.252768984762952 ], [ 8745940.727389292791486, 1978266.252768984762952 ], [ 8745940.727389292791486, 1978265.954343912890181 ], [ 8745939.532841566950083, 1978265.954343912890181 ], [ 8745939.532841566950083, 1978265.65591884078458 ], [ 8745939.234204635024071, 1978265.65591884078458 ], [ 8745939.234204635024071, 1978257.896866967668757 ], [ 8745939.532841566950083, 1978257.896866967668757 ], [ 8745939.532841566950083, 1978257.300016823690385 ], [ 8745939.831478498876095, 1978257.300016823690385 ], [ 8745939.831478498876095, 1978257.001591751584783 ], [ 8745940.428752360865474, 1978257.001591751584783 ], [ 8745940.428752360865474, 1978256.703166679479182 ], [ 8745941.921937020495534, 1978256.703166679479182 ], [ 8745941.921937020495534, 1978256.404741607606411 ], [ 8745948.491949521005154, 1978256.404741607606411 ], [ 8745948.491949521005154, 1978256.10631653550081 ], [ 8745951.478318838402629, 1978256.10631653550081 ], [ 8745951.478318838402629, 1978256.404741607606411 ], [ 8745952.075592702254653, 1978256.404741607606411 ], [ 8745952.075592702254653, 1978257.001591751584783 ], [ 8745952.374229634180665, 1978257.001591751584783 ], [ 8745952.374229634180665, 1978261.776392904343084 ], [ 8745952.075592702254653, 1978261.776392904343084 ], [ 8745952.075592702254653, 1978265.357493768678978 ], [ 8745951.776955770328641, 1978265.357493768678978 ], [ 8745951.776955770328641, 1978265.65591884078458 ], [ 8745949.985134180635214, 1978265.65591884078458 ], [ 8745949.985134180635214, 1978265.954343912890181 ], [ 8745948.790586452931166, 1978265.954343912890181 ], [ 8745948.790586452931166, 1978266.252768984762952 ], [ 8745949.985134180635214, 1978266.252768984762952 ], [ 8745949.985134180635214, 1978266.551194056868553 ], [ 8745950.582408044487238, 1978266.551194056868553 ], [ 8745950.582408044487238, 1978266.849619128974155 ], [ 8745950.881044974550605, 1978266.849619128974155 ], [ 8745950.881044974550605, 1978267.148044201079756 ], [ 8745951.179681906476617, 1978267.148044201079756 ], [ 8745951.179681906476617, 1978268.640169561142102 ], [ 8745951.478318838402629, 1978268.640169561142102 ], [ 8745951.478318838402629, 1978276.100796362152323 ], [ 8745951.776955770328641, 1978276.100796362152323 ], [ 8745951.776955770328641, 1978280.577172442805022 ], [ 8745951.478318838402629, 1978280.577172442805022 ], [ 8745951.478318838402629, 1978280.875597514910623 ], [ 8745950.881044974550605, 1978280.875597514910623 ], [ 8745950.881044974550605, 1978280.577172442805022 ], [ 8745945.804217133671045, 1978280.577172442805022 ], [ 8745945.804217133671045, 1978280.875597514910623 ], [ 8745943.415121680125594, 1978280.875597514910623 ] ], [ [ 8745941.623300088569522, 1978266.252768984762952 ], [ 8745947.596038725227118, 1978266.252768984762952 ], [ 8745947.596038725227118, 1978265.954343912890181 ], [ 8745941.623300088569522, 1978265.954343912890181 ], [ 8745941.623300088569522, 1978266.252768984762952 ] ] ] } },
{ "type": "Feature", "properties": { "value": 255.0 }, "geometry": { "type": "Polygon", "coordinates": [ [ [ 8745955.659235885366797, 1978273.713395785773173 ], [ 8745955.659235885366797, 1978273.414970713900402 ], [ 8745955.360598953440785, 1978273.414970713900402 ], [ 8745955.360598953440785, 1978272.818120569689199 ], [ 8745955.061962021514773, 1978272.818120569689199 ], [ 8745955.061962021514773, 1978271.027570137521252 ], [ 8745954.763325089588761, 1978271.027570137521252 ], [ 8745954.763325089588761, 1978269.237019705353305 ], [ 8745954.464688157662749, 1978269.237019705353305 ], [ 8745954.464688157662749, 1978263.865368408616632 ], [ 8745955.061962021514773, 1978263.865368408616632 ], [ 8745955.061962021514773, 1978263.566943336511031 ], [ 8745955.659235885366797, 1978263.566943336511031 ], [ 8745955.659235885366797, 1978263.865368408616632 ], [ 8745957.152420543134212, 1978263.865368408616632 ], [ 8745957.152420543134212, 1978264.163793480489403 ], [ 8745957.451057475060225, 1978264.163793480489403 ], [ 8745957.451057475060225, 1978263.865368408616632 ], [ 8745958.346968270838261, 1978263.865368408616632 ], [ 8745958.346968270838261, 1978263.566943336511031 ], [ 8745955.957872817292809, 1978263.566943336511031 ], [ 8745955.957872817292809, 1978263.268518264405429 ], [ 8745955.360598953440785, 1978263.268518264405429 ], [ 8745955.360598953440785, 1978262.970093192299828 ], [ 8745955.061962021514773, 1978262.970093192299828 ], [ 8745955.061962021514773, 1978262.671668120427057 ], [ 8745954.763325089588761, 1978262.671668120427057 ], [ 8745954.763325089588761, 1978261.776392904343084 ], [ 8745954.464688157662749, 1978261.776392904343084 ], [ 8745954.464688157662749, 1978260.284267544047907 ], [ 8745954.166051225736737, 1978260.284267544047907 ], [ 8745954.166051225736737, 1978255.509466391289607 ], [ 8745954.464688157662749, 1978255.509466391289607 ], [ 8745954.464688157662749, 1978255.211041319416836 ], [ 8745966.708802362903953, 1978255.211041319416836 ], [ 8745966.708802362903953, 1978255.807891463395208 ], [ 8745967.007439292967319, 1978255.807891463395208 ], [ 8745967.007439292967319, 1978259.388992327963933 ], [ 8745967.306076224893332, 1978259.388992327963933 ], [ 8745967.306076224893332, 1978261.776392904343084 ], [ 8745967.007439292967319, 1978261.776392904343084 ], [ 8745967.007439292967319, 1978262.671668120427057 ], [ 8745966.708802362903953, 1978262.671668120427057 ], [ 8745966.708802362903953, 1978262.970093192299828 ], [ 8745964.618343839421868, 1978262.970093192299828 ], [ 8745964.618343839421868, 1978262.671668120427057 ], [ 8745964.021069975569844, 1978262.671668120427057 ], [ 8745964.021069975569844, 1978262.373243048321456 ], [ 8745962.826522247865796, 1978262.373243048321456 ], [ 8745962.826522247865796, 1978262.671668120427057 ], [ 8745963.42379611171782, 1978262.671668120427057 ], [ 8745963.42379611171782, 1978262.970093192299828 ], [ 8745963.722433043643832, 1978262.970093192299828 ], [ 8745963.722433043643832, 1978263.268518264405429 ], [ 8745964.021069975569844, 1978263.268518264405429 ], [ 8745964.021069975569844, 1978263.566943336511031 ], [ 8745964.618343839421868, 1978263.566943336511031 ], [ 8745964.618343839421868, 1978263.865368408616632 ], [ 8745965.812891567125916, 1978263.865368408616632 ], [ 8745965.812891567125916, 1978263.566943336511031 ], [ 8745966.708802362903953, 1978263.566943336511031 ], [ 8745966.708802362903953, 1978263.268518264405429 ], [ 8745967.007439292967319, 1978263.268518264405429 ], [ 8745967.007439292967319, 1978262.970093192299828 ], [ 8745967.306076224893332, 1978262.970093192299828 ], [ 8745967.306076224893332, 1978262.373243048321456 ], [ 8745967.604713156819344, 1978262.373243048321456 ], [ 8745967.604713156819344, 1978261.776392904343084 ], [ 8745968.799260884523392, 1978261.776392904343084 ], [ 8745968.799260884523392, 1978262.074817976215854 ], [ 8745969.097897816449404, 1978262.074817976215854 ], [ 8745969.097897816449404, 1978267.446469272952527 ], [ 8745969.396534748375416, 1978267.446469272952527 ], [ 8745969.396534748375416, 1978268.938594633247703 ], [ 8745969.097897816449404, 1978268.938594633247703 ], [ 8745969.097897816449404, 1978271.922845353605226 ], [ 8745969.396534748375416, 1978271.922845353605226 ], [ 8745969.396534748375416, 1978272.818120569689199 ], [ 8745969.097897816449404, 1978272.818120569689199 ], [ 8745969.097897816449404, 1978273.414970713900402 ], [ 8745967.903350088745356, 1978273.414970713900402 ], [ 8745967.903350088745356, 1978273.713395785773173 ], [ 8745955.659235885366797, 1978273.713395785773173 ] ], [ [ 8745961.034700658172369, 1978262.671668120427057 ], [ 8745961.93061145208776, 1978262.671668120427057 ], [ 8745961.93061145208776, 1978262.373243048321456 ], [ 8745961.034700658172369, 1978262.373243048321456 ], [ 8745961.034700658172369, 1978262.671668120427057 ] ] ] } },
{ "type": "Feature", "properties": { "value": 255.0 }, "geometry": { "type": "Polygon", "coordinates": [ [ [ 8746003.142508044838905, 1978275.503946218173951 ], [ 8746003.142508044838905, 1978275.205521146068349 ], [ 8746002.843871112912893, 1978275.205521146068349 ], [ 8746002.843871112912893, 1978274.907096073962748 ], [ 8746002.545234180986881, 1978274.907096073962748 ], [ 8746002.545234180986881, 1978274.310245929984376 ], [ 8746002.246597249060869, 1978274.310245929984376 ], [ 8746002.246597249060869, 1978268.04331941716373 ], [ 8746001.947960317134857, 1978268.04331941716373 ], [ 8746001.947960317134857, 1978264.760643624700606 ], [ 8746001.649323385208845, 1978264.760643624700606 ], [ 8746001.649323385208845, 1978263.268518264405429 ], [ 8746001.350686453282833, 1978263.268518264405429 ], [ 8746001.350686453282833, 1978257.598441895795986 ], [ 8746001.052049521356821, 1978257.598441895795986 ], [ 8746001.052049521356821, 1978257.300016823690385 ], [ 8746001.350686453282833, 1978257.300016823690385 ], [ 8746001.350686453282833, 1978256.10631653550081 ], [ 8746001.649323385208845, 1978256.10631653550081 ], [ 8746001.649323385208845, 1978255.509466391289607 ], [ 8746002.246597249060869, 1978255.509466391289607 ], [ 8746002.246597249060869, 1978255.211041319416836 ], [ 8746004.038418840616941, 1978255.211041319416836 ], [ 8746004.038418840616941, 1978254.912616247311234 ], [ 8746010.608431339263916, 1978254.912616247311234 ], [ 8746010.608431339263916, 1978255.509466391289607 ], [ 8746010.907068271189928, 1978255.509466391289607 ], [ 8746010.907068271189928, 1978257.598441895795986 ], [ 8746011.20570520311594, 1978257.598441895795986 ], [ 8746011.20570520311594, 1978270.43071999354288 ], [ 8746011.504342135041952, 1978270.43071999354288 ], [ 8746011.504342135041952, 1978272.221270425710827 ], [ 8746011.20570520311594, 1978272.221270425710827 ], [ 8746011.20570520311594, 1978273.116545641794801 ], [ 8746010.907068271189928, 1978273.116545641794801 ], [ 8746010.907068271189928, 1978273.414970713900402 ], [ 8746010.608431339263916, 1978273.414970713900402 ], [ 8746010.608431339263916, 1978273.713395785773173 ], [ 8746010.309794407337904, 1978273.713395785773173 ], [ 8746010.309794407337904, 1978274.011820857878774 ], [ 8746009.712520545348525, 1978274.011820857878774 ], [ 8746009.712520545348525, 1978274.310245929984376 ], [ 8746008.816609749570489, 1978274.310245929984376 ], [ 8746008.816609749570489, 1978274.608671002089977 ], [ 8746007.920698953792453, 1978274.608671002089977 ], [ 8746007.920698953792453, 1978274.907096073962748 ], [ 8746007.323425089940429, 1978274.907096073962748 ], [ 8746007.323425089940429, 1978275.205521146068349 ], [ 8746005.531603498384356, 1978275.205521146068349 ], [ 8746005.531603498384356, 1978275.503946218173951 ], [ 8746003.142508044838905, 1978275.503946218173951 ] ] ] } },
{ "type": "Feature", "properties": { "value": 255.0 }, "geometry": { "type": "Polygon", "coordinates": [ [ [ 8746056.001244977116585, 1978295.498426044825464 ], [ 8746056.001244977116585, 1978295.200000972719863 ], [ 8746055.702608045190573, 1978295.200000972719863 ], [ 8746055.702608045190573, 1978294.901575900847092 ], [ 8746055.403971113264561, 1978294.901575900847092 ], [ 8746055.403971113264561, 1978294.603150828741491 ], [ 8746055.105334181338549, 1978294.603150828741491 ], [ 8746055.105334181338549, 1978293.707875612657517 ], [ 8746054.806697249412537, 1978293.707875612657517 ], [ 8746054.806697249412537, 1978293.111025468446314 ], [ 8746054.508060317486525, 1978293.111025468446314 ], [ 8746054.508060317486525, 1978292.514175324467942 ], [ 8746054.209423385560513, 1978292.514175324467942 ], [ 8746054.209423385560513, 1978291.618900108383968 ], [ 8746053.910786453634501, 1978291.618900108383968 ], [ 8746053.910786453634501, 1978290.723624892299995 ], [ 8746053.612149521708488, 1978290.723624892299995 ], [ 8746053.612149521708488, 1978290.126774748088792 ], [ 8746053.313512589782476, 1978290.126774748088792 ], [ 8746053.313512589782476, 1978289.52992460411042 ], [ 8746053.014875657856464, 1978289.52992460411042 ], [ 8746053.014875657856464, 1978288.634649388026446 ], [ 8746052.716238727793097, 1978288.634649388026446 ], [ 8746052.716238727793097, 1978287.739374171709642 ], [ 8746052.417601795867085, 1978287.739374171709642 ], [ 8746052.417601795867085, 1978286.844098955625668 ], [ 8746052.118964863941073, 1978286.844098955625668 ], [ 8746052.118964863941073, 1978285.650398667436093 ], [ 8746052.417601795867085, 1978285.650398667436093 ], [ 8746052.417601795867085, 1978285.351973595563322 ], [ 8746053.014875657856464, 1978285.351973595563322 ], [ 8746053.014875657856464, 1978285.053548523457721 ], [ 8746052.118964863941073, 1978285.053548523457721 ], [ 8746052.118964863941073, 1978284.755123451352119 ], [ 8746051.820327932015061, 1978284.755123451352119 ], [ 8746051.820327932015061, 1978284.456698379246518 ], [ 8746051.521691, 1978284.456698379246518 ], [ 8746051.521691, 1978283.561423163162544 ], [ 8746051.223054068163037, 1978283.561423163162544 ], [ 8746051.223054068163037, 1978282.666147947078571 ], [ 8746050.924417136237025, 1978282.666147947078571 ], [ 8746050.924417136237025, 1978281.472447658888996 ], [ 8746050.625780204311013, 1978281.472447658888996 ], [ 8746050.625780204311013, 1978280.577172442805022 ], [ 8746050.327143272385001, 1978280.577172442805022 ], [ 8746050.327143272385001, 1978279.681897226721048 ], [ 8746050.028506340458989, 1978279.681897226721048 ], [ 8746050.028506340458989, 1978278.786622010637075 ], [ 8746049.729869408532977, 1978278.786622010637075 ], [ 8746049.729869408532977, 1978277.891346794553101 ], [ 8746049.431232476606965, 1978277.891346794553101 ], [ 8746049.431232476606965, 1978276.996071578236297 ], [ 8746049.729869408532977, 1978276.996071578236297 ], [ 8746049.729869408532977, 1978276.697646506363526 ], [ 8746050.028506340458989, 1978276.697646506363526 ], [ 8746050.028506340458989, 1978276.399221434257925 ], [ 8746048.535321680828929, 1978276.399221434257925 ], [ 8746048.535321680828929, 1978276.100796362152323 ], [ 8746048.236684748902917, 1978276.100796362152323 ], [ 8746048.236684748902917, 1978275.503946218173951 ], [ 8746047.938047816976905, 1978275.503946218173951 ], [ 8746047.938047816976905, 1978274.907096073962748 ], [ 8746047.639410885050893, 1978274.907096073962748 ], [ 8746047.639410885050893, 1978274.011820857878774 ], [ 8746047.340773954987526, 1978274.011820857878774 ], [ 8746047.340773954987526, 1978273.414970713900402 ], [ 8746047.042137023061514, 1978273.414970713900402 ], [ 8746047.042137023061514, 1978272.519695497816429 ], [ 8746046.743500091135502, 1978272.519695497816429 ], [ 8746046.743500091135502, 1978271.922845353605226 ], [ 8746046.44486315920949, 1978271.922845353605226 ], [ 8746046.44486315920949, 1978271.027570137521252 ], [ 8746046.146226227283478, 1978271.027570137521252 ], [ 8746046.146226227283478, 1978270.132294921437278 ], [ 8746045.847589295357466, 1978270.132294921437278 ], [ 8746045.847589295357466, 1978268.938594633247703 ], [ 8746045.548952363431454, 1978268.938594633247703 ], [ 8746045.548952363431454, 1978268.3417444890365 ], [ 8746045.847589295357466, 1978268.3417444890365 ], [ 8746045.847589295357466, 1978268.04331941716373 ], [ 8746047.340773954987526, 1978268.04331941716373 ], [ 8746047.340773954987526, 1978267.744894345058128 ], [ 8746048.236684748902917, 1978267.744894345058128 ], [ 8746048.236684748902917, 1978267.446469272952527 ], [ 8746049.132595544680953, 1978267.446469272952527 ], [ 8746049.132595544680953, 1978267.148044201079756 ], [ 8746049.729869408532977, 1978267.148044201079756 ], [ 8746049.729869408532977, 1978266.849619128974155 ], [ 8746050.625780204311013, 1978266.849619128974155 ], [ 8746050.625780204311013, 1978266.551194056868553 ], [ 8746051.521691, 1978266.551194056868553 ], [ 8746051.521691, 1978266.252768984762952 ], [ 8746052.417601795867085, 1978266.252768984762952 ], [ 8746052.417601795867085, 1978265.954343912890181 ], [ 8746053.014875657856464, 1978265.954343912890181 ], [ 8746053.014875657856464, 1978265.65591884078458 ], [ 8746053.612149521708488, 1978265.65591884078458 ], [ 8746053.612149521708488, 1978265.357493768678978 ], [ 8746052.716238727793097, 1978265.357493768678978 ], [ 8746052.716238727793097, 1978265.65591884078458 ], [ 8746051.820327932015061, 1978265.65591884078458 ], [ 8746051.820327932015061, 1978265.954343912890181 ], [ 8746050.625780204311013, 1978265.954343912890181 ], [ 8746050.625780204311013, 1978266.252768984762952 ], [ 8746049.431232476606965, 1978266.252768984762952 ], [ 8746049.431232476606965, 1978266.551194056868553 ], [ 8746048.535321680828929, 1978266.551194056868553 ], [ 8746048.535321680828929, 1978266.849619128974155 ], [ 8746047.639410885050893, 1978266.849619128974155 ], [ 8746047.639410885050893, 1978267.148044201079756 ], [ 8746046.743500091135502, 1978267.148044201079756 ], [ 8746046.743500091135502, 1978267.446469272952527 ], [ 8746046.146226227283478, 1978267.446469272952527 ], [ 8746046.146226227283478, 1978267.744894345058128 ], [ 8746045.847589295357466, 1978267.744894345058128 ], [ 8746045.847589295357466, 1978267.446469272952527 ], [ 8746045.250315431505442, 1978267.446469272952527 ], [ 8746045.250315431505442, 1978267.148044201079756 ], [ 8746044.95167849957943, 1978267.148044201079756 ], [ 8746044.95167849957943, 1978266.849619128974155 ], [ 8746044.653041567653418, 1978266.849619128974155 ], [ 8746044.653041567653418, 1978266.252768984762952 ], [ 8746044.354404635727406, 1978266.252768984762952 ], [ 8746044.354404635727406, 1978265.357493768678978 ], [ 8746044.055767703801394, 1978265.357493768678978 ], [ 8746044.055767703801394, 1978264.760643624700606 ], [ 8746043.757130771875381, 1978264.760643624700606 ], [ 8746043.757130771875381, 1978263.865368408616632 ], [ 8746043.458493839949369, 1978263.865368408616632 ], [ 8746043.458493839949369, 1978262.970093192299828 ], [ 8746043.159856908023357, 1978262.970093192299828 ], [ 8746043.159856908023357, 1978262.373243048321456 ], [ 8746042.861219976097345, 1978262.373243048321456 ], [ 8746042.861219976097345, 1978259.687417400069535 ], [ 8746043.159856908023357, 1978259.687417400069535 ], [ 8746043.159856908023357, 1978259.090567255858332 ], [ 8746043.458493839949369, 1978259.090567255858332 ], [ 8746043.458493839949369, 1978258.79214218375273 ], [ 8746044.055767703801394, 1978258.79214218375273 ], [ 8746044.055767703801394, 1978258.49371711187996 ], [ 8746044.95167849957943, 1978258.49371711187996 ], [ 8746044.95167849957943, 1978258.195292039774358 ], [ 8746045.548952363431454, 1978258.195292039774358 ], [ 8746045.548952363431454, 1978257.896866967668757 ], [ 8746045.847589295357466, 1978257.896866967668757 ], [ 8746045.847589295357466, 1978257.598441895795986 ], [ 8746046.743500091135502, 1978257.598441895795986 ], [ 8746046.743500091135502, 1978257.300016823690385 ], [ 8746047.340773954987526, 1978257.300016823690385 ], [ 8746047.340773954987526, 1978257.001591751584783 ], [ 8746048.535321680828929, 1978257.001591751584783 ], [ 8746048.535321680828929, 1978256.703166679479182 ], [ 8746050.028506340458989, 1978256.703166679479182 ], [ 8746050.028506340458989, 1978256.404741607606411 ], [ 8746051.223054068163037, 1978256.404741607606411 ], [ 8746051.223054068163037, 1978256.10631653550081 ], [ 8746052.417601795867085, 1978256.10631653550081 ], [ 8746052.417601795867085, 1978255.807891463395208 ], [ 8746053.014875657856464, 1978255.807891463395208 ], [ 8746053.014875657856464, 1978255.509466391289607 ], [ 8746053.612149521708488, 1978255.509466391289607 ], [ 8746053.612149521708488, 1978255.211041319416836 ], [ 8746054.209423385560513, 1978255.211041319416836 ], [ 8746054.209423385560513, 1978254.912616247311234 ], [ 8746055.105334181338549, 1978254.912616247311234 ], [ 8746055.105334181338549, 1978254.614191175205633 ], [ 8746055.702608045190573, 1978254.614191175205633 ], [ 8746055.702608045190573, 1978254.315766103332862 ], [ 8746056.598518840968609, 1978254.315766103332862 ], [ 8746056.598518840968609, 1978254.017341031227261 ], [ 8746057.793066568672657, 1978254.017341031227261 ], [ 8746057.793066568672657, 1978254.315766103332862 ], [ 8746058.091703500598669, 1978254.315766103332862 ], [ 8746058.091703500598669, 1978254.614191175205633 ], [ 8746058.390340430662036, 1978254.614191175205633 ], [ 8746058.390340430662036, 1978255.211041319416836 ], [ 8746058.688977362588048, 1978255.211041319416836 ], [ 8746058.688977362588048, 1978255.807891463395208 ], [ 8746058.98761429451406, 1978255.807891463395208 ], [ 8746058.98761429451406, 1978256.10631653550081 ], [ 8746059.286251226440072, 1978256.10631653550081 ], [ 8746059.286251226440072, 1978257.001591751584783 ], [ 8746059.584888158366084, 1978257.001591751584783 ], [ 8746059.584888158366084, 1978257.598441895795986 ], [ 8746059.883525090292096, 1978257.598441895795986 ], [ 8746059.883525090292096, 1978258.195292039774358 ], [ 8746060.182162022218108, 1978258.195292039774358 ], [ 8746060.182162022218108, 1978258.49371711187996 ], [ 8746060.48079895414412, 1978258.49371711187996 ], [ 8746060.48079895414412, 1978259.090567255858332 ], [ 8746060.779435886070132, 1978259.090567255858332 ], [ 8746060.779435886070132, 1978259.985842471942306 ], [ 8746061.078072817996144, 1978259.985842471942306 ], [ 8746061.078072817996144, 1978260.582692616153508 ], [ 8746061.376709749922156, 1978260.582692616153508 ], [ 8746061.376709749922156, 1978261.776392904343084 ], [ 8746061.078072817996144, 1978261.776392904343084 ], [ 8746061.078072817996144, 1978262.373243048321456 ], [ 8746060.779435886070132, 1978262.373243048321456 ], [ 8746060.779435886070132, 1978262.671668120427057 ], [ 8746060.182162022218108, 1978262.671668120427057 ], [ 8746060.182162022218108, 1978262.970093192299828 ], [ 8746059.584888158366084, 1978262.970093192299828 ], [ 8746059.584888158366084, 1978263.268518264405429 ], [ 8746061.376709749922156, 1978263.268518264405429 ], [ 8746061.376709749922156, 1978263.566943336511031 ], [ 8746061.675346681848168, 1978263.566943336511031 ], [ 8746061.675346681848168, 1978263.865368408616632 ], [ 8746061.97398361377418, 1978263.865368408616632 ], [ 8746061.97398361377418, 1978264.163793480489403 ], [ 8746062.272620545700192, 1978264.163793480489403 ], [ 8746062.272620545700192, 1978264.462218552595004 ], [ 8746062.571257477626204, 1978264.462218552595004 ], [ 8746062.571257477626204, 1978264.760643624700606 ], [ 8746062.869894409552217, 1978264.760643624700606 ], [ 8746062.869894409552217, 1978265.357493768678978 ], [ 8746063.168531341478229, 1978265.357493768678978 ], [ 8746063.168531341478229, 1978265.954343912890181 ], [ 8746063.467168273404241, 1978265.954343912890181 ], [ 8746063.467168273404241, 1978266.551194056868553 ], [ 8746063.765805203467607, 1978266.551194056868553 ], [ 8746063.765805203467607, 1978267.148044201079756 ], [ 8746064.06444213539362, 1978267.148044201079756 ], [ 8746064.06444213539362, 1978267.744894345058128 ], [ 8746064.363079067319632, 1978267.744894345058128 ], [ 8746064.363079067319632, 1978268.640169561142102 ], [ 8746064.661715999245644, 1978268.640169561142102 ], [ 8746064.661715999245644, 1978270.729145065415651 ], [ 8746063.765805203467607, 1978270.729145065415651 ], [ 8746063.765805203467607, 1978271.027570137521252 ], [ 8746064.661715999245644, 1978271.027570137521252 ], [ 8746064.661715999245644, 1978271.325995209626853 ], [ 8746065.258989863097668, 1978271.325995209626853 ], [ 8746065.258989863097668, 1978271.922845353605226 ], [ 8746065.55762679502368, 1978271.922845353605226 ], [ 8746065.55762679502368, 1978273.116545641794801 ], [ 8746065.856263726949692, 1978273.116545641794801 ], [ 8746065.856263726949692, 1978273.713395785773173 ], [ 8746066.154900658875704, 1978273.713395785773173 ], [ 8746066.154900658875704, 1978274.310245929984376 ], [ 8746066.453537590801716, 1978274.310245929984376 ], [ 8746066.453537590801716, 1978275.205521146068349 ], [ 8746066.752174522727728, 1978275.205521146068349 ], [ 8746066.752174522727728, 1978277.5929217224475 ], [ 8746066.453537590801716, 1978277.5929217224475 ], [ 8746066.453537590801716, 1978277.891346794553101 ], [ 8746066.154900658875704, 1978277.891346794553101 ], [ 8746066.154900658875704, 1978278.488196938531473 ], [ 8746065.856263726949692, 1978278.488196938531473 ], [ 8746065.856263726949692, 1978279.085047082509845 ], [ 8746065.55762679502368, 1978279.085047082509845 ], [ 8746065.55762679502368, 1978279.383472154615447 ], [ 8746065.258989863097668, 1978279.383472154615447 ], [ 8746065.258989863097668, 1978279.681897226721048 ], [ 8746064.960352931171656, 1978279.681897226721048 ], [ 8746064.960352931171656, 1978280.278747370699421 ], [ 8746064.363079067319632, 1978280.278747370699421 ], [ 8746064.363079067319632, 1978280.577172442805022 ], [ 8746063.765805203467607, 1978280.577172442805022 ], [ 8746063.765805203467607, 1978280.875597514910623 ], [ 8746064.960352931171656, 1978280.875597514910623 ], [ 8746064.960352931171656, 1978281.174022587016225 ], [ 8746065.258989863097668, 1978281.174022587016225 ], [ 8746065.258989863097668, 1978281.770872730994597 ], [ 8746065.55762679502368, 1978281.770872730994597 ], [ 8746065.55762679502368, 1978282.367722874972969 ], [ 8746065.856263726949692, 1978282.367722874972969 ], [ 8746065.856263726949692, 1978282.964573019184172 ], [ 8746066.154900658875704, 1978282.964573019184172 ], [ 8746066.154900658875704, 1978283.262998091289774 ], [ 8746066.453537590801716, 1978283.262998091289774 ], [ 8746066.453537590801716, 1978283.561423163162544 ], [ 8746067.05081145465374, 1978283.561423163162544 ], [ 8746067.05081145465374, 1978283.859848235268146 ], [ 8746067.349448386579752, 1978283.859848235268146 ], [ 8746067.349448386579752, 1978284.158273307373747 ], [ 8746067.648085318505764, 1978284.158273307373747 ], [ 8746067.648085318505764, 1978284.456698379246518 ], [ 8746067.946722250431776, 1978284.456698379246518 ], [ 8746067.946722250431776, 1978284.755123451352119 ], [ 8746068.245359182357788, 1978284.755123451352119 ], [ 8746068.245359182357788, 1978285.351973595563322 ], [ 8746068.5439961142838, 1978285.351973595563322 ], [ 8746068.5439961142838, 1978286.247248811647296 ], [ 8746068.842633046209812, 1978286.247248811647296 ], [ 8746068.842633046209812, 1978287.14252402773127 ], [ 8746069.141269976273179, 1978287.14252402773127 ], [ 8746069.141269976273179, 1978287.739374171709642 ], [ 8746069.439906908199191, 1978287.739374171709642 ], [ 8746069.439906908199191, 1978288.336224315920845 ], [ 8746069.738543840125203, 1978288.336224315920845 ], [ 8746069.738543840125203, 1978290.126774748088792 ], [ 8746069.439906908199191, 1978290.126774748088792 ], [ 8746069.439906908199191, 1978290.425199820194393 ], [ 8746068.5439961142838, 1978290.425199820194393 ], [ 8746068.5439961142838, 1978290.723624892299995 ], [ 8746067.648085318505764, 1978290.723624892299995 ], [ 8746067.648085318505764, 1978291.022049964172766 ], [ 8746067.05081145465374, 1978291.022049964172766 ], [ 8746067.05081145465374, 1978291.320475036278367 ], [ 8746066.154900658875704, 1978291.320475036278367 ], [ 8746066.154900658875704, 1978291.618900108383968 ], [ 8746065.55762679502368, 1978291.618900108383968 ], [ 8746065.55762679502368, 1978291.917325180256739 ], [ 8746064.960352931171656, 1978291.917325180256739 ], [ 8746064.960352931171656, 1978292.215750252362341 ], [ 8746064.06444213539362, 1978292.215750252362341 ], [ 8746064.06444213539362, 1978292.514175324467942 ], [ 8746063.467168273404241, 1978292.514175324467942 ], [ 8746063.467168273404241, 1978292.812600396573544 ], [ 8746062.869894409552217, 1978292.812600396573544 ], [ 8746062.869894409552217, 1978293.111025468446314 ], [ 8746061.97398361377418, 1978293.111025468446314 ], [ 8746061.97398361377418, 1978293.409450540551916 ], [ 8746061.078072817996144, 1978293.409450540551916 ], [ 8746061.078072817996144, 1978293.707875612657517 ], [ 8746060.48079895414412, 1978293.707875612657517 ], [ 8746060.48079895414412, 1978294.006300684763119 ], [ 8746059.883525090292096, 1978294.006300684763119 ], [ 8746059.883525090292096, 1978294.304725756635889 ], [ 8746058.98761429451406, 1978294.304725756635889 ], [ 8746058.98761429451406, 1978294.603150828741491 ], [ 8746058.091703500598669, 1978294.603150828741491 ], [ 8746058.091703500598669, 1978294.901575900847092 ], [ 8746057.494429636746645, 1978294.901575900847092 ], [ 8746057.494429636746645, 1978295.200000972719863 ], [ 8746056.598518840968609, 1978295.200000972719863 ], [ 8746056.598518840968609, 1978295.498426044825464 ], [ 8746056.001244977116585, 1978295.498426044825464 ] ], [ [ 8746053.313512589782476, 1978285.053548523457721 ], [ 8746053.612149521708488, 1978285.053548523457721 ], [ 8746053.612149521708488, 1978284.755123451352119 ], [ 8746053.313512589782476, 1978284.755123451352119 ], [ 8746053.313512589782476, 1978285.053548523457721 ] ], [ [ 8746054.209423385560513, 1978284.755123451352119 ], [ 8746054.508060317486525, 1978284.755123451352119 ], [ 8746054.508060317486525, 1978284.456698379246518 ], [ 8746054.209423385560513, 1978284.456698379246518 ], [ 8746054.209423385560513, 1978284.755123451352119 ] ], [ [ 8746054.806697249412537, 1978284.456698379246518 ], [ 8746055.105334181338549, 1978284.456698379246518 ], [ 8746055.105334181338549, 1978284.158273307373747 ], [ 8746054.806697249412537, 1978284.158273307373747 ], [ 8746054.806697249412537, 1978284.456698379246518 ] ], [ [ 8746055.403971113264561, 1978284.158273307373747 ], [ 8746056.001244977116585, 1978284.158273307373747 ], [ 8746056.001244977116585, 1978283.859848235268146 ], [ 8746055.403971113264561, 1978283.859848235268146 ], [ 8746055.403971113264561, 1978284.158273307373747 ] ], [ [ 8746056.299881909042597, 1978283.859848235268146 ], [ 8746056.598518840968609, 1978283.859848235268146 ], [ 8746056.598518840968609, 1978283.561423163162544 ], [ 8746056.299881909042597, 1978283.561423163162544 ], [ 8746056.299881909042597, 1978283.859848235268146 ] ], [ [ 8746056.897155772894621, 1978283.561423163162544 ], [ 8746057.195792704820633, 1978283.561423163162544 ], [ 8746057.195792704820633, 1978283.262998091289774 ], [ 8746056.897155772894621, 1978283.262998091289774 ], [ 8746056.897155772894621, 1978283.561423163162544 ] ], [ [ 8746058.390340430662036, 1978282.964573019184172 ], [ 8746058.688977362588048, 1978282.964573019184172 ], [ 8746058.688977362588048, 1978282.666147947078571 ], [ 8746058.390340430662036, 1978282.666147947078571 ], [ 8746058.390340430662036, 1978282.964573019184172 ] ], [ [ 8746060.779435886070132, 1978282.069297803100199 ], [ 8746061.078072817996144, 1978282.069297803100199 ], [ 8746061.078072817996144, 1978281.770872730994597 ], [ 8746060.779435886070132, 1978281.770872730994597 ], [ 8746060.779435886070132, 1978282.069297803100199 ] ], [ [ 8746061.376709749922156, 1978281.770872730994597 ], [ 8746061.97398361377418, 1978281.770872730994597 ], [ 8746061.97398361377418, 1978281.472447658888996 ], [ 8746061.376709749922156, 1978281.472447658888996 ], [ 8746061.376709749922156, 1978281.770872730994597 ] ], [ [ 8746062.571257477626204, 1978281.472447658888996 ], [ 8746062.869894409552217, 1978281.472447658888996 ], [ 8746062.869894409552217, 1978281.174022587016225 ], [ 8746062.571257477626204, 1978281.174022587016225 ], [ 8746062.571257477626204, 1978281.472447658888996 ] ], [ [ 8746063.168531341478229, 1978281.174022587016225 ], [ 8746063.467168273404241, 1978281.174022587016225 ], [ 8746063.467168273404241, 1978280.875597514910623 ], [ 8746063.168531341478229, 1978280.875597514910623 ], [ 8746063.168531341478229, 1978281.174022587016225 ] ], [ [ 8746050.327143272385001, 1978276.399221434257925 ], [ 8746050.625780204311013, 1978276.399221434257925 ], [ 8746050.625780204311013, 1978276.100796362152323 ], [ 8746050.327143272385001, 1978276.100796362152323 ], [ 8746050.327143272385001, 1978276.399221434257925 ] ], [ [ 8746050.924417136237025, 1978276.100796362152323 ], [ 8746051.223054068163037, 1978276.100796362152323 ], [ 8746051.223054068163037, 1978275.802371290279552 ], [ 8746050.924417136237025, 1978275.802371290279552 ], [ 8746050.924417136237025, 1978276.100796362152323 ] ], [ [ 8746051.820327932015061, 1978275.802371290279552 ], [ 8746052.118964863941073, 1978275.802371290279552 ], [ 8746052.118964863941073, 1978275.503946218173951 ], [ 8746051.820327932015061, 1978275.503946218173951 ], [ 8746051.820327932015061, 1978275.802371290279552 ] ], [ [ 8746052.417601795867085, 1978275.503946218173951 ], [ 8746052.716238727793097, 1978275.503946218173951 ], [ 8746052.716238727793097, 1978275.205521146068349 ], [ 8746052.417601795867085, 1978275.205521146068349 ], [ 8746052.417601795867085, 1978275.503946218173951 ] ], [ [ 8746053.014875657856464, 1978275.205521146068349 ], [ 8746053.313512589782476, 1978275.205521146068349 ], [ 8746053.313512589782476, 1978274.907096073962748 ], [ 8746053.014875657856464, 1978274.907096073962748 ], [ 8746053.014875657856464, 1978275.205521146068349 ] ], [ [ 8746053.910786453634501, 1978274.907096073962748 ], [ 8746054.209423385560513, 1978274.907096073962748 ], [ 8746054.209423385560513, 1978274.608671002089977 ], [ 8746053.910786453634501, 1978274.608671002089977 ], [ 8746053.910786453634501, 1978274.907096073962748 ] ], [ [ 8746054.508060317486525, 1978274.608671002089977 ], [ 8746054.806697249412537, 1978274.608671002089977 ], [ 8746054.806697249412537, 1978274.310245929984376 ], [ 8746054.508060317486525, 1978274.310245929984376 ], [ 8746054.508060317486525, 1978274.608671002089977 ] ], [ [ 8746055.403971113264561, 1978274.310245929984376 ], [ 8746055.702608045190573, 1978274.310245929984376 ], [ 8746055.702608045190573, 1978274.011820857878774 ], [ 8746055.403971113264561, 1978274.011820857878774 ], [ 8746055.403971113264561, 1978274.310245929984376 ] ], [ [ 8746056.001244977116585, 1978274.011820857878774 ], [ 8746056.299881909042597, 1978274.011820857878774 ], [ 8746056.299881909042597, 1978273.713395785773173 ], [ 8746056.001244977116585, 1978273.713395785773173 ], [ 8746056.001244977116585, 1978274.011820857878774 ] ], [ [ 8746057.494429636746645, 1978273.414970713900402 ], [ 8746057.793066568672657, 1978273.414970713900402 ], [ 8746057.793066568672657, 1978273.116545641794801 ], [ 8746057.494429636746645, 1978273.116545641794801 ], [ 8746057.494429636746645, 1978273.414970713900402 ] ], [ [ 8746058.091703500598669, 1978273.116545641794801 ], [ 8746058.390340430662036, 1978273.116545641794801 ], [ 8746058.390340430662036, 1978272.818120569689199 ], [ 8746058.091703500598669, 1978272.818120569689199 ], [ 8746058.091703500598669, 1978273.116545641794801 ] ], [ [ 8746058.688977362588048, 1978272.818120569689199 ], [ 8746059.286251226440072, 1978272.818120569689199 ], [ 8746059.286251226440072, 1978272.519695497816429 ], [ 8746058.688977362588048, 1978272.519695497816429 ], [ 8746058.688977362588048, 1978272.818120569689199 ] ], [ [ 8746059.584888158366084, 1978272.519695497816429 ], [ 8746059.883525090292096, 1978272.519695497816429 ], [ 8746059.883525090292096, 1978272.221270425710827 ], [ 8746059.584888158366084, 1978272.221270425710827 ], [ 8746059.584888158366084, 1978272.519695497816429 ] ], [ [ 8746061.078072817996144, 1978271.922845353605226 ], [ 8746061.376709749922156, 1978271.922845353605226 ], [ 8746061.376709749922156, 1978271.624420281499624 ], [ 8746061.078072817996144, 1978271.624420281499624 ], [ 8746061.078072817996144, 1978271.922845353605226 ] ], [ [ 8746061.97398361377418, 1978271.624420281499624 ], [ 8746062.272620545700192, 1978271.624420281499624 ], [ 8746062.272620545700192, 1978271.325995209626853 ], [ 8746061.97398361377418, 1978271.325995209626853 ], [ 8746061.97398361377418, 1978271.624420281499624 ] ], [ [ 8746062.571257477626204, 1978271.325995209626853 ], [ 8746063.467168273404241, 1978271.325995209626853 ], [ 8746063.467168273404241, 1978271.027570137521252 ], [ 8746062.571257477626204, 1978271.027570137521252 ], [ 8746062.571257477626204, 1978271.325995209626853 ] ], [ [ 8746053.612149521708488, 1978265.357493768678978 ], [ 8746054.508060317486525, 1978265.357493768678978 ], [ 8746054.508060317486525, 1978265.059068696806207 ], [ 8746055.105334181338549, 1978265.059068696806207 ], [ 8746055.105334181338549, 1978264.760643624700606 ], [ 8746054.209423385560513, 1978264.760643624700606 ], [ 8746054.209423385560513, 1978265.059068696806207 ], [ 8746053.612149521708488, 1978265.059068696806207 ], [ 8746053.612149521708488, 1978265.357493768678978 ] ], [ [ 8746055.105334181338549, 1978264.760643624700606 ], [ 8746055.702608045190573, 1978264.760643624700606 ], [ 8746055.702608045190573, 1978264.462218552595004 ], [ 8746055.105334181338549, 1978264.462218552595004 ], [ 8746055.105334181338549, 1978264.760643624700606 ] ], [ [ 8746056.001244977116585, 1978264.462218552595004 ], [ 8746056.598518840968609, 1978264.462218552595004 ], [ 8746056.598518840968609, 1978264.163793480489403 ], [ 8746056.001244977116585, 1978264.163793480489403 ], [ 8746056.001244977116585, 1978264.462218552595004 ] ], [ [ 8746056.897155772894621, 1978264.163793480489403 ], [ 8746057.494429636746645, 1978264.163793480489403 ], [ 8746057.494429636746645, 1978263.865368408616632 ], [ 8746056.897155772894621, 1978263.865368408616632 ], [ 8746056.897155772894621, 1978264.163793480489403 ] ], [ [ 8746057.793066568672657, 1978263.865368408616632 ], [ 8746058.390340430662036, 1978263.865368408616632 ], [ 8746058.390340430662036, 1978263.566943336511031 ], [ 8746057.793066568672657, 1978263.566943336511031 ], [ 8746057.793066568672657, 1978263.865368408616632 ] ], [ [ 8746058.390340430662036, 1978263.566943336511031 ], [ 8746059.584888158366084, 1978263.566943336511031 ], [ 8746059.584888158366084, 1978263.268518264405429 ], [ 8746058.390340430662036, 1978263.268518264405429 ], [ 8746058.390340430662036, 1978263.566943336511031 ] ] ] } },
{ "type": "Feature", "properties": { "value": 255.0 }, "geometry": { "type": "Polygon", "coordinates": [ [ [ 8746063.168531341478229, 1978262.373243048321456 ], [ 8746063.168531341478229, 1978262.074817976215854 ], [ 8746062.571257477626204, 1978262.074817976215854 ], [ 8746062.571257477626204, 1978261.477967832237482 ], [ 8746062.272620545700192, 1978261.477967832237482 ], [ 8746062.272620545700192, 1978260.582692616153508 ], [ 8746061.97398361377418, 1978260.582692616153508 ], [ 8746061.97398361377418, 1978259.985842471942306 ], [ 8746061.675346681848168, 1978259.985842471942306 ], [ 8746061.675346681848168, 1978259.090567255858332 ], [ 8746061.376709749922156, 1978259.090567255858332 ], [ 8746061.376709749922156, 1978257.896866967668757 ], [ 8746061.078072817996144, 1978257.896866967668757 ], [ 8746061.078072817996144, 1978257.001591751584783 ], [ 8746060.779435886070132, 1978257.001591751584783 ], [ 8746060.779435886070132, 1978256.10631653550081 ], [ 8746060.48079895414412, 1978256.10631653550081 ], [ 8746060.48079895414412, 1978254.315766103332862 ], [ 8746061.078072817996144, 1978254.315766103332862 ], [ 8746061.078072817996144, 1978254.017341031227261 ], [ 8746062.272620545700192, 1978254.017341031227261 ], [ 8746062.272620545700192, 1978253.718915959121659 ], [ 8746063.168531341478229, 1978253.718915959121659 ], [ 8746063.168531341478229, 1978253.420490887016058 ], [ 8746064.06444213539362, 1978253.420490887016058 ], [ 8746064.06444213539362, 1978253.122065815143287 ], [ 8746064.661715999245644, 1978253.122065815143287 ], [ 8746064.661715999245644, 1978252.823640743037686 ], [ 8746066.453537590801716, 1978252.823640743037686 ], [ 8746066.453537590801716, 1978253.122065815143287 ], [ 8746066.752174522727728, 1978253.122065815143287 ], [ 8746066.752174522727728, 1978253.420490887016058 ], [ 8746067.05081145465374, 1978253.420490887016058 ], [ 8746067.05081145465374, 1978254.614191175205633 ], [ 8746067.349448386579752, 1978254.614191175205633 ], [ 8746067.349448386579752, 1978255.807891463395208 ], [ 8746067.648085318505764, 1978255.807891463395208 ], [ 8746067.648085318505764, 1978256.404741607606411 ], [ 8746067.946722250431776, 1978256.404741607606411 ], [ 8746067.946722250431776, 1978257.896866967668757 ], [ 8746068.245359182357788, 1978257.896866967668757 ], [ 8746068.245359182357788, 1978260.284267544047907 ], [ 8746067.946722250431776, 1978260.284267544047907 ], [ 8746067.946722250431776, 1978260.881117688026279 ], [ 8746067.648085318505764, 1978260.881117688026279 ], [ 8746067.648085318505764, 1978261.179542760131881 ], [ 8746067.05081145465374, 1978261.179542760131881 ], [ 8746067.05081145465374, 1978261.477967832237482 ], [ 8746066.154900658875704, 1978261.477967832237482 ], [ 8746066.154900658875704, 1978261.776392904343084 ], [ 8746065.258989863097668, 1978261.776392904343084 ], [ 8746065.258989863097668, 1978262.074817976215854 ], [ 8746064.06444213539362, 1978262.074817976215854 ], [ 8746064.06444213539362, 1978262.373243048321456 ], [ 8746063.168531341478229, 1978262.373243048321456 ] ] ] } },
{ "type": "Feature", "properties": { "value": 255.0 }, "geometry": { "type": "Polygon", "coordinates": [ [ [ 8745923.107810316607356, 1978259.687417400069535 ], [ 8745923.107810316607356, 1978258.49371711187996 ], [ 8745922.510536452755332, 1978258.49371711187996 ], [ 8745922.510536452755332, 1978258.195292039774358 ], [ 8745921.614625656977296, 1978258.195292039774358 ], [ 8745921.614625656977296, 1978257.896866967668757 ], [ 8745920.121440997347236, 1978257.896866967668757 ], [ 8745920.121440997347236, 1978257.598441895795986 ], [ 8745919.822804065421224, 1978257.598441895795986 ], [ 8745919.822804065421224, 1978256.703166679479182 ], [ 8745919.524167133495212, 1978256.703166679479182 ], [ 8745919.524167133495212, 1978255.211041319416836 ], [ 8745919.2255302015692, 1978255.211041319416836 ], [ 8745919.2255302015692, 1978254.017341031227261 ], [ 8745918.926893269643188, 1978254.017341031227261 ], [ 8745918.926893269643188, 1978252.226790599059314 ], [ 8745919.2255302015692, 1978252.226790599059314 ], [ 8745919.2255302015692, 1978251.629940454848111 ], [ 8745919.524167133495212, 1978251.629940454848111 ], [ 8745919.524167133495212, 1978251.331515382742509 ], [ 8745921.913262588903308, 1978251.331515382742509 ], [ 8745921.913262588903308, 1978251.033090310869738 ], [ 8745923.107810316607356, 1978251.033090310869738 ], [ 8745923.107810316607356, 1978250.734665238764137 ], [ 8745924.003721110522747, 1978250.734665238764137 ], [ 8745924.003721110522747, 1978250.436240166658536 ], [ 8745925.198268838226795, 1978250.436240166658536 ], [ 8745925.198268838226795, 1978250.137815094552934 ], [ 8745926.392816565930843, 1978250.137815094552934 ], [ 8745926.392816565930843, 1978249.839390022680163 ], [ 8745929.379185883328319, 1978249.839390022680163 ], [ 8745929.379185883328319, 1978250.137815094552934 ], [ 8745931.171007474884391, 1978250.137815094552934 ], [ 8745931.171007474884391, 1978249.839390022680163 ], [ 8745931.768281338736415, 1978249.839390022680163 ], [ 8745931.768281338736415, 1978249.540964950574562 ], [ 8745932.962829066440463, 1978249.540964950574562 ], [ 8745932.962829066440463, 1978249.839390022680163 ], [ 8745933.261465998366475, 1978249.839390022680163 ], [ 8745933.261465998366475, 1978250.137815094552934 ], [ 8745933.560102930292487, 1978250.137815094552934 ], [ 8745933.560102930292487, 1978250.436240166658536 ], [ 8745935.351924519985914, 1978250.436240166658536 ], [ 8745935.351924519985914, 1978250.734665238764137 ], [ 8745935.949198383837938, 1978250.734665238764137 ], [ 8745935.949198383837938, 1978251.629940454848111 ], [ 8745936.24783531576395, 1978251.629940454848111 ], [ 8745936.24783531576395, 1978253.718915959121659 ], [ 8745936.546472247689962, 1978253.718915959121659 ], [ 8745936.546472247689962, 1978255.509466391289607 ], [ 8745936.845109179615974, 1978255.509466391289607 ], [ 8745936.845109179615974, 1978256.10631653550081 ], [ 8745936.546472247689962, 1978256.10631653550081 ], [ 8745936.546472247689962, 1978256.703166679479182 ], [ 8745936.24783531576395, 1978256.703166679479182 ], [ 8745936.24783531576395, 1978257.001591751584783 ], [ 8745935.650561451911926, 1978257.001591751584783 ], [ 8745935.650561451911926, 1978257.300016823690385 ], [ 8745934.456013726070523, 1978257.300016823690385 ], [ 8745934.456013726070523, 1978257.598441895795986 ], [ 8745934.157376794144511, 1978257.598441895795986 ], [ 8745934.157376794144511, 1978257.896866967668757 ], [ 8745931.469644406810403, 1978257.896866967668757 ], [ 8745931.469644406810403, 1978258.195292039774358 ], [ 8745931.171007474884391, 1978258.195292039774358 ], [ 8745931.171007474884391, 1978257.896866967668757 ], [ 8745930.872370542958379, 1978257.896866967668757 ], [ 8745930.872370542958379, 1978257.598441895795986 ], [ 8745926.094179634004831, 1978257.598441895795986 ], [ 8745926.094179634004831, 1978257.896866967668757 ], [ 8745925.496905770152807, 1978257.896866967668757 ], [ 8745925.496905770152807, 1978258.195292039774358 ], [ 8745925.198268838226795, 1978258.195292039774358 ], [ 8745925.198268838226795, 1978258.79214218375273 ], [ 8745925.496905770152807, 1978258.79214218375273 ], [ 8745925.496905770152807, 1978259.090567255858332 ], [ 8745926.392816565930843, 1978259.090567255858332 ], [ 8745926.392816565930843, 1978259.388992327963933 ], [ 8745927.587364293634892, 1978259.388992327963933 ], [ 8745927.587364293634892, 1978259.687417400069535 ], [ 8745923.107810316607356, 1978259.687417400069535 ] ] ] } },
{ "type": "Feature", "properties": { "value": 255.0 }, "geometry": { "type": "Polygon", "coordinates": [ [ [ 8745894.140027929097414, 1978257.300016823690385 ], [ 8745894.140027929097414, 1978257.001591751584783 ], [ 8745891.750932473689318, 1978257.001591751584783 ], [ 8745891.750932473689318, 1978256.404741607606411 ], [ 8745891.452295543625951, 1978256.404741607606411 ], [ 8745891.452295543625951, 1978255.509466391289607 ], [ 8745891.153658611699939, 1978255.509466391289607 ], [ 8745891.153658611699939, 1978253.718915959121659 ], [ 8745890.855021679773927, 1978253.718915959121659 ], [ 8745890.855021679773927, 1978252.226790599059314 ], [ 8745890.556384747847915, 1978252.226790599059314 ], [ 8745890.556384747847915, 1978248.94411480659619 ], [ 8745890.855021679773927, 1978248.94411480659619 ], [ 8745890.855021679773927, 1978247.750414518406615 ], [ 8745891.153658611699939, 1978247.750414518406615 ], [ 8745891.153658611699939, 1978247.153564374195412 ], [ 8745891.452295543625951, 1978247.153564374195412 ], [ 8745891.452295543625951, 1978246.855139302322641 ], [ 8745892.646843269467354, 1978246.855139302322641 ], [ 8745892.646843269467354, 1978246.55671423021704 ], [ 8745895.03593872487545, 1978246.55671423021704 ], [ 8745895.03593872487545, 1978246.855139302322641 ], [ 8745895.931849520653486, 1978246.855139302322641 ], [ 8745895.931849520653486, 1978247.153564374195412 ], [ 8745898.022308042272925, 1978247.153564374195412 ], [ 8745898.022308042272925, 1978247.451989446301013 ], [ 8745901.008677361533046, 1978247.451989446301013 ], [ 8745901.008677361533046, 1978247.750414518406615 ], [ 8745901.307314293459058, 1978247.750414518406615 ], [ 8745901.307314293459058, 1978248.048839590279385 ], [ 8745901.60595122538507, 1978248.048839590279385 ], [ 8745901.60595122538507, 1978251.928365526953712 ], [ 8745901.307314293459058, 1978251.928365526953712 ], [ 8745901.307314293459058, 1978252.823640743037686 ], [ 8745901.008677361533046, 1978252.823640743037686 ], [ 8745901.008677361533046, 1978253.420490887016058 ], [ 8745900.710040429607034, 1978253.420490887016058 ], [ 8745900.710040429607034, 1978253.718915959121659 ], [ 8745900.11276656575501, 1978253.718915959121659 ], [ 8745900.11276656575501, 1978254.017341031227261 ], [ 8745899.814129633828998, 1978254.017341031227261 ], [ 8745899.814129633828998, 1978254.315766103332862 ], [ 8745899.515492701902986, 1978254.315766103332862 ], [ 8745899.515492701902986, 1978254.614191175205633 ], [ 8745899.216855769976974, 1978254.614191175205633 ], [ 8745899.216855769976974, 1978255.211041319416836 ], [ 8745898.918218838050961, 1978255.211041319416836 ], [ 8745898.918218838050961, 1978255.509466391289607 ], [ 8745898.619581906124949, 1978255.509466391289607 ], [ 8745898.619581906124949, 1978255.807891463395208 ], [ 8745898.320944974198937, 1978255.807891463395208 ], [ 8745898.320944974198937, 1978256.10631653550081 ], [ 8745898.022308042272925, 1978256.10631653550081 ], [ 8745898.022308042272925, 1978256.703166679479182 ], [ 8745897.425034178420901, 1978256.703166679479182 ], [ 8745897.425034178420901, 1978257.001591751584783 ], [ 8745895.633212588727474, 1978257.001591751584783 ], [ 8745895.633212588727474, 1978257.300016823690385 ], [ 8745894.140027929097414, 1978257.300016823690385 ] ] ] } },
{ "type": "Feature", "properties": { "value": 255.0 }, "geometry": { "type": "Polygon", "coordinates": [ [ [ 8746023.748456340283155, 1978267.148044201079756 ], [ 8746023.748456340283155, 1978266.849619128974155 ], [ 8746023.449819408357143, 1978266.849619128974155 ], [ 8746023.449819408357143, 1978266.551194056868553 ], [ 8746023.151182476431131, 1978266.551194056868553 ], [ 8746023.151182476431131, 1978265.65591884078458 ], [ 8746022.852545544505119, 1978265.65591884078458 ], [ 8746022.852545544505119, 1978264.760643624700606 ], [ 8746022.553908612579107, 1978264.760643624700606 ], [ 8746022.553908612579107, 1978263.865368408616632 ], [ 8746022.255271680653095, 1978263.865368408616632 ], [ 8746022.255271680653095, 1978262.970093192299828 ], [ 8746021.956634748727083, 1978262.970093192299828 ], [ 8746021.956634748727083, 1978262.074817976215854 ], [ 8746021.657997816801071, 1978262.074817976215854 ], [ 8746021.657997816801071, 1978261.179542760131881 ], [ 8746021.359360884875059, 1978261.179542760131881 ], [ 8746021.359360884875059, 1978260.582692616153508 ], [ 8746021.060723952949047, 1978260.582692616153508 ], [ 8746021.060723952949047, 1978259.985842471942306 ], [ 8746020.762087021023035, 1978259.985842471942306 ], [ 8746020.762087021023035, 1978259.388992327963933 ], [ 8746020.463450090959668, 1978259.388992327963933 ], [ 8746020.463450090959668, 1978258.49371711187996 ], [ 8746020.164813159033656, 1978258.49371711187996 ], [ 8746020.164813159033656, 1978258.195292039774358 ], [ 8746019.866176227107644, 1978258.195292039774358 ], [ 8746019.866176227107644, 1978257.598441895795986 ], [ 8746019.567539295181632, 1978257.598441895795986 ], [ 8746019.567539295181632, 1978257.001591751584783 ], [ 8746019.26890236325562, 1978257.001591751584783 ], [ 8746019.26890236325562, 1978255.807891463395208 ], [ 8746018.970265431329608, 1978255.807891463395208 ], [ 8746018.970265431329608, 1978254.912616247311234 ], [ 8746018.671628499403596, 1978254.912616247311234 ], [ 8746018.671628499403596, 1978254.315766103332862 ], [ 8746018.372991567477584, 1978254.315766103332862 ], [ 8746018.372991567477584, 1978253.420490887016058 ], [ 8746018.074354635551572, 1978253.420490887016058 ], [ 8746018.074354635551572, 1978252.823640743037686 ], [ 8746017.77571770362556, 1978252.823640743037686 ], [ 8746017.77571770362556, 1978251.928365526953712 ], [ 8746017.477080771699548, 1978251.928365526953712 ], [ 8746017.477080771699548, 1978251.033090310869738 ], [ 8746017.178443839773536, 1978251.033090310869738 ], [ 8746017.178443839773536, 1978249.839390022680163 ], [ 8746016.879806907847524, 1978249.839390022680163 ], [ 8746016.879806907847524, 1978249.242539878468961 ], [ 8746017.178443839773536, 1978249.242539878468961 ], [ 8746017.178443839773536, 1978248.94411480659619 ], [ 8746017.77571770362556, 1978248.94411480659619 ], [ 8746017.77571770362556, 1978248.645689734490588 ], [ 8746018.970265431329608, 1978248.645689734490588 ], [ 8746018.970265431329608, 1978248.347264662384987 ], [ 8746019.567539295181632, 1978248.347264662384987 ], [ 8746019.567539295181632, 1978248.048839590279385 ], [ 8746020.463450090959668, 1978248.048839590279385 ], [ 8746020.463450090959668, 1978247.750414518406615 ], [ 8746021.359360884875059, 1978247.750414518406615 ], [ 8746021.359360884875059, 1978247.451989446301013 ], [ 8746022.255271680653095, 1978247.451989446301013 ], [ 8746022.255271680653095, 1978247.153564374195412 ], [ 8746023.449819408357143, 1978247.153564374195412 ], [ 8746023.449819408357143, 1978246.855139302322641 ], [ 8746024.644367136061192, 1978246.855139302322641 ], [ 8746024.644367136061192, 1978246.55671423021704 ], [ 8746025.241641, 1978246.55671423021704 ], [ 8746025.241641, 1978246.258289158111438 ], [ 8746026.137551793828607, 1978246.258289158111438 ], [ 8746026.137551793828607, 1978245.959864086005837 ], [ 8746026.734825657680631, 1978245.959864086005837 ], [ 8746026.734825657680631, 1978245.661439014133066 ], [ 8746027.929373385384679, 1978245.661439014133066 ], [ 8746027.929373385384679, 1978245.959864086005837 ], [ 8746028.228010317310691, 1978245.959864086005837 ], [ 8746028.228010317310691, 1978246.258289158111438 ], [ 8746028.526647249236703, 1978246.258289158111438 ], [ 8746028.526647249236703, 1978246.855139302322641 ], [ 8746028.825284181162715, 1978246.855139302322641 ], [ 8746028.825284181162715, 1978247.451989446301013 ], [ 8746029.123921113088727, 1978247.451989446301013 ], [ 8746029.123921113088727, 1978248.048839590279385 ], [ 8746029.422558045014739, 1978248.048839590279385 ], [ 8746029.422558045014739, 1978248.645689734490588 ], [ 8746029.721194976940751, 1978248.645689734490588 ], [ 8746029.721194976940751, 1978249.540964950574562 ], [ 8746030.019831908866763, 1978249.540964950574562 ], [ 8746030.019831908866763, 1978250.137815094552934 ], [ 8746030.318468840792775, 1978250.137815094552934 ], [ 8746030.318468840792775, 1978250.734665238764137 ], [ 8746030.617105772718787, 1978250.734665238764137 ], [ 8746030.617105772718787, 1978251.629940454848111 ], [ 8746030.915742704644799, 1978251.629940454848111 ], [ 8746030.915742704644799, 1978252.525215670932084 ], [ 8746031.214379636570811, 1978252.525215670932084 ], [ 8746031.214379636570811, 1978253.420490887016058 ], [ 8746031.513016566634178, 1978253.420490887016058 ], [ 8746031.513016566634178, 1978254.017341031227261 ], [ 8746031.81165349856019, 1978254.017341031227261 ], [ 8746031.81165349856019, 1978254.315766103332862 ], [ 8746032.110290430486202, 1978254.315766103332862 ], [ 8746032.110290430486202, 1978254.912616247311234 ], [ 8746032.408927362412214, 1978254.912616247311234 ], [ 8746032.408927362412214, 1978255.509466391289607 ], [ 8746032.707564294338226, 1978255.509466391289607 ], [ 8746032.707564294338226, 1978256.404741607606411 ], [ 8746033.006201226264238, 1978256.404741607606411 ], [ 8746033.006201226264238, 1978257.300016823690385 ], [ 8746033.30483815819025, 1978257.300016823690385 ], [ 8746033.30483815819025, 1978258.195292039774358 ], [ 8746033.603475090116262, 1978258.195292039774358 ], [ 8746033.603475090116262, 1978258.79214218375273 ], [ 8746033.902112022042274, 1978258.79214218375273 ], [ 8746033.902112022042274, 1978259.687417400069535 ], [ 8746034.200748953968287, 1978259.687417400069535 ], [ 8746034.200748953968287, 1978260.284267544047907 ], [ 8746034.499385885894299, 1978260.284267544047907 ], [ 8746034.499385885894299, 1978261.477967832237482 ], [ 8746034.798022817820311, 1978261.477967832237482 ], [ 8746034.798022817820311, 1978262.671668120427057 ], [ 8746034.499385885894299, 1978262.671668120427057 ], [ 8746034.499385885894299, 1978262.970093192299828 ], [ 8746034.200748953968287, 1978262.970093192299828 ], [ 8746034.200748953968287, 1978263.268518264405429 ], [ 8746033.603475090116262, 1978263.268518264405429 ], [ 8746033.603475090116262, 1978263.566943336511031 ], [ 8746032.707564294338226, 1978263.566943336511031 ], [ 8746032.707564294338226, 1978263.865368408616632 ], [ 8746032.110290430486202, 1978263.865368408616632 ], [ 8746032.110290430486202, 1978264.163793480489403 ], [ 8746031.214379636570811, 1978264.163793480489403 ], [ 8746031.214379636570811, 1978264.462218552595004 ], [ 8746030.617105772718787, 1978264.462218552595004 ], [ 8746030.617105772718787, 1978264.760643624700606 ], [ 8746030.019831908866763, 1978264.760643624700606 ], [ 8746030.019831908866763, 1978265.059068696806207 ], [ 8746029.123921113088727, 1978265.059068696806207 ], [ 8746029.123921113088727, 1978265.357493768678978 ], [ 8746028.526647249236703, 1978265.357493768678978 ], [ 8746028.526647249236703, 1978265.65591884078458 ], [ 8746027.630736453458667, 1978265.65591884078458 ], [ 8746027.630736453458667, 1978265.954343912890181 ], [ 8746027.033462589606643, 1978265.954343912890181 ], [ 8746027.033462589606643, 1978266.252768984762952 ], [ 8746026.137551793828607, 1978266.252768984762952 ], [ 8746026.137551793828607, 1978266.551194056868553 ], [ 8746025.540277931839228, 1978266.551194056868553 ], [ 8746025.540277931839228, 1978266.849619128974155 ], [ 8746024.943004067987204, 1978266.849619128974155 ], [ 8746024.943004067987204, 1978267.148044201079756 ], [ 8746023.748456340283155, 1978267.148044201079756 ] ] ] } },
{ "type": "Feature", "properties": { "value": 255.0 }, "geometry": { "type": "Polygon", "coordinates": [ [ [ 8745878.909544406458735, 1978259.985842471942306 ], [ 8745878.909544406458735, 1978259.687417400069535 ], [ 8745878.013633610680699, 1978259.687417400069535 ], [ 8745878.013633610680699, 1978259.388992327963933 ], [ 8745877.714996678754687, 1978259.388992327963933 ], [ 8745877.714996678754687, 1978259.090567255858332 ], [ 8745877.416359746828675, 1978259.090567255858332 ], [ 8745877.416359746828675, 1978258.49371711187996 ], [ 8745877.117722814902663, 1978258.49371711187996 ], [ 8745877.117722814902663, 1978257.896866967668757 ], [ 8745875.624538155272603, 1978257.896866967668757 ], [ 8745875.624538155272603, 1978257.598441895795986 ], [ 8745875.325901225209236, 1978257.598441895795986 ], [ 8745875.325901225209236, 1978257.300016823690385 ], [ 8745872.339531905949116, 1978257.300016823690385 ], [ 8745872.339531905949116, 1978257.001591751584783 ], [ 8745872.040894974023104, 1978257.001591751584783 ], [ 8745872.040894974023104, 1978256.703166679479182 ], [ 8745871.742258042097092, 1978256.703166679479182 ], [ 8745871.742258042097092, 1978254.315766103332862 ], [ 8745871.44362111017108, 1978254.315766103332862 ], [ 8745871.44362111017108, 1978257.001591751584783 ], [ 8745871.144984178245068, 1978257.001591751584783 ], [ 8745871.144984178245068, 1978257.300016823690385 ], [ 8745870.249073382467031, 1978257.300016823690385 ], [ 8745870.249073382467031, 1978257.598441895795986 ], [ 8745869.054525656625628, 1978257.598441895795986 ], [ 8745869.054525656625628, 1978257.896866967668757 ], [ 8745866.068156337365508, 1978257.896866967668757 ], [ 8745866.068156337365508, 1978257.598441895795986 ], [ 8745864.87360860966146, 1978257.598441895795986 ], [ 8745864.87360860966146, 1978257.300016823690385 ], [ 8745864.574971679598093, 1978257.300016823690385 ], [ 8745864.574971679598093, 1978256.10631653550081 ], [ 8745864.276334747672081, 1978256.10631653550081 ], [ 8745864.276334747672081, 1978253.420490887016058 ], [ 8745863.977697815746069, 1978253.420490887016058 ], [ 8745863.977697815746069, 1978250.734665238764137 ], [ 8745863.679060883820057, 1978250.734665238764137 ], [ 8745863.679060883820057, 1978248.94411480659619 ], [ 8745863.380423951894045, 1978248.94411480659619 ], [ 8745863.380423951894045, 1978247.153564374195412 ], [ 8745863.679060883820057, 1978247.153564374195412 ], [ 8745863.679060883820057, 1978246.55671423021704 ], [ 8745864.574971679598093, 1978246.55671423021704 ], [ 8745864.574971679598093, 1978246.258289158111438 ], [ 8745867.262704065069556, 1978246.258289158111438 ], [ 8745867.262704065069556, 1978246.55671423021704 ], [ 8745870.249073382467031, 1978246.55671423021704 ], [ 8745870.249073382467031, 1978246.855139302322641 ], [ 8745870.547710314393044, 1978246.855139302322641 ], [ 8745870.547710314393044, 1978247.153564374195412 ], [ 8745870.846347246319056, 1978247.153564374195412 ], [ 8745870.846347246319056, 1978246.55671423021704 ], [ 8745871.144984178245068, 1978246.55671423021704 ], [ 8745871.144984178245068, 1978246.258289158111438 ], [ 8745871.44362111017108, 1978246.258289158111438 ], [ 8745871.44362111017108, 1978245.959864086005837 ], [ 8745872.040894974023104, 1978245.959864086005837 ], [ 8745872.040894974023104, 1978245.661439014133066 ], [ 8745875.624538155272603, 1978245.661439014133066 ], [ 8745875.624538155272603, 1978245.959864086005837 ], [ 8745875.923175087198615, 1978245.959864086005837 ], [ 8745875.923175087198615, 1978246.258289158111438 ], [ 8745876.221812019124627, 1978246.258289158111438 ], [ 8745876.221812019124627, 1978248.94411480659619 ], [ 8745876.520448951050639, 1978248.94411480659619 ], [ 8745876.520448951050639, 1978250.436240166658536 ], [ 8745876.819085882976651, 1978250.436240166658536 ], [ 8745876.819085882976651, 1978249.839390022680163 ], [ 8745877.117722814902663, 1978249.839390022680163 ], [ 8745877.117722814902663, 1978248.94411480659619 ], [ 8745876.819085882976651, 1978248.94411480659619 ], [ 8745876.819085882976651, 1978247.451989446301013 ], [ 8745876.520448951050639, 1978247.451989446301013 ], [ 8745876.520448951050639, 1978247.153564374195412 ], [ 8745876.819085882976651, 1978247.153564374195412 ], [ 8745876.819085882976651, 1978246.855139302322641 ], [ 8745877.416359746828675, 1978246.855139302322641 ], [ 8745877.416359746828675, 1978247.153564374195412 ], [ 8745878.013633610680699, 1978247.153564374195412 ], [ 8745878.013633610680699, 1978247.750414518406615 ], [ 8745877.714996678754687, 1978247.750414518406615 ], [ 8745877.714996678754687, 1978248.048839590279385 ], [ 8745877.416359746828675, 1978248.048839590279385 ], [ 8745877.416359746828675, 1978248.94411480659619 ], [ 8745877.714996678754687, 1978248.94411480659619 ], [ 8745877.714996678754687, 1978249.242539878468961 ], [ 8745879.50681827031076, 1978249.242539878468961 ], [ 8745879.50681827031076, 1978248.94411480659619 ], [ 8745880.402729066088796, 1978248.94411480659619 ], [ 8745880.402729066088796, 1978248.645689734490588 ], [ 8745881.298639860004187, 1978248.645689734490588 ], [ 8745881.298639860004187, 1978248.347264662384987 ], [ 8745882.493187587708235, 1978248.347264662384987 ], [ 8745882.493187587708235, 1978248.048839590279385 ], [ 8745883.687735315412283, 1978248.048839590279385 ], [ 8745883.687735315412283, 1978247.750414518406615 ], [ 8745886.674104632809758, 1978247.750414518406615 ], [ 8745886.674104632809758, 1978247.451989446301013 ], [ 8745888.764563156291842, 1978247.451989446301013 ], [ 8745888.764563156291842, 1978247.750414518406615 ], [ 8745889.063200088217854, 1978247.750414518406615 ], [ 8745889.063200088217854, 1978248.048839590279385 ], [ 8745889.361837020143867, 1978248.048839590279385 ], [ 8745889.361837020143867, 1978248.645689734490588 ], [ 8745889.660473952069879, 1978248.645689734490588 ], [ 8745889.660473952069879, 1978251.629940454848111 ], [ 8745889.959110883995891, 1978251.629940454848111 ], [ 8745889.959110883995891, 1978253.718915959121659 ], [ 8745890.257747815921903, 1978253.718915959121659 ], [ 8745890.257747815921903, 1978255.807891463395208 ], [ 8745890.556384747847915, 1978255.807891463395208 ], [ 8745890.556384747847915, 1978256.404741607606411 ], [ 8745890.257747815921903, 1978256.404741607606411 ], [ 8745890.257747815921903, 1978257.598441895795986 ], [ 8745889.959110883995891, 1978257.598441895795986 ], [ 8745889.959110883995891, 1978257.896866967668757 ], [ 8745889.660473952069879, 1978257.896866967668757 ], [ 8745889.660473952069879, 1978258.195292039774358 ], [ 8745889.361837020143867, 1978258.195292039774358 ], [ 8745889.361837020143867, 1978258.49371711187996 ], [ 8745888.764563156291842, 1978258.49371711187996 ], [ 8745888.764563156291842, 1978258.79214218375273 ], [ 8745887.271378496661782, 1978258.79214218375273 ], [ 8745887.271378496661782, 1978259.090567255858332 ], [ 8745884.583646111190319, 1978259.090567255858332 ], [ 8745884.583646111190319, 1978259.388992327963933 ], [ 8745882.493187587708235, 1978259.388992327963933 ], [ 8745882.493187587708235, 1978259.687417400069535 ], [ 8745880.104092134162784, 1978259.687417400069535 ], [ 8745880.104092134162784, 1978259.985842471942306 ], [ 8745878.909544406458735, 1978259.985842471942306 ] ], [ [ 8745871.144984178245068, 1978254.017341031227261 ], [ 8745871.44362111017108, 1978254.017341031227261 ], [ 8745871.44362111017108, 1978251.629940454848111 ], [ 8745871.144984178245068, 1978251.629940454848111 ], [ 8745871.144984178245068, 1978254.017341031227261 ] ], [ [ 8745870.846347246319056, 1978250.734665238764137 ], [ 8745871.144984178245068, 1978250.734665238764137 ], [ 8745871.144984178245068, 1978249.242539878468961 ], [ 8745870.846347246319056, 1978249.242539878468961 ], [ 8745870.846347246319056, 1978250.734665238764137 ] ] ] } },
{ "type": "Feature", "properties": { "value": 255.0 }, "geometry": { "type": "Polygon", "coordinates": [ [ [ 8745756.76703929156065, 1978258.195292039774358 ], [ 8745756.76703929156065, 1978257.896866967668757 ], [ 8745756.468402359634638, 1978257.896866967668757 ], [ 8745756.468402359634638, 1978257.598441895795986 ], [ 8745756.169765427708626, 1978257.598441895795986 ], [ 8745756.169765427708626, 1978257.300016823690385 ], [ 8745753.183396108448505, 1978257.300016823690385 ], [ 8745753.183396108448505, 1978257.001591751584783 ], [ 8745751.988848380744457, 1978257.001591751584783 ], [ 8745751.988848380744457, 1978256.703166679479182 ], [ 8745751.69021145068109, 1978256.703166679479182 ], [ 8745751.69021145068109, 1978256.404741607606411 ], [ 8745751.391574518755078, 1978256.404741607606411 ], [ 8745751.391574518755078, 1978256.10631653550081 ], [ 8745751.092937586829066, 1978256.10631653550081 ], [ 8745751.092937586829066, 1978255.509466391289607 ], [ 8745750.794300654903054, 1978255.509466391289607 ], [ 8745750.794300654903054, 1978255.211041319416836 ], [ 8745750.19702679105103, 1978255.211041319416836 ], [ 8745750.19702679105103, 1978254.912616247311234 ], [ 8745749.002479063346982, 1978254.912616247311234 ], [ 8745749.002479063346982, 1978239.692937573185191 ], [ 8745749.898389859125018, 1978239.692937573185191 ], [ 8745749.898389859125018, 1978239.096087429206818 ], [ 8745750.495663722977042, 1978239.096087429206818 ], [ 8745750.495663722977042, 1978238.797662357101217 ], [ 8745751.092937586829066, 1978238.797662357101217 ], [ 8745751.092937586829066, 1978239.096087429206818 ], [ 8745751.69021145068109, 1978239.096087429206818 ], [ 8745751.69021145068109, 1978239.394512501079589 ], [ 8745752.287485312670469, 1978239.394512501079589 ], [ 8745752.287485312670469, 1978239.692937573185191 ], [ 8745752.586122244596481, 1978239.692937573185191 ], [ 8745752.586122244596481, 1978239.991362645290792 ], [ 8745752.884759176522493, 1978239.991362645290792 ], [ 8745752.884759176522493, 1978240.289787717396393 ], [ 8745753.183396108448505, 1978240.289787717396393 ], [ 8745753.183396108448505, 1978240.588212789269164 ], [ 8745753.780669972300529, 1978240.588212789269164 ], [ 8745753.780669972300529, 1978241.185062933480367 ], [ 8745754.079306904226542, 1978241.185062933480367 ], [ 8745754.079306904226542, 1978242.975613365648314 ], [ 8745753.780669972300529, 1978242.975613365648314 ], [ 8745753.780669972300529, 1978244.467738725943491 ], [ 8745753.482033040374517, 1978244.467738725943491 ], [ 8745753.482033040374517, 1978247.451989446301013 ], [ 8745753.780669972300529, 1978247.451989446301013 ], [ 8745753.780669972300529, 1978248.048839590279385 ], [ 8745754.079306904226542, 1978248.048839590279385 ], [ 8745754.079306904226542, 1978248.94411480659619 ], [ 8745754.377943836152554, 1978248.94411480659619 ], [ 8745754.377943836152554, 1978250.436240166658536 ], [ 8745754.676580768078566, 1978250.436240166658536 ], [ 8745754.676580768078566, 1978251.331515382742509 ], [ 8745754.975217700004578, 1978251.331515382742509 ], [ 8745754.975217700004578, 1978252.226790599059314 ], [ 8745755.27385463193059, 1978252.226790599059314 ], [ 8745755.27385463193059, 1978252.525215670932084 ], [ 8745755.572491563856602, 1978252.525215670932084 ], [ 8745755.572491563856602, 1978252.823640743037686 ], [ 8745755.871128495782614, 1978252.823640743037686 ], [ 8745755.871128495782614, 1978253.122065815143287 ], [ 8745756.468402359634638, 1978253.122065815143287 ], [ 8745756.468402359634638, 1978253.420490887016058 ], [ 8745756.76703929156065, 1978253.420490887016058 ], [ 8745756.76703929156065, 1978253.718915959121659 ], [ 8745757.065676223486662, 1978253.718915959121659 ], [ 8745757.065676223486662, 1978254.315766103332862 ], [ 8745757.364313153550029, 1978254.315766103332862 ], [ 8745757.364313153550029, 1978254.614191175205633 ], [ 8745757.662950085476041, 1978254.614191175205633 ], [ 8745757.662950085476041, 1978256.404741607606411 ], [ 8745757.961587017402053, 1978256.404741607606411 ], [ 8745757.961587017402053, 1978257.598441895795986 ], [ 8745757.662950085476041, 1978257.598441895795986 ], [ 8745757.662950085476041, 1978257.896866967668757 ], [ 8745757.364313153550029, 1978257.896866967668757 ], [ 8745757.364313153550029, 1978258.195292039774358 ], [ 8745756.76703929156065, 1978258.195292039774358 ] ] ] } },
{ "type": "Feature", "properties": { "value": 255.0 }, "geometry": { "type": "Polygon", "coordinates": [ [ [ 8745919.2255302015692, 1978250.436240166658536 ], [ 8745919.2255302015692, 1978250.137815094552934 ], [ 8745918.926893269643188, 1978250.137815094552934 ], [ 8745918.926893269643188, 1978249.540964950574562 ], [ 8745918.628256337717175, 1978249.540964950574562 ], [ 8745918.628256337717175, 1978248.645689734490588 ], [ 8745918.329619407653809, 1978248.645689734490588 ], [ 8745918.329619407653809, 1978247.750414518406615 ], [ 8745918.030982475727797, 1978247.750414518406615 ], [ 8745918.030982475727797, 1978246.55671423021704 ], [ 8745917.732345543801785, 1978246.55671423021704 ], [ 8745917.732345543801785, 1978245.661439014133066 ], [ 8745917.433708611875772, 1978245.661439014133066 ], [ 8745917.433708611875772, 1978244.766163797816262 ], [ 8745917.13507167994976, 1978244.766163797816262 ], [ 8745917.13507167994976, 1978242.677188293542713 ], [ 8745917.433708611875772, 1978242.677188293542713 ], [ 8745917.433708611875772, 1978242.378763221669942 ], [ 8745917.732345543801785, 1978242.378763221669942 ], [ 8745917.732345543801785, 1978242.080338149564341 ], [ 8745918.628256337717175, 1978242.080338149564341 ], [ 8745918.628256337717175, 1978241.781913077458739 ], [ 8745919.2255302015692, 1978241.781913077458739 ], [ 8745919.2255302015692, 1978241.483488005585968 ], [ 8745920.121440997347236, 1978241.483488005585968 ], [ 8745920.121440997347236, 1978241.185062933480367 ], [ 8745921.017351793125272, 1978241.185062933480367 ], [ 8745921.017351793125272, 1978240.886637861374766 ], [ 8745921.913262588903308, 1978240.886637861374766 ], [ 8745921.913262588903308, 1978240.588212789269164 ], [ 8745922.510536452755332, 1978240.588212789269164 ], [ 8745922.510536452755332, 1978240.289787717396393 ], [ 8745923.107810316607356, 1978240.289787717396393 ], [ 8745923.107810316607356, 1978239.991362645290792 ], [ 8745923.70508418045938, 1978239.991362645290792 ], [ 8745923.70508418045938, 1978239.692937573185191 ], [ 8745924.600994974374771, 1978239.692937573185191 ], [ 8745924.600994974374771, 1978239.394512501079589 ], [ 8745925.198268838226795, 1978239.394512501079589 ], [ 8745925.198268838226795, 1978239.096087429206818 ], [ 8745925.795542702078819, 1978239.096087429206818 ], [ 8745925.795542702078819, 1978238.797662357101217 ], [ 8745926.392816565930843, 1978238.797662357101217 ], [ 8745926.392816565930843, 1978238.499237284995615 ], [ 8745927.288727361708879, 1978238.499237284995615 ], [ 8745927.288727361708879, 1978238.200812213122845 ], [ 8745928.483275089412928, 1978238.200812213122845 ], [ 8745928.483275089412928, 1978237.902387141017243 ], [ 8745929.379185883328319, 1978237.902387141017243 ], [ 8745929.379185883328319, 1978238.200812213122845 ], [ 8745929.976459747180343, 1978238.200812213122845 ], [ 8745929.976459747180343, 1978238.499237284995615 ], [ 8745930.275096679106355, 1978238.499237284995615 ], [ 8745930.275096679106355, 1978239.394512501079589 ], [ 8745930.573733611032367, 1978239.394512501079589 ], [ 8745930.573733611032367, 1978240.289787717396393 ], [ 8745930.872370542958379, 1978240.289787717396393 ], [ 8745930.872370542958379, 1978240.886637861374766 ], [ 8745931.171007474884391, 1978240.886637861374766 ], [ 8745931.171007474884391, 1978241.781913077458739 ], [ 8745931.469644406810403, 1978241.781913077458739 ], [ 8745931.469644406810403, 1978242.677188293542713 ], [ 8745931.768281338736415, 1978242.677188293542713 ], [ 8745931.768281338736415, 1978244.169313653837889 ], [ 8745932.066918270662427, 1978244.169313653837889 ], [ 8745932.066918270662427, 1978245.363013942027465 ], [ 8745932.365555202588439, 1978245.363013942027465 ], [ 8745932.365555202588439, 1978247.153564374195412 ], [ 8745932.066918270662427, 1978247.153564374195412 ], [ 8745932.066918270662427, 1978247.451989446301013 ], [ 8745931.469644406810403, 1978247.451989446301013 ], [ 8745931.469644406810403, 1978247.750414518406615 ], [ 8745929.976459747180343, 1978247.750414518406615 ], [ 8745929.976459747180343, 1978248.048839590279385 ], [ 8745928.483275089412928, 1978248.048839590279385 ], [ 8745928.483275089412928, 1978248.347264662384987 ], [ 8745927.587364293634892, 1978248.347264662384987 ], [ 8745927.587364293634892, 1978248.645689734490588 ], [ 8745926.392816565930843, 1978248.645689734490588 ], [ 8745926.392816565930843, 1978248.94411480659619 ], [ 8745925.496905770152807, 1978248.94411480659619 ], [ 8745925.496905770152807, 1978249.242539878468961 ], [ 8745924.600994974374771, 1978249.242539878468961 ], [ 8745924.600994974374771, 1978249.540964950574562 ], [ 8745923.70508418045938, 1978249.540964950574562 ], [ 8745923.70508418045938, 1978249.839390022680163 ], [ 8745922.510536452755332, 1978249.839390022680163 ], [ 8745922.510536452755332, 1978250.137815094552934 ], [ 8745921.614625656977296, 1978250.137815094552934 ], [ 8745921.614625656977296, 1978250.436240166658536 ], [ 8745919.2255302015692, 1978250.436240166658536 ] ] ] } },
{ "type": "Feature", "properties": { "value": 255.0 }, "geometry": { "type": "Polygon", "coordinates": [ [ [ 8745906.981415998190641, 1978252.525215670932084 ], [ 8745906.981415998190641, 1978252.226790599059314 ], [ 8745906.682779066264629, 1978252.226790599059314 ], [ 8745906.682779066264629, 1978251.629940454848111 ], [ 8745906.384142134338617, 1978251.629940454848111 ], [ 8745906.384142134338617, 1978250.734665238764137 ], [ 8745906.085505202412605, 1978250.734665238764137 ], [ 8745906.085505202412605, 1978248.94411480659619 ], [ 8745905.786868270486593, 1978248.94411480659619 ], [ 8745905.786868270486593, 1978247.750414518406615 ], [ 8745905.488231338560581, 1978247.750414518406615 ], [ 8745905.488231338560581, 1978246.55671423021704 ], [ 8745905.189594406634569, 1978246.55671423021704 ], [ 8745905.189594406634569, 1978245.661439014133066 ], [ 8745904.890957474708557, 1978245.661439014133066 ], [ 8745904.890957474708557, 1978244.467738725943491 ], [ 8745904.592320542782545, 1978244.467738725943491 ], [ 8745904.592320542782545, 1978243.572463509859517 ], [ 8745904.293683610856533, 1978243.572463509859517 ], [ 8745904.293683610856533, 1978242.677188293542713 ], [ 8745903.995046678930521, 1978242.677188293542713 ], [ 8745903.995046678930521, 1978241.483488005585968 ], [ 8745903.696409747004509, 1978241.483488005585968 ], [ 8745903.696409747004509, 1978238.797662357101217 ], [ 8745903.995046678930521, 1978238.797662357101217 ], [ 8745903.995046678930521, 1978238.499237284995615 ], [ 8745904.890957474708557, 1978238.499237284995615 ], [ 8745904.890957474708557, 1978238.200812213122845 ], [ 8745906.384142134338617, 1978238.200812213122845 ], [ 8745906.384142134338617, 1978237.902387141017243 ], [ 8745907.578689862042665, 1978237.902387141017243 ], [ 8745907.578689862042665, 1978237.603962068911642 ], [ 8745908.175963724032044, 1978237.603962068911642 ], [ 8745908.175963724032044, 1978237.30553699680604 ], [ 8745909.071874519810081, 1978237.30553699680604 ], [ 8745909.071874519810081, 1978237.00711192493327 ], [ 8745909.967785315588117, 1978237.00711192493327 ], [ 8745909.967785315588117, 1978236.708686852827668 ], [ 8745911.162333043292165, 1978236.708686852827668 ], [ 8745911.162333043292165, 1978236.410261780722067 ], [ 8745912.058243839070201, 1978236.410261780722067 ], [ 8745912.058243839070201, 1978236.111836708849296 ], [ 8745913.551428496837616, 1978236.111836708849296 ], [ 8745913.551428496837616, 1978236.410261780722067 ], [ 8745913.850065428763628, 1978236.410261780722067 ], [ 8745913.850065428763628, 1978237.30553699680604 ], [ 8745914.14870236068964, 1978237.30553699680604 ], [ 8745914.14870236068964, 1978238.200812213122845 ], [ 8745914.447339292615652, 1978238.200812213122845 ], [ 8745914.447339292615652, 1978239.394512501079589 ], [ 8745914.745976224541664, 1978239.394512501079589 ], [ 8745914.745976224541664, 1978240.289787717396393 ], [ 8745915.044613156467676, 1978240.289787717396393 ], [ 8745915.044613156467676, 1978241.185062933480367 ], [ 8745915.343250088393688, 1978241.185062933480367 ], [ 8745915.343250088393688, 1978242.378763221669942 ], [ 8745915.6418870203197, 1978242.378763221669942 ], [ 8745915.6418870203197, 1978243.274038437753916 ], [ 8745915.940523952245712, 1978243.274038437753916 ], [ 8745915.940523952245712, 1978243.870888581732288 ], [ 8745916.239160884171724, 1978243.870888581732288 ], [ 8745916.239160884171724, 1978244.766163797816262 ], [ 8745916.537797816097736, 1978244.766163797816262 ], [ 8745916.537797816097736, 1978245.661439014133066 ], [ 8745916.836434748023748, 1978245.661439014133066 ], [ 8745916.836434748023748, 1978249.839390022680163 ], [ 8745916.537797816097736, 1978249.839390022680163 ], [ 8745916.537797816097736, 1978250.137815094552934 ], [ 8745916.239160884171724, 1978250.137815094552934 ], [ 8745916.239160884171724, 1978250.436240166658536 ], [ 8745915.940523952245712, 1978250.436240166658536 ], [ 8745915.940523952245712, 1978250.734665238764137 ], [ 8745915.044613156467676, 1978250.734665238764137 ], [ 8745915.044613156467676, 1978251.033090310869738 ], [ 8745914.14870236068964, 1978251.033090310869738 ], [ 8745914.14870236068964, 1978251.331515382742509 ], [ 8745913.252791564911604, 1978251.331515382742509 ], [ 8745913.252791564911604, 1978251.629940454848111 ], [ 8745910.863696111366153, 1978251.629940454848111 ], [ 8745910.863696111366153, 1978251.928365526953712 ], [ 8745909.071874519810081, 1978251.928365526953712 ], [ 8745909.071874519810081, 1978252.226790599059314 ], [ 8745907.877326792106032, 1978252.226790599059314 ], [ 8745907.877326792106032, 1978252.525215670932084 ], [ 8745906.981415998190641, 1978252.525215670932084 ] ] ] } },
{ "type": "Feature", "properties": { "value": 255.0 }, "geometry": { "type": "Polygon", "coordinates": [ [ [ 8745846.656755769625306, 1978261.179542760131881 ], [ 8745846.656755769625306, 1978260.881117688026279 ], [ 8745846.059481905773282, 1978260.881117688026279 ], [ 8745846.059481905773282, 1978260.582692616153508 ], [ 8745845.76084497384727, 1978260.582692616153508 ], [ 8745845.76084497384727, 1978260.284267544047907 ], [ 8745845.462208041921258, 1978260.284267544047907 ], [ 8745845.462208041921258, 1978259.985842471942306 ], [ 8745845.163571109995246, 1978259.985842471942306 ], [ 8745845.163571109995246, 1978259.388992327963933 ], [ 8745844.864934178069234, 1978259.388992327963933 ], [ 8745844.864934178069234, 1978257.896866967668757 ], [ 8745844.566297246143222, 1978257.896866967668757 ], [ 8745844.566297246143222, 1978252.525215670932084 ], [ 8745844.26766031421721, 1978252.525215670932084 ], [ 8745844.26766031421721, 1978249.540964950574562 ], [ 8745843.969023382291198, 1978249.540964950574562 ], [ 8745843.969023382291198, 1978246.55671423021704 ], [ 8745843.670386450365186, 1978246.55671423021704 ], [ 8745843.670386450365186, 1978243.274038437753916 ], [ 8745843.371749518439174, 1978243.274038437753916 ], [ 8745843.371749518439174, 1978238.797662357101217 ], [ 8745843.073112588375807, 1978238.797662357101217 ], [ 8745843.073112588375807, 1978235.514986564638093 ], [ 8745843.371749518439174, 1978235.514986564638093 ], [ 8745843.371749518439174, 1978234.918136420659721 ], [ 8745843.670386450365186, 1978234.918136420659721 ], [ 8745843.670386450365186, 1978234.619711348554119 ], [ 8745845.76084497384727, 1978234.619711348554119 ], [ 8745845.76084497384727, 1978234.321286276448518 ], [ 8745848.747214291244745, 1978234.321286276448518 ], [ 8745848.747214291244745, 1978234.022861204575747 ], [ 8745849.344488155096769, 1978234.022861204575747 ], [ 8745849.344488155096769, 1978234.321286276448518 ], [ 8745850.83767281472683, 1978234.321286276448518 ], [ 8745850.83767281472683, 1978234.619711348554119 ], [ 8745853.226768270134926, 1978234.619711348554119 ], [ 8745853.226768270134926, 1978234.918136420659721 ], [ 8745854.421315995976329, 1978234.918136420659721 ], [ 8745854.421315995976329, 1978235.216561492532492 ], [ 8745855.914500655606389, 1978235.216561492532492 ], [ 8745855.914500655606389, 1978235.514986564638093 ], [ 8745856.213137587532401, 1978235.514986564638093 ], [ 8745856.213137587532401, 1978235.813411636743695 ], [ 8745856.511774519458413, 1978235.813411636743695 ], [ 8745856.511774519458413, 1978236.111836708849296 ], [ 8745856.810411451384425, 1978236.111836708849296 ], [ 8745856.810411451384425, 1978236.410261780722067 ], [ 8745857.407685315236449, 1978236.410261780722067 ], [ 8745857.407685315236449, 1978236.708686852827668 ], [ 8745858.303596111014485, 1978236.708686852827668 ], [ 8745858.303596111014485, 1978237.30553699680604 ], [ 8745858.602233042940497, 1978237.30553699680604 ], [ 8745858.602233042940497, 1978238.200812213122845 ], [ 8745858.900869974866509, 1978238.200812213122845 ], [ 8745858.900869974866509, 1978240.588212789269164 ], [ 8745859.199506906792521, 1978240.588212789269164 ], [ 8745859.199506906792521, 1978241.483488005585968 ], [ 8745859.498143836855888, 1978241.483488005585968 ], [ 8745859.498143836855888, 1978242.378763221669942 ], [ 8745859.7967807687819, 1978242.378763221669942 ], [ 8745859.7967807687819, 1978244.766163797816262 ], [ 8745860.095417700707912, 1978244.766163797816262 ], [ 8745860.095417700707912, 1978246.258289158111438 ], [ 8745860.394054632633924, 1978246.258289158111438 ], [ 8745860.394054632633924, 1978247.153564374195412 ], [ 8745860.692691564559937, 1978247.153564374195412 ], [ 8745860.692691564559937, 1978247.451989446301013 ], [ 8745860.991328496485949, 1978247.451989446301013 ], [ 8745860.991328496485949, 1978255.807891463395208 ], [ 8745860.692691564559937, 1978255.807891463395208 ], [ 8745860.692691564559937, 1978257.001591751584783 ], [ 8745860.394054632633924, 1978257.001591751584783 ], [ 8745860.394054632633924, 1978258.195292039774358 ], [ 8745860.095417700707912, 1978258.195292039774358 ], [ 8745860.095417700707912, 1978258.79214218375273 ], [ 8745859.7967807687819, 1978258.79214218375273 ], [ 8745859.7967807687819, 1978259.090567255858332 ], [ 8745859.199506906792521, 1978259.090567255858332 ], [ 8745859.199506906792521, 1978259.388992327963933 ], [ 8745855.317226791754365, 1978259.388992327963933 ], [ 8745855.317226791754365, 1978259.090567255858332 ], [ 8745851.733583610504866, 1978259.090567255858332 ], [ 8745851.733583610504866, 1978259.388992327963933 ], [ 8745850.83767281472683, 1978259.388992327963933 ], [ 8745850.83767281472683, 1978259.687417400069535 ], [ 8745850.539035882800817, 1978259.687417400069535 ], [ 8745850.539035882800817, 1978259.985842471942306 ], [ 8745850.240398950874805, 1978259.985842471942306 ], [ 8745850.240398950874805, 1978260.284267544047907 ], [ 8745849.941762018948793, 1978260.284267544047907 ], [ 8745849.941762018948793, 1978260.582692616153508 ], [ 8745849.344488155096769, 1978260.582692616153508 ], [ 8745849.344488155096769, 1978260.881117688026279 ], [ 8745848.448577361181378, 1978260.881117688026279 ], [ 8745848.448577361181378, 1978260.582692616153508 ], [ 8745848.149940429255366, 1978260.582692616153508 ], [ 8745848.149940429255366, 1978260.881117688026279 ], [ 8745846.955392701551318, 1978260.881117688026279 ], [ 8745846.955392701551318, 1978261.179542760131881 ], [ 8745846.656755769625306, 1978261.179542760131881 ] ] ] } },
{ "type": "Feature", "properties": { "value": 255.0 }, "geometry": { "type": "Polygon", "coordinates": [ [ [ 8746046.743500091135502, 1978255.211041319416836 ], [ 8746046.743500091135502, 1978254.912616247311234 ], [ 8746046.44486315920949, 1978254.912616247311234 ], [ 8746046.44486315920949, 1978254.614191175205633 ], [ 8746046.146226227283478, 1978254.614191175205633 ], [ 8746046.146226227283478, 1978254.017341031227261 ], [ 8746045.847589295357466, 1978254.017341031227261 ], [ 8746045.847589295357466, 1978253.122065815143287 ], [ 8746045.548952363431454, 1978253.122065815143287 ], [ 8746045.548952363431454, 1978252.226790599059314 ], [ 8746045.250315431505442, 1978252.226790599059314 ], [ 8746045.250315431505442, 1978251.629940454848111 ], [ 8746044.95167849957943, 1978251.629940454848111 ], [ 8746044.95167849957943, 1978250.436240166658536 ], [ 8746044.653041567653418, 1978250.436240166658536 ], [ 8746044.653041567653418, 1978249.839390022680163 ], [ 8746044.354404635727406, 1978249.839390022680163 ], [ 8746044.354404635727406, 1978248.94411480659619 ], [ 8746044.055767703801394, 1978248.94411480659619 ], [ 8746044.055767703801394, 1978248.347264662384987 ], [ 8746043.757130771875381, 1978248.347264662384987 ], [ 8746043.757130771875381, 1978247.750414518406615 ], [ 8746043.458493839949369, 1978247.750414518406615 ], [ 8746043.458493839949369, 1978246.855139302322641 ], [ 8746043.159856908023357, 1978246.855139302322641 ], [ 8746043.159856908023357, 1978245.661439014133066 ], [ 8746042.861219976097345, 1978245.661439014133066 ], [ 8746042.861219976097345, 1978245.064588869921863 ], [ 8746042.562583044171333, 1978245.064588869921863 ], [ 8746042.562583044171333, 1978244.169313653837889 ], [ 8746042.263946112245321, 1978244.169313653837889 ], [ 8746042.263946112245321, 1978243.274038437753916 ], [ 8746041.965309182181954, 1978243.274038437753916 ], [ 8746041.965309182181954, 1978242.677188293542713 ], [ 8746041.666672250255942, 1978242.677188293542713 ], [ 8746041.666672250255942, 1978241.781913077458739 ], [ 8746041.36803531832993, 1978241.781913077458739 ], [ 8746041.36803531832993, 1978240.886637861374766 ], [ 8746041.069398386403918, 1978240.886637861374766 ], [ 8746041.069398386403918, 1978239.692937573185191 ], [ 8746040.770761454477906, 1978239.692937573185191 ], [ 8746040.770761454477906, 1978239.096087429206818 ], [ 8746041.069398386403918, 1978239.096087429206818 ], [ 8746041.069398386403918, 1978237.902387141017243 ], [ 8746041.36803531832993, 1978237.902387141017243 ], [ 8746041.36803531832993, 1978237.30553699680604 ], [ 8746041.666672250255942, 1978237.30553699680604 ], [ 8746041.666672250255942, 1978237.00711192493327 ], [ 8746041.965309182181954, 1978237.00711192493327 ], [ 8746041.965309182181954, 1978236.708686852827668 ], [ 8746042.263946112245321, 1978236.708686852827668 ], [ 8746042.263946112245321, 1978236.410261780722067 ], [ 8746042.861219976097345, 1978236.410261780722067 ], [ 8746042.861219976097345, 1978235.813411636743695 ], [ 8746043.458493839949369, 1978235.813411636743695 ], [ 8746043.458493839949369, 1978235.514986564638093 ], [ 8746044.055767703801394, 1978235.514986564638093 ], [ 8746044.055767703801394, 1978235.216561492532492 ], [ 8746044.95167849957943, 1978235.216561492532492 ], [ 8746044.95167849957943, 1978234.918136420659721 ], [ 8746045.847589295357466, 1978234.918136420659721 ], [ 8746045.847589295357466, 1978234.619711348554119 ], [ 8746046.743500091135502, 1978234.619711348554119 ], [ 8746046.743500091135502, 1978234.321286276448518 ], [ 8746047.639410885050893, 1978234.321286276448518 ], [ 8746047.639410885050893, 1978234.022861204575747 ], [ 8746048.236684748902917, 1978234.022861204575747 ], [ 8746048.236684748902917, 1978233.724436132470146 ], [ 8746049.431232476606965, 1978233.724436132470146 ], [ 8746049.431232476606965, 1978233.426011060364544 ], [ 8746050.625780204311013, 1978233.426011060364544 ], [ 8746050.625780204311013, 1978233.724436132470146 ], [ 8746051.223054068163037, 1978233.724436132470146 ], [ 8746051.223054068163037, 1978234.321286276448518 ], [ 8746051.521691, 1978234.321286276448518 ], [ 8746051.521691, 1978234.619711348554119 ], [ 8746051.820327932015061, 1978234.619711348554119 ], [ 8746051.820327932015061, 1978235.216561492532492 ], [ 8746052.118964863941073, 1978235.216561492532492 ], [ 8746052.118964863941073, 1978236.111836708849296 ], [ 8746052.417601795867085, 1978236.111836708849296 ], [ 8746052.417601795867085, 1978236.708686852827668 ], [ 8746052.716238727793097, 1978236.708686852827668 ], [ 8746052.716238727793097, 1978237.603962068911642 ], [ 8746053.014875657856464, 1978237.603962068911642 ], [ 8746053.014875657856464, 1978238.200812213122845 ], [ 8746053.313512589782476, 1978238.200812213122845 ], [ 8746053.313512589782476, 1978239.096087429206818 ], [ 8746053.612149521708488, 1978239.096087429206818 ], [ 8746053.612149521708488, 1978239.991362645290792 ], [ 8746053.910786453634501, 1978239.991362645290792 ], [ 8746053.910786453634501, 1978240.588212789269164 ], [ 8746054.209423385560513, 1978240.588212789269164 ], [ 8746054.209423385560513, 1978241.483488005585968 ], [ 8746054.508060317486525, 1978241.483488005585968 ], [ 8746054.508060317486525, 1978242.378763221669942 ], [ 8746054.806697249412537, 1978242.378763221669942 ], [ 8746054.806697249412537, 1978243.274038437753916 ], [ 8746055.105334181338549, 1978243.274038437753916 ], [ 8746055.105334181338549, 1978243.870888581732288 ], [ 8746055.403971113264561, 1978243.870888581732288 ], [ 8746055.403971113264561, 1978244.467738725943491 ], [ 8746055.702608045190573, 1978244.467738725943491 ], [ 8746055.702608045190573, 1978245.363013942027465 ], [ 8746056.001244977116585, 1978245.363013942027465 ], [ 8746056.001244977116585, 1978246.258289158111438 ], [ 8746056.299881909042597, 1978246.258289158111438 ], [ 8746056.299881909042597, 1978247.153564374195412 ], [ 8746056.598518840968609, 1978247.153564374195412 ], [ 8746056.598518840968609, 1978248.048839590279385 ], [ 8746056.897155772894621, 1978248.048839590279385 ], [ 8746056.897155772894621, 1978248.645689734490588 ], [ 8746057.195792704820633, 1978248.645689734490588 ], [ 8746057.195792704820633, 1978250.734665238764137 ], [ 8746056.897155772894621, 1978250.734665238764137 ], [ 8746056.897155772894621, 1978251.033090310869738 ], [ 8746056.598518840968609, 1978251.033090310869738 ], [ 8746056.598518840968609, 1978251.331515382742509 ], [ 8746055.702608045190573, 1978251.331515382742509 ], [ 8746055.702608045190573, 1978251.629940454848111 ], [ 8746055.105334181338549, 1978251.629940454848111 ], [ 8746055.105334181338549, 1978251.928365526953712 ], [ 8746054.508060317486525, 1978251.928365526953712 ], [ 8746054.508060317486525, 1978252.226790599059314 ], [ 8746053.910786453634501, 1978252.226790599059314 ], [ 8746053.910786453634501, 1978252.525215670932084 ], [ 8746053.313512589782476, 1978252.525215670932084 ], [ 8746053.313512589782476, 1978252.823640743037686 ], [ 8746053.014875657856464, 1978252.823640743037686 ], [ 8746053.014875657856464, 1978253.122065815143287 ], [ 8746052.417601795867085, 1978253.122065815143287 ], [ 8746052.417601795867085, 1978253.420490887016058 ], [ 8746051.820327932015061, 1978253.420490887016058 ], [ 8746051.820327932015061, 1978253.718915959121659 ], [ 8746051.223054068163037, 1978253.718915959121659 ], [ 8746051.223054068163037, 1978254.017341031227261 ], [ 8746050.625780204311013, 1978254.017341031227261 ], [ 8746050.625780204311013, 1978254.315766103332862 ], [ 8746050.028506340458989, 1978254.315766103332862 ], [ 8746050.028506340458989, 1978254.614191175205633 ], [ 8746049.132595544680953, 1978254.614191175205633 ], [ 8746049.132595544680953, 1978254.912616247311234 ], [ 8746048.236684748902917, 1978254.912616247311234 ], [ 8746048.236684748902917, 1978255.211041319416836 ], [ 8746046.743500091135502, 1978255.211041319416836 ] ] ] } },
{ "type": "Feature", "properties": { "value": 255.0 }, "geometry": { "type": "Polygon", "coordinates": [ [ [ 8745960.138789862394333, 1978245.959864086005837 ], [ 8745960.138789862394333, 1978245.661439014133066 ], [ 8745959.242879066616297, 1978245.661439014133066 ], [ 8745959.242879066616297, 1978245.363013942027465 ], [ 8745958.944242134690285, 1978245.363013942027465 ], [ 8745958.944242134690285, 1978244.467738725943491 ], [ 8745958.645605202764273, 1978244.467738725943491 ], [ 8745958.645605202764273, 1978243.870888581732288 ], [ 8745958.346968270838261, 1978243.870888581732288 ], [ 8745958.346968270838261, 1978242.975613365648314 ], [ 8745958.048331338912249, 1978242.975613365648314 ], [ 8745958.048331338912249, 1978241.781913077458739 ], [ 8745957.749694406986237, 1978241.781913077458739 ], [ 8745957.749694406986237, 1978240.886637861374766 ], [ 8745957.451057475060225, 1978240.886637861374766 ], [ 8745957.451057475060225, 1978239.991362645290792 ], [ 8745957.152420543134212, 1978239.991362645290792 ], [ 8745957.152420543134212, 1978239.394512501079589 ], [ 8745956.8537836112082, 1978239.394512501079589 ], [ 8745956.8537836112082, 1978238.499237284995615 ], [ 8745956.555146679282188, 1978238.499237284995615 ], [ 8745956.555146679282188, 1978237.603962068911642 ], [ 8745956.256509747356176, 1978237.603962068911642 ], [ 8745956.256509747356176, 1978236.410261780722067 ], [ 8745955.957872817292809, 1978236.410261780722067 ], [ 8745955.957872817292809, 1978234.321286276448518 ], [ 8745956.256509747356176, 1978234.321286276448518 ], [ 8745956.256509747356176, 1978234.022861204575747 ], [ 8745957.749694406986237, 1978234.022861204575747 ], [ 8745957.749694406986237, 1978233.724436132470146 ], [ 8745959.541515998542309, 1978233.724436132470146 ], [ 8745959.541515998542309, 1978233.426011060364544 ], [ 8745961.333337590098381, 1978233.426011060364544 ], [ 8745961.333337590098381, 1978233.127585988258943 ], [ 8745963.42379611171782, 1978233.127585988258943 ], [ 8745963.42379611171782, 1978233.426011060364544 ], [ 8745964.021069975569844, 1978233.426011060364544 ], [ 8745964.021069975569844, 1978233.724436132470146 ], [ 8745964.319706907495856, 1978233.724436132470146 ], [ 8745964.319706907495856, 1978234.022861204575747 ], [ 8745964.618343839421868, 1978234.022861204575747 ], [ 8745964.618343839421868, 1978234.619711348554119 ], [ 8745964.91698077134788, 1978234.619711348554119 ], [ 8745964.91698077134788, 1978235.216561492532492 ], [ 8745965.215617703273892, 1978235.216561492532492 ], [ 8745965.215617703273892, 1978235.813411636743695 ], [ 8745965.514254635199904, 1978235.813411636743695 ], [ 8745965.514254635199904, 1978236.111836708849296 ], [ 8745965.812891567125916, 1978236.111836708849296 ], [ 8745965.812891567125916, 1978236.410261780722067 ], [ 8745966.111528499051929, 1978236.410261780722067 ], [ 8745966.111528499051929, 1978237.00711192493327 ], [ 8745966.410165430977941, 1978237.00711192493327 ], [ 8745966.410165430977941, 1978237.603962068911642 ], [ 8745966.708802362903953, 1978237.603962068911642 ], [ 8745966.708802362903953, 1978238.499237284995615 ], [ 8745967.007439292967319, 1978238.499237284995615 ], [ 8745967.007439292967319, 1978239.096087429206818 ], [ 8745967.306076224893332, 1978239.096087429206818 ], [ 8745967.306076224893332, 1978239.991362645290792 ], [ 8745967.604713156819344, 1978239.991362645290792 ], [ 8745967.604713156819344, 1978240.886637861374766 ], [ 8745967.903350088745356, 1978240.886637861374766 ], [ 8745967.903350088745356, 1978241.781913077458739 ], [ 8745968.201987020671368, 1978241.781913077458739 ], [ 8745968.201987020671368, 1978242.677188293542713 ], [ 8745967.903350088745356, 1978242.677188293542713 ], [ 8745967.903350088745356, 1978243.274038437753916 ], [ 8745967.604713156819344, 1978243.274038437753916 ], [ 8745967.604713156819344, 1978243.870888581732288 ], [ 8745967.306076224893332, 1978243.870888581732288 ], [ 8745967.306076224893332, 1978244.169313653837889 ], [ 8745967.007439292967319, 1978244.169313653837889 ], [ 8745967.007439292967319, 1978244.766163797816262 ], [ 8745966.708802362903953, 1978244.766163797816262 ], [ 8745966.708802362903953, 1978245.064588869921863 ], [ 8745966.111528499051929, 1978245.064588869921863 ], [ 8745966.111528499051929, 1978244.766163797816262 ], [ 8745965.514254635199904, 1978244.766163797816262 ], [ 8745965.514254635199904, 1978244.467738725943491 ], [ 8745965.215617703273892, 1978244.467738725943491 ], [ 8745965.215617703273892, 1978244.766163797816262 ], [ 8745964.319706907495856, 1978244.766163797816262 ], [ 8745964.319706907495856, 1978245.064588869921863 ], [ 8745964.021069975569844, 1978245.064588869921863 ], [ 8745964.021069975569844, 1978245.363013942027465 ], [ 8745961.333337590098381, 1978245.363013942027465 ], [ 8745961.333337590098381, 1978245.661439014133066 ], [ 8745960.437426794320345, 1978245.661439014133066 ], [ 8745960.437426794320345, 1978245.959864086005837 ], [ 8745960.138789862394333, 1978245.959864086005837 ] ] ] } },
{ "type": "Feature", "properties": { "value": 255.0 }, "geometry": { "type": "Polygon", "coordinates": [ [ [ 8745863.081787019968033, 1978246.258289158111438 ], [ 8745863.081787019968033, 1978245.959864086005837 ], [ 8745862.484513156116009, 1978245.959864086005837 ], [ 8745862.484513156116009, 1978245.363013942027465 ], [ 8745862.185876224189997, 1978245.363013942027465 ], [ 8745862.185876224189997, 1978243.572463509859517 ], [ 8745861.887239292263985, 1978243.572463509859517 ], [ 8745861.887239292263985, 1978240.289787717396393 ], [ 8745861.588602360337973, 1978240.289787717396393 ], [ 8745861.588602360337973, 1978237.603962068911642 ], [ 8745861.289965428411961, 1978237.603962068911642 ], [ 8745861.289965428411961, 1978232.232310772174969 ], [ 8745861.588602360337973, 1978232.232310772174969 ], [ 8745861.588602360337973, 1978231.933885700069368 ], [ 8745867.262704065069556, 1978231.933885700069368 ], [ 8745867.262704065069556, 1978231.635460628196597 ], [ 8745874.131353497505188, 1978231.635460628196597 ], [ 8745874.131353497505188, 1978231.933885700069368 ], [ 8745874.728627361357212, 1978231.933885700069368 ], [ 8745874.728627361357212, 1978232.232310772174969 ], [ 8745875.027264293283224, 1978232.232310772174969 ], [ 8745875.027264293283224, 1978232.530735844280571 ], [ 8745875.325901225209236, 1978232.530735844280571 ], [ 8745875.325901225209236, 1978233.724436132470146 ], [ 8745875.624538155272603, 1978233.724436132470146 ], [ 8745875.624538155272603, 1978235.514986564638093 ], [ 8745875.923175087198615, 1978235.514986564638093 ], [ 8745875.923175087198615, 1978237.30553699680604 ], [ 8745876.221812019124627, 1978237.30553699680604 ], [ 8745876.221812019124627, 1978238.797662357101217 ], [ 8745876.520448951050639, 1978238.797662357101217 ], [ 8745876.520448951050639, 1978240.886637861374766 ], [ 8745876.819085882976651, 1978240.886637861374766 ], [ 8745876.819085882976651, 1978242.975613365648314 ], [ 8745877.117722814902663, 1978242.975613365648314 ], [ 8745877.117722814902663, 1978244.467738725943491 ], [ 8745876.819085882976651, 1978244.467738725943491 ], [ 8745876.819085882976651, 1978244.766163797816262 ], [ 8745876.520448951050639, 1978244.766163797816262 ], [ 8745876.520448951050639, 1978245.064588869921863 ], [ 8745874.4299904294312, 1978245.064588869921863 ], [ 8745874.4299904294312, 1978245.363013942027465 ], [ 8745871.144984178245068, 1978245.363013942027465 ], [ 8745871.144984178245068, 1978245.661439014133066 ], [ 8745868.457251792773604, 1978245.661439014133066 ], [ 8745868.457251792773604, 1978245.959864086005837 ], [ 8745864.574971679598093, 1978245.959864086005837 ], [ 8745864.574971679598093, 1978246.258289158111438 ], [ 8745863.081787019968033, 1978246.258289158111438 ] ] ] } },
{ "type": "Feature", "properties": { "value": 255.0 }, "geometry": { "type": "Polygon", "coordinates": [ [ [ 8745994.183400088921189, 1978244.467738725943491 ], [ 8745994.183400088921189, 1978244.169313653837889 ], [ 8745993.884763156995177, 1978244.169313653837889 ], [ 8745993.884763156995177, 1978243.870888581732288 ], [ 8745993.58612622693181, 1978243.870888581732288 ], [ 8745993.58612622693181, 1978243.274038437753916 ], [ 8745993.287489295005798, 1978243.274038437753916 ], [ 8745993.287489295005798, 1978242.080338149564341 ], [ 8745992.988852363079786, 1978242.080338149564341 ], [ 8745992.988852363079786, 1978241.185062933480367 ], [ 8745992.690215431153774, 1978241.185062933480367 ], [ 8745992.690215431153774, 1978240.588212789269164 ], [ 8745992.391578499227762, 1978240.588212789269164 ], [ 8745992.391578499227762, 1978239.394512501079589 ], [ 8745992.09294156730175, 1978239.394512501079589 ], [ 8745992.09294156730175, 1978238.797662357101217 ], [ 8745991.794304635375738, 1978238.797662357101217 ], [ 8745991.794304635375738, 1978237.902387141017243 ], [ 8745991.495667703449726, 1978237.902387141017243 ], [ 8745991.495667703449726, 1978236.708686852827668 ], [ 8745991.197030771523714, 1978236.708686852827668 ], [ 8745991.197030771523714, 1978235.813411636743695 ], [ 8745990.898393839597702, 1978235.813411636743695 ], [ 8745990.898393839597702, 1978234.321286276448518 ], [ 8745990.59975690767169, 1978234.321286276448518 ], [ 8745990.59975690767169, 1978231.635460628196597 ], [ 8745992.09294156730175, 1978231.635460628196597 ], [ 8745992.09294156730175, 1978232.232310772174969 ], [ 8745992.391578499227762, 1978232.232310772174969 ], [ 8745992.391578499227762, 1978232.530735844280571 ], [ 8745992.690215431153774, 1978232.530735844280571 ], [ 8745992.690215431153774, 1978233.426011060364544 ], [ 8745992.988852363079786, 1978233.426011060364544 ], [ 8745992.988852363079786, 1978233.724436132470146 ], [ 8745993.287489295005798, 1978233.724436132470146 ], [ 8745993.287489295005798, 1978234.022861204575747 ], [ 8745993.58612622693181, 1978234.022861204575747 ], [ 8745993.58612622693181, 1978234.321286276448518 ], [ 8745994.482037020847201, 1978234.321286276448518 ], [ 8745994.482037020847201, 1978234.619711348554119 ], [ 8745994.780673952773213, 1978234.619711348554119 ], [ 8745994.780673952773213, 1978234.918136420659721 ], [ 8745995.079310884699225, 1978234.918136420659721 ], [ 8745995.079310884699225, 1978235.216561492532492 ], [ 8745995.377947816625237, 1978235.216561492532492 ], [ 8745995.377947816625237, 1978235.514986564638093 ], [ 8745995.67658474855125, 1978235.514986564638093 ], [ 8745995.67658474855125, 1978235.813411636743695 ], [ 8745995.975221680477262, 1978235.813411636743695 ], [ 8745995.975221680477262, 1978236.111836708849296 ], [ 8745996.273858612403274, 1978236.111836708849296 ], [ 8745996.273858612403274, 1978236.410261780722067 ], [ 8745996.572495544329286, 1978236.410261780722067 ], [ 8745996.572495544329286, 1978236.708686852827668 ], [ 8745996.871132476255298, 1978236.708686852827668 ], [ 8745996.871132476255298, 1978237.00711192493327 ], [ 8745997.16976940818131, 1978237.00711192493327 ], [ 8745997.16976940818131, 1978237.603962068911642 ], [ 8745997.468406340107322, 1978237.603962068911642 ], [ 8745997.468406340107322, 1978238.499237284995615 ], [ 8745997.767043272033334, 1978238.499237284995615 ], [ 8745997.767043272033334, 1978239.096087429206818 ], [ 8745998.065680203959346, 1978239.096087429206818 ], [ 8745998.065680203959346, 1978242.080338149564341 ], [ 8745997.767043272033334, 1978242.080338149564341 ], [ 8745997.767043272033334, 1978243.274038437753916 ], [ 8745997.468406340107322, 1978243.274038437753916 ], [ 8745997.468406340107322, 1978243.572463509859517 ], [ 8745996.871132476255298, 1978243.572463509859517 ], [ 8745996.871132476255298, 1978243.870888581732288 ], [ 8745996.273858612403274, 1978243.870888581732288 ], [ 8745996.273858612403274, 1978244.169313653837889 ], [ 8745995.079310884699225, 1978244.169313653837889 ], [ 8745995.079310884699225, 1978244.467738725943491 ], [ 8745994.183400088921189, 1978244.467738725943491 ] ] ] } },
{ "type": "Feature", "properties": { "value": 255.0 }, "geometry": { "type": "Polygon", "coordinates": [ [ [ 8745783.644363155588508, 1978256.404741607606411 ], [ 8745783.644363155588508, 1978256.10631653550081 ], [ 8745768.413879631087184, 1978256.10631653550081 ], [ 8745768.413879631087184, 1978255.807891463395208 ], [ 8745768.115242699161172, 1978255.807891463395208 ], [ 8745768.115242699161172, 1978255.509466391289607 ], [ 8745767.816605769097805, 1978255.509466391289607 ], [ 8745767.816605769097805, 1978254.614191175205633 ], [ 8745767.517968837171793, 1978254.614191175205633 ], [ 8745767.517968837171793, 1978247.750414518406615 ], [ 8745767.219331905245781, 1978247.750414518406615 ], [ 8745767.219331905245781, 1978235.216561492532492 ], [ 8745767.517968837171793, 1978235.216561492532492 ], [ 8745767.517968837171793, 1978234.321286276448518 ], [ 8745767.816605769097805, 1978234.321286276448518 ], [ 8745767.816605769097805, 1978233.724436132470146 ], [ 8745768.115242699161172, 1978233.724436132470146 ], [ 8745768.115242699161172, 1978233.426011060364544 ], [ 8745768.413879631087184, 1978233.426011060364544 ], [ 8745768.413879631087184, 1978233.127585988258943 ], [ 8745769.011153494939208, 1978233.127585988258943 ], [ 8745769.011153494939208, 1978232.829160916386172 ], [ 8745770.205701222643256, 1978232.829160916386172 ], [ 8745770.205701222643256, 1978232.530735844280571 ], [ 8745771.400248950347304, 1978232.530735844280571 ], [ 8745771.400248950347304, 1978232.232310772174969 ], [ 8745775.87980292737484, 1978232.232310772174969 ], [ 8745775.87980292737484, 1978231.933885700069368 ], [ 8745784.540273949503899, 1978231.933885700069368 ], [ 8745784.540273949503899, 1978231.635460628196597 ], [ 8745787.526643268764019, 1978231.635460628196597 ], [ 8745787.526643268764019, 1978231.337035556090996 ], [ 8745790.214375654235482, 1978231.337035556090996 ], [ 8745790.214375654235482, 1978231.635460628196597 ], [ 8745790.811649518087506, 1978231.635460628196597 ], [ 8745790.811649518087506, 1978231.933885700069368 ], [ 8745791.110286450013518, 1978231.933885700069368 ], [ 8745791.110286450013518, 1978234.619711348554119 ], [ 8745791.40892338193953, 1978234.619711348554119 ], [ 8745791.40892338193953, 1978241.185062933480367 ], [ 8745791.707560313865542, 1978241.185062933480367 ], [ 8745791.707560313865542, 1978246.55671423021704 ], [ 8745792.006197245791554, 1978246.55671423021704 ], [ 8745792.006197245791554, 1978254.614191175205633 ], [ 8745791.707560313865542, 1978254.614191175205633 ], [ 8745791.707560313865542, 1978255.509466391289607 ], [ 8745791.40892338193953, 1978255.509466391289607 ], [ 8745791.40892338193953, 1978256.10631653550081 ], [ 8745790.513012586161494, 1978256.10631653550081 ], [ 8745790.513012586161494, 1978256.404741607606411 ], [ 8745783.644363155588508, 1978256.404741607606411 ] ] ] } },
{ "type": "Feature", "properties": { "value": 255.0 }, "geometry": { "type": "Polygon", "coordinates": [ [ [ 8745881.597276791930199, 1978246.855139302322641 ], [ 8745881.597276791930199, 1978246.55671423021704 ], [ 8745879.805455202236772, 1978246.55671423021704 ], [ 8745879.805455202236772, 1978246.258289158111438 ], [ 8745878.312270542606711, 1978246.258289158111438 ], [ 8745878.312270542606711, 1978245.959864086005837 ], [ 8745878.013633610680699, 1978245.959864086005837 ], [ 8745878.013633610680699, 1978245.661439014133066 ], [ 8745877.714996678754687, 1978245.661439014133066 ], [ 8745877.714996678754687, 1978243.274038437753916 ], [ 8745877.416359746828675, 1978243.274038437753916 ], [ 8745877.416359746828675, 1978241.483488005585968 ], [ 8745877.117722814902663, 1978241.483488005585968 ], [ 8745877.117722814902663, 1978239.692937573185191 ], [ 8745876.819085882976651, 1978239.692937573185191 ], [ 8745876.819085882976651, 1978238.200812213122845 ], [ 8745876.520448951050639, 1978238.200812213122845 ], [ 8745876.520448951050639, 1978235.813411636743695 ], [ 8745876.221812019124627, 1978235.813411636743695 ], [ 8745876.221812019124627, 1978232.232310772174969 ], [ 8745876.520448951050639, 1978232.232310772174969 ], [ 8745876.520448951050639, 1978231.933885700069368 ], [ 8745876.819085882976651, 1978231.933885700069368 ], [ 8745876.819085882976651, 1978231.635460628196597 ], [ 8745877.714996678754687, 1978231.635460628196597 ], [ 8745877.714996678754687, 1978231.337035556090996 ], [ 8745878.909544406458735, 1978231.337035556090996 ], [ 8745878.909544406458735, 1978231.635460628196597 ], [ 8745879.50681827031076, 1978231.635460628196597 ], [ 8745879.50681827031076, 1978231.933885700069368 ], [ 8745879.805455202236772, 1978231.933885700069368 ], [ 8745879.805455202236772, 1978232.232310772174969 ], [ 8745880.402729066088796, 1978232.232310772174969 ], [ 8745880.402729066088796, 1978232.530735844280571 ], [ 8745881.597276791930199, 1978232.530735844280571 ], [ 8745881.597276791930199, 1978232.829160916386172 ], [ 8745882.791824519634247, 1978232.829160916386172 ], [ 8745882.791824519634247, 1978233.127585988258943 ], [ 8745883.090461451560259, 1978233.127585988258943 ], [ 8745883.090461451560259, 1978233.426011060364544 ], [ 8745883.389098383486271, 1978233.426011060364544 ], [ 8745883.389098383486271, 1978237.00711192493327 ], [ 8745883.687735315412283, 1978237.00711192493327 ], [ 8745883.687735315412283, 1978239.394512501079589 ], [ 8745883.986372247338295, 1978239.394512501079589 ], [ 8745883.986372247338295, 1978241.781913077458739 ], [ 8745884.285009179264307, 1978241.781913077458739 ], [ 8745884.285009179264307, 1978243.870888581732288 ], [ 8745884.583646111190319, 1978243.870888581732288 ], [ 8745884.583646111190319, 1978246.258289158111438 ], [ 8745884.285009179264307, 1978246.258289158111438 ], [ 8745884.285009179264307, 1978246.55671423021704 ], [ 8745883.687735315412283, 1978246.55671423021704 ], [ 8745883.687735315412283, 1978246.855139302322641 ], [ 8745881.597276791930199, 1978246.855139302322641 ] ] ] } },
{ "type": "Feature", "properties": { "value": 255.0 }, "geometry": { "type": "Polygon", "coordinates": [ [ [ 8745989.10657224804163, 1978245.661439014133066 ], [ 8745989.10657224804163, 1978245.363013942027465 ], [ 8745988.509298384189606, 1978245.363013942027465 ], [ 8745988.509298384189606, 1978245.064588869921863 ], [ 8745988.210661454126239, 1978245.064588869921863 ], [ 8745988.210661454126239, 1978244.766163797816262 ], [ 8745987.613387590274215, 1978244.766163797816262 ], [ 8745987.613387590274215, 1978245.064588869921863 ], [ 8745987.016113726422191, 1978245.064588869921863 ], [ 8745987.016113726422191, 1978245.363013942027465 ], [ 8745986.717476794496179, 1978245.363013942027465 ], [ 8745986.717476794496179, 1978245.064588869921863 ], [ 8745986.418839862570167, 1978245.064588869921863 ], [ 8745986.418839862570167, 1978244.766163797816262 ], [ 8745985.821565998718143, 1978244.766163797816262 ], [ 8745985.821565998718143, 1978244.467738725943491 ], [ 8745985.52292906679213, 1978244.467738725943491 ], [ 8745985.52292906679213, 1978244.169313653837889 ], [ 8745985.224292134866118, 1978244.169313653837889 ], [ 8745985.224292134866118, 1978243.572463509859517 ], [ 8745984.925655202940106, 1978243.572463509859517 ], [ 8745984.925655202940106, 1978242.975613365648314 ], [ 8745984.627018271014094, 1978242.975613365648314 ], [ 8745984.627018271014094, 1978242.080338149564341 ], [ 8745984.328381339088082, 1978242.080338149564341 ], [ 8745984.328381339088082, 1978241.185062933480367 ], [ 8745984.02974440716207, 1978241.185062933480367 ], [ 8745984.02974440716207, 1978240.289787717396393 ], [ 8745983.731107475236058, 1978240.289787717396393 ], [ 8745983.731107475236058, 1978239.394512501079589 ], [ 8745983.432470543310046, 1978239.394512501079589 ], [ 8745983.432470543310046, 1978238.797662357101217 ], [ 8745983.133833611384034, 1978238.797662357101217 ], [ 8745983.133833611384034, 1978237.603962068911642 ], [ 8745982.835196681320667, 1978237.603962068911642 ], [ 8745982.835196681320667, 1978235.813411636743695 ], [ 8745982.536559749394655, 1978235.813411636743695 ], [ 8745982.536559749394655, 1978235.514986564638093 ], [ 8745982.835196681320667, 1978235.514986564638093 ], [ 8745982.835196681320667, 1978232.829160916386172 ], [ 8745983.133833611384034, 1978232.829160916386172 ], [ 8745983.133833611384034, 1978232.530735844280571 ], [ 8745983.432470543310046, 1978232.530735844280571 ], [ 8745983.432470543310046, 1978232.232310772174969 ], [ 8745983.731107475236058, 1978232.232310772174969 ], [ 8745983.731107475236058, 1978231.933885700069368 ], [ 8745984.627018271014094, 1978231.933885700069368 ], [ 8745984.627018271014094, 1978231.635460628196597 ], [ 8745985.821565998718143, 1978231.635460628196597 ], [ 8745985.821565998718143, 1978231.337035556090996 ], [ 8745987.314750658348203, 1978231.337035556090996 ], [ 8745987.314750658348203, 1978231.038610483985394 ], [ 8745988.210661454126239, 1978231.038610483985394 ], [ 8745988.210661454126239, 1978231.337035556090996 ], [ 8745988.807935316115618, 1978231.337035556090996 ], [ 8745988.807935316115618, 1978231.933885700069368 ], [ 8745989.10657224804163, 1978231.933885700069368 ], [ 8745989.10657224804163, 1978232.530735844280571 ], [ 8745989.405209179967642, 1978232.530735844280571 ], [ 8745989.405209179967642, 1978233.127585988258943 ], [ 8745989.703846111893654, 1978233.127585988258943 ], [ 8745989.703846111893654, 1978234.022861204575747 ], [ 8745990.002483043819666, 1978234.022861204575747 ], [ 8745990.002483043819666, 1978234.918136420659721 ], [ 8745990.301119975745678, 1978234.918136420659721 ], [ 8745990.301119975745678, 1978235.514986564638093 ], [ 8745990.59975690767169, 1978235.514986564638093 ], [ 8745990.59975690767169, 1978236.410261780722067 ], [ 8745990.898393839597702, 1978236.410261780722067 ], [ 8745990.898393839597702, 1978237.603962068911642 ], [ 8745991.197030771523714, 1978237.603962068911642 ], [ 8745991.197030771523714, 1978238.499237284995615 ], [ 8745991.495667703449726, 1978238.499237284995615 ], [ 8745991.495667703449726, 1978239.692937573185191 ], [ 8745991.794304635375738, 1978239.692937573185191 ], [ 8745991.794304635375738, 1978240.289787717396393 ], [ 8745992.09294156730175, 1978240.289787717396393 ], [ 8745992.09294156730175, 1978240.886637861374766 ], [ 8745992.391578499227762, 1978240.886637861374766 ], [ 8745992.391578499227762, 1978241.781913077458739 ], [ 8745992.690215431153774, 1978241.781913077458739 ], [ 8745992.690215431153774, 1978242.975613365648314 ], [ 8745992.988852363079786, 1978242.975613365648314 ], [ 8745992.988852363079786, 1978244.766163797816262 ], [ 8745992.690215431153774, 1978244.766163797816262 ], [ 8745992.690215431153774, 1978245.064588869921863 ], [ 8745992.09294156730175, 1978245.064588869921863 ], [ 8745992.09294156730175, 1978245.363013942027465 ], [ 8745990.898393839597702, 1978245.363013942027465 ], [ 8745990.898393839597702, 1978245.661439014133066 ], [ 8745989.10657224804163, 1978245.661439014133066 ] ] ] } },
{ "type": "Feature", "properties": { "value": 255.0 }, "geometry": { "type": "Polygon", "coordinates": [ [ [ 8745886.076830770820379, 1978246.855139302322641 ], [ 8745886.076830770820379, 1978246.55671423021704 ], [ 8745885.778193838894367, 1978246.55671423021704 ], [ 8745885.778193838894367, 1978245.959864086005837 ], [ 8745885.479556906968355, 1978245.959864086005837 ], [ 8745885.479556906968355, 1978243.572463509859517 ], [ 8745885.180919975042343, 1978243.572463509859517 ], [ 8745885.180919975042343, 1978240.289787717396393 ], [ 8745884.882283043116331, 1978240.289787717396393 ], [ 8745884.882283043116331, 1978235.216561492532492 ], [ 8745884.583646111190319, 1978235.216561492532492 ], [ 8745884.583646111190319, 1978233.724436132470146 ], [ 8745884.285009179264307, 1978233.724436132470146 ], [ 8745884.285009179264307, 1978232.530735844280571 ], [ 8745884.583646111190319, 1978232.530735844280571 ], [ 8745884.583646111190319, 1978231.933885700069368 ], [ 8745885.180919975042343, 1978231.933885700069368 ], [ 8745885.180919975042343, 1978231.635460628196597 ], [ 8745886.076830770820379, 1978231.635460628196597 ], [ 8745886.076830770820379, 1978231.337035556090996 ], [ 8745887.271378496661782, 1978231.337035556090996 ], [ 8745887.271378496661782, 1978231.038610483985394 ], [ 8745888.764563156291842, 1978231.038610483985394 ], [ 8745888.764563156291842, 1978230.740185412112623 ], [ 8745890.257747815921903, 1978230.740185412112623 ], [ 8745890.257747815921903, 1978231.038610483985394 ], [ 8745890.855021679773927, 1978231.038610483985394 ], [ 8745890.855021679773927, 1978231.337035556090996 ], [ 8745891.153658611699939, 1978231.337035556090996 ], [ 8745891.153658611699939, 1978231.635460628196597 ], [ 8745891.452295543625951, 1978231.635460628196597 ], [ 8745891.452295543625951, 1978231.933885700069368 ], [ 8745891.750932473689318, 1978231.933885700069368 ], [ 8745891.750932473689318, 1978232.530735844280571 ], [ 8745892.04956940561533, 1978232.530735844280571 ], [ 8745892.04956940561533, 1978233.426011060364544 ], [ 8745892.348206337541342, 1978233.426011060364544 ], [ 8745892.348206337541342, 1978234.022861204575747 ], [ 8745892.646843269467354, 1978234.022861204575747 ], [ 8745892.646843269467354, 1978234.321286276448518 ], [ 8745892.945480201393366, 1978234.321286276448518 ], [ 8745892.945480201393366, 1978234.918136420659721 ], [ 8745893.244117133319378, 1978234.918136420659721 ], [ 8745893.244117133319378, 1978236.111836708849296 ], [ 8745893.54275406524539, 1978236.111836708849296 ], [ 8745893.54275406524539, 1978237.30553699680604 ], [ 8745893.841390997171402, 1978237.30553699680604 ], [ 8745893.841390997171402, 1978238.797662357101217 ], [ 8745894.140027929097414, 1978238.797662357101217 ], [ 8745894.140027929097414, 1978239.991362645290792 ], [ 8745894.438664861023426, 1978239.991362645290792 ], [ 8745894.438664861023426, 1978241.781913077458739 ], [ 8745894.737301792949438, 1978241.781913077458739 ], [ 8745894.737301792949438, 1978244.169313653837889 ], [ 8745895.03593872487545, 1978244.169313653837889 ], [ 8745895.03593872487545, 1978244.766163797816262 ], [ 8745894.737301792949438, 1978244.766163797816262 ], [ 8745894.737301792949438, 1978245.661439014133066 ], [ 8745894.438664861023426, 1978245.661439014133066 ], [ 8745894.438664861023426, 1978245.959864086005837 ], [ 8745893.54275406524539, 1978245.959864086005837 ], [ 8745893.54275406524539, 1978246.258289158111438 ], [ 8745890.257747815921903, 1978246.258289158111438 ], [ 8745890.257747815921903, 1978246.55671423021704 ], [ 8745888.167289292439818, 1978246.55671423021704 ], [ 8745888.167289292439818, 1978246.855139302322641 ], [ 8745886.076830770820379, 1978246.855139302322641 ] ] ] } },
{ "type": "Feature", "properties": { "value": 255.0 }, "geometry": { "type": "Polygon", "coordinates": [ [ [ 8745950.582408044487238, 1978247.153564374195412 ], [ 8745950.582408044487238, 1978246.855139302322641 ], [ 8745944.908306339755654, 1978246.855139302322641 ], [ 8745944.908306339755654, 1978246.55671423021704 ], [ 8745944.609669407829642, 1978246.55671423021704 ], [ 8745944.609669407829642, 1978246.258289158111438 ], [ 8745944.31103247590363, 1978246.258289158111438 ], [ 8745944.31103247590363, 1978245.959864086005837 ], [ 8745944.012395543977618, 1978245.959864086005837 ], [ 8745944.012395543977618, 1978245.363013942027465 ], [ 8745943.713758612051606, 1978245.363013942027465 ], [ 8745943.713758612051606, 1978244.766163797816262 ], [ 8745943.415121680125594, 1978244.766163797816262 ], [ 8745943.415121680125594, 1978243.274038437753916 ], [ 8745943.713758612051606, 1978243.274038437753916 ], [ 8745943.713758612051606, 1978242.975613365648314 ], [ 8745942.519210884347558, 1978242.975613365648314 ], [ 8745942.519210884347558, 1978242.677188293542713 ], [ 8745942.220573952421546, 1978242.677188293542713 ], [ 8745942.220573952421546, 1978242.378763221669942 ], [ 8745941.921937020495534, 1978242.378763221669942 ], [ 8745941.921937020495534, 1978242.080338149564341 ], [ 8745941.623300088569522, 1978242.080338149564341 ], [ 8745941.623300088569522, 1978241.781913077458739 ], [ 8745941.32466315664351, 1978241.781913077458739 ], [ 8745941.32466315664351, 1978240.886637861374766 ], [ 8745941.026026224717498, 1978240.886637861374766 ], [ 8745941.026026224717498, 1978239.991362645290792 ], [ 8745940.727389292791486, 1978239.991362645290792 ], [ 8745940.727389292791486, 1978239.394512501079589 ], [ 8745940.428752360865474, 1978239.394512501079589 ], [ 8745940.428752360865474, 1978238.200812213122845 ], [ 8745940.130115428939462, 1978238.200812213122845 ], [ 8745940.130115428939462, 1978237.30553699680604 ], [ 8745939.831478498876095, 1978237.30553699680604 ], [ 8745939.831478498876095, 1978236.708686852827668 ], [ 8745939.532841566950083, 1978236.708686852827668 ], [ 8745939.532841566950083, 1978235.813411636743695 ], [ 8745939.234204635024071, 1978235.813411636743695 ], [ 8745939.234204635024071, 1978234.619711348554119 ], [ 8745938.935567703098059, 1978234.619711348554119 ], [ 8745938.935567703098059, 1978233.724436132470146 ], [ 8745938.636930771172047, 1978233.724436132470146 ], [ 8745938.636930771172047, 1978232.829160916386172 ], [ 8745938.338293839246035, 1978232.829160916386172 ], [ 8745938.338293839246035, 1978232.232310772174969 ], [ 8745938.039656907320023, 1978232.232310772174969 ], [ 8745938.039656907320023, 1978230.441760340007022 ], [ 8745938.338293839246035, 1978230.441760340007022 ], [ 8745938.338293839246035, 1978230.143335267901421 ], [ 8745939.234204635024071, 1978230.143335267901421 ], [ 8745939.234204635024071, 1978229.844910195795819 ], [ 8745940.130115428939462, 1978229.844910195795819 ], [ 8745940.130115428939462, 1978229.546485123923048 ], [ 8745941.32466315664351, 1978229.546485123923048 ], [ 8745941.32466315664351, 1978229.248060051817447 ], [ 8745941.921937020495534, 1978229.248060051817447 ], [ 8745941.921937020495534, 1978228.949634979711846 ], [ 8745944.31103247590363, 1978228.949634979711846 ], [ 8745944.31103247590363, 1978228.651209907839075 ], [ 8745944.609669407829642, 1978228.651209907839075 ], [ 8745944.609669407829642, 1978228.352784835733473 ], [ 8745945.505580201745033, 1978228.352784835733473 ], [ 8745945.505580201745033, 1978228.054359763627872 ], [ 8745946.998764861375093, 1978228.054359763627872 ], [ 8745946.998764861375093, 1978227.75593469152227 ], [ 8745948.491949521005154, 1978227.75593469152227 ], [ 8745948.491949521005154, 1978227.4575096196495 ], [ 8745949.089223384857178, 1978227.4575096196495 ], [ 8745949.089223384857178, 1978227.75593469152227 ], [ 8745949.985134180635214, 1978227.75593469152227 ], [ 8745949.985134180635214, 1978228.054359763627872 ], [ 8745950.283771112561226, 1978228.054359763627872 ], [ 8745950.283771112561226, 1978231.038610483985394 ], [ 8745950.582408044487238, 1978231.038610483985394 ], [ 8745950.582408044487238, 1978231.635460628196597 ], [ 8745950.881044974550605, 1978231.635460628196597 ], [ 8745950.881044974550605, 1978231.933885700069368 ], [ 8745951.179681906476617, 1978231.933885700069368 ], [ 8745951.179681906476617, 1978232.530735844280571 ], [ 8745951.478318838402629, 1978232.530735844280571 ], [ 8745951.478318838402629, 1978233.127585988258943 ], [ 8745951.776955770328641, 1978233.127585988258943 ], [ 8745951.776955770328641, 1978234.022861204575747 ], [ 8745952.075592702254653, 1978234.022861204575747 ], [ 8745952.075592702254653, 1978234.619711348554119 ], [ 8745952.374229634180665, 1978234.619711348554119 ], [ 8745952.374229634180665, 1978235.813411636743695 ], [ 8745952.672866566106677, 1978235.813411636743695 ], [ 8745952.672866566106677, 1978236.708686852827668 ], [ 8745952.971503498032689, 1978236.708686852827668 ], [ 8745952.971503498032689, 1978239.096087429206818 ], [ 8745952.672866566106677, 1978239.096087429206818 ], [ 8745952.672866566106677, 1978239.394512501079589 ], [ 8745952.374229634180665, 1978239.394512501079589 ], [ 8745952.374229634180665, 1978239.692937573185191 ], [ 8745952.075592702254653, 1978239.692937573185191 ], [ 8745952.075592702254653, 1978239.991362645290792 ], [ 8745951.478318838402629, 1978239.991362645290792 ], [ 8745951.478318838402629, 1978240.289787717396393 ], [ 8745952.672866566106677, 1978240.289787717396393 ], [ 8745952.672866566106677, 1978240.588212789269164 ], [ 8745953.270140429958701, 1978240.588212789269164 ], [ 8745953.270140429958701, 1978240.886637861374766 ], [ 8745953.568777361884713, 1978240.886637861374766 ], [ 8745953.568777361884713, 1978241.483488005585968 ], [ 8745953.867414293810725, 1978241.483488005585968 ], [ 8745953.867414293810725, 1978241.781913077458739 ], [ 8745954.166051225736737, 1978241.781913077458739 ], [ 8745954.166051225736737, 1978242.975613365648314 ], [ 8745954.464688157662749, 1978242.975613365648314 ], [ 8745954.464688157662749, 1978246.258289158111438 ], [ 8745954.166051225736737, 1978246.258289158111438 ], [ 8745954.166051225736737, 1978246.55671423021704 ], [ 8745953.867414293810725, 1978246.55671423021704 ], [ 8745953.867414293810725, 1978246.855139302322641 ], [ 8745953.270140429958701, 1978246.855139302322641 ], [ 8745953.270140429958701, 1978247.153564374195412 ], [ 8745950.582408044487238, 1978247.153564374195412 ] ], [ [ 8745943.713758612051606, 1978242.975613365648314 ], [ 8745944.31103247590363, 1978242.975613365648314 ], [ 8745944.31103247590363, 1978242.677188293542713 ], [ 8745943.713758612051606, 1978242.677188293542713 ], [ 8745943.713758612051606, 1978242.975613365648314 ] ], [ [ 8745944.609669407829642, 1978242.677188293542713 ], [ 8745944.908306339755654, 1978242.677188293542713 ], [ 8745944.908306339755654, 1978242.378763221669942 ], [ 8745944.609669407829642, 1978242.378763221669942 ], [ 8745944.609669407829642, 1978242.677188293542713 ] ], [ [ 8745945.206943271681666, 1978242.378763221669942 ], [ 8745946.102854065597057, 1978242.378763221669942 ], [ 8745946.102854065597057, 1978242.080338149564341 ], [ 8745945.206943271681666, 1978242.080338149564341 ], [ 8745945.206943271681666, 1978242.378763221669942 ] ], [ [ 8745946.401490997523069, 1978242.080338149564341 ], [ 8745946.998764861375093, 1978242.080338149564341 ], [ 8745946.998764861375093, 1978241.781913077458739 ], [ 8745946.401490997523069, 1978241.781913077458739 ], [ 8745946.401490997523069, 1978242.080338149564341 ] ], [ [ 8745946.998764861375093, 1978241.781913077458739 ], [ 8745947.596038725227118, 1978241.781913077458739 ], [ 8745947.596038725227118, 1978241.483488005585968 ], [ 8745948.193312589079142, 1978241.483488005585968 ], [ 8745948.193312589079142, 1978241.185062933480367 ], [ 8745948.491949521005154, 1978241.185062933480367 ], [ 8745948.491949521005154, 1978240.886637861374766 ], [ 8745947.89467565715313, 1978240.886637861374766 ], [ 8745947.89467565715313, 1978241.185062933480367 ], [ 8745947.297401793301105, 1978241.185062933480367 ], [ 8745947.297401793301105, 1978241.483488005585968 ], [ 8745946.998764861375093, 1978241.483488005585968 ], [ 8745946.998764861375093, 1978241.781913077458739 ] ] ] } },
{ "type": "Feature", "properties": { "value": 255.0 }, "geometry": { "type": "Polygon", "coordinates": [ [ [ 8745825.15489667840302, 1978257.896866967668757 ], [ 8745825.15489667840302, 1978257.598441895795986 ], [ 8745821.272616565227509, 1978257.598441895795986 ], [ 8745821.272616565227509, 1978257.300016823690385 ], [ 8745818.5848841778934, 1978257.300016823690385 ], [ 8745818.5848841778934, 1978256.10631653550081 ], [ 8745817.987610314041376, 1978256.10631653550081 ], [ 8745817.987610314041376, 1978255.807891463395208 ], [ 8745817.390336450189352, 1978255.807891463395208 ], [ 8745817.390336450189352, 1978256.10631653550081 ], [ 8745815.001240996643901, 1978256.10631653550081 ], [ 8745815.001240996643901, 1978255.509466391289607 ], [ 8745814.702604064717889, 1978255.509466391289607 ], [ 8745814.702604064717889, 1978254.614191175205633 ], [ 8745814.403967132791877, 1978254.614191175205633 ], [ 8745814.403967132791877, 1978254.315766103332862 ], [ 8745814.105330200865865, 1978254.315766103332862 ], [ 8745814.105330200865865, 1978253.420490887016058 ], [ 8745813.806693268939853, 1978253.420490887016058 ], [ 8745813.806693268939853, 1978250.734665238764137 ], [ 8745813.508056337013841, 1978250.734665238764137 ], [ 8745813.508056337013841, 1978248.645689734490588 ], [ 8745813.209419405087829, 1978248.645689734490588 ], [ 8745813.209419405087829, 1978245.363013942027465 ], [ 8745812.910782473161817, 1978245.363013942027465 ], [ 8745812.910782473161817, 1978242.677188293542713 ], [ 8745813.209419405087829, 1978242.677188293542713 ], [ 8745813.209419405087829, 1978242.080338149564341 ], [ 8745813.508056337013841, 1978242.080338149564341 ], [ 8745813.508056337013841, 1978241.781913077458739 ], [ 8745813.806693268939853, 1978241.781913077458739 ], [ 8745813.806693268939853, 1978241.483488005585968 ], [ 8745814.403967132791877, 1978241.483488005585968 ], [ 8745814.403967132791877, 1978241.185062933480367 ], [ 8745815.001240996643901, 1978241.185062933480367 ], [ 8745815.001240996643901, 1978240.886637861374766 ], [ 8745816.195788724347949, 1978240.886637861374766 ], [ 8745816.195788724347949, 1978240.588212789269164 ], [ 8745816.793062586337328, 1978240.588212789269164 ], [ 8745816.793062586337328, 1978240.289787717396393 ], [ 8745816.494425654411316, 1978240.289787717396393 ], [ 8745816.494425654411316, 1978239.394512501079589 ], [ 8745816.195788724347949, 1978239.394512501079589 ], [ 8745816.195788724347949, 1978237.00711192493327 ], [ 8745815.897151792421937, 1978237.00711192493327 ], [ 8745815.897151792421937, 1978234.022861204575747 ], [ 8745815.598514860495925, 1978234.022861204575747 ], [ 8745815.598514860495925, 1978228.352784835733473 ], [ 8745815.897151792421937, 1978228.352784835733473 ], [ 8745815.897151792421937, 1978228.054359763627872 ], [ 8745816.195788724347949, 1978228.054359763627872 ], [ 8745816.195788724347949, 1978227.75593469152227 ], [ 8745821.571253497153521, 1978227.75593469152227 ], [ 8745821.571253497153521, 1978228.054359763627872 ], [ 8745823.66171201877296, 1978228.054359763627872 ], [ 8745823.66171201877296, 1978227.75593469152227 ], [ 8745827.543992131948471, 1978227.75593469152227 ], [ 8745827.543992131948471, 1978227.4575096196495 ], [ 8745829.634450655430555, 1978227.4575096196495 ], [ 8745829.634450655430555, 1978227.159084547543898 ], [ 8745832.322183042764664, 1978227.159084547543898 ], [ 8745832.322183042764664, 1978226.860659475438297 ], [ 8745833.815367700532079, 1978226.860659475438297 ], [ 8745833.815367700532079, 1978227.159084547543898 ], [ 8745834.114004632458091, 1978227.159084547543898 ], [ 8745834.114004632458091, 1978227.75593469152227 ], [ 8745834.412641564384103, 1978227.75593469152227 ], [ 8745834.412641564384103, 1978229.844910195795819 ], [ 8745834.711278496310115, 1978229.844910195795819 ], [ 8745834.711278496310115, 1978232.232310772174969 ], [ 8745835.009915428236127, 1978232.232310772174969 ], [ 8745835.009915428236127, 1978236.410261780722067 ], [ 8745835.308552360162139, 1978236.410261780722067 ], [ 8745835.308552360162139, 1978238.797662357101217 ], [ 8745835.009915428236127, 1978238.797662357101217 ], [ 8745835.009915428236127, 1978239.096087429206818 ], [ 8745834.711278496310115, 1978239.096087429206818 ], [ 8745834.711278496310115, 1978239.394512501079589 ], [ 8745833.218093836680055, 1978239.394512501079589 ], [ 8745833.218093836680055, 1978239.692937573185191 ], [ 8745833.815367700532079, 1978239.692937573185191 ], [ 8745833.815367700532079, 1978239.991362645290792 ], [ 8745834.114004632458091, 1978239.991362645290792 ], [ 8745834.114004632458091, 1978240.289787717396393 ], [ 8745834.412641564384103, 1978240.289787717396393 ], [ 8745834.412641564384103, 1978243.572463509859517 ], [ 8745834.114004632458091, 1978243.572463509859517 ], [ 8745834.114004632458091, 1978244.467738725943491 ], [ 8745833.815367700532079, 1978244.467738725943491 ], [ 8745833.815367700532079, 1978246.258289158111438 ], [ 8745833.516730768606067, 1978246.258289158111438 ], [ 8745833.516730768606067, 1978246.855139302322641 ], [ 8745833.218093836680055, 1978246.855139302322641 ], [ 8745833.218093836680055, 1978247.750414518406615 ], [ 8745832.919456904754043, 1978247.750414518406615 ], [ 8745832.919456904754043, 1978248.347264662384987 ], [ 8745832.620819972828031, 1978248.347264662384987 ], [ 8745832.620819972828031, 1978248.645689734490588 ], [ 8745832.322183042764664, 1978248.645689734490588 ], [ 8745832.322183042764664, 1978248.94411480659619 ], [ 8745832.023546110838652, 1978248.94411480659619 ], [ 8745832.023546110838652, 1978249.242539878468961 ], [ 8745831.72490917891264, 1978249.242539878468961 ], [ 8745831.72490917891264, 1978249.540964950574562 ], [ 8745831.426272246986628, 1978249.540964950574562 ], [ 8745831.426272246986628, 1978250.137815094552934 ], [ 8745831.72490917891264, 1978250.137815094552934 ], [ 8745831.72490917891264, 1978251.033090310869738 ], [ 8745831.426272246986628, 1978251.033090310869738 ], [ 8745831.426272246986628, 1978251.629940454848111 ], [ 8745831.127635315060616, 1978251.629940454848111 ], [ 8745831.127635315060616, 1978253.420490887016058 ], [ 8745831.426272246986628, 1978253.420490887016058 ], [ 8745831.426272246986628, 1978253.718915959121659 ], [ 8745831.72490917891264, 1978253.718915959121659 ], [ 8745831.72490917891264, 1978254.017341031227261 ], [ 8745832.322183042764664, 1978254.017341031227261 ], [ 8745832.322183042764664, 1978254.315766103332862 ], [ 8745834.114004632458091, 1978254.315766103332862 ], [ 8745834.114004632458091, 1978254.614191175205633 ], [ 8745834.412641564384103, 1978254.614191175205633 ], [ 8745834.412641564384103, 1978256.404741607606411 ], [ 8745834.114004632458091, 1978256.404741607606411 ], [ 8745834.114004632458091, 1978257.001591751584783 ], [ 8745833.516730768606067, 1978257.001591751584783 ], [ 8745833.516730768606067, 1978257.300016823690385 ], [ 8745832.322183042764664, 1978257.300016823690385 ], [ 8745832.322183042764664, 1978257.598441895795986 ], [ 8745829.037176791578531, 1978257.598441895795986 ], [ 8745829.037176791578531, 1978257.896866967668757 ], [ 8745825.15489667840302, 1978257.896866967668757 ] ], [ [ 8745817.390336450189352, 1978240.886637861374766 ], [ 8745817.688973382115364, 1978240.886637861374766 ], [ 8745817.688973382115364, 1978240.588212789269164 ], [ 8745817.390336450189352, 1978240.588212789269164 ], [ 8745817.390336450189352, 1978240.886637861374766 ] ], [ [ 8745819.779431905597448, 1978240.588212789269164 ], [ 8745824.856259746477008, 1978240.588212789269164 ], [ 8745824.856259746477008, 1978240.289787717396393 ], [ 8745819.779431905597448, 1978240.289787717396393 ], [ 8745819.779431905597448, 1978240.588212789269164 ] ], [ [ 8745824.856259746477008, 1978240.289787717396393 ], [ 8745826.64808133803308, 1978240.289787717396393 ], [ 8745826.64808133803308, 1978239.991362645290792 ], [ 8745824.856259746477008, 1978239.991362645290792 ], [ 8745824.856259746477008, 1978240.289787717396393 ] ], [ [ 8745830.828998383134604, 1978239.692937573185191 ], [ 8745831.72490917891264, 1978239.692937573185191 ], [ 8745831.72490917891264, 1978239.394512501079589 ], [ 8745830.828998383134604, 1978239.394512501079589 ], [ 8745830.828998383134604, 1978239.692937573185191 ] ] ] } },
{ "type": "Feature", "properties": { "value": 255.0 }, "geometry": { "type": "Polygon", "coordinates": [ [ [ 8746065.55762679502368, 1978244.169313653837889 ], [ 8746065.55762679502368, 1978243.572463509859517 ], [ 8746065.258989863097668, 1978243.572463509859517 ], [ 8746065.258989863097668, 1978243.274038437753916 ], [ 8746064.960352931171656, 1978243.274038437753916 ], [ 8746064.960352931171656, 1978242.378763221669942 ], [ 8746064.661715999245644, 1978242.378763221669942 ], [ 8746064.661715999245644, 1978241.781913077458739 ], [ 8746064.363079067319632, 1978241.781913077458739 ], [ 8746064.363079067319632, 1978240.886637861374766 ], [ 8746064.06444213539362, 1978240.886637861374766 ], [ 8746064.06444213539362, 1978240.588212789269164 ], [ 8746063.765805203467607, 1978240.588212789269164 ], [ 8746063.765805203467607, 1978239.991362645290792 ], [ 8746063.467168273404241, 1978239.991362645290792 ], [ 8746063.467168273404241, 1978239.394512501079589 ], [ 8746063.168531341478229, 1978239.394512501079589 ], [ 8746063.168531341478229, 1978238.499237284995615 ], [ 8746062.869894409552217, 1978238.499237284995615 ], [ 8746062.869894409552217, 1978237.902387141017243 ], [ 8746062.571257477626204, 1978237.902387141017243 ], [ 8746062.571257477626204, 1978237.30553699680604 ], [ 8746062.272620545700192, 1978237.30553699680604 ], [ 8746062.272620545700192, 1978236.410261780722067 ], [ 8746061.97398361377418, 1978236.410261780722067 ], [ 8746061.97398361377418, 1978235.813411636743695 ], [ 8746061.675346681848168, 1978235.813411636743695 ], [ 8746061.675346681848168, 1978234.918136420659721 ], [ 8746061.376709749922156, 1978234.918136420659721 ], [ 8746061.376709749922156, 1978234.321286276448518 ], [ 8746061.078072817996144, 1978234.321286276448518 ], [ 8746061.078072817996144, 1978233.127585988258943 ], [ 8746060.779435886070132, 1978233.127585988258943 ], [ 8746060.779435886070132, 1978232.232310772174969 ], [ 8746060.48079895414412, 1978232.232310772174969 ], [ 8746060.48079895414412, 1978231.038610483985394 ], [ 8746060.182162022218108, 1978231.038610483985394 ], [ 8746060.182162022218108, 1978229.546485123923048 ], [ 8746059.883525090292096, 1978229.546485123923048 ], [ 8746059.883525090292096, 1978229.248060051817447 ], [ 8746060.182162022218108, 1978229.248060051817447 ], [ 8746060.182162022218108, 1978228.054359763627872 ], [ 8746060.48079895414412, 1978228.054359763627872 ], [ 8746060.48079895414412, 1978227.75593469152227 ], [ 8746060.779435886070132, 1978227.75593469152227 ], [ 8746060.779435886070132, 1978227.4575096196495 ], [ 8746061.376709749922156, 1978227.4575096196495 ], [ 8746061.376709749922156, 1978227.159084547543898 ], [ 8746062.272620545700192, 1978227.159084547543898 ], [ 8746062.272620545700192, 1978226.860659475438297 ], [ 8746063.168531341478229, 1978226.860659475438297 ], [ 8746063.168531341478229, 1978226.562234403332695 ], [ 8746063.765805203467607, 1978226.562234403332695 ], [ 8746063.765805203467607, 1978226.263809331459925 ], [ 8746064.960352931171656, 1978226.263809331459925 ], [ 8746064.960352931171656, 1978225.965384259354323 ], [ 8746066.752174522727728, 1978225.965384259354323 ], [ 8746066.752174522727728, 1978225.666959187248722 ], [ 8746067.946722250431776, 1978225.666959187248722 ], [ 8746067.946722250431776, 1978225.368534115375951 ], [ 8746069.738543840125203, 1978225.368534115375951 ], [ 8746069.738543840125203, 1978225.965384259354323 ], [ 8746070.037180772051215, 1978225.965384259354323 ], [ 8746070.037180772051215, 1978226.562234403332695 ], [ 8746070.335817703977227, 1978226.562234403332695 ], [ 8746070.335817703977227, 1978227.159084547543898 ], [ 8746070.634454635903239, 1978227.159084547543898 ], [ 8746070.634454635903239, 1978228.054359763627872 ], [ 8746070.933091567829251, 1978228.054359763627872 ], [ 8746070.933091567829251, 1978229.248060051817447 ], [ 8746071.231728499755263, 1978229.248060051817447 ], [ 8746071.231728499755263, 1978230.441760340007022 ], [ 8746071.829002363607287, 1978230.441760340007022 ], [ 8746071.829002363607287, 1978242.080338149564341 ], [ 8746071.231728499755263, 1978242.080338149564341 ], [ 8746071.231728499755263, 1978242.378763221669942 ], [ 8746070.634454635903239, 1978242.378763221669942 ], [ 8746070.634454635903239, 1978242.677188293542713 ], [ 8746070.335817703977227, 1978242.677188293542713 ], [ 8746070.335817703977227, 1978242.975613365648314 ], [ 8746069.439906908199191, 1978242.975613365648314 ], [ 8746069.439906908199191, 1978243.274038437753916 ], [ 8746068.842633046209812, 1978243.274038437753916 ], [ 8746068.842633046209812, 1978243.572463509859517 ], [ 8746068.245359182357788, 1978243.572463509859517 ], [ 8746068.245359182357788, 1978243.870888581732288 ], [ 8746067.349448386579752, 1978243.870888581732288 ], [ 8746067.349448386579752, 1978244.169313653837889 ], [ 8746065.55762679502368, 1978244.169313653837889 ] ] ] } },
{ "type": "Feature", "properties": { "value": 255.0 }, "geometry": { "type": "Polygon", "coordinates": [ [ [ 8745896.52912338450551, 1978242.378763221669942 ], [ 8745896.52912338450551, 1978242.080338149564341 ], [ 8745896.230486452579498, 1978242.080338149564341 ], [ 8745896.230486452579498, 1978241.781913077458739 ], [ 8745895.931849520653486, 1978241.781913077458739 ], [ 8745895.931849520653486, 1978240.886637861374766 ], [ 8745895.633212588727474, 1978240.886637861374766 ], [ 8745895.633212588727474, 1978239.692937573185191 ], [ 8745895.334575656801462, 1978239.692937573185191 ], [ 8745895.334575656801462, 1978238.499237284995615 ], [ 8745895.03593872487545, 1978238.499237284995615 ], [ 8745895.03593872487545, 1978237.30553699680604 ], [ 8745894.737301792949438, 1978237.30553699680604 ], [ 8745894.737301792949438, 1978236.111836708849296 ], [ 8745894.438664861023426, 1978236.111836708849296 ], [ 8745894.438664861023426, 1978233.724436132470146 ], [ 8745894.737301792949438, 1978233.724436132470146 ], [ 8745894.737301792949438, 1978233.426011060364544 ], [ 8745895.633212588727474, 1978233.426011060364544 ], [ 8745895.633212588727474, 1978233.127585988258943 ], [ 8745894.438664861023426, 1978233.127585988258943 ], [ 8745894.438664861023426, 1978232.829160916386172 ], [ 8745893.841390997171402, 1978232.829160916386172 ], [ 8745893.841390997171402, 1978232.232310772174969 ], [ 8745893.54275406524539, 1978232.232310772174969 ], [ 8745893.54275406524539, 1978231.038610483985394 ], [ 8745893.244117133319378, 1978231.038610483985394 ], [ 8745893.244117133319378, 1978230.143335267901421 ], [ 8745892.945480201393366, 1978230.143335267901421 ], [ 8745892.945480201393366, 1978228.651209907839075 ], [ 8745892.646843269467354, 1978228.651209907839075 ], [ 8745892.646843269467354, 1978227.4575096196495 ], [ 8745892.348206337541342, 1978227.4575096196495 ], [ 8745892.348206337541342, 1978225.965384259354323 ], [ 8745892.04956940561533, 1978225.965384259354323 ], [ 8745892.04956940561533, 1978225.666959187248722 ], [ 8745892.348206337541342, 1978225.666959187248722 ], [ 8745892.348206337541342, 1978224.771683971164748 ], [ 8745892.646843269467354, 1978224.771683971164748 ], [ 8745892.646843269467354, 1978224.473258899059147 ], [ 8745893.841390997171402, 1978224.473258899059147 ], [ 8745893.841390997171402, 1978224.174833827186376 ], [ 8745894.737301792949438, 1978224.174833827186376 ], [ 8745894.737301792949438, 1978223.876408755080774 ], [ 8745895.633212588727474, 1978223.876408755080774 ], [ 8745895.633212588727474, 1978223.577983682975173 ], [ 8745896.827760316431522, 1978223.577983682975173 ], [ 8745896.827760316431522, 1978223.279558611102402 ], [ 8745898.022308042272925, 1978223.279558611102402 ], [ 8745898.022308042272925, 1978222.981133538996801 ], [ 8745898.918218838050961, 1978222.981133538996801 ], [ 8745898.918218838050961, 1978222.682708466891199 ], [ 8745900.710040429607034, 1978222.682708466891199 ], [ 8745900.710040429607034, 1978222.981133538996801 ], [ 8745901.008677361533046, 1978222.981133538996801 ], [ 8745901.008677361533046, 1978223.876408755080774 ], [ 8745901.307314293459058, 1978223.876408755080774 ], [ 8745901.307314293459058, 1978224.771683971164748 ], [ 8745901.60595122538507, 1978224.771683971164748 ], [ 8745901.60595122538507, 1978225.965384259354323 ], [ 8745901.904588157311082, 1978225.965384259354323 ], [ 8745901.904588157311082, 1978227.159084547543898 ], [ 8745902.203225089237094, 1978227.159084547543898 ], [ 8745902.203225089237094, 1978228.352784835733473 ], [ 8745902.501862019300461, 1978228.352784835733473 ], [ 8745902.501862019300461, 1978228.949634979711846 ], [ 8745902.800498951226473, 1978228.949634979711846 ], [ 8745902.800498951226473, 1978230.441760340007022 ], [ 8745902.501862019300461, 1978230.441760340007022 ], [ 8745902.501862019300461, 1978230.740185412112623 ], [ 8745902.203225089237094, 1978230.740185412112623 ], [ 8745902.203225089237094, 1978231.038610483985394 ], [ 8745901.307314293459058, 1978231.038610483985394 ], [ 8745901.307314293459058, 1978231.337035556090996 ], [ 8745902.800498951226473, 1978231.337035556090996 ], [ 8745902.800498951226473, 1978231.933885700069368 ], [ 8745903.099135883152485, 1978231.933885700069368 ], [ 8745903.099135883152485, 1978232.232310772174969 ], [ 8745903.397772815078497, 1978232.232310772174969 ], [ 8745903.397772815078497, 1978233.426011060364544 ], [ 8745903.696409747004509, 1978233.426011060364544 ], [ 8745903.696409747004509, 1978234.619711348554119 ], [ 8745903.995046678930521, 1978234.619711348554119 ], [ 8745903.995046678930521, 1978235.813411636743695 ], [ 8745904.293683610856533, 1978235.813411636743695 ], [ 8745904.293683610856533, 1978237.00711192493327 ], [ 8745903.995046678930521, 1978237.00711192493327 ], [ 8745903.995046678930521, 1978237.603962068911642 ], [ 8745903.696409747004509, 1978237.603962068911642 ], [ 8745903.696409747004509, 1978237.902387141017243 ], [ 8745903.397772815078497, 1978237.902387141017243 ], [ 8745903.397772815078497, 1978238.200812213122845 ], [ 8745903.099135883152485, 1978238.200812213122845 ], [ 8745903.099135883152485, 1978238.797662357101217 ], [ 8745902.800498951226473, 1978238.797662357101217 ], [ 8745902.800498951226473, 1978239.991362645290792 ], [ 8745902.501862019300461, 1978239.991362645290792 ], [ 8745902.501862019300461, 1978240.588212789269164 ], [ 8745902.203225089237094, 1978240.588212789269164 ], [ 8745902.203225089237094, 1978240.886637861374766 ], [ 8745901.60595122538507, 1978240.886637861374766 ], [ 8745901.60595122538507, 1978241.185062933480367 ], [ 8745900.710040429607034, 1978241.185062933480367 ], [ 8745900.710040429607034, 1978241.483488005585968 ], [ 8745899.814129633828998, 1978241.483488005585968 ], [ 8745899.814129633828998, 1978241.781913077458739 ], [ 8745898.619581906124949, 1978241.781913077458739 ], [ 8745898.619581906124949, 1978242.080338149564341 ], [ 8745897.723671110346913, 1978242.080338149564341 ], [ 8745897.723671110346913, 1978242.378763221669942 ], [ 8745896.52912338450551, 1978242.378763221669942 ] ], [ [ 8745895.633212588727474, 1978233.127585988258943 ], [ 8745897.126397246494889, 1978233.127585988258943 ], [ 8745897.126397246494889, 1978232.829160916386172 ], [ 8745895.633212588727474, 1978232.829160916386172 ], [ 8745895.633212588727474, 1978233.127585988258943 ] ], [ [ 8745897.425034178420901, 1978232.829160916386172 ], [ 8745898.022308042272925, 1978232.829160916386172 ], [ 8745898.022308042272925, 1978232.530735844280571 ], [ 8745897.425034178420901, 1978232.530735844280571 ], [ 8745897.425034178420901, 1978232.829160916386172 ] ], [ [ 8745898.619581906124949, 1978232.530735844280571 ], [ 8745898.918218838050961, 1978232.530735844280571 ], [ 8745898.918218838050961, 1978232.232310772174969 ], [ 8745898.619581906124949, 1978232.232310772174969 ], [ 8745898.619581906124949, 1978232.530735844280571 ] ], [ [ 8745899.216855769976974, 1978232.232310772174969 ], [ 8745900.11276656575501, 1978232.232310772174969 ], [ 8745900.11276656575501, 1978231.933885700069368 ], [ 8745899.216855769976974, 1978231.933885700069368 ], [ 8745899.216855769976974, 1978232.232310772174969 ] ], [ [ 8745900.11276656575501, 1978231.933885700069368 ], [ 8745900.710040429607034, 1978231.933885700069368 ], [ 8745900.710040429607034, 1978231.635460628196597 ], [ 8745900.11276656575501, 1978231.635460628196597 ], [ 8745900.11276656575501, 1978231.933885700069368 ] ], [ [ 8745900.710040429607034, 1978231.635460628196597 ], [ 8745901.307314293459058, 1978231.635460628196597 ], [ 8745901.307314293459058, 1978231.337035556090996 ], [ 8745900.710040429607034, 1978231.337035556090996 ], [ 8745900.710040429607034, 1978231.635460628196597 ] ] ] } },
{ "type": "Feature", "properties": { "value": 255.0 }, "geometry": { "type": "Polygon", "coordinates": [ [ [ 8745956.256509747356176, 1978233.724436132470146 ], [ 8745956.256509747356176, 1978233.426011060364544 ], [ 8745955.957872817292809, 1978233.426011060364544 ], [ 8745955.957872817292809, 1978233.127585988258943 ], [ 8745955.659235885366797, 1978233.127585988258943 ], [ 8745955.659235885366797, 1978232.530735844280571 ], [ 8745955.360598953440785, 1978232.530735844280571 ], [ 8745955.360598953440785, 1978231.933885700069368 ], [ 8745955.061962021514773, 1978231.933885700069368 ], [ 8745955.061962021514773, 1978231.038610483985394 ], [ 8745954.763325089588761, 1978231.038610483985394 ], [ 8745954.763325089588761, 1978230.143335267901421 ], [ 8745954.464688157662749, 1978230.143335267901421 ], [ 8745954.464688157662749, 1978229.546485123923048 ], [ 8745954.166051225736737, 1978229.546485123923048 ], [ 8745954.166051225736737, 1978228.651209907839075 ], [ 8745953.867414293810725, 1978228.651209907839075 ], [ 8745953.867414293810725, 1978228.054359763627872 ], [ 8745953.568777361884713, 1978228.054359763627872 ], [ 8745953.568777361884713, 1978227.159084547543898 ], [ 8745953.270140429958701, 1978227.159084547543898 ], [ 8745953.270140429958701, 1978226.263809331459925 ], [ 8745952.971503498032689, 1978226.263809331459925 ], [ 8745952.971503498032689, 1978225.368534115375951 ], [ 8745952.672866566106677, 1978225.368534115375951 ], [ 8745952.672866566106677, 1978224.473258899059147 ], [ 8745952.374229634180665, 1978224.473258899059147 ], [ 8745952.374229634180665, 1978223.279558611102402 ], [ 8745952.075592702254653, 1978223.279558611102402 ], [ 8745952.075592702254653, 1978222.384283394785598 ], [ 8745951.776955770328641, 1978222.384283394785598 ], [ 8745951.776955770328641, 1978220.593732962617651 ], [ 8745952.374229634180665, 1978220.593732962617651 ], [ 8745952.374229634180665, 1978220.295307890512049 ], [ 8745953.270140429958701, 1978220.295307890512049 ], [ 8745953.270140429958701, 1978219.996882818639278 ], [ 8745953.867414293810725, 1978219.996882818639278 ], [ 8745953.867414293810725, 1978219.698457746533677 ], [ 8745955.061962021514773, 1978219.698457746533677 ], [ 8745955.061962021514773, 1978219.400032674428076 ], [ 8745955.659235885366797, 1978219.400032674428076 ], [ 8745955.659235885366797, 1978219.101607602322474 ], [ 8745956.8537836112082, 1978219.101607602322474 ], [ 8745956.8537836112082, 1978218.803182530449703 ], [ 8745957.749694406986237, 1978218.803182530449703 ], [ 8745957.749694406986237, 1978218.504757458344102 ], [ 8745958.645605202764273, 1978218.504757458344102 ], [ 8745958.645605202764273, 1978218.2063323862385 ], [ 8745959.541515998542309, 1978218.2063323862385 ], [ 8745959.541515998542309, 1978217.90790731436573 ], [ 8745960.437426794320345, 1978217.90790731436573 ], [ 8745960.437426794320345, 1978217.609482242260128 ], [ 8745961.631974520161748, 1978217.609482242260128 ], [ 8745961.631974520161748, 1978217.311057170154527 ], [ 8745963.722433043643832, 1978217.311057170154527 ], [ 8745963.722433043643832, 1978217.609482242260128 ], [ 8745964.021069975569844, 1978217.609482242260128 ], [ 8745964.021069975569844, 1978218.2063323862385 ], [ 8745964.319706907495856, 1978218.2063323862385 ], [ 8745964.319706907495856, 1978218.504757458344102 ], [ 8745964.618343839421868, 1978218.504757458344102 ], [ 8745964.618343839421868, 1978219.101607602322474 ], [ 8745964.91698077134788, 1978219.101607602322474 ], [ 8745964.91698077134788, 1978219.698457746533677 ], [ 8745965.215617703273892, 1978219.698457746533677 ], [ 8745965.215617703273892, 1978220.593732962617651 ], [ 8745965.514254635199904, 1978220.593732962617651 ], [ 8745965.514254635199904, 1978221.787433250807226 ], [ 8745965.812891567125916, 1978221.787433250807226 ], [ 8745965.812891567125916, 1978222.682708466891199 ], [ 8745966.111528499051929, 1978222.682708466891199 ], [ 8745966.111528499051929, 1978223.577983682975173 ], [ 8745966.410165430977941, 1978223.577983682975173 ], [ 8745966.410165430977941, 1978224.174833827186376 ], [ 8745966.708802362903953, 1978224.174833827186376 ], [ 8745966.708802362903953, 1978225.07010904327035 ], [ 8745967.007439292967319, 1978225.07010904327035 ], [ 8745967.007439292967319, 1978225.368534115375951 ], [ 8745967.306076224893332, 1978225.368534115375951 ], [ 8745967.306076224893332, 1978225.965384259354323 ], [ 8745967.604713156819344, 1978225.965384259354323 ], [ 8745967.604713156819344, 1978226.562234403332695 ], [ 8745967.903350088745356, 1978226.562234403332695 ], [ 8745967.903350088745356, 1978228.651209907839075 ], [ 8745967.604713156819344, 1978228.651209907839075 ], [ 8745967.604713156819344, 1978228.949634979711846 ], [ 8745967.306076224893332, 1978228.949634979711846 ], [ 8745967.306076224893332, 1978229.248060051817447 ], [ 8745966.708802362903953, 1978229.248060051817447 ], [ 8745966.708802362903953, 1978229.546485123923048 ], [ 8745966.111528499051929, 1978229.546485123923048 ], [ 8745966.111528499051929, 1978229.844910195795819 ], [ 8745965.215617703273892, 1978229.844910195795819 ], [ 8745965.215617703273892, 1978230.143335267901421 ], [ 8745964.319706907495856, 1978230.143335267901421 ], [ 8745964.319706907495856, 1978230.441760340007022 ], [ 8745963.42379611171782, 1978230.441760340007022 ], [ 8745963.42379611171782, 1978230.740185412112623 ], [ 8745962.826522247865796, 1978230.740185412112623 ], [ 8745962.826522247865796, 1978231.038610483985394 ], [ 8745962.229248384013772, 1978231.038610483985394 ], [ 8745962.229248384013772, 1978231.337035556090996 ], [ 8745961.631974520161748, 1978231.337035556090996 ], [ 8745961.631974520161748, 1978231.635460628196597 ], [ 8745960.736063726246357, 1978231.635460628196597 ], [ 8745960.736063726246357, 1978231.933885700069368 ], [ 8745960.437426794320345, 1978231.933885700069368 ], [ 8745960.437426794320345, 1978232.232310772174969 ], [ 8745959.840152930468321, 1978232.232310772174969 ], [ 8745959.840152930468321, 1978232.530735844280571 ], [ 8745959.242879066616297, 1978232.530735844280571 ], [ 8745959.242879066616297, 1978232.829160916386172 ], [ 8745958.645605202764273, 1978232.829160916386172 ], [ 8745958.645605202764273, 1978233.127585988258943 ], [ 8745957.451057475060225, 1978233.127585988258943 ], [ 8745957.451057475060225, 1978233.426011060364544 ], [ 8745956.8537836112082, 1978233.426011060364544 ], [ 8745956.8537836112082, 1978233.724436132470146 ], [ 8745956.256509747356176, 1978233.724436132470146 ] ] ] } },
{ "type": "Feature", "properties": { "value": 255.0 }, "geometry": { "type": "Polygon", "coordinates": [ [ [ 8745913.252791564911604, 1978231.038610483985394 ], [ 8745913.252791564911604, 1978230.740185412112623 ], [ 8745912.954154634848237, 1978230.740185412112623 ], [ 8745912.954154634848237, 1978230.441760340007022 ], [ 8745912.655517702922225, 1978230.441760340007022 ], [ 8745912.655517702922225, 1978229.844910195795819 ], [ 8745912.356880770996213, 1978229.844910195795819 ], [ 8745912.356880770996213, 1978228.651209907839075 ], [ 8745912.058243839070201, 1978228.651209907839075 ], [ 8745912.058243839070201, 1978228.054359763627872 ], [ 8745911.759606907144189, 1978228.054359763627872 ], [ 8745911.759606907144189, 1978227.159084547543898 ], [ 8745911.460969975218177, 1978227.159084547543898 ], [ 8745911.460969975218177, 1978226.263809331459925 ], [ 8745911.162333043292165, 1978226.263809331459925 ], [ 8745911.162333043292165, 1978225.368534115375951 ], [ 8745910.863696111366153, 1978225.368534115375951 ], [ 8745910.863696111366153, 1978224.473258899059147 ], [ 8745910.565059179440141, 1978224.473258899059147 ], [ 8745910.565059179440141, 1978223.876408755080774 ], [ 8745910.266422247514129, 1978223.876408755080774 ], [ 8745910.266422247514129, 1978222.682708466891199 ], [ 8745909.967785315588117, 1978222.682708466891199 ], [ 8745909.967785315588117, 1978220.593732962617651 ], [ 8745910.266422247514129, 1978220.593732962617651 ], [ 8745910.266422247514129, 1978219.400032674428076 ], [ 8745910.565059179440141, 1978219.400032674428076 ], [ 8745910.565059179440141, 1978219.101607602322474 ], [ 8745911.162333043292165, 1978219.101607602322474 ], [ 8745911.162333043292165, 1978218.803182530449703 ], [ 8745912.058243839070201, 1978218.803182530449703 ], [ 8745912.058243839070201, 1978218.504757458344102 ], [ 8745912.954154634848237, 1978218.504757458344102 ], [ 8745912.954154634848237, 1978218.2063323862385 ], [ 8745913.850065428763628, 1978218.2063323862385 ], [ 8745913.850065428763628, 1978217.90790731436573 ], [ 8745914.447339292615652, 1978217.90790731436573 ], [ 8745914.447339292615652, 1978217.609482242260128 ], [ 8745915.6418870203197, 1978217.609482242260128 ], [ 8745915.6418870203197, 1978217.311057170154527 ], [ 8745916.537797816097736, 1978217.311057170154527 ], [ 8745916.537797816097736, 1978217.012632098048925 ], [ 8745917.433708611875772, 1978217.012632098048925 ], [ 8745917.433708611875772, 1978216.714207026176155 ], [ 8745918.030982475727797, 1978216.714207026176155 ], [ 8745918.030982475727797, 1978216.415781954070553 ], [ 8745919.2255302015692, 1978216.415781954070553 ], [ 8745919.2255302015692, 1978216.117356881964952 ], [ 8745921.913262588903308, 1978216.117356881964952 ], [ 8745921.913262588903308, 1978216.415781954070553 ], [ 8745922.510536452755332, 1978216.415781954070553 ], [ 8745922.510536452755332, 1978217.012632098048925 ], [ 8745922.809173384681344, 1978217.012632098048925 ], [ 8745922.809173384681344, 1978217.609482242260128 ], [ 8745923.107810316607356, 1978217.609482242260128 ], [ 8745923.107810316607356, 1978218.2063323862385 ], [ 8745923.406447248533368, 1978218.2063323862385 ], [ 8745923.406447248533368, 1978218.803182530449703 ], [ 8745923.70508418045938, 1978218.803182530449703 ], [ 8745923.70508418045938, 1978219.400032674428076 ], [ 8745924.003721110522747, 1978219.400032674428076 ], [ 8745924.003721110522747, 1978219.996882818639278 ], [ 8745924.302358042448759, 1978219.996882818639278 ], [ 8745924.302358042448759, 1978220.892158034723252 ], [ 8745924.600994974374771, 1978220.892158034723252 ], [ 8745924.600994974374771, 1978221.489008178701624 ], [ 8745924.899631906300783, 1978221.489008178701624 ], [ 8745924.899631906300783, 1978222.384283394785598 ], [ 8745925.198268838226795, 1978222.384283394785598 ], [ 8745925.198268838226795, 1978223.279558611102402 ], [ 8745925.496905770152807, 1978223.279558611102402 ], [ 8745925.496905770152807, 1978224.174833827186376 ], [ 8745925.795542702078819, 1978224.174833827186376 ], [ 8745925.795542702078819, 1978225.368534115375951 ], [ 8745926.094179634004831, 1978225.368534115375951 ], [ 8745926.094179634004831, 1978226.562234403332695 ], [ 8745925.795542702078819, 1978226.562234403332695 ], [ 8745925.795542702078819, 1978227.159084547543898 ], [ 8745925.496905770152807, 1978227.159084547543898 ], [ 8745925.496905770152807, 1978227.4575096196495 ], [ 8745924.899631906300783, 1978227.4575096196495 ], [ 8745924.899631906300783, 1978227.75593469152227 ], [ 8745923.406447248533368, 1978227.75593469152227 ], [ 8745923.406447248533368, 1978228.054359763627872 ], [ 8745922.510536452755332, 1978228.054359763627872 ], [ 8745922.510536452755332, 1978228.352784835733473 ], [ 8745921.913262588903308, 1978228.352784835733473 ], [ 8745921.913262588903308, 1978228.651209907839075 ], [ 8745921.017351793125272, 1978228.651209907839075 ], [ 8745921.017351793125272, 1978228.949634979711846 ], [ 8745920.121440997347236, 1978228.949634979711846 ], [ 8745920.121440997347236, 1978229.248060051817447 ], [ 8745919.524167133495212, 1978229.248060051817447 ], [ 8745919.524167133495212, 1978229.546485123923048 ], [ 8745918.628256337717175, 1978229.546485123923048 ], [ 8745918.628256337717175, 1978229.844910195795819 ], [ 8745917.433708611875772, 1978229.844910195795819 ], [ 8745917.433708611875772, 1978230.143335267901421 ], [ 8745916.836434748023748, 1978230.143335267901421 ], [ 8745916.836434748023748, 1978230.441760340007022 ], [ 8745915.940523952245712, 1978230.441760340007022 ], [ 8745915.940523952245712, 1978230.740185412112623 ], [ 8745915.044613156467676, 1978230.740185412112623 ], [ 8745915.044613156467676, 1978231.038610483985394 ], [ 8745913.252791564911604, 1978231.038610483985394 ] ] ] } },
{ "type": "Feature", "properties": { "value": 255.0 }, "geometry": { "type": "Polygon", "coordinates": [ [ [ 8745815.598514860495925, 1978226.860659475438297 ], [ 8745815.598514860495925, 1978226.562234403332695 ], [ 8745814.702604064717889, 1978226.562234403332695 ], [ 8745814.702604064717889, 1978226.263809331459925 ], [ 8745814.403967132791877, 1978226.263809331459925 ], [ 8745814.403967132791877, 1978225.965384259354323 ], [ 8745814.105330200865865, 1978225.965384259354323 ], [ 8745814.105330200865865, 1978225.666959187248722 ], [ 8745813.806693268939853, 1978225.666959187248722 ], [ 8745813.806693268939853, 1978223.279558611102402 ], [ 8745813.508056337013841, 1978223.279558611102402 ], [ 8745813.508056337013841, 1978216.415781954070553 ], [ 8745813.209419405087829, 1978216.415781954070553 ], [ 8745813.209419405087829, 1978214.028381377691403 ], [ 8745813.508056337013841, 1978214.028381377691403 ], [ 8745813.508056337013841, 1978213.431531233713031 ], [ 8745813.806693268939853, 1978213.431531233713031 ], [ 8745813.806693268939853, 1978213.133106161607429 ], [ 8745819.779431905597448, 1978213.133106161607429 ], [ 8745819.779431905597448, 1978213.431531233713031 ], [ 8745820.376705769449472, 1978213.431531233713031 ], [ 8745820.376705769449472, 1978213.729956305585802 ], [ 8745821.869890427216887, 1978213.729956305585802 ], [ 8745821.869890427216887, 1978214.028381377691403 ], [ 8745826.050807474181056, 1978214.028381377691403 ], [ 8745826.050807474181056, 1978213.729956305585802 ], [ 8745827.543992131948471, 1978213.729956305585802 ], [ 8745827.543992131948471, 1978214.028381377691403 ], [ 8745828.141265995800495, 1978214.028381377691403 ], [ 8745828.141265995800495, 1978213.729956305585802 ], [ 8745831.127635315060616, 1978213.729956305585802 ], [ 8745831.127635315060616, 1978213.431531233713031 ], [ 8745831.72490917891264, 1978213.431531233713031 ], [ 8745831.72490917891264, 1978213.729956305585802 ], [ 8745832.023546110838652, 1978213.729956305585802 ], [ 8745832.023546110838652, 1978214.028381377691403 ], [ 8745832.620819972828031, 1978214.028381377691403 ], [ 8745832.620819972828031, 1978214.326806449797004 ], [ 8745832.919456904754043, 1978214.326806449797004 ], [ 8745832.919456904754043, 1978214.625231521902606 ], [ 8745833.218093836680055, 1978214.625231521902606 ], [ 8745833.218093836680055, 1978215.222081665880978 ], [ 8745833.516730768606067, 1978215.222081665880978 ], [ 8745833.516730768606067, 1978216.415781954070553 ], [ 8745833.815367700532079, 1978216.415781954070553 ], [ 8745833.815367700532079, 1978217.012632098048925 ], [ 8745834.114004632458091, 1978217.012632098048925 ], [ 8745834.114004632458091, 1978217.90790731436573 ], [ 8745834.412641564384103, 1978217.90790731436573 ], [ 8745834.412641564384103, 1978219.400032674428076 ], [ 8745834.711278496310115, 1978219.400032674428076 ], [ 8745834.711278496310115, 1978222.384283394785598 ], [ 8745835.009915428236127, 1978222.384283394785598 ], [ 8745835.009915428236127, 1978223.876408755080774 ], [ 8745834.711278496310115, 1978223.876408755080774 ], [ 8745834.711278496310115, 1978224.771683971164748 ], [ 8745834.412641564384103, 1978224.771683971164748 ], [ 8745834.412641564384103, 1978225.07010904327035 ], [ 8745833.815367700532079, 1978225.07010904327035 ], [ 8745833.815367700532079, 1978225.368534115375951 ], [ 8745832.023546110838652, 1978225.368534115375951 ], [ 8745832.023546110838652, 1978225.666959187248722 ], [ 8745829.634450655430555, 1978225.666959187248722 ], [ 8745829.634450655430555, 1978225.965384259354323 ], [ 8745824.557622814550996, 1978225.965384259354323 ], [ 8745824.557622814550996, 1978226.263809331459925 ], [ 8745823.66171201877296, 1978226.263809331459925 ], [ 8745823.66171201877296, 1978226.562234403332695 ], [ 8745823.064438154920936, 1978226.562234403332695 ], [ 8745823.064438154920936, 1978226.860659475438297 ], [ 8745815.598514860495925, 1978226.860659475438297 ] ] ] } },
{ "type": "Feature", "properties": { "value": 255.0 }, "geometry": { "type": "Polygon", "coordinates": [ [ [ 8745932.365555202588439, 1978221.190583106596023 ], [ 8745932.365555202588439, 1978220.892158034723252 ], [ 8745932.066918270662427, 1978220.892158034723252 ], [ 8745932.066918270662427, 1978220.295307890512049 ], [ 8745931.768281338736415, 1978220.295307890512049 ], [ 8745931.768281338736415, 1978219.400032674428076 ], [ 8745931.469644406810403, 1978219.400032674428076 ], [ 8745931.469644406810403, 1978218.504757458344102 ], [ 8745931.171007474884391, 1978218.504757458344102 ], [ 8745931.171007474884391, 1978217.609482242260128 ], [ 8745930.872370542958379, 1978217.609482242260128 ], [ 8745930.872370542958379, 1978216.415781954070553 ], [ 8745930.573733611032367, 1978216.415781954070553 ], [ 8745930.573733611032367, 1978215.52050673798658 ], [ 8745930.275096679106355, 1978215.52050673798658 ], [ 8745930.275096679106355, 1978213.729956305585802 ], [ 8745930.573733611032367, 1978213.729956305585802 ], [ 8745930.573733611032367, 1978213.431531233713031 ], [ 8745931.171007474884391, 1978213.431531233713031 ], [ 8745931.171007474884391, 1978213.133106161607429 ], [ 8745931.768281338736415, 1978213.133106161607429 ], [ 8745931.768281338736415, 1978212.834681089501828 ], [ 8745932.664192134514451, 1978212.834681089501828 ], [ 8745932.664192134514451, 1978212.536256017629057 ], [ 8745933.858739862218499, 1978212.536256017629057 ], [ 8745933.858739862218499, 1978212.237830945523456 ], [ 8745934.75465065613389, 1978212.237830945523456 ], [ 8745934.75465065613389, 1978211.939405873417854 ], [ 8745935.949198383837938, 1978211.939405873417854 ], [ 8745935.949198383837938, 1978211.640980801312253 ], [ 8745936.845109179615974, 1978211.640980801312253 ], [ 8745936.845109179615974, 1978211.342555729439482 ], [ 8745937.741019975394011, 1978211.342555729439482 ], [ 8745937.741019975394011, 1978211.044130657333881 ], [ 8745940.727389292791486, 1978211.044130657333881 ], [ 8745940.727389292791486, 1978211.342555729439482 ], [ 8745941.026026224717498, 1978211.342555729439482 ], [ 8745941.026026224717498, 1978211.640980801312253 ], [ 8745941.32466315664351, 1978211.640980801312253 ], [ 8745941.32466315664351, 1978211.939405873417854 ], [ 8745941.921937020495534, 1978211.939405873417854 ], [ 8745941.921937020495534, 1978212.237830945523456 ], [ 8745942.220573952421546, 1978212.237830945523456 ], [ 8745942.220573952421546, 1978212.834681089501828 ], [ 8745942.519210884347558, 1978212.834681089501828 ], [ 8745942.519210884347558, 1978214.028381377691403 ], [ 8745942.81784781627357, 1978214.028381377691403 ], [ 8745942.81784781627357, 1978214.625231521902606 ], [ 8745943.116484748199582, 1978214.625231521902606 ], [ 8745943.116484748199582, 1978215.222081665880978 ], [ 8745943.415121680125594, 1978215.222081665880978 ], [ 8745943.415121680125594, 1978215.81893180985935 ], [ 8745943.713758612051606, 1978215.81893180985935 ], [ 8745943.713758612051606, 1978216.117356881964952 ], [ 8745945.206943271681666, 1978216.117356881964952 ], [ 8745945.206943271681666, 1978216.415781954070553 ], [ 8745945.804217133671045, 1978216.415781954070553 ], [ 8745945.804217133671045, 1978216.714207026176155 ], [ 8745945.505580201745033, 1978216.714207026176155 ], [ 8745945.505580201745033, 1978217.012632098048925 ], [ 8745944.609669407829642, 1978217.012632098048925 ], [ 8745944.609669407829642, 1978217.311057170154527 ], [ 8745943.713758612051606, 1978217.311057170154527 ], [ 8745943.713758612051606, 1978217.609482242260128 ], [ 8745943.415121680125594, 1978217.609482242260128 ], [ 8745943.415121680125594, 1978217.90790731436573 ], [ 8745943.116484748199582, 1978217.90790731436573 ], [ 8745943.116484748199582, 1978218.2063323862385 ], [ 8745942.220573952421546, 1978218.2063323862385 ], [ 8745942.220573952421546, 1978218.504757458344102 ], [ 8745941.32466315664351, 1978218.504757458344102 ], [ 8745941.32466315664351, 1978218.803182530449703 ], [ 8745940.428752360865474, 1978218.803182530449703 ], [ 8745940.428752360865474, 1978219.101607602322474 ], [ 8745939.532841566950083, 1978219.101607602322474 ], [ 8745939.532841566950083, 1978219.400032674428076 ], [ 8745938.636930771172047, 1978219.400032674428076 ], [ 8745938.636930771172047, 1978219.698457746533677 ], [ 8745937.741019975394011, 1978219.698457746533677 ], [ 8745937.741019975394011, 1978219.996882818639278 ], [ 8745936.845109179615974, 1978219.996882818639278 ], [ 8745936.845109179615974, 1978220.295307890512049 ], [ 8745935.650561451911926, 1978220.295307890512049 ], [ 8745935.650561451911926, 1978220.593732962617651 ], [ 8745934.456013726070523, 1978220.593732962617651 ], [ 8745934.456013726070523, 1978220.892158034723252 ], [ 8745933.560102930292487, 1978220.892158034723252 ], [ 8745933.560102930292487, 1978221.190583106596023 ], [ 8745932.365555202588439, 1978221.190583106596023 ] ] ] } },
{ "type": "Feature", "properties": { "value": 255.0 }, "geometry": { "type": "Polygon", "coordinates": [ [ [ 8745774.983892131596804, 1978228.949634979711846 ], [ 8745774.983892131596804, 1978228.651209907839075 ], [ 8745772.594796678051353, 1978228.651209907839075 ], [ 8745772.594796678051353, 1978228.352784835733473 ], [ 8745772.29615974612534, 1978228.352784835733473 ], [ 8745772.29615974612534, 1978228.054359763627872 ], [ 8745771.997522814199328, 1978228.054359763627872 ], [ 8745771.997522814199328, 1978226.860659475438297 ], [ 8745771.698885882273316, 1978226.860659475438297 ], [ 8745771.698885882273316, 1978222.981133538996801 ], [ 8745771.400248950347304, 1978222.981133538996801 ], [ 8745771.400248950347304, 1978221.190583106596023 ], [ 8745771.698885882273316, 1978221.190583106596023 ], [ 8745771.698885882273316, 1978220.295307890512049 ], [ 8745771.997522814199328, 1978220.295307890512049 ], [ 8745771.997522814199328, 1978216.714207026176155 ], [ 8745772.29615974612534, 1978216.714207026176155 ], [ 8745772.29615974612534, 1978216.117356881964952 ], [ 8745772.594796678051353, 1978216.117356881964952 ], [ 8745772.594796678051353, 1978215.81893180985935 ], [ 8745775.581165995448828, 1978215.81893180985935 ], [ 8745775.581165995448828, 1978215.52050673798658 ], [ 8745774.38661826774478, 1978215.52050673798658 ], [ 8745774.38661826774478, 1978215.222081665880978 ], [ 8745774.087981335818768, 1978215.222081665880978 ], [ 8745774.087981335818768, 1978214.028381377691403 ], [ 8745774.38661826774478, 1978214.028381377691403 ], [ 8745774.38661826774478, 1978213.431531233713031 ], [ 8745774.685255199670792, 1978213.431531233713031 ], [ 8745774.685255199670792, 1978213.133106161607429 ], [ 8745774.983892131596804, 1978213.133106161607429 ], [ 8745774.983892131596804, 1978212.536256017629057 ], [ 8745775.282529063522816, 1978212.536256017629057 ], [ 8745775.282529063522816, 1978211.640980801312253 ], [ 8745775.581165995448828, 1978211.640980801312253 ], [ 8745775.581165995448828, 1978209.552005297038704 ], [ 8745775.87980292737484, 1978209.552005297038704 ], [ 8745775.87980292737484, 1978208.059879936976358 ], [ 8745776.775713723152876, 1978208.059879936976358 ], [ 8745776.775713723152876, 1978207.761454864870757 ], [ 8745795.589840427041054, 1978207.761454864870757 ], [ 8745795.589840427041054, 1978208.059879936976358 ], [ 8745796.48575122281909, 1978208.059879936976358 ], [ 8745796.48575122281909, 1978209.552005297038704 ], [ 8745796.187114290893078, 1978209.552005297038704 ], [ 8745796.187114290893078, 1978209.850430369144306 ], [ 8745795.888477358967066, 1978209.850430369144306 ], [ 8745795.888477358967066, 1978210.148855441249907 ], [ 8745795.589840427041054, 1978210.148855441249907 ], [ 8745795.589840427041054, 1978210.745705585228279 ], [ 8745795.291203495115042, 1978210.745705585228279 ], [ 8745795.291203495115042, 1978211.044130657333881 ], [ 8745794.99256656318903, 1978211.044130657333881 ], [ 8745794.99256656318903, 1978211.640980801312253 ], [ 8745794.693929633125663, 1978211.640980801312253 ], [ 8745794.693929633125663, 1978212.237830945523456 ], [ 8745794.395292701199651, 1978212.237830945523456 ], [ 8745794.395292701199651, 1978212.536256017629057 ], [ 8745794.096655769273639, 1978212.536256017629057 ], [ 8745794.096655769273639, 1978213.133106161607429 ], [ 8745793.798018837347627, 1978213.133106161607429 ], [ 8745793.798018837347627, 1978213.431531233713031 ], [ 8745793.499381905421615, 1978213.431531233713031 ], [ 8745793.499381905421615, 1978214.028381377691403 ], [ 8745793.200744973495603, 1978214.028381377691403 ], [ 8745793.200744973495603, 1978214.326806449797004 ], [ 8745792.902108041569591, 1978214.326806449797004 ], [ 8745792.902108041569591, 1978214.625231521902606 ], [ 8745792.603471109643579, 1978214.625231521902606 ], [ 8745792.603471109643579, 1978214.923656593775377 ], [ 8745792.304834177717566, 1978214.923656593775377 ], [ 8745792.304834177717566, 1978215.222081665880978 ], [ 8745791.40892338193953, 1978215.222081665880978 ], [ 8745791.40892338193953, 1978215.52050673798658 ], [ 8745786.332095541059971, 1978215.52050673798658 ], [ 8745786.332095541059971, 1978215.81893180985935 ], [ 8745791.707560313865542, 1978215.81893180985935 ], [ 8745791.707560313865542, 1978216.117356881964952 ], [ 8745792.006197245791554, 1978216.117356881964952 ], [ 8745792.006197245791554, 1978216.714207026176155 ], [ 8745792.304834177717566, 1978216.714207026176155 ], [ 8745792.304834177717566, 1978225.07010904327035 ], [ 8745792.603471109643579, 1978225.07010904327035 ], [ 8745792.603471109643579, 1978226.263809331459925 ], [ 8745792.304834177717566, 1978226.263809331459925 ], [ 8745792.304834177717566, 1978227.159084547543898 ], [ 8745792.006197245791554, 1978227.159084547543898 ], [ 8745792.006197245791554, 1978227.75593469152227 ], [ 8745791.707560313865542, 1978227.75593469152227 ], [ 8745791.707560313865542, 1978228.054359763627872 ], [ 8745791.40892338193953, 1978228.054359763627872 ], [ 8745791.40892338193953, 1978228.352784835733473 ], [ 8745788.123917132616043, 1978228.352784835733473 ], [ 8745788.123917132616043, 1978228.651209907839075 ], [ 8745783.94300008751452, 1978228.651209907839075 ], [ 8745783.94300008751452, 1978228.949634979711846 ], [ 8745774.983892131596804, 1978228.949634979711846 ] ], [ [ 8745775.581165995448828, 1978216.117356881964952 ], [ 8745782.449815427884459, 1978216.117356881964952 ], [ 8745782.449815427884459, 1978215.81893180985935 ], [ 8745775.581165995448828, 1978215.81893180985935 ], [ 8745775.581165995448828, 1978216.117356881964952 ] ] ] } },
{ "type": "Feature", "properties": { "value": 255.0 }, "geometry": { "type": "Polygon", "coordinates": [ [ [ 8745977.459731908515096, 1978219.996882818639278 ], [ 8745977.459731908515096, 1978219.698457746533677 ], [ 8745977.161094976589084, 1978219.698457746533677 ], [ 8745977.161094976589084, 1978219.400032674428076 ], [ 8745976.862458044663072, 1978219.400032674428076 ], [ 8745976.862458044663072, 1978218.803182530449703 ], [ 8745976.56382111273706, 1978218.803182530449703 ], [ 8745976.56382111273706, 1978217.609482242260128 ], [ 8745976.265184180811048, 1978217.609482242260128 ], [ 8745976.265184180811048, 1978216.714207026176155 ], [ 8745975.966547248885036, 1978216.714207026176155 ], [ 8745975.966547248885036, 1978216.117356881964952 ], [ 8745975.667910316959023, 1978216.117356881964952 ], [ 8745975.667910316959023, 1978215.81893180985935 ], [ 8745975.369273385033011, 1978215.81893180985935 ], [ 8745975.369273385033011, 1978215.52050673798658 ], [ 8745975.070636453106999, 1978215.52050673798658 ], [ 8745975.070636453106999, 1978214.625231521902606 ], [ 8745974.771999521180987, 1978214.625231521902606 ], [ 8745974.771999521180987, 1978213.729956305585802 ], [ 8745974.473362589254975, 1978213.729956305585802 ], [ 8745974.473362589254975, 1978212.536256017629057 ], [ 8745974.174725657328963, 1978212.536256017629057 ], [ 8745974.174725657328963, 1978211.342555729439482 ], [ 8745974.473362589254975, 1978211.342555729439482 ], [ 8745974.473362589254975, 1978211.044130657333881 ], [ 8745974.771999521180987, 1978211.044130657333881 ], [ 8745974.771999521180987, 1978210.447280513122678 ], [ 8745975.070636453106999, 1978210.447280513122678 ], [ 8745975.070636453106999, 1978209.850430369144306 ], [ 8745975.369273385033011, 1978209.850430369144306 ], [ 8745975.369273385033011, 1978209.253580225165933 ], [ 8745975.667910316959023, 1978209.253580225165933 ], [ 8745975.667910316959023, 1978208.955155153060332 ], [ 8745976.265184180811048, 1978208.955155153060332 ], [ 8745976.265184180811048, 1978208.656730080954731 ], [ 8745976.56382111273706, 1978208.656730080954731 ], [ 8745976.56382111273706, 1978208.358305008849129 ], [ 8745977.161094976589084, 1978208.358305008849129 ], [ 8745977.161094976589084, 1978208.059879936976358 ], [ 8745978.654279634356499, 1978208.059879936976358 ], [ 8745978.654279634356499, 1978207.761454864870757 ], [ 8745982.835196681320667, 1978207.761454864870757 ], [ 8745982.835196681320667, 1978208.059879936976358 ], [ 8745983.432470543310046, 1978208.059879936976358 ], [ 8745983.432470543310046, 1978208.656730080954731 ], [ 8745983.731107475236058, 1978208.656730080954731 ], [ 8745983.731107475236058, 1978209.253580225165933 ], [ 8745984.02974440716207, 1978209.253580225165933 ], [ 8745984.02974440716207, 1978209.552005297038704 ], [ 8745984.328381339088082, 1978209.552005297038704 ], [ 8745984.328381339088082, 1978209.850430369144306 ], [ 8745984.627018271014094, 1978209.850430369144306 ], [ 8745984.627018271014094, 1978210.148855441249907 ], [ 8745984.925655202940106, 1978210.148855441249907 ], [ 8745984.925655202940106, 1978210.447280513122678 ], [ 8745985.224292134866118, 1978210.447280513122678 ], [ 8745985.224292134866118, 1978210.745705585228279 ], [ 8745985.52292906679213, 1978210.745705585228279 ], [ 8745985.52292906679213, 1978211.342555729439482 ], [ 8745985.821565998718143, 1978211.342555729439482 ], [ 8745985.821565998718143, 1978211.939405873417854 ], [ 8745986.120202930644155, 1978211.939405873417854 ], [ 8745986.120202930644155, 1978212.237830945523456 ], [ 8745986.418839862570167, 1978212.237830945523456 ], [ 8745986.418839862570167, 1978212.834681089501828 ], [ 8745986.717476794496179, 1978212.834681089501828 ], [ 8745986.717476794496179, 1978213.729956305585802 ], [ 8745987.016113726422191, 1978213.729956305585802 ], [ 8745987.016113726422191, 1978216.415781954070553 ], [ 8745986.717476794496179, 1978216.415781954070553 ], [ 8745986.717476794496179, 1978217.012632098048925 ], [ 8745986.120202930644155, 1978217.012632098048925 ], [ 8745986.120202930644155, 1978217.311057170154527 ], [ 8745985.52292906679213, 1978217.311057170154527 ], [ 8745985.52292906679213, 1978217.609482242260128 ], [ 8745984.925655202940106, 1978217.609482242260128 ], [ 8745984.925655202940106, 1978217.90790731436573 ], [ 8745984.02974440716207, 1978217.90790731436573 ], [ 8745984.02974440716207, 1978218.2063323862385 ], [ 8745983.133833611384034, 1978218.2063323862385 ], [ 8745983.133833611384034, 1978218.504757458344102 ], [ 8745982.237922817468643, 1978218.504757458344102 ], [ 8745982.237922817468643, 1978218.803182530449703 ], [ 8745981.342012021690607, 1978218.803182530449703 ], [ 8745981.342012021690607, 1978219.101607602322474 ], [ 8745980.446101225912571, 1978219.101607602322474 ], [ 8745980.446101225912571, 1978219.400032674428076 ], [ 8745979.550190430134535, 1978219.400032674428076 ], [ 8745979.550190430134535, 1978219.698457746533677 ], [ 8745978.654279634356499, 1978219.698457746533677 ], [ 8745978.654279634356499, 1978219.996882818639278 ], [ 8745977.459731908515096, 1978219.996882818639278 ] ] ] } },
{ "type": "Feature", "properties": { "value": 255.0 }, "geometry": { "type": "Polygon", "coordinates": [ [ [ 8745869.353162588551641, 1978226.263809331459925 ], [ 8745869.353162588551641, 1978225.965384259354323 ], [ 8745866.36679326929152, 1978225.965384259354323 ], [ 8745866.36679326929152, 1978225.666959187248722 ], [ 8745865.769519405439496, 1978225.666959187248722 ], [ 8745865.769519405439496, 1978225.368534115375951 ], [ 8745865.470882473513484, 1978225.368534115375951 ], [ 8745865.470882473513484, 1978225.07010904327035 ], [ 8745864.87360860966146, 1978225.07010904327035 ], [ 8745864.87360860966146, 1978225.368534115375951 ], [ 8745864.574971679598093, 1978225.368534115375951 ], [ 8745864.574971679598093, 1978225.666959187248722 ], [ 8745858.602233042940497, 1978225.666959187248722 ], [ 8745858.602233042940497, 1978225.368534115375951 ], [ 8745858.004959179088473, 1978225.368534115375951 ], [ 8745858.004959179088473, 1978224.771683971164748 ], [ 8745857.706322247162461, 1978224.771683971164748 ], [ 8745857.706322247162461, 1978222.085858322912827 ], [ 8745857.407685315236449, 1978222.085858322912827 ], [ 8745857.407685315236449, 1978223.876408755080774 ], [ 8745857.109048383310437, 1978223.876408755080774 ], [ 8745857.109048383310437, 1978224.174833827186376 ], [ 8745853.525405202060938, 1978224.174833827186376 ], [ 8745853.525405202060938, 1978224.473258899059147 ], [ 8745848.448577361181378, 1978224.473258899059147 ], [ 8745848.448577361181378, 1978224.771683971164748 ], [ 8745842.475838724523783, 1978224.771683971164748 ], [ 8745842.475838724523783, 1978224.473258899059147 ], [ 8745842.177201792597771, 1978224.473258899059147 ], [ 8745842.177201792597771, 1978223.876408755080774 ], [ 8745841.878564860671759, 1978223.876408755080774 ], [ 8745841.878564860671759, 1978220.593732962617651 ], [ 8745841.579927928745747, 1978220.593732962617651 ], [ 8745841.579927928745747, 1978216.117356881964952 ], [ 8745841.878564860671759, 1978216.117356881964952 ], [ 8745841.878564860671759, 1978213.431531233713031 ], [ 8745841.579927928745747, 1978213.431531233713031 ], [ 8745841.579927928745747, 1978213.133106161607429 ], [ 8745841.878564860671759, 1978213.133106161607429 ], [ 8745841.878564860671759, 1978209.850430369144306 ], [ 8745842.177201792597771, 1978209.850430369144306 ], [ 8745842.177201792597771, 1978208.955155153060332 ], [ 8745842.475838724523783, 1978208.955155153060332 ], [ 8745842.475838724523783, 1978208.656730080954731 ], [ 8745842.774475656449795, 1978208.656730080954731 ], [ 8745842.774475656449795, 1978208.358305008849129 ], [ 8745843.073112588375807, 1978208.358305008849129 ], [ 8745843.073112588375807, 1978208.059879936976358 ], [ 8745849.941762018948793, 1978208.059879936976358 ], [ 8745849.941762018948793, 1978207.761454864870757 ], [ 8745853.525405202060938, 1978207.761454864870757 ], [ 8745853.525405202060938, 1978208.059879936976358 ], [ 8745854.421315995976329, 1978208.059879936976358 ], [ 8745854.421315995976329, 1978208.955155153060332 ], [ 8745854.719952927902341, 1978208.955155153060332 ], [ 8745854.719952927902341, 1978214.625231521902606 ], [ 8745855.317226791754365, 1978214.625231521902606 ], [ 8745855.317226791754365, 1978214.326806449797004 ], [ 8745855.914500655606389, 1978214.326806449797004 ], [ 8745855.914500655606389, 1978215.222081665880978 ], [ 8745856.213137587532401, 1978215.222081665880978 ], [ 8745856.213137587532401, 1978215.81893180985935 ], [ 8745856.511774519458413, 1978215.81893180985935 ], [ 8745856.511774519458413, 1978216.714207026176155 ], [ 8745856.810411451384425, 1978216.714207026176155 ], [ 8745856.810411451384425, 1978218.803182530449703 ], [ 8745857.109048383310437, 1978218.803182530449703 ], [ 8745857.109048383310437, 1978221.190583106596023 ], [ 8745857.407685315236449, 1978221.190583106596023 ], [ 8745857.407685315236449, 1978216.714207026176155 ], [ 8745857.109048383310437, 1978216.714207026176155 ], [ 8745857.109048383310437, 1978211.640980801312253 ], [ 8745856.810411451384425, 1978211.640980801312253 ], [ 8745856.810411451384425, 1978209.253580225165933 ], [ 8745857.109048383310437, 1978209.253580225165933 ], [ 8745857.109048383310437, 1978208.358305008849129 ], [ 8745857.407685315236449, 1978208.358305008849129 ], [ 8745857.407685315236449, 1978208.059879936976358 ], [ 8745862.783150088042021, 1978208.059879936976358 ], [ 8745862.783150088042021, 1978208.358305008849129 ], [ 8745863.380423951894045, 1978208.358305008849129 ], [ 8745863.380423951894045, 1978208.955155153060332 ], [ 8745863.679060883820057, 1978208.955155153060332 ], [ 8745863.679060883820057, 1978208.358305008849129 ], [ 8745864.276334747672081, 1978208.358305008849129 ], [ 8745864.276334747672081, 1978208.059879936976358 ], [ 8745870.249073382467031, 1978208.059879936976358 ], [ 8745870.249073382467031, 1978207.761454864870757 ], [ 8745873.534079633653164, 1978207.761454864870757 ], [ 8745873.534079633653164, 1978208.059879936976358 ], [ 8745875.325901225209236, 1978208.059879936976358 ], [ 8745875.325901225209236, 1978208.358305008849129 ], [ 8745875.624538155272603, 1978208.358305008849129 ], [ 8745875.624538155272603, 1978208.656730080954731 ], [ 8745875.923175087198615, 1978208.656730080954731 ], [ 8745875.923175087198615, 1978208.955155153060332 ], [ 8745876.221812019124627, 1978208.955155153060332 ], [ 8745876.221812019124627, 1978216.117356881964952 ], [ 8745876.520448951050639, 1978216.117356881964952 ], [ 8745876.520448951050639, 1978217.012632098048925 ], [ 8745876.819085882976651, 1978217.012632098048925 ], [ 8745876.819085882976651, 1978217.90790731436573 ], [ 8745877.117722814902663, 1978217.90790731436573 ], [ 8745877.117722814902663, 1978218.504757458344102 ], [ 8745877.416359746828675, 1978218.504757458344102 ], [ 8745877.416359746828675, 1978218.803182530449703 ], [ 8745877.714996678754687, 1978218.803182530449703 ], [ 8745877.714996678754687, 1978221.787433250807226 ], [ 8745877.416359746828675, 1978221.787433250807226 ], [ 8745877.416359746828675, 1978224.174833827186376 ], [ 8745877.117722814902663, 1978224.174833827186376 ], [ 8745877.117722814902663, 1978224.771683971164748 ], [ 8745876.221812019124627, 1978224.771683971164748 ], [ 8745876.221812019124627, 1978225.07010904327035 ], [ 8745875.027264293283224, 1978225.07010904327035 ], [ 8745875.027264293283224, 1978224.771683971164748 ], [ 8745874.728627361357212, 1978224.771683971164748 ], [ 8745874.728627361357212, 1978223.876408755080774 ], [ 8745874.4299904294312, 1978223.876408755080774 ], [ 8745874.4299904294312, 1978223.577983682975173 ], [ 8745873.832716565579176, 1978223.577983682975173 ], [ 8745873.832716565579176, 1978222.981133538996801 ], [ 8745874.728627361357212, 1978222.981133538996801 ], [ 8745874.728627361357212, 1978222.682708466891199 ], [ 8745875.027264293283224, 1978222.682708466891199 ], [ 8745875.027264293283224, 1978222.384283394785598 ], [ 8745875.624538155272603, 1978222.384283394785598 ], [ 8745875.624538155272603, 1978221.787433250807226 ], [ 8745875.923175087198615, 1978221.787433250807226 ], [ 8745875.923175087198615, 1978220.295307890512049 ], [ 8745875.624538155272603, 1978220.295307890512049 ], [ 8745875.624538155272603, 1978219.996882818639278 ], [ 8745875.325901225209236, 1978219.996882818639278 ], [ 8745875.325901225209236, 1978219.400032674428076 ], [ 8745875.027264293283224, 1978219.400032674428076 ], [ 8745875.027264293283224, 1978219.101607602322474 ], [ 8745874.728627361357212, 1978219.101607602322474 ], [ 8745874.728627361357212, 1978218.803182530449703 ], [ 8745874.4299904294312, 1978218.803182530449703 ], [ 8745874.4299904294312, 1978218.504757458344102 ], [ 8745872.040894974023104, 1978218.504757458344102 ], [ 8745872.040894974023104, 1978218.803182530449703 ], [ 8745871.44362111017108, 1978218.803182530449703 ], [ 8745871.44362111017108, 1978219.400032674428076 ], [ 8745871.144984178245068, 1978219.400032674428076 ], [ 8745871.144984178245068, 1978220.295307890512049 ], [ 8745870.547710314393044, 1978220.295307890512049 ], [ 8745870.547710314393044, 1978219.996882818639278 ], [ 8745870.249073382467031, 1978219.996882818639278 ], [ 8745870.249073382467031, 1978219.101607602322474 ], [ 8745869.353162588551641, 1978219.101607602322474 ], [ 8745869.353162588551641, 1978219.400032674428076 ], [ 8745869.054525656625628, 1978219.400032674428076 ], [ 8745869.054525656625628, 1978220.295307890512049 ], [ 8745869.353162588551641, 1978220.295307890512049 ], [ 8745869.353162588551641, 1978220.892158034723252 ], [ 8745871.144984178245068, 1978220.892158034723252 ], [ 8745871.144984178245068, 1978221.787433250807226 ], [ 8745871.44362111017108, 1978221.787433250807226 ], [ 8745871.44362111017108, 1978222.384283394785598 ], [ 8745871.742258042097092, 1978222.384283394785598 ], [ 8745871.742258042097092, 1978222.682708466891199 ], [ 8745872.638168837875128, 1978222.682708466891199 ], [ 8745872.638168837875128, 1978222.981133538996801 ], [ 8745872.93680576980114, 1978222.981133538996801 ], [ 8745872.93680576980114, 1978223.577983682975173 ], [ 8745872.638168837875128, 1978223.577983682975173 ], [ 8745872.638168837875128, 1978225.666959187248722 ], [ 8745872.339531905949116, 1978225.666959187248722 ], [ 8745872.339531905949116, 1978225.965384259354323 ], [ 8745872.040894974023104, 1978225.965384259354323 ], [ 8745872.040894974023104, 1978226.263809331459925 ], [ 8745869.353162588551641, 1978226.263809331459925 ] ] ] } },
{ "type": "Feature", "properties": { "value": 255.0 }, "geometry": { "type": "Polygon", "coordinates": [ [ [ 8745886.97274156473577, 1978221.190583106596023 ], [ 8745886.97274156473577, 1978220.892158034723252 ], [ 8745886.674104632809758, 1978220.892158034723252 ], [ 8745886.674104632809758, 1978220.295307890512049 ], [ 8745886.375467700883746, 1978220.295307890512049 ], [ 8745886.375467700883746, 1978219.996882818639278 ], [ 8745886.076830770820379, 1978219.996882818639278 ], [ 8745886.076830770820379, 1978219.698457746533677 ], [ 8745885.778193838894367, 1978219.698457746533677 ], [ 8745885.778193838894367, 1978219.400032674428076 ], [ 8745885.479556906968355, 1978219.400032674428076 ], [ 8745885.479556906968355, 1978219.101607602322474 ], [ 8745885.180919975042343, 1978219.101607602322474 ], [ 8745885.180919975042343, 1978218.803182530449703 ], [ 8745884.583646111190319, 1978218.803182530449703 ], [ 8745884.583646111190319, 1978218.504757458344102 ], [ 8745883.986372247338295, 1978218.504757458344102 ], [ 8745883.986372247338295, 1978218.2063323862385 ], [ 8745880.402729066088796, 1978218.2063323862385 ], [ 8745880.402729066088796, 1978218.504757458344102 ], [ 8745879.805455202236772, 1978218.504757458344102 ], [ 8745879.805455202236772, 1978218.803182530449703 ], [ 8745878.312270542606711, 1978218.803182530449703 ], [ 8745878.312270542606711, 1978218.504757458344102 ], [ 8745878.013633610680699, 1978218.504757458344102 ], [ 8745878.013633610680699, 1978217.609482242260128 ], [ 8745877.714996678754687, 1978217.609482242260128 ], [ 8745877.714996678754687, 1978214.625231521902606 ], [ 8745877.416359746828675, 1978214.625231521902606 ], [ 8745877.416359746828675, 1978210.745705585228279 ], [ 8745877.117722814902663, 1978210.745705585228279 ], [ 8745877.117722814902663, 1978208.059879936976358 ], [ 8745877.416359746828675, 1978208.059879936976358 ], [ 8745877.416359746828675, 1978207.761454864870757 ], [ 8745886.674104632809758, 1978207.761454864870757 ], [ 8745886.674104632809758, 1978208.358305008849129 ], [ 8745886.97274156473577, 1978208.358305008849129 ], [ 8745886.97274156473577, 1978210.447280513122678 ], [ 8745887.271378496661782, 1978210.447280513122678 ], [ 8745887.271378496661782, 1978213.133106161607429 ], [ 8745887.570015428587794, 1978213.133106161607429 ], [ 8745887.570015428587794, 1978216.117356881964952 ], [ 8745887.868652360513806, 1978216.117356881964952 ], [ 8745887.868652360513806, 1978218.504757458344102 ], [ 8745888.167289292439818, 1978218.504757458344102 ], [ 8745888.167289292439818, 1978220.593732962617651 ], [ 8745887.868652360513806, 1978220.593732962617651 ], [ 8745887.868652360513806, 1978220.892158034723252 ], [ 8745887.570015428587794, 1978220.892158034723252 ], [ 8745887.570015428587794, 1978221.190583106596023 ], [ 8745886.97274156473577, 1978221.190583106596023 ] ] ] } },
{ "type": "Feature", "properties": { "value": 255.0 }, "geometry": { "type": "Polygon", "coordinates": [ [ [ 8745819.779431905597448, 1978211.939405873417854 ], [ 8745819.779431905597448, 1978211.640980801312253 ], [ 8745819.182158041745424, 1978211.640980801312253 ], [ 8745819.182158041745424, 1978211.342555729439482 ], [ 8745818.883521109819412, 1978211.342555729439482 ], [ 8745818.883521109819412, 1978210.447280513122678 ], [ 8745818.5848841778934, 1978210.447280513122678 ], [ 8745818.5848841778934, 1978208.059879936976358 ], [ 8745818.883521109819412, 1978208.059879936976358 ], [ 8745818.883521109819412, 1978207.761454864870757 ], [ 8745832.919456904754043, 1978207.761454864870757 ], [ 8745832.919456904754043, 1978208.059879936976358 ], [ 8745833.218093836680055, 1978208.059879936976358 ], [ 8745833.218093836680055, 1978209.253580225165933 ], [ 8745833.516730768606067, 1978209.253580225165933 ], [ 8745833.516730768606067, 1978210.745705585228279 ], [ 8745833.218093836680055, 1978210.745705585228279 ], [ 8745833.218093836680055, 1978211.342555729439482 ], [ 8745827.842629063874483, 1978211.342555729439482 ], [ 8745827.842629063874483, 1978211.640980801312253 ], [ 8745823.363075086846948, 1978211.640980801312253 ], [ 8745823.363075086846948, 1978211.939405873417854 ], [ 8745819.779431905597448, 1978211.939405873417854 ] ] ] } },
{ "type": "Feature", "properties": { "value": 255.0 }, "geometry": { "type": "Polygon", "coordinates": [ [ [ 8745950.582408044487238, 1978219.698457746533677 ], [ 8745950.582408044487238, 1978219.400032674428076 ], [ 8745949.985134180635214, 1978219.400032674428076 ], [ 8745949.985134180635214, 1978218.504757458344102 ], [ 8745949.686497248709202, 1978218.504757458344102 ], [ 8745949.686497248709202, 1978217.90790731436573 ], [ 8745949.38786031678319, 1978217.90790731436573 ], [ 8745949.38786031678319, 1978217.012632098048925 ], [ 8745949.089223384857178, 1978217.012632098048925 ], [ 8745949.089223384857178, 1978216.415781954070553 ], [ 8745948.790586452931166, 1978216.415781954070553 ], [ 8745948.790586452931166, 1978215.52050673798658 ], [ 8745948.491949521005154, 1978215.52050673798658 ], [ 8745948.491949521005154, 1978214.923656593775377 ], [ 8745948.193312589079142, 1978214.923656593775377 ], [ 8745948.193312589079142, 1978214.028381377691403 ], [ 8745947.89467565715313, 1978214.028381377691403 ], [ 8745947.89467565715313, 1978213.133106161607429 ], [ 8745947.596038725227118, 1978213.133106161607429 ], [ 8745947.596038725227118, 1978212.237830945523456 ], [ 8745947.297401793301105, 1978212.237830945523456 ], [ 8745947.297401793301105, 1978211.342555729439482 ], [ 8745946.998764861375093, 1978211.342555729439482 ], [ 8745946.998764861375093, 1978210.745705585228279 ], [ 8745946.700127929449081, 1978210.745705585228279 ], [ 8745946.700127929449081, 1978209.850430369144306 ], [ 8745946.401490997523069, 1978209.850430369144306 ], [ 8745946.401490997523069, 1978209.253580225165933 ], [ 8745946.102854065597057, 1978209.253580225165933 ], [ 8745946.102854065597057, 1978208.059879936976358 ], [ 8745946.401490997523069, 1978208.059879936976358 ], [ 8745946.401490997523069, 1978207.761454864870757 ], [ 8745961.333337590098381, 1978207.761454864870757 ], [ 8745961.333337590098381, 1978208.059879936976358 ], [ 8745961.631974520161748, 1978208.059879936976358 ], [ 8745961.631974520161748, 1978208.656730080954731 ], [ 8745961.93061145208776, 1978208.656730080954731 ], [ 8745961.93061145208776, 1978209.552005297038704 ], [ 8745962.229248384013772, 1978209.552005297038704 ], [ 8745962.229248384013772, 1978210.148855441249907 ], [ 8745962.527885315939784, 1978210.148855441249907 ], [ 8745962.527885315939784, 1978211.044130657333881 ], [ 8745962.826522247865796, 1978211.044130657333881 ], [ 8745962.826522247865796, 1978211.939405873417854 ], [ 8745963.125159179791808, 1978211.939405873417854 ], [ 8745963.125159179791808, 1978212.834681089501828 ], [ 8745963.42379611171782, 1978212.834681089501828 ], [ 8745963.42379611171782, 1978213.729956305585802 ], [ 8745963.722433043643832, 1978213.729956305585802 ], [ 8745963.722433043643832, 1978214.923656593775377 ], [ 8745964.021069975569844, 1978214.923656593775377 ], [ 8745964.021069975569844, 1978216.117356881964952 ], [ 8745963.722433043643832, 1978216.117356881964952 ], [ 8745963.722433043643832, 1978216.415781954070553 ], [ 8745963.125159179791808, 1978216.415781954070553 ], [ 8745963.125159179791808, 1978216.714207026176155 ], [ 8745959.840152930468321, 1978216.714207026176155 ], [ 8745959.840152930468321, 1978217.012632098048925 ], [ 8745958.944242134690285, 1978217.012632098048925 ], [ 8745958.944242134690285, 1978217.311057170154527 ], [ 8745958.048331338912249, 1978217.311057170154527 ], [ 8745958.048331338912249, 1978217.609482242260128 ], [ 8745957.152420543134212, 1978217.609482242260128 ], [ 8745957.152420543134212, 1978217.90790731436573 ], [ 8745956.256509747356176, 1978217.90790731436573 ], [ 8745956.256509747356176, 1978218.2063323862385 ], [ 8745955.360598953440785, 1978218.2063323862385 ], [ 8745955.360598953440785, 1978218.504757458344102 ], [ 8745954.763325089588761, 1978218.504757458344102 ], [ 8745954.763325089588761, 1978218.803182530449703 ], [ 8745953.568777361884713, 1978218.803182530449703 ], [ 8745953.568777361884713, 1978219.101607602322474 ], [ 8745952.672866566106677, 1978219.101607602322474 ], [ 8745952.672866566106677, 1978219.400032674428076 ], [ 8745951.776955770328641, 1978219.400032674428076 ], [ 8745951.776955770328641, 1978219.698457746533677 ], [ 8745950.582408044487238, 1978219.698457746533677 ] ] ] } },
{ "type": "Feature", "properties": { "value": 255.0 }, "geometry": { "type": "Polygon", "coordinates": [ [ [ 8746060.779435886070132, 1978218.803182530449703 ], [ 8746060.779435886070132, 1978218.504757458344102 ], [ 8746060.48079895414412, 1978218.504757458344102 ], [ 8746060.48079895414412, 1978218.2063323862385 ], [ 8746060.182162022218108, 1978218.2063323862385 ], [ 8746060.182162022218108, 1978217.609482242260128 ], [ 8746059.883525090292096, 1978217.609482242260128 ], [ 8746059.883525090292096, 1978215.52050673798658 ], [ 8746059.584888158366084, 1978215.52050673798658 ], [ 8746059.584888158366084, 1978214.028381377691403 ], [ 8746059.286251226440072, 1978214.028381377691403 ], [ 8746059.286251226440072, 1978213.133106161607429 ], [ 8746058.98761429451406, 1978213.133106161607429 ], [ 8746058.98761429451406, 1978211.640980801312253 ], [ 8746058.688977362588048, 1978211.640980801312253 ], [ 8746058.688977362588048, 1978210.148855441249907 ], [ 8746058.390340430662036, 1978210.148855441249907 ], [ 8746058.390340430662036, 1978209.253580225165933 ], [ 8746058.091703500598669, 1978209.253580225165933 ], [ 8746058.091703500598669, 1978207.761454864870757 ], [ 8746065.258989863097668, 1978207.761454864870757 ], [ 8746065.258989863097668, 1978208.059879936976358 ], [ 8746065.55762679502368, 1978208.059879936976358 ], [ 8746065.55762679502368, 1978208.656730080954731 ], [ 8746065.856263726949692, 1978208.656730080954731 ], [ 8746065.856263726949692, 1978209.850430369144306 ], [ 8746066.154900658875704, 1978209.850430369144306 ], [ 8746066.154900658875704, 1978210.745705585228279 ], [ 8746066.453537590801716, 1978210.745705585228279 ], [ 8746066.453537590801716, 1978211.640980801312253 ], [ 8746066.752174522727728, 1978211.640980801312253 ], [ 8746066.752174522727728, 1978212.536256017629057 ], [ 8746067.05081145465374, 1978212.536256017629057 ], [ 8746067.05081145465374, 1978213.729956305585802 ], [ 8746067.349448386579752, 1978213.729956305585802 ], [ 8746067.349448386579752, 1978215.222081665880978 ], [ 8746067.648085318505764, 1978215.222081665880978 ], [ 8746067.648085318505764, 1978216.714207026176155 ], [ 8746067.349448386579752, 1978216.714207026176155 ], [ 8746067.349448386579752, 1978217.311057170154527 ], [ 8746066.453537590801716, 1978217.311057170154527 ], [ 8746066.453537590801716, 1978217.609482242260128 ], [ 8746065.55762679502368, 1978217.609482242260128 ], [ 8746065.55762679502368, 1978217.90790731436573 ], [ 8746062.571257477626204, 1978217.90790731436573 ], [ 8746062.571257477626204, 1978218.2063323862385 ], [ 8746061.97398361377418, 1978218.2063323862385 ], [ 8746061.97398361377418, 1978218.504757458344102 ], [ 8746061.376709749922156, 1978218.504757458344102 ], [ 8746061.376709749922156, 1978218.803182530449703 ], [ 8746060.779435886070132, 1978218.803182530449703 ] ] ] } }
]
}
