{
"type": "FeatureCollection",
"crs": { "type": "name", "properties": { "name": "urn:ogc:def:crs:OGC:1.3:CRS84" } },
"features": [
{ "type": "Feature", "properties": { "value": 255.0 }, "geometry": { "type": "Polygon", "coordinates": [ [ [ 78.566908325624425, 17.4941 ], [ 78.566908325624425, 17.494092329583278 ], [ 78.566905642923231, 17.494092329583278 ], [ 78.566905642923231, 17.494082102360462 ], [ 78.566902960222009, 17.494082102360462 ], [ 78.566902960222009, 17.494071875137074 ], [ 78.566900277520816, 17.494071875137074 ], [ 78.566900277520816, 17.494056534300906 ], [ 78.566902960222009, 17.494056534300906 ], [ 78.566902960222009, 17.494053977494755 ], [ 78.566908325624425, 17.494053977494755 ], [ 78.566908325624425, 17.494051420688567 ], [ 78.566916373728048, 17.494051420688567 ], [ 78.566916373728048, 17.494048863882345 ], [ 78.566940518038848, 17.494048863882345 ], [ 78.566940518038848, 17.494046307076083 ], [ 78.566948566142472, 17.494046307076083 ], [ 78.566948566142472, 17.494043750269782 ], [ 78.566961979648482, 17.494043750269782 ], [ 78.566961979648482, 17.494046307076083 ], [ 78.566964662349676, 17.494046307076083 ], [ 78.566964662349676, 17.494048863882345 ], [ 78.566967345050884, 17.494048863882345 ], [ 78.566967345050884, 17.494053977494755 ], [ 78.566970027752077, 17.494053977494755 ], [ 78.566970027752077, 17.494064204719155 ], [ 78.5669727104533, 17.494064204719155 ], [ 78.5669727104533, 17.494076988748844 ], [ 78.566975393154493, 17.494076988748844 ], [ 78.566975393154493, 17.494084659166219 ], [ 78.566978075855701, 17.494084659166219 ], [ 78.566978075855701, 17.4941 ], [ 78.566908325624425, 17.4941 ] ] ] } },
{ "type": "Feature", "properties": { "value": 255.0 }, "geometry": { "type": "Polygon", "coordinates": [ [ [ 78.565435522664217, 17.4941 ], [ 78.565435522664217, 17.494089772777624 ], [ 78.565432839963009, 17.494089772777624 ], [ 78.565432839963009, 17.494082102360462 ], [ 78.565430157261801, 17.494082102360462 ], [ 78.565430157261801, 17.494074431942973 ], [ 78.565427474560593, 17.494074431942973 ], [ 78.565427474560593, 17.494059091107022 ], [ 78.565432839963009, 17.494059091107022 ], [ 78.565432839963009, 17.494056534300906 ], [ 78.565440888066604, 17.494056534300906 ], [ 78.565440888066604, 17.494053977494755 ], [ 78.565451618871421, 17.494053977494755 ], [ 78.565451618871421, 17.494051420688567 ], [ 78.56545966697503, 17.494051420688567 ], [ 78.56545966697503, 17.494048863882345 ], [ 78.565462349676224, 17.494048863882345 ], [ 78.565462349676224, 17.494046307076083 ], [ 78.565465032377446, 17.494046307076083 ], [ 78.565465032377446, 17.494043750269782 ], [ 78.56546771507864, 17.494043750269782 ], [ 78.56546771507864, 17.494038636657081 ], [ 78.565470397779833, 17.494038636657081 ], [ 78.565470397779833, 17.49403607985068 ], [ 78.565483811285858, 17.49403607985068 ], [ 78.565483811285858, 17.494038636657081 ], [ 78.565489176688246, 17.494038636657081 ], [ 78.565489176688246, 17.494041193463449 ], [ 78.565491859389454, 17.494041193463449 ], [ 78.565491859389454, 17.494043750269782 ], [ 78.565497224791869, 17.494043750269782 ], [ 78.565497224791869, 17.494046307076083 ], [ 78.565499907493063, 17.494046307076083 ], [ 78.565499907493063, 17.494048863882345 ], [ 78.565505272895464, 17.494048863882345 ], [ 78.565505272895464, 17.494053977494755 ], [ 78.565507955596686, 17.494053977494755 ], [ 78.565507955596686, 17.494056534300906 ], [ 78.56551063829788, 17.494056534300906 ], [ 78.56551063829788, 17.494059091107022 ], [ 78.565513320999074, 17.494059091107022 ], [ 78.565513320999074, 17.494064204719155 ], [ 78.565516003700282, 17.494064204719155 ], [ 78.565516003700282, 17.494069318331135 ], [ 78.565518686401489, 17.494069318331135 ], [ 78.565518686401489, 17.494071875137074 ], [ 78.565521369102697, 17.494071875137074 ], [ 78.565521369102697, 17.494074431942973 ], [ 78.565526734505099, 17.494074431942973 ], [ 78.565526734505099, 17.494076988748844 ], [ 78.565532099907514, 17.494076988748844 ], [ 78.565532099907514, 17.494079545554666 ], [ 78.565534782608708, 17.494079545554666 ], [ 78.565534782608708, 17.4941 ], [ 78.565435522664217, 17.4941 ] ] ] } },
{ "type": "Feature", "properties": { "value": 255.0 }, "geometry": { "type": "Polygon", "coordinates": [ [ [ 78.564805087881609, 17.4941 ], [ 78.564805087881609, 17.494092329583278 ], [ 78.564802405180401, 17.494092329583278 ], [ 78.564802405180401, 17.494087215971938 ], [ 78.564799722479194, 17.494087215971938 ], [ 78.564799722479194, 17.494082102360462 ], [ 78.564797039778, 17.494082102360462 ], [ 78.564797039778, 17.494076988748844 ], [ 78.564794357076792, 17.494076988748844 ], [ 78.564794357076792, 17.494071875137074 ], [ 78.564791674375584, 17.494071875137074 ], [ 78.564791674375584, 17.494061647913107 ], [ 78.564794357076792, 17.494061647913107 ], [ 78.564794357076792, 17.494059091107022 ], [ 78.564799722479194, 17.494059091107022 ], [ 78.564799722479194, 17.494056534300906 ], [ 78.564802405180401, 17.494056534300906 ], [ 78.564802405180401, 17.494053977494755 ], [ 78.564807770582803, 17.494053977494755 ], [ 78.564807770582803, 17.494051420688567 ], [ 78.564810453284011, 17.494051420688567 ], [ 78.564810453284011, 17.494048863882345 ], [ 78.564813135985204, 17.494048863882345 ], [ 78.564813135985204, 17.494046307076083 ], [ 78.564815818686398, 17.494046307076083 ], [ 78.564815818686398, 17.494043750269782 ], [ 78.564818501387606, 17.494043750269782 ], [ 78.564818501387606, 17.494038636657081 ], [ 78.5648211840888, 17.494038636657081 ], [ 78.5648211840888, 17.494033523044234 ], [ 78.564823866790007, 17.494033523044234 ], [ 78.564823866790007, 17.494030966237762 ], [ 78.564826549491215, 17.494030966237762 ], [ 78.564826549491215, 17.494033523044234 ], [ 78.564829232192423, 17.494033523044234 ], [ 78.564829232192423, 17.49403607985068 ], [ 78.564834597594825, 17.49403607985068 ], [ 78.564834597594825, 17.494041193463449 ], [ 78.564837280296032, 17.494041193463449 ], [ 78.564837280296032, 17.494046307076083 ], [ 78.56483996299724, 17.494046307076083 ], [ 78.56483996299724, 17.494048863882345 ], [ 78.564842645698434, 17.494048863882345 ], [ 78.564842645698434, 17.494053977494755 ], [ 78.564845328399642, 17.494053977494755 ], [ 78.564845328399642, 17.494059091107022 ], [ 78.56484801110085, 17.494059091107022 ], [ 78.56484801110085, 17.494064204719155 ], [ 78.564850693802043, 17.494064204719155 ], [ 78.564850693802043, 17.494069318331135 ], [ 78.564853376503251, 17.494069318331135 ], [ 78.564853376503251, 17.494074431942973 ], [ 78.564856059204445, 17.494074431942973 ], [ 78.564856059204445, 17.494079545554666 ], [ 78.564858741905667, 17.494079545554666 ], [ 78.564858741905667, 17.494084659166219 ], [ 78.564861424606846, 17.494084659166219 ], [ 78.564861424606846, 17.494092329583278 ], [ 78.56486410730804, 17.494092329583278 ], [ 78.56486410730804, 17.4941 ], [ 78.564805087881609, 17.4941 ] ] ] } },
{ "type": "Feature", "properties": { "value": 255.0 }, "geometry": { "type": "Polygon", "coordinates": [ [ [ 78.56608741905643, 17.4941 ], [ 78.56608741905643, 17.494089772777624 ], [ 78.566084736355236, 17.494089772777624 ], [ 78.566084736355236, 17.494079545554666 ], [ 78.566082053654029, 17.494079545554666 ], [ 78.566082053654029, 17.494076988748844 ], [ 78.566079370952835, 17.494076988748844 ], [ 78.566079370952835, 17.494079545554666 ], [ 78.566074005550419, 17.494079545554666 ], [ 78.566074005550419, 17.494082102360462 ], [ 78.566068640148018, 17.494082102360462 ], [ 78.566068640148018, 17.494079545554666 ], [ 78.566065957446824, 17.494079545554666 ], [ 78.566065957446824, 17.494076988748844 ], [ 78.566063274745616, 17.494076988748844 ], [ 78.566063274745616, 17.494071875137074 ], [ 78.566065957446824, 17.494071875137074 ], [ 78.566065957446824, 17.494069318331135 ], [ 78.566068640148018, 17.494069318331135 ], [ 78.566068640148018, 17.494066761525161 ], [ 78.566071322849211, 17.494066761525161 ], [ 78.566071322849211, 17.494064204719155 ], [ 78.566074005550419, 17.494064204719155 ], [ 78.566074005550419, 17.494061647913107 ], [ 78.566079370952835, 17.494061647913107 ], [ 78.566079370952835, 17.494059091107022 ], [ 78.566084736355236, 17.494059091107022 ], [ 78.566084736355236, 17.494056534300906 ], [ 78.56608741905643, 17.494056534300906 ], [ 78.56608741905643, 17.494053977494755 ], [ 78.566090101757638, 17.494053977494755 ], [ 78.566090101757638, 17.494051420688567 ], [ 78.566095467160039, 17.494051420688567 ], [ 78.566095467160039, 17.494048863882345 ], [ 78.566100832562441, 17.494048863882345 ], [ 78.566100832562441, 17.494046307076083 ], [ 78.566108880666064, 17.494046307076083 ], [ 78.566108880666064, 17.494043750269782 ], [ 78.56611424606848, 17.494043750269782 ], [ 78.56611424606848, 17.494041193463449 ], [ 78.566119611470853, 17.494041193463449 ], [ 78.566119611470853, 17.494038636657081 ], [ 78.566127659574477, 17.494038636657081 ], [ 78.566127659574477, 17.49403607985068 ], [ 78.566133024976864, 17.49403607985068 ], [ 78.566133024976864, 17.494033523044234 ], [ 78.566141073080487, 17.494033523044234 ], [ 78.566141073080487, 17.494030966237762 ], [ 78.566146438482903, 17.494030966237762 ], [ 78.566146438482903, 17.494028409431248 ], [ 78.566149121184097, 17.494028409431248 ], [ 78.566149121184097, 17.494025852624699 ], [ 78.56615716928772, 17.494025852624699 ], [ 78.56615716928772, 17.494023295818113 ], [ 78.566167900092509, 17.494023295818113 ], [ 78.566167900092509, 17.494025852624699 ], [ 78.566170582793717, 17.494025852624699 ], [ 78.566170582793717, 17.494028409431248 ], [ 78.566173265494911, 17.494028409431248 ], [ 78.566173265494911, 17.494033523044234 ], [ 78.566175948196104, 17.494033523044234 ], [ 78.566175948196104, 17.494038636657081 ], [ 78.566178630897326, 17.494038636657081 ], [ 78.566178630897326, 17.494043750269782 ], [ 78.56618131359852, 17.494043750269782 ], [ 78.56618131359852, 17.494048863882345 ], [ 78.566183996299728, 17.494048863882345 ], [ 78.566183996299728, 17.494053977494755 ], [ 78.566186679000921, 17.494053977494755 ], [ 78.566186679000921, 17.494059091107022 ], [ 78.566189361702129, 17.494059091107022 ], [ 78.566189361702129, 17.494064204719155 ], [ 78.566192044403337, 17.494064204719155 ], [ 78.566192044403337, 17.494074431942973 ], [ 78.566194727104545, 17.494074431942973 ], [ 78.566194727104545, 17.494087215971938 ], [ 78.566192044403337, 17.494087215971938 ], [ 78.566192044403337, 17.494089772777624 ], [ 78.566189361702129, 17.494089772777624 ], [ 78.566189361702129, 17.494092329583278 ], [ 78.566183996299728, 17.494092329583278 ], [ 78.566183996299728, 17.49409488638889 ], [ 78.56618131359852, 17.49409488638889 ], [ 78.56618131359852, 17.4941 ], [ 78.56608741905643, 17.4941 ] ] ] } },
{ "type": "Feature", "properties": { "value": 255.0 }, "geometry": { "type": "Polygon", "coordinates": [ [ [ 78.566567622571696, 17.4941 ], [ 78.566567622571696, 17.494092329583278 ], [ 78.566564939870503, 17.494092329583278 ], [ 78.566564939870503, 17.494084659166219 ], [ 78.566562257169281, 17.494084659166219 ], [ 78.566562257169281, 17.494074431942973 ], [ 78.566559574468087, 17.494074431942973 ], [ 78.566559574468087, 17.494066761525161 ], [ 78.566562257169281, 17.494066761525161 ], [ 78.566562257169281, 17.494033523044234 ], [ 78.566564939870503, 17.494033523044234 ], [ 78.566564939870503, 17.494030966237762 ], [ 78.566567622571696, 17.494030966237762 ], [ 78.566567622571696, 17.494028409431248 ], [ 78.566572987974098, 17.494028409431248 ], [ 78.566572987974098, 17.494025852624699 ], [ 78.566578353376514, 17.494025852624699 ], [ 78.566578353376514, 17.494023295818113 ], [ 78.566583718778915, 17.494023295818113 ], [ 78.566583718778915, 17.494020739011493 ], [ 78.566589084181331, 17.494020739011493 ], [ 78.566589084181331, 17.494018182204837 ], [ 78.56659713228494, 17.494018182204837 ], [ 78.56659713228494, 17.494020739011493 ], [ 78.566602497687327, 17.494020739011493 ], [ 78.566602497687327, 17.494023295818113 ], [ 78.566605180388521, 17.494023295818113 ], [ 78.566605180388521, 17.494028409431248 ], [ 78.566607863089743, 17.494028409431248 ], [ 78.566607863089743, 17.494025852624699 ], [ 78.566610545790937, 17.494025852624699 ], [ 78.566610545790937, 17.494020739011493 ], [ 78.566615911193338, 17.494020739011493 ], [ 78.566615911193338, 17.494018182204837 ], [ 78.566621276595754, 17.494018182204837 ], [ 78.566621276595754, 17.494015625398145 ], [ 78.566629324699363, 17.494015625398145 ], [ 78.566629324699363, 17.494013068591414 ], [ 78.566645420906582, 17.494013068591414 ], [ 78.566645420906582, 17.494010511784651 ], [ 78.566674930619811, 17.494010511784651 ], [ 78.566674930619811, 17.494013068591414 ], [ 78.566682978723406, 17.494013068591414 ], [ 78.566682978723406, 17.494018182204837 ], [ 78.566685661424629, 17.494018182204837 ], [ 78.566685661424629, 17.494025852624699 ], [ 78.566688344125822, 17.494025852624699 ], [ 78.566688344125822, 17.494033523044234 ], [ 78.56669102682703, 17.494033523044234 ], [ 78.56669102682703, 17.494041193463449 ], [ 78.566693709528224, 17.494041193463449 ], [ 78.566693709528224, 17.494048863882345 ], [ 78.566696392229417, 17.494048863882345 ], [ 78.566696392229417, 17.494053977494755 ], [ 78.566693709528224, 17.494053977494755 ], [ 78.566693709528224, 17.494059091107022 ], [ 78.566699074930625, 17.494059091107022 ], [ 78.566699074930625, 17.494056534300906 ], [ 78.566707123034234, 17.494056534300906 ], [ 78.566707123034234, 17.494053977494755 ], [ 78.566712488436636, 17.494053977494755 ], [ 78.566712488436636, 17.494051420688567 ], [ 78.566720536540245, 17.494051420688567 ], [ 78.566720536540245, 17.494048863882345 ], [ 78.566728584643855, 17.494048863882345 ], [ 78.566728584643855, 17.494046307076083 ], [ 78.566747363552267, 17.494046307076083 ], [ 78.566747363552267, 17.494048863882345 ], [ 78.566750046253475, 17.494048863882345 ], [ 78.566750046253475, 17.494051420688567 ], [ 78.566752728954668, 17.494051420688567 ], [ 78.566752728954668, 17.494056534300906 ], [ 78.566755411655876, 17.494056534300906 ], [ 78.566755411655876, 17.494059091107022 ], [ 78.56675809435707, 17.494059091107022 ], [ 78.56675809435707, 17.494061647913107 ], [ 78.566760777058278, 17.494061647913107 ], [ 78.566760777058278, 17.494066761525161 ], [ 78.566763459759485, 17.494066761525161 ], [ 78.566763459759485, 17.494069318331135 ], [ 78.566766142460693, 17.494069318331135 ], [ 78.566766142460693, 17.494074431942973 ], [ 78.566768825161887, 17.494074431942973 ], [ 78.566768825161887, 17.494076988748844 ], [ 78.566771507863095, 17.494076988748844 ], [ 78.566771507863095, 17.494092329583278 ], [ 78.566766142460693, 17.494092329583278 ], [ 78.566766142460693, 17.49409488638889 ], [ 78.566763459759485, 17.49409488638889 ], [ 78.566763459759485, 17.4941 ], [ 78.566626641998155, 17.4941 ], [ 78.566626641998155, 17.494079545554666 ], [ 78.566629324699363, 17.494079545554666 ], [ 78.566629324699363, 17.494076988748844 ], [ 78.566640055504166, 17.494076988748844 ], [ 78.566640055504166, 17.494074431942973 ], [ 78.566626641998155, 17.494074431942973 ], [ 78.566626641998155, 17.494071875137074 ], [ 78.566623959296948, 17.494071875137074 ], [ 78.566623959296948, 17.494069318331135 ], [ 78.566621276595754, 17.494069318331135 ], [ 78.566621276595754, 17.494064204719155 ], [ 78.566618593894546, 17.494064204719155 ], [ 78.566618593894546, 17.494071875137074 ], [ 78.566621276595754, 17.494071875137074 ], [ 78.566621276595754, 17.494087215971938 ], [ 78.566618593894546, 17.494087215971938 ], [ 78.566618593894546, 17.494089772777624 ], [ 78.566613228492145, 17.494089772777624 ], [ 78.566613228492145, 17.494092329583278 ], [ 78.56659981498612, 17.494092329583278 ], [ 78.56659981498612, 17.49409488638889 ], [ 78.566589084181331, 17.49409488638889 ], [ 78.566589084181331, 17.4941 ], [ 78.566567622571696, 17.4941 ] ], [ [ 78.566640055504166, 17.494074431942973 ], [ 78.566648103607761, 17.494074431942973 ], [ 78.566648103607761, 17.494071875137074 ], [ 78.566640055504166, 17.494071875137074 ], [ 78.566640055504166, 17.494074431942973 ] ], [ [ 78.566648103607761, 17.494071875137074 ], [ 78.566658834412578, 17.494071875137074 ], [ 78.566658834412578, 17.494069318331135 ], [ 78.566648103607761, 17.494069318331135 ], [ 78.566648103607761, 17.494071875137074 ] ], [ [ 78.566664199814994, 17.494069318331135 ], [ 78.566666882516188, 17.494069318331135 ], [ 78.566666882516188, 17.494066761525161 ], [ 78.566664199814994, 17.494066761525161 ], [ 78.566664199814994, 17.494069318331135 ] ], [ [ 78.566615911193338, 17.494064204719155 ], [ 78.566618593894546, 17.494064204719155 ], [ 78.566618593894546, 17.494056534300906 ], [ 78.566615911193338, 17.494056534300906 ], [ 78.566615911193338, 17.494064204719155 ] ], [ [ 78.566680296022213, 17.494064204719155 ], [ 78.566682978723406, 17.494064204719155 ], [ 78.566682978723406, 17.494061647913107 ], [ 78.566680296022213, 17.494061647913107 ], [ 78.566680296022213, 17.494064204719155 ] ], [ [ 78.566613228492145, 17.494051420688567 ], [ 78.566615911193338, 17.494051420688567 ], [ 78.566615911193338, 17.494048863882345 ], [ 78.566613228492145, 17.494048863882345 ], [ 78.566613228492145, 17.494051420688567 ] ], [ [ 78.566610545790937, 17.494043750269782 ], [ 78.566613228492145, 17.494043750269782 ], [ 78.566613228492145, 17.494041193463449 ], [ 78.566610545790937, 17.494041193463449 ], [ 78.566610545790937, 17.494043750269782 ] ], [ [ 78.566607863089743, 17.494033523044234 ], [ 78.566610545790937, 17.494033523044234 ], [ 78.566610545790937, 17.494030966237762 ], [ 78.566607863089743, 17.494030966237762 ], [ 78.566607863089743, 17.494033523044234 ] ] ] } },
{ "type": "Feature", "properties": { "value": 255.0 }, "geometry": { "type": "Polygon", "coordinates": [ [ [ 78.567222201665132, 17.494066761525161 ], [ 78.567222201665132, 17.494064204719155 ], [ 78.56721683626273, 17.494064204719155 ], [ 78.56721683626273, 17.494061647913107 ], [ 78.567214153561537, 17.494061647913107 ], [ 78.567214153561537, 17.494051420688567 ], [ 78.567211470860315, 17.494051420688567 ], [ 78.567211470860315, 17.494028409431248 ], [ 78.567214153561537, 17.494028409431248 ], [ 78.567214153561537, 17.494025852624699 ], [ 78.56722488436634, 17.494025852624699 ], [ 78.56722488436634, 17.494023295818113 ], [ 78.567235615171143, 17.494023295818113 ], [ 78.567235615171143, 17.494020739011493 ], [ 78.567251711378361, 17.494020739011493 ], [ 78.567251711378361, 17.494007954977853 ], [ 78.567254394079555, 17.494007954977853 ], [ 78.567254394079555, 17.494005398171012 ], [ 78.567259759481971, 17.494005398171012 ], [ 78.567259759481971, 17.494002841364143 ], [ 78.567270490286788, 17.494002841364143 ], [ 78.567270490286788, 17.494000284557234 ], [ 78.567278538390383, 17.494000284557234 ], [ 78.567278538390383, 17.493997727750287 ], [ 78.567294634597602, 17.493997727750287 ], [ 78.567294634597602, 17.493995170943307 ], [ 78.5673, 17.493995170943307 ], [ 78.5673, 17.494043750269782 ], [ 78.567289269195186, 17.494043750269782 ], [ 78.567289269195186, 17.494046307076083 ], [ 78.567281221091577, 17.494046307076083 ], [ 78.567281221091577, 17.494048863882345 ], [ 78.567273172987981, 17.494048863882345 ], [ 78.567273172987981, 17.494051420688567 ], [ 78.567262442183178, 17.494051420688567 ], [ 78.567262442183178, 17.494053977494755 ], [ 78.567259759481971, 17.494053977494755 ], [ 78.567259759481971, 17.494051420688567 ], [ 78.567257076780777, 17.494051420688567 ], [ 78.567257076780777, 17.494053977494755 ], [ 78.567254394079555, 17.494053977494755 ], [ 78.567254394079555, 17.494059091107022 ], [ 78.567249028677153, 17.494059091107022 ], [ 78.567249028677153, 17.494061647913107 ], [ 78.567240980573544, 17.494061647913107 ], [ 78.567240980573544, 17.494064204719155 ], [ 78.567227567067533, 17.494064204719155 ], [ 78.567227567067533, 17.494066761525161 ], [ 78.567222201665132, 17.494066761525161 ] ], [ [ 78.567254394079555, 17.494046307076083 ], [ 78.567257076780777, 17.494046307076083 ], [ 78.567257076780777, 17.494043750269782 ], [ 78.567254394079555, 17.494043750269782 ], [ 78.567254394079555, 17.494046307076083 ] ] ] } },
{ "type": "Feature", "properties": { "value": 255.0 }, "geometry": { "type": "Polygon", "coordinates": [ [ [ 78.566213506012957, 17.494074431942973 ], [ 78.566213506012957, 17.494071875137074 ], [ 78.566208140610556, 17.494071875137074 ], [ 78.566208140610556, 17.494069318331135 ], [ 78.566205457909362, 17.494069318331135 ], [ 78.566205457909362, 17.494064204719155 ], [ 78.566202775208154, 17.494064204719155 ], [ 78.566202775208154, 17.494053977494755 ], [ 78.566200092506946, 17.494053977494755 ], [ 78.566200092506946, 17.494046307076083 ], [ 78.566197409805739, 17.494046307076083 ], [ 78.566197409805739, 17.494041193463449 ], [ 78.566194727104545, 17.494041193463449 ], [ 78.566194727104545, 17.49403607985068 ], [ 78.566192044403337, 17.49403607985068 ], [ 78.566192044403337, 17.494030966237762 ], [ 78.566189361702129, 17.494030966237762 ], [ 78.566189361702129, 17.494025852624699 ], [ 78.566186679000921, 17.494025852624699 ], [ 78.566186679000921, 17.494020739011493 ], [ 78.566183996299728, 17.494020739011493 ], [ 78.566183996299728, 17.494005398171012 ], [ 78.566186679000921, 17.494005398171012 ], [ 78.566186679000921, 17.494002841364143 ], [ 78.566189361702129, 17.494002841364143 ], [ 78.566189361702129, 17.494000284557234 ], [ 78.566194727104545, 17.494000284557234 ], [ 78.566194727104545, 17.493997727750287 ], [ 78.566200092506946, 17.493997727750287 ], [ 78.566200092506946, 17.493995170943307 ], [ 78.566205457909362, 17.493995170943307 ], [ 78.566205457909362, 17.493992614136292 ], [ 78.566208140610556, 17.493992614136292 ], [ 78.566208140610556, 17.493990057329242 ], [ 78.566216188714151, 17.493990057329242 ], [ 78.566216188714151, 17.493987500522156 ], [ 78.566221554116552, 17.493987500522156 ], [ 78.566221554116552, 17.493990057329242 ], [ 78.566229602220162, 17.493990057329242 ], [ 78.566229602220162, 17.493992614136292 ], [ 78.566232284921369, 17.493992614136292 ], [ 78.566232284921369, 17.493995170943307 ], [ 78.566234967622577, 17.493995170943307 ], [ 78.566234967622577, 17.493997727750287 ], [ 78.566240333024979, 17.493997727750287 ], [ 78.566240333024979, 17.494000284557234 ], [ 78.566245698427394, 17.494000284557234 ], [ 78.566245698427394, 17.494002841364143 ], [ 78.566248381128602, 17.494002841364143 ], [ 78.566248381128602, 17.494007954977853 ], [ 78.566251063829796, 17.494007954977853 ], [ 78.566251063829796, 17.494013068591414 ], [ 78.56625374653099, 17.494013068591414 ], [ 78.56625374653099, 17.494018182204837 ], [ 78.566256429232212, 17.494018182204837 ], [ 78.566256429232212, 17.494023295818113 ], [ 78.566259111933405, 17.494023295818113 ], [ 78.566259111933405, 17.494030966237762 ], [ 78.566261794634599, 17.494030966237762 ], [ 78.566261794634599, 17.49403607985068 ], [ 78.566264477335793, 17.49403607985068 ], [ 78.566264477335793, 17.494046307076083 ], [ 78.566261794634599, 17.494046307076083 ], [ 78.566261794634599, 17.494048863882345 ], [ 78.566259111933405, 17.494048863882345 ], [ 78.566259111933405, 17.494051420688567 ], [ 78.566256429232212, 17.494051420688567 ], [ 78.566256429232212, 17.494053977494755 ], [ 78.56625374653099, 17.494053977494755 ], [ 78.56625374653099, 17.494056534300906 ], [ 78.566248381128602, 17.494056534300906 ], [ 78.566248381128602, 17.494059091107022 ], [ 78.566243015726187, 17.494059091107022 ], [ 78.566243015726187, 17.494061647913107 ], [ 78.566237650323785, 17.494061647913107 ], [ 78.566237650323785, 17.494064204719155 ], [ 78.566234967622577, 17.494064204719155 ], [ 78.566234967622577, 17.494066761525161 ], [ 78.566229602220162, 17.494066761525161 ], [ 78.566229602220162, 17.494069318331135 ], [ 78.56622423681776, 17.494069318331135 ], [ 78.56622423681776, 17.494071875137074 ], [ 78.566218871415359, 17.494071875137074 ], [ 78.566218871415359, 17.494074431942973 ], [ 78.566213506012957, 17.494074431942973 ] ] ] } },
{ "type": "Feature", "properties": { "value": 255.0 }, "geometry": { "type": "Polygon", "coordinates": [ [ [ 78.56712294172064, 17.494069318331135 ], [ 78.56712294172064, 17.494066761525161 ], [ 78.567117576318239, 17.494066761525161 ], [ 78.567117576318239, 17.494064204719155 ], [ 78.567114893617031, 17.494064204719155 ], [ 78.567114893617031, 17.494059091107022 ], [ 78.567112210915823, 17.494059091107022 ], [ 78.567112210915823, 17.494048863882345 ], [ 78.567109528214615, 17.494048863882345 ], [ 78.567109528214615, 17.494038636657081 ], [ 78.567106845513422, 17.494038636657081 ], [ 78.567106845513422, 17.494030966237762 ], [ 78.567104162812214, 17.494030966237762 ], [ 78.567104162812214, 17.494015625398145 ], [ 78.567101480111006, 17.494015625398145 ], [ 78.567101480111006, 17.494002841364143 ], [ 78.567104162812214, 17.494002841364143 ], [ 78.567104162812214, 17.494000284557234 ], [ 78.567109528214615, 17.494000284557234 ], [ 78.567109528214615, 17.493997727750287 ], [ 78.567120259019433, 17.493997727750287 ], [ 78.567120259019433, 17.493995170943307 ], [ 78.567130989824236, 17.493995170943307 ], [ 78.567130989824236, 17.493992614136292 ], [ 78.567139037927845, 17.493992614136292 ], [ 78.567139037927845, 17.493990057329242 ], [ 78.567149768732662, 17.493990057329242 ], [ 78.567149768732662, 17.493987500522156 ], [ 78.567160499537479, 17.493987500522156 ], [ 78.567160499537479, 17.493984943715031 ], [ 78.56717391304349, 17.493984943715031 ], [ 78.56717391304349, 17.493987500522156 ], [ 78.567176595744684, 17.493987500522156 ], [ 78.567176595744684, 17.493990057329242 ], [ 78.567179278445892, 17.493990057329242 ], [ 78.567179278445892, 17.493995170943307 ], [ 78.567181961147085, 17.493995170943307 ], [ 78.567181961147085, 17.494005398171012 ], [ 78.567184643848293, 17.494005398171012 ], [ 78.567184643848293, 17.494015625398145 ], [ 78.567187326549487, 17.494015625398145 ], [ 78.567187326549487, 17.494023295818113 ], [ 78.567190009250695, 17.494023295818113 ], [ 78.567190009250695, 17.49403607985068 ], [ 78.567192691951902, 17.49403607985068 ], [ 78.567192691951902, 17.494048863882345 ], [ 78.567190009250695, 17.494048863882345 ], [ 78.567190009250695, 17.494053977494755 ], [ 78.567187326549487, 17.494053977494755 ], [ 78.567187326549487, 17.494056534300906 ], [ 78.567181961147085, 17.494056534300906 ], [ 78.567181961147085, 17.494059091107022 ], [ 78.567171230342296, 17.494059091107022 ], [ 78.567171230342296, 17.494061647913107 ], [ 78.567155134135064, 17.494061647913107 ], [ 78.567155134135064, 17.494064204719155 ], [ 78.567144403330246, 17.494064204719155 ], [ 78.567144403330246, 17.494066761525161 ], [ 78.567130989824236, 17.494066761525161 ], [ 78.567130989824236, 17.494069318331135 ], [ 78.56712294172064, 17.494069318331135 ] ] ] } },
{ "type": "Feature", "properties": { "value": 255.0 }, "geometry": { "type": "Polygon", "coordinates": [ [ [ 78.566033765032373, 17.494051420688567 ], [ 78.566033765032373, 17.494048863882345 ], [ 78.566031082331179, 17.494048863882345 ], [ 78.566031082331179, 17.494046307076083 ], [ 78.566028399629971, 17.494046307076083 ], [ 78.566028399629971, 17.494041193463449 ], [ 78.566025716928777, 17.494041193463449 ], [ 78.566025716928777, 17.49403607985068 ], [ 78.566023034227555, 17.49403607985068 ], [ 78.566023034227555, 17.494028409431248 ], [ 78.566020351526362, 17.494028409431248 ], [ 78.566020351526362, 17.494023295818113 ], [ 78.566017668825182, 17.494023295818113 ], [ 78.566017668825182, 17.494018182204837 ], [ 78.566014986123974, 17.494018182204837 ], [ 78.566014986123974, 17.494010511784651 ], [ 78.566012303422767, 17.494010511784651 ], [ 78.566012303422767, 17.493997727750287 ], [ 78.566009620721559, 17.493997727750287 ], [ 78.566009620721559, 17.493982386907874 ], [ 78.566012303422767, 17.493982386907874 ], [ 78.566012303422767, 17.49397983010067 ], [ 78.566014986123974, 17.49397983010067 ], [ 78.566014986123974, 17.493977273293442 ], [ 78.566017668825182, 17.493977273293442 ], [ 78.566017668825182, 17.493974716486171 ], [ 78.566020351526362, 17.493974716486171 ], [ 78.566020351526362, 17.493972159678872 ], [ 78.566025716928777, 17.493972159678872 ], [ 78.566025716928777, 17.49396960287153 ], [ 78.566031082331179, 17.49396960287153 ], [ 78.566031082331179, 17.493967046064153 ], [ 78.566039130434788, 17.493967046064153 ], [ 78.566039130434788, 17.493964489256744 ], [ 78.566047178538398, 17.493964489256744 ], [ 78.566047178538398, 17.493961932449295 ], [ 78.566055226642007, 17.493961932449295 ], [ 78.566055226642007, 17.493959375641815 ], [ 78.566074005550419, 17.493959375641815 ], [ 78.566074005550419, 17.493961932449295 ], [ 78.566076688251613, 17.493961932449295 ], [ 78.566076688251613, 17.493959375641815 ], [ 78.566079370952835, 17.493959375641815 ], [ 78.566079370952835, 17.493956818834292 ], [ 78.566084736355236, 17.493956818834292 ], [ 78.566084736355236, 17.49395426202674 ], [ 78.566090101757638, 17.49395426202674 ], [ 78.566090101757638, 17.493951705219143 ], [ 78.566095467160039, 17.493951705219143 ], [ 78.566095467160039, 17.493949148411517 ], [ 78.566100832562441, 17.493949148411517 ], [ 78.566100832562441, 17.493946591603851 ], [ 78.566108880666064, 17.493946591603851 ], [ 78.566108880666064, 17.493944034796154 ], [ 78.566119611470853, 17.493944034796154 ], [ 78.566119611470853, 17.493941477988422 ], [ 78.566141073080487, 17.493941477988422 ], [ 78.566141073080487, 17.493944034796154 ], [ 78.566146438482903, 17.493944034796154 ], [ 78.566146438482903, 17.493946591603851 ], [ 78.566149121184097, 17.493946591603851 ], [ 78.566149121184097, 17.493956818834292 ], [ 78.566151803885305, 17.493956818834292 ], [ 78.566151803885305, 17.493961932449295 ], [ 78.566154486586498, 17.493961932449295 ], [ 78.566154486586498, 17.493967046064153 ], [ 78.56615716928772, 17.493967046064153 ], [ 78.56615716928772, 17.493972159678872 ], [ 78.566159851988914, 17.493972159678872 ], [ 78.566159851988914, 17.49397983010067 ], [ 78.566162534690122, 17.49397983010067 ], [ 78.566162534690122, 17.493987500522156 ], [ 78.566165217391301, 17.493987500522156 ], [ 78.566165217391301, 17.493992614136292 ], [ 78.566167900092509, 17.493992614136292 ], [ 78.566167900092509, 17.494002841364143 ], [ 78.566165217391301, 17.494002841364143 ], [ 78.566165217391301, 17.494007954977853 ], [ 78.566162534690122, 17.494007954977853 ], [ 78.566162534690122, 17.494010511784651 ], [ 78.56615716928772, 17.494010511784651 ], [ 78.56615716928772, 17.494013068591414 ], [ 78.566151803885305, 17.494013068591414 ], [ 78.566151803885305, 17.494015625398145 ], [ 78.566146438482903, 17.494015625398145 ], [ 78.566146438482903, 17.494018182204837 ], [ 78.566141073080487, 17.494018182204837 ], [ 78.566141073080487, 17.494020739011493 ], [ 78.566133024976864, 17.494020739011493 ], [ 78.566133024976864, 17.494023295818113 ], [ 78.566127659574477, 17.494023295818113 ], [ 78.566127659574477, 17.494025852624699 ], [ 78.566122294172061, 17.494025852624699 ], [ 78.566122294172061, 17.494028409431248 ], [ 78.566116928769659, 17.494028409431248 ], [ 78.566116928769659, 17.494030966237762 ], [ 78.566103515263663, 17.494030966237762 ], [ 78.566103515263663, 17.494028409431248 ], [ 78.566100832562441, 17.494028409431248 ], [ 78.566100832562441, 17.494025852624699 ], [ 78.566098149861247, 17.494025852624699 ], [ 78.566098149861247, 17.494030966237762 ], [ 78.566095467160039, 17.494030966237762 ], [ 78.566095467160039, 17.494033523044234 ], [ 78.566090101757638, 17.494033523044234 ], [ 78.566090101757638, 17.49403607985068 ], [ 78.566079370952835, 17.49403607985068 ], [ 78.566079370952835, 17.494038636657081 ], [ 78.566074005550419, 17.494038636657081 ], [ 78.566074005550419, 17.494041193463449 ], [ 78.566065957446824, 17.494041193463449 ], [ 78.566065957446824, 17.494043750269782 ], [ 78.566060592044423, 17.494043750269782 ], [ 78.566060592044423, 17.494046307076083 ], [ 78.566055226642007, 17.494046307076083 ], [ 78.566055226642007, 17.494048863882345 ], [ 78.566049861239605, 17.494048863882345 ], [ 78.566049861239605, 17.494051420688567 ], [ 78.566033765032373, 17.494051420688567 ] ] ] } },
{ "type": "Feature", "properties": { "value": 255.0 }, "geometry": { "type": "Polygon", "coordinates": [ [ [ 78.565566975023131, 17.494079545554666 ], [ 78.565566975023131, 17.494076988748844 ], [ 78.56556160962073, 17.494076988748844 ], [ 78.56556160962073, 17.494074431942973 ], [ 78.565558926919522, 17.494074431942973 ], [ 78.565558926919522, 17.494069318331135 ], [ 78.565556244218328, 17.494069318331135 ], [ 78.565556244218328, 17.494061647913107 ], [ 78.56555356151712, 17.494061647913107 ], [ 78.56555356151712, 17.494053977494755 ], [ 78.565550878815912, 17.494053977494755 ], [ 78.565550878815912, 17.494015625398145 ], [ 78.565556244218328, 17.494015625398145 ], [ 78.565556244218328, 17.494013068591414 ], [ 78.565569657724339, 17.494013068591414 ], [ 78.565569657724339, 17.494015625398145 ], [ 78.565599167437568, 17.494015625398145 ], [ 78.565599167437568, 17.494010511784651 ], [ 78.565588436632751, 17.494010511784651 ], [ 78.565588436632751, 17.494013068591414 ], [ 78.565577705827948, 17.494013068591414 ], [ 78.565577705827948, 17.494010511784651 ], [ 78.565550878815912, 17.494010511784651 ], [ 78.565550878815912, 17.494007954977853 ], [ 78.565548196114705, 17.494007954977853 ], [ 78.565548196114705, 17.494002841364143 ], [ 78.565545513413511, 17.494002841364143 ], [ 78.565545513413511, 17.493982386907874 ], [ 78.565542830712303, 17.493982386907874 ], [ 78.565542830712303, 17.493951705219143 ], [ 78.565548196114705, 17.493951705219143 ], [ 78.565548196114705, 17.493949148411517 ], [ 78.565556244218328, 17.493949148411517 ], [ 78.565556244218328, 17.493946591603851 ], [ 78.565572340425533, 17.493946591603851 ], [ 78.565572340425533, 17.493944034796154 ], [ 78.565575023126755, 17.493944034796154 ], [ 78.565575023126755, 17.493941477988422 ], [ 78.565577705827948, 17.493941477988422 ], [ 78.565577705827948, 17.49393892118065 ], [ 78.565609898242371, 17.49393892118065 ], [ 78.565609898242371, 17.493941477988422 ], [ 78.565631359852006, 17.493941477988422 ], [ 78.565631359852006, 17.493944034796154 ], [ 78.565634042553185, 17.493944034796154 ], [ 78.565634042553185, 17.493946591603851 ], [ 78.565636725254393, 17.493946591603851 ], [ 78.565636725254393, 17.493951705219143 ], [ 78.565639407955601, 17.493951705219143 ], [ 78.565639407955601, 17.493972159678872 ], [ 78.565642090656809, 17.493972159678872 ], [ 78.565642090656809, 17.493977273293442 ], [ 78.565639407955601, 17.493977273293442 ], [ 78.565639407955601, 17.493984943715031 ], [ 78.565636725254393, 17.493984943715031 ], [ 78.565636725254393, 17.493987500522156 ], [ 78.565639407955601, 17.493987500522156 ], [ 78.565639407955601, 17.494007954977853 ], [ 78.565636725254393, 17.494007954977853 ], [ 78.565636725254393, 17.494010511784651 ], [ 78.565639407955601, 17.494010511784651 ], [ 78.565639407955601, 17.494013068591414 ], [ 78.565642090656809, 17.494013068591414 ], [ 78.565642090656809, 17.494018182204837 ], [ 78.565644773358002, 17.494018182204837 ], [ 78.565644773358002, 17.494028409431248 ], [ 78.565647456059196, 17.494028409431248 ], [ 78.565647456059196, 17.494038636657081 ], [ 78.565650138760418, 17.494038636657081 ], [ 78.565650138760418, 17.494046307076083 ], [ 78.565652821461612, 17.494046307076083 ], [ 78.565652821461612, 17.494056534300906 ], [ 78.56565550416282, 17.494056534300906 ], [ 78.56565550416282, 17.494064204719155 ], [ 78.565652821461612, 17.494064204719155 ], [ 78.565652821461612, 17.494066761525161 ], [ 78.565650138760418, 17.494066761525161 ], [ 78.565650138760418, 17.494069318331135 ], [ 78.565639407955601, 17.494069318331135 ], [ 78.565639407955601, 17.494071875137074 ], [ 78.56562599444959, 17.494071875137074 ], [ 78.56562599444959, 17.494074431942973 ], [ 78.565615263644773, 17.494074431942973 ], [ 78.565615263644773, 17.494076988748844 ], [ 78.565601850138762, 17.494076988748844 ], [ 78.565601850138762, 17.494079545554666 ], [ 78.565566975023131, 17.494079545554666 ] ], [ [ 78.565620629047189, 17.494013068591414 ], [ 78.56562599444959, 17.494013068591414 ], [ 78.56562599444959, 17.494010511784651 ], [ 78.565620629047189, 17.494010511784651 ], [ 78.565620629047189, 17.494013068591414 ] ] ] } },
{ "type": "Feature", "properties": { "value": 255.0 }, "geometry": { "type": "Polygon", "coordinates": [ [ [ 78.56578427382054, 17.494079545554666 ], [ 78.56578427382054, 17.494076988748844 ], [ 78.565781591119332, 17.494076988748844 ], [ 78.565781591119332, 17.494071875137074 ], [ 78.565778908418125, 17.494071875137074 ], [ 78.565778908418125, 17.494064204719155 ], [ 78.565776225716945, 17.494064204719155 ], [ 78.565776225716945, 17.494056534300906 ], [ 78.565773543015737, 17.494056534300906 ], [ 78.565773543015737, 17.494048863882345 ], [ 78.56577086031453, 17.494048863882345 ], [ 78.56577086031453, 17.494041193463449 ], [ 78.565768177613336, 17.494041193463449 ], [ 78.565768177613336, 17.494033523044234 ], [ 78.565765494912128, 17.494033523044234 ], [ 78.565765494912128, 17.494023295818113 ], [ 78.565762812210934, 17.494023295818113 ], [ 78.565762812210934, 17.494015625398145 ], [ 78.565760129509727, 17.494015625398145 ], [ 78.565760129509727, 17.494007954977853 ], [ 78.565757446808519, 17.494007954977853 ], [ 78.565757446808519, 17.494000284557234 ], [ 78.565754764107311, 17.494000284557234 ], [ 78.565754764107311, 17.493992614136292 ], [ 78.565752081406117, 17.493992614136292 ], [ 78.565752081406117, 17.493984943715031 ], [ 78.565749398704909, 17.493984943715031 ], [ 78.565749398704909, 17.493977273293442 ], [ 78.565746716003702, 17.493977273293442 ], [ 78.565746716003702, 17.493964489256744 ], [ 78.565744033302494, 17.493964489256744 ], [ 78.565744033302494, 17.493951705219143 ], [ 78.565746716003702, 17.493951705219143 ], [ 78.565746716003702, 17.493946591603851 ], [ 78.565752081406117, 17.493946591603851 ], [ 78.565752081406117, 17.493944034796154 ], [ 78.565760129509727, 17.493944034796154 ], [ 78.565760129509727, 17.493941477988422 ], [ 78.56577086031453, 17.493941477988422 ], [ 78.56577086031453, 17.49393892118065 ], [ 78.565778908418125, 17.49393892118065 ], [ 78.565778908418125, 17.493936364372843 ], [ 78.565786956521734, 17.493936364372843 ], [ 78.565786956521734, 17.493933807564996 ], [ 78.565811100832576, 17.493933807564996 ], [ 78.565811100832576, 17.493936364372843 ], [ 78.56581378353377, 17.493936364372843 ], [ 78.56581378353377, 17.493941477988422 ], [ 78.565816466234978, 17.493941477988422 ], [ 78.565816466234978, 17.493949148411517 ], [ 78.565819148936185, 17.493949148411517 ], [ 78.565819148936185, 17.493956818834292 ], [ 78.565821831637379, 17.493956818834292 ], [ 78.565821831637379, 17.493967046064153 ], [ 78.565824514338587, 17.493967046064153 ], [ 78.565824514338587, 17.493974716486171 ], [ 78.565827197039781, 17.493974716486171 ], [ 78.565827197039781, 17.493982386907874 ], [ 78.565829879740974, 17.493982386907874 ], [ 78.565829879740974, 17.493992614136292 ], [ 78.565832562442182, 17.493992614136292 ], [ 78.565832562442182, 17.494000284557234 ], [ 78.565835245143376, 17.494000284557234 ], [ 78.565835245143376, 17.494013068591414 ], [ 78.565837927844598, 17.494013068591414 ], [ 78.565837927844598, 17.494023295818113 ], [ 78.565840610545791, 17.494023295818113 ], [ 78.565840610545791, 17.494046307076083 ], [ 78.565837927844598, 17.494046307076083 ], [ 78.565837927844598, 17.494051420688567 ], [ 78.565835245143376, 17.494051420688567 ], [ 78.565835245143376, 17.494053977494755 ], [ 78.565832562442182, 17.494053977494755 ], [ 78.565832562442182, 17.494056534300906 ], [ 78.565824514338587, 17.494056534300906 ], [ 78.565824514338587, 17.494059091107022 ], [ 78.565821831637379, 17.494059091107022 ], [ 78.565821831637379, 17.494061647913107 ], [ 78.565819148936185, 17.494061647913107 ], [ 78.565819148936185, 17.494064204719155 ], [ 78.565816466234978, 17.494064204719155 ], [ 78.565816466234978, 17.494066761525161 ], [ 78.56581378353377, 17.494066761525161 ], [ 78.56581378353377, 17.494071875137074 ], [ 78.565811100832576, 17.494071875137074 ], [ 78.565811100832576, 17.494074431942973 ], [ 78.565800370027759, 17.494074431942973 ], [ 78.565800370027759, 17.494076988748844 ], [ 78.565795004625357, 17.494076988748844 ], [ 78.565795004625357, 17.494079545554666 ], [ 78.56578427382054, 17.494079545554666 ] ] ] } },
{ "type": "Feature", "properties": { "value": 255.0 }, "geometry": { "type": "Polygon", "coordinates": [ [ [ 78.567037095282146, 17.49409488638889 ], [ 78.567037095282146, 17.494092329583278 ], [ 78.567031729879758, 17.494092329583278 ], [ 78.567031729879758, 17.494089772777624 ], [ 78.566994172062905, 17.494089772777624 ], [ 78.566994172062905, 17.494087215971938 ], [ 78.56698880666049, 17.494087215971938 ], [ 78.56698880666049, 17.494084659166219 ], [ 78.566986123959296, 17.494084659166219 ], [ 78.566986123959296, 17.494076988748844 ], [ 78.566983441258117, 17.494076988748844 ], [ 78.566983441258117, 17.494071875137074 ], [ 78.566980758556895, 17.494071875137074 ], [ 78.566980758556895, 17.494066761525161 ], [ 78.566978075855701, 17.494066761525161 ], [ 78.566978075855701, 17.494053977494755 ], [ 78.566975393154493, 17.494053977494755 ], [ 78.566975393154493, 17.494041193463449 ], [ 78.5669727104533, 17.494041193463449 ], [ 78.5669727104533, 17.494033523044234 ], [ 78.566970027752077, 17.494033523044234 ], [ 78.566970027752077, 17.494023295818113 ], [ 78.566967345050884, 17.494023295818113 ], [ 78.566967345050884, 17.494010511784651 ], [ 78.566964662349676, 17.494010511784651 ], [ 78.566964662349676, 17.493997727750287 ], [ 78.566961979648482, 17.493997727750287 ], [ 78.566961979648482, 17.49397983010067 ], [ 78.566964662349676, 17.49397983010067 ], [ 78.566964662349676, 17.493972159678872 ], [ 78.566967345050884, 17.493972159678872 ], [ 78.566967345050884, 17.493967046064153 ], [ 78.566970027752077, 17.493967046064153 ], [ 78.566970027752077, 17.493961932449295 ], [ 78.5669727104533, 17.493961932449295 ], [ 78.5669727104533, 17.493959375641815 ], [ 78.566975393154493, 17.493959375641815 ], [ 78.566975393154493, 17.493956818834292 ], [ 78.566978075855701, 17.493956818834292 ], [ 78.566978075855701, 17.49395426202674 ], [ 78.566980758556895, 17.49395426202674 ], [ 78.566980758556895, 17.493951705219143 ], [ 78.566986123959296, 17.493951705219143 ], [ 78.566986123959296, 17.493949148411517 ], [ 78.566991489361698, 17.493949148411517 ], [ 78.566991489361698, 17.493946591603851 ], [ 78.566994172062905, 17.493946591603851 ], [ 78.566994172062905, 17.493944034796154 ], [ 78.566996854764113, 17.493944034796154 ], [ 78.566996854764113, 17.493941477988422 ], [ 78.567002220166515, 17.493941477988422 ], [ 78.567002220166515, 17.49393892118065 ], [ 78.567010268270124, 17.49393892118065 ], [ 78.567010268270124, 17.493936364372843 ], [ 78.567026364477357, 17.493936364372843 ], [ 78.567026364477357, 17.493933807564996 ], [ 78.567042460684547, 17.493933807564996 ], [ 78.567042460684547, 17.493931250757118 ], [ 78.567063922294182, 17.493931250757118 ], [ 78.567063922294182, 17.493933807564996 ], [ 78.567066604995375, 17.493933807564996 ], [ 78.567066604995375, 17.493936364372843 ], [ 78.567069287696583, 17.493936364372843 ], [ 78.567069287696583, 17.493946591603851 ], [ 78.567071970397791, 17.493946591603851 ], [ 78.567071970397791, 17.49395426202674 ], [ 78.567074653098999, 17.49395426202674 ], [ 78.567074653098999, 17.493964489256744 ], [ 78.567077335800192, 17.493964489256744 ], [ 78.567077335800192, 17.493972159678872 ], [ 78.5670800185014, 17.493972159678872 ], [ 78.5670800185014, 17.493984943715031 ], [ 78.567082701202594, 17.493984943715031 ], [ 78.567082701202594, 17.493992614136292 ], [ 78.567085383903787, 17.493992614136292 ], [ 78.567085383903787, 17.494002841364143 ], [ 78.567088066604995, 17.494002841364143 ], [ 78.567088066604995, 17.494007954977853 ], [ 78.567085383903787, 17.494007954977853 ], [ 78.567085383903787, 17.494013068591414 ], [ 78.567090749306189, 17.494013068591414 ], [ 78.567090749306189, 17.494018182204837 ], [ 78.567093432007411, 17.494018182204837 ], [ 78.567093432007411, 17.494030966237762 ], [ 78.567096114708605, 17.494030966237762 ], [ 78.567096114708605, 17.494041193463449 ], [ 78.567098797409798, 17.494041193463449 ], [ 78.567098797409798, 17.494056534300906 ], [ 78.567101480111006, 17.494056534300906 ], [ 78.567101480111006, 17.494082102360462 ], [ 78.567098797409798, 17.494082102360462 ], [ 78.567098797409798, 17.494084659166219 ], [ 78.567093432007411, 17.494084659166219 ], [ 78.567093432007411, 17.494087215971938 ], [ 78.567085383903787, 17.494087215971938 ], [ 78.567085383903787, 17.494089772777624 ], [ 78.567074653098999, 17.494089772777624 ], [ 78.567074653098999, 17.494092329583278 ], [ 78.567055874190558, 17.494092329583278 ], [ 78.567055874190558, 17.49409488638889 ], [ 78.567037095282146, 17.49409488638889 ] ] ] } },
{ "type": "Feature", "properties": { "value": 255.0 }, "geometry": { "type": "Polygon", "coordinates": [ [ [ 78.564413413506017, 17.494074431942973 ], [ 78.564413413506017, 17.494071875137074 ], [ 78.564410730804823, 17.494071875137074 ], [ 78.564410730804823, 17.494064204719155 ], [ 78.56440804810363, 17.494064204719155 ], [ 78.56440804810363, 17.494056534300906 ], [ 78.564405365402408, 17.494056534300906 ], [ 78.564405365402408, 17.494053977494755 ], [ 78.5644, 17.494053977494755 ], [ 78.5644, 17.493931250757118 ], [ 78.564405365402408, 17.493931250757118 ], [ 78.564405365402408, 17.493928693949204 ], [ 78.56440804810363, 17.493928693949204 ], [ 78.56440804810363, 17.493926137141251 ], [ 78.564410730804823, 17.493926137141251 ], [ 78.564410730804823, 17.493921023525242 ], [ 78.564416096207225, 17.493921023525242 ], [ 78.564416096207225, 17.493918466717179 ], [ 78.564424144310834, 17.493918466717179 ], [ 78.564424144310834, 17.493915909909088 ], [ 78.564432192414429, 17.493915909909088 ], [ 78.564432192414429, 17.493918466717179 ], [ 78.564434875115637, 17.493918466717179 ], [ 78.564434875115637, 17.493923580333263 ], [ 78.564437557816831, 17.493923580333263 ], [ 78.564437557816831, 17.493931250757118 ], [ 78.564440240518053, 17.493931250757118 ], [ 78.564440240518053, 17.493941477988422 ], [ 78.564442923219246, 17.493941477988422 ], [ 78.564442923219246, 17.49395426202674 ], [ 78.564445605920454, 17.49395426202674 ], [ 78.564445605920454, 17.493964489256744 ], [ 78.564448288621648, 17.493964489256744 ], [ 78.564448288621648, 17.493990057329242 ], [ 78.564450971322856, 17.493990057329242 ], [ 78.564450971322856, 17.494007954977853 ], [ 78.564453654024064, 17.494007954977853 ], [ 78.564453654024064, 17.494013068591414 ], [ 78.564456336725257, 17.494013068591414 ], [ 78.564456336725257, 17.494025852624699 ], [ 78.564453654024064, 17.494025852624699 ], [ 78.564453654024064, 17.494030966237762 ], [ 78.564456336725257, 17.494030966237762 ], [ 78.564456336725257, 17.49403607985068 ], [ 78.564459019426465, 17.49403607985068 ], [ 78.564459019426465, 17.494046307076083 ], [ 78.564461702127673, 17.494046307076083 ], [ 78.564461702127673, 17.494051420688567 ], [ 78.564459019426465, 17.494051420688567 ], [ 78.564459019426465, 17.494059091107022 ], [ 78.564456336725257, 17.494059091107022 ], [ 78.564456336725257, 17.494064204719155 ], [ 78.564450971322856, 17.494064204719155 ], [ 78.564450971322856, 17.494066761525161 ], [ 78.564445605920454, 17.494066761525161 ], [ 78.564445605920454, 17.494069318331135 ], [ 78.564440240518053, 17.494069318331135 ], [ 78.564440240518053, 17.494071875137074 ], [ 78.564424144310834, 17.494071875137074 ], [ 78.564424144310834, 17.494074431942973 ], [ 78.564413413506017, 17.494074431942973 ] ] ] } },
{ "type": "Feature", "properties": { "value": 255.0 }, "geometry": { "type": "Polygon", "coordinates": [ [ [ 78.565714523589278, 17.494059091107022 ], [ 78.565714523589278, 17.494056534300906 ], [ 78.565706475485669, 17.494056534300906 ], [ 78.565706475485669, 17.494053977494755 ], [ 78.565703792784461, 17.494053977494755 ], [ 78.565703792784461, 17.494051420688567 ], [ 78.565701110083253, 17.494051420688567 ], [ 78.565701110083253, 17.494046307076083 ], [ 78.56569842738206, 17.494046307076083 ], [ 78.56569842738206, 17.494041193463449 ], [ 78.565695744680852, 17.494041193463449 ], [ 78.565695744680852, 17.494030966237762 ], [ 78.565693061979644, 17.494030966237762 ], [ 78.565693061979644, 17.494018182204837 ], [ 78.56569037927845, 17.494018182204837 ], [ 78.56569037927845, 17.494007954977853 ], [ 78.565687696577243, 17.494007954977853 ], [ 78.565687696577243, 17.493992614136292 ], [ 78.565685013876049, 17.493992614136292 ], [ 78.565685013876049, 17.49397983010067 ], [ 78.565682331174841, 17.49397983010067 ], [ 78.565682331174841, 17.493967046064153 ], [ 78.565679648473647, 17.493967046064153 ], [ 78.565679648473647, 17.493956818834292 ], [ 78.565676965772454, 17.493956818834292 ], [ 78.565676965772454, 17.493944034796154 ], [ 78.565674283071246, 17.493944034796154 ], [ 78.565674283071246, 17.493926137141251 ], [ 78.565671600370038, 17.493926137141251 ], [ 78.565671600370038, 17.493921023525242 ], [ 78.565674283071246, 17.493921023525242 ], [ 78.565674283071246, 17.493915909909088 ], [ 78.565679648473647, 17.493915909909088 ], [ 78.565679648473647, 17.493913353100957 ], [ 78.56569037927845, 17.493913353100957 ], [ 78.56569037927845, 17.493910796292791 ], [ 78.565714523589278, 17.493910796292791 ], [ 78.565714523589278, 17.493913353100957 ], [ 78.565717206290486, 17.493913353100957 ], [ 78.565717206290486, 17.493918466717179 ], [ 78.565719888991694, 17.493918466717179 ], [ 78.565719888991694, 17.493928693949204 ], [ 78.565722571692888, 17.493928693949204 ], [ 78.565722571692888, 17.49393892118065 ], [ 78.565725254394081, 17.49393892118065 ], [ 78.565725254394081, 17.493944034796154 ], [ 78.565727937095303, 17.493944034796154 ], [ 78.565727937095303, 17.493949148411517 ], [ 78.565730619796483, 17.493949148411517 ], [ 78.565730619796483, 17.49395426202674 ], [ 78.565733302497691, 17.49395426202674 ], [ 78.565733302497691, 17.493964489256744 ], [ 78.565735985198884, 17.493964489256744 ], [ 78.565735985198884, 17.493972159678872 ], [ 78.565738667900092, 17.493972159678872 ], [ 78.565738667900092, 17.49397983010067 ], [ 78.5657413506013, 17.49397983010067 ], [ 78.5657413506013, 17.493987500522156 ], [ 78.565744033302494, 17.493987500522156 ], [ 78.565744033302494, 17.493992614136292 ], [ 78.565746716003702, 17.493992614136292 ], [ 78.565746716003702, 17.494002841364143 ], [ 78.565749398704909, 17.494002841364143 ], [ 78.565749398704909, 17.494010511784651 ], [ 78.565752081406117, 17.494010511784651 ], [ 78.565752081406117, 17.494023295818113 ], [ 78.565754764107311, 17.494023295818113 ], [ 78.565754764107311, 17.494038636657081 ], [ 78.565757446808519, 17.494038636657081 ], [ 78.565757446808519, 17.494041193463449 ], [ 78.565754764107311, 17.494041193463449 ], [ 78.565754764107311, 17.494048863882345 ], [ 78.565752081406117, 17.494048863882345 ], [ 78.565752081406117, 17.494051420688567 ], [ 78.565746716003702, 17.494051420688567 ], [ 78.565746716003702, 17.494053977494755 ], [ 78.565735985198884, 17.494053977494755 ], [ 78.565735985198884, 17.494056534300906 ], [ 78.565722571692888, 17.494056534300906 ], [ 78.565722571692888, 17.494059091107022 ], [ 78.565714523589278, 17.494059091107022 ] ] ] } },
{ "type": "Feature", "properties": { "value": 255.0 }, "geometry": { "type": "Polygon", "coordinates": [ [ [ 78.56618131359852, 17.493997727750287 ], [ 78.56618131359852, 17.493995170943307 ], [ 78.566173265494911, 17.493995170943307 ], [ 78.566173265494911, 17.493990057329242 ], [ 78.566170582793717, 17.493990057329242 ], [ 78.566170582793717, 17.493984943715031 ], [ 78.566167900092509, 17.493984943715031 ], [ 78.566167900092509, 17.49397983010067 ], [ 78.566165217391301, 17.49397983010067 ], [ 78.566165217391301, 17.49396960287153 ], [ 78.566162534690122, 17.49396960287153 ], [ 78.566162534690122, 17.493964489256744 ], [ 78.566159851988914, 17.493964489256744 ], [ 78.566159851988914, 17.493956818834292 ], [ 78.56615716928772, 17.493956818834292 ], [ 78.56615716928772, 17.493944034796154 ], [ 78.566159851988914, 17.493944034796154 ], [ 78.566159851988914, 17.49393892118065 ], [ 78.566165217391301, 17.49393892118065 ], [ 78.566165217391301, 17.493936364372843 ], [ 78.566167900092509, 17.493936364372843 ], [ 78.566167900092509, 17.493933807564996 ], [ 78.566173265494911, 17.493933807564996 ], [ 78.566173265494911, 17.493931250757118 ], [ 78.56618131359852, 17.493931250757118 ], [ 78.56618131359852, 17.493928693949204 ], [ 78.566186679000921, 17.493928693949204 ], [ 78.566186679000921, 17.493926137141251 ], [ 78.566192044403337, 17.493926137141251 ], [ 78.566192044403337, 17.493923580333263 ], [ 78.566197409805739, 17.493923580333263 ], [ 78.566197409805739, 17.493921023525242 ], [ 78.566205457909362, 17.493921023525242 ], [ 78.566205457909362, 17.493918466717179 ], [ 78.566210823311749, 17.493918466717179 ], [ 78.566210823311749, 17.493915909909088 ], [ 78.566216188714151, 17.493915909909088 ], [ 78.566216188714151, 17.493913353100957 ], [ 78.56622423681776, 17.493913353100957 ], [ 78.56622423681776, 17.493910796292791 ], [ 78.566229602220162, 17.493910796292791 ], [ 78.566229602220162, 17.49390823948459 ], [ 78.566240333024979, 17.49390823948459 ], [ 78.566240333024979, 17.493910796292791 ], [ 78.566245698427394, 17.493910796292791 ], [ 78.566245698427394, 17.493913353100957 ], [ 78.566248381128602, 17.493913353100957 ], [ 78.566248381128602, 17.493915909909088 ], [ 78.566251063829796, 17.493915909909088 ], [ 78.566251063829796, 17.493918466717179 ], [ 78.56625374653099, 17.493918466717179 ], [ 78.56625374653099, 17.493921023525242 ], [ 78.566256429232212, 17.493921023525242 ], [ 78.566256429232212, 17.493926137141251 ], [ 78.566259111933405, 17.493926137141251 ], [ 78.566259111933405, 17.493928693949204 ], [ 78.566261794634599, 17.493928693949204 ], [ 78.566261794634599, 17.493936364372843 ], [ 78.566264477335793, 17.493936364372843 ], [ 78.566264477335793, 17.49393892118065 ], [ 78.566267160037, 17.49393892118065 ], [ 78.566267160037, 17.493944034796154 ], [ 78.566269842738208, 17.493944034796154 ], [ 78.566269842738208, 17.493946591603851 ], [ 78.566272525439402, 17.493946591603851 ], [ 78.566272525439402, 17.493949148411517 ], [ 78.56627520814061, 17.493949148411517 ], [ 78.56627520814061, 17.49395426202674 ], [ 78.566277890841818, 17.49395426202674 ], [ 78.566277890841818, 17.493956818834292 ], [ 78.56627520814061, 17.493956818834292 ], [ 78.56627520814061, 17.493961932449295 ], [ 78.566272525439402, 17.493961932449295 ], [ 78.566272525439402, 17.493964489256744 ], [ 78.566269842738208, 17.493964489256744 ], [ 78.566269842738208, 17.493967046064153 ], [ 78.566264477335793, 17.493967046064153 ], [ 78.566264477335793, 17.49396960287153 ], [ 78.566256429232212, 17.49396960287153 ], [ 78.566256429232212, 17.493972159678872 ], [ 78.566245698427394, 17.493972159678872 ], [ 78.566245698427394, 17.493974716486171 ], [ 78.566240333024979, 17.493974716486171 ], [ 78.566240333024979, 17.493977273293442 ], [ 78.566232284921369, 17.493977273293442 ], [ 78.566232284921369, 17.49397983010067 ], [ 78.566226919518968, 17.49397983010067 ], [ 78.566226919518968, 17.493982386907874 ], [ 78.566221554116552, 17.493982386907874 ], [ 78.566221554116552, 17.493984943715031 ], [ 78.566213506012957, 17.493984943715031 ], [ 78.566213506012957, 17.493987500522156 ], [ 78.566205457909362, 17.493987500522156 ], [ 78.566205457909362, 17.493990057329242 ], [ 78.566202775208154, 17.493990057329242 ], [ 78.566202775208154, 17.493992614136292 ], [ 78.566197409805739, 17.493992614136292 ], [ 78.566197409805739, 17.493995170943307 ], [ 78.566186679000921, 17.493995170943307 ], [ 78.566186679000921, 17.493997727750287 ], [ 78.56618131359852, 17.493997727750287 ] ] ] } },
{ "type": "Feature", "properties": { "value": 255.0 }, "geometry": { "type": "Polygon", "coordinates": [ [ [ 78.565253098982424, 17.494087215971938 ], [ 78.565253098982424, 17.494084659166219 ], [ 78.565250416281216, 17.494084659166219 ], [ 78.565250416281216, 17.494079545554666 ], [ 78.565247733580023, 17.494079545554666 ], [ 78.565247733580023, 17.494074431942973 ], [ 78.565245050878829, 17.494074431942973 ], [ 78.565245050878829, 17.494069318331135 ], [ 78.565242368177621, 17.494069318331135 ], [ 78.565242368177621, 17.494064204719155 ], [ 78.565239685476428, 17.494064204719155 ], [ 78.565239685476428, 17.494038636657081 ], [ 78.56523700277522, 17.494038636657081 ], [ 78.56523700277522, 17.494030966237762 ], [ 78.565239685476428, 17.494030966237762 ], [ 78.565239685476428, 17.494028409431248 ], [ 78.565242368177621, 17.494028409431248 ], [ 78.565242368177621, 17.494025852624699 ], [ 78.565247733580023, 17.494025852624699 ], [ 78.565247733580023, 17.494023295818113 ], [ 78.565253098982424, 17.494023295818113 ], [ 78.565253098982424, 17.494020739011493 ], [ 78.565255781683632, 17.494020739011493 ], [ 78.565255781683632, 17.494018182204837 ], [ 78.565258464384826, 17.494018182204837 ], [ 78.565258464384826, 17.494015625398145 ], [ 78.565261147086034, 17.494015625398145 ], [ 78.565261147086034, 17.494013068591414 ], [ 78.565269195189643, 17.494013068591414 ], [ 78.565269195189643, 17.494010511784651 ], [ 78.56527992599446, 17.494010511784651 ], [ 78.56527992599446, 17.494007954977853 ], [ 78.565290656799277, 17.494007954977853 ], [ 78.565290656799277, 17.494005398171012 ], [ 78.565277243293266, 17.494005398171012 ], [ 78.565277243293266, 17.494007954977853 ], [ 78.565261147086034, 17.494007954977853 ], [ 78.565261147086034, 17.494010511784651 ], [ 78.565247733580023, 17.494010511784651 ], [ 78.565247733580023, 17.494013068591414 ], [ 78.56523700277522, 17.494013068591414 ], [ 78.56523700277522, 17.494015625398145 ], [ 78.56522895467161, 17.494015625398145 ], [ 78.56522895467161, 17.494013068591414 ], [ 78.565223589269209, 17.494013068591414 ], [ 78.565223589269209, 17.494007954977853 ], [ 78.565220906568001, 17.494007954977853 ], [ 78.565220906568001, 17.493995170943307 ], [ 78.565218223866793, 17.493995170943307 ], [ 78.565218223866793, 17.493984943715031 ], [ 78.565215541165585, 17.493984943715031 ], [ 78.565215541165585, 17.493974716486171 ], [ 78.565212858464392, 17.493974716486171 ], [ 78.565212858464392, 17.493961932449295 ], [ 78.565210175763184, 17.493961932449295 ], [ 78.565210175763184, 17.493951705219143 ], [ 78.565212858464392, 17.493951705219143 ], [ 78.565212858464392, 17.493949148411517 ], [ 78.565215541165585, 17.493949148411517 ], [ 78.565215541165585, 17.493946591603851 ], [ 78.565218223866793, 17.493946591603851 ], [ 78.565218223866793, 17.493944034796154 ], [ 78.565220906568001, 17.493944034796154 ], [ 78.565220906568001, 17.49393892118065 ], [ 78.565218223866793, 17.49393892118065 ], [ 78.565218223866793, 17.493936364372843 ], [ 78.565215541165585, 17.493936364372843 ], [ 78.565215541165585, 17.493933807564996 ], [ 78.565212858464392, 17.493933807564996 ], [ 78.565212858464392, 17.493923580333263 ], [ 78.565215541165585, 17.493923580333263 ], [ 78.565215541165585, 17.493921023525242 ], [ 78.565218223866793, 17.493921023525242 ], [ 78.565218223866793, 17.493918466717179 ], [ 78.565220906568001, 17.493918466717179 ], [ 78.565220906568001, 17.493915909909088 ], [ 78.565223589269209, 17.493915909909088 ], [ 78.565223589269209, 17.493913353100957 ], [ 78.565226271970403, 17.493913353100957 ], [ 78.565226271970403, 17.493910796292791 ], [ 78.56522895467161, 17.493910796292791 ], [ 78.56522895467161, 17.49390823948459 ], [ 78.565231637372804, 17.49390823948459 ], [ 78.565231637372804, 17.493905682676345 ], [ 78.565245050878829, 17.493905682676345 ], [ 78.565245050878829, 17.493903125868069 ], [ 78.565255781683632, 17.493903125868069 ], [ 78.565255781683632, 17.493900569059765 ], [ 78.565269195189643, 17.493900569059765 ], [ 78.565269195189643, 17.493898012251417 ], [ 78.56527992599446, 17.493898012251417 ], [ 78.56527992599446, 17.493895455443035 ], [ 78.565298704902872, 17.493895455443035 ], [ 78.565298704902872, 17.493898012251417 ], [ 78.565301387604066, 17.493898012251417 ], [ 78.565301387604066, 17.493900569059765 ], [ 78.565304070305274, 17.493900569059765 ], [ 78.565304070305274, 17.493910796292791 ], [ 78.565301387604066, 17.493910796292791 ], [ 78.565301387604066, 17.493915909909088 ], [ 78.565298704902872, 17.493915909909088 ], [ 78.565298704902872, 17.493923580333263 ], [ 78.565296022201665, 17.493923580333263 ], [ 78.565296022201665, 17.493941477988422 ], [ 78.565298704902872, 17.493941477988422 ], [ 78.565298704902872, 17.493944034796154 ], [ 78.565312118408883, 17.493944034796154 ], [ 78.565312118408883, 17.493946591603851 ], [ 78.5653228492137, 17.493946591603851 ], [ 78.5653228492137, 17.493949148411517 ], [ 78.565328214616102, 17.493949148411517 ], [ 78.565328214616102, 17.493951705219143 ], [ 78.565333580018518, 17.493951705219143 ], [ 78.565333580018518, 17.493956818834292 ], [ 78.565336262719711, 17.493956818834292 ], [ 78.565336262719711, 17.493964489256744 ], [ 78.565338945420919, 17.493964489256744 ], [ 78.565338945420919, 17.493972159678872 ], [ 78.565341628122113, 17.493972159678872 ], [ 78.565341628122113, 17.493982386907874 ], [ 78.565344310823306, 17.493982386907874 ], [ 78.565344310823306, 17.493990057329242 ], [ 78.565341628122113, 17.493990057329242 ], [ 78.565341628122113, 17.493992614136292 ], [ 78.565338945420919, 17.493992614136292 ], [ 78.565338945420919, 17.493995170943307 ], [ 78.565328214616102, 17.493995170943307 ], [ 78.565328214616102, 17.493997727750287 ], [ 78.565317483811285, 17.493997727750287 ], [ 78.565317483811285, 17.494000284557234 ], [ 78.565341628122113, 17.494000284557234 ], [ 78.565341628122113, 17.494002841364143 ], [ 78.565344310823306, 17.494002841364143 ], [ 78.565344310823306, 17.494005398171012 ], [ 78.565346993524514, 17.494005398171012 ], [ 78.565346993524514, 17.494013068591414 ], [ 78.565349676225708, 17.494013068591414 ], [ 78.565349676225708, 17.494030966237762 ], [ 78.565352358926916, 17.494030966237762 ], [ 78.565352358926916, 17.494038636657081 ], [ 78.565355041628123, 17.494038636657081 ], [ 78.565355041628123, 17.494051420688567 ], [ 78.565357724329331, 17.494051420688567 ], [ 78.565357724329331, 17.494066761525161 ], [ 78.565355041628123, 17.494066761525161 ], [ 78.565355041628123, 17.494069318331135 ], [ 78.565352358926916, 17.494069318331135 ], [ 78.565352358926916, 17.494071875137074 ], [ 78.565346993524514, 17.494071875137074 ], [ 78.565346993524514, 17.494074431942973 ], [ 78.565338945420919, 17.494074431942973 ], [ 78.565338945420919, 17.494076988748844 ], [ 78.565325531914908, 17.494076988748844 ], [ 78.565325531914908, 17.494079545554666 ], [ 78.565312118408883, 17.494079545554666 ], [ 78.565312118408883, 17.494082102360462 ], [ 78.565301387604066, 17.494082102360462 ], [ 78.565301387604066, 17.494084659166219 ], [ 78.565290656799277, 17.494084659166219 ], [ 78.565290656799277, 17.494087215971938 ], [ 78.565253098982424, 17.494087215971938 ] ], [ [ 78.565290656799277, 17.494005398171012 ], [ 78.565301387604066, 17.494005398171012 ], [ 78.565301387604066, 17.494002841364143 ], [ 78.565290656799277, 17.494002841364143 ], [ 78.565290656799277, 17.494005398171012 ] ], [ [ 78.565304070305274, 17.494002841364143 ], [ 78.565314801110091, 17.494002841364143 ], [ 78.565314801110091, 17.494000284557234 ], [ 78.565304070305274, 17.494000284557234 ], [ 78.565304070305274, 17.494002841364143 ] ], [ [ 78.565223589269209, 17.493944034796154 ], [ 78.565234320074026, 17.493944034796154 ], [ 78.565234320074026, 17.49393892118065 ], [ 78.56522895467161, 17.49393892118065 ], [ 78.56522895467161, 17.493941477988422 ], [ 78.565223589269209, 17.493941477988422 ], [ 78.565223589269209, 17.493944034796154 ] ] ] } },
{ "type": "Feature", "properties": { "value": 255.0 }, "geometry": { "type": "Polygon", "coordinates": [ [ [ 78.566079370952835, 17.493905682676345 ], [ 78.566079370952835, 17.493903125868069 ], [ 78.566074005550419, 17.493903125868069 ], [ 78.566074005550419, 17.493900569059765 ], [ 78.566071322849211, 17.493900569059765 ], [ 78.566071322849211, 17.493892898634613 ], [ 78.566074005550419, 17.493892898634613 ], [ 78.566074005550419, 17.493890341826162 ], [ 78.566076688251613, 17.493890341826162 ], [ 78.566076688251613, 17.49388778501767 ], [ 78.566082053654029, 17.49388778501767 ], [ 78.566082053654029, 17.493895455443035 ], [ 78.566084736355236, 17.493895455443035 ], [ 78.566084736355236, 17.493903125868069 ], [ 78.566082053654029, 17.493903125868069 ], [ 78.566082053654029, 17.493905682676345 ], [ 78.566079370952835, 17.493905682676345 ] ] ] } },
{ "type": "Feature", "properties": { "value": 255.0 }, "geometry": { "type": "Polygon", "coordinates": [ [ [ 78.567179278445892, 17.493951705219143 ], [ 78.567179278445892, 17.493949148411517 ], [ 78.56717391304349, 17.493949148411517 ], [ 78.56717391304349, 17.493946591603851 ], [ 78.567171230342296, 17.493946591603851 ], [ 78.567171230342296, 17.49393892118065 ], [ 78.567168547641074, 17.49393892118065 ], [ 78.567168547641074, 17.493918466717179 ], [ 78.567165864939881, 17.493918466717179 ], [ 78.567165864939881, 17.493898012251417 ], [ 78.567168547641074, 17.493898012251417 ], [ 78.567168547641074, 17.493892898634613 ], [ 78.567176595744684, 17.493892898634613 ], [ 78.567176595744684, 17.493890341826162 ], [ 78.567184643848293, 17.493890341826162 ], [ 78.567184643848293, 17.493892898634613 ], [ 78.567198057354304, 17.493892898634613 ], [ 78.567198057354304, 17.493895455443035 ], [ 78.567208788159121, 17.493895455443035 ], [ 78.567208788159121, 17.493892898634613 ], [ 78.56722488436634, 17.493892898634613 ], [ 78.56722488436634, 17.493890341826162 ], [ 78.567238297872336, 17.493890341826162 ], [ 78.567238297872336, 17.49388778501767 ], [ 78.56724634597596, 17.49388778501767 ], [ 78.56724634597596, 17.493885228209141 ], [ 78.567249028677153, 17.493885228209141 ], [ 78.567249028677153, 17.49388778501767 ], [ 78.567254394079555, 17.49388778501767 ], [ 78.567254394079555, 17.493890341826162 ], [ 78.567257076780777, 17.493890341826162 ], [ 78.567257076780777, 17.493892898634613 ], [ 78.567259759481971, 17.493892898634613 ], [ 78.567259759481971, 17.493903125868069 ], [ 78.567262442183178, 17.493903125868069 ], [ 78.567262442183178, 17.493910796292791 ], [ 78.567265124884372, 17.493910796292791 ], [ 78.567265124884372, 17.493926137141251 ], [ 78.567262442183178, 17.493926137141251 ], [ 78.567262442183178, 17.493928693949204 ], [ 78.567257076780777, 17.493928693949204 ], [ 78.567257076780777, 17.493931250757118 ], [ 78.567251711378361, 17.493931250757118 ], [ 78.567251711378361, 17.493933807564996 ], [ 78.567240980573544, 17.493933807564996 ], [ 78.567240980573544, 17.493936364372843 ], [ 78.567232932469935, 17.493936364372843 ], [ 78.567232932469935, 17.49393892118065 ], [ 78.56722488436634, 17.49393892118065 ], [ 78.56722488436634, 17.493941477988422 ], [ 78.567214153561537, 17.493941477988422 ], [ 78.567214153561537, 17.493944034796154 ], [ 78.56720342275672, 17.493944034796154 ], [ 78.56720342275672, 17.493946591603851 ], [ 78.567192691951902, 17.493946591603851 ], [ 78.567192691951902, 17.493949148411517 ], [ 78.567184643848293, 17.493949148411517 ], [ 78.567184643848293, 17.493951705219143 ], [ 78.567179278445892, 17.493951705219143 ] ] ] } },
{ "type": "Feature", "properties": { "value": 255.0 }, "geometry": { "type": "Polygon", "coordinates": [ [ [ 78.564550231267361, 17.493885228209141 ], [ 78.564550231267361, 17.493880114591985 ], [ 78.564552913968555, 17.493880114591985 ], [ 78.564552913968555, 17.493885228209141 ], [ 78.564550231267361, 17.493885228209141 ] ] ] } },
{ "type": "Feature", "properties": { "value": 255.0 }, "geometry": { "type": "Polygon", "coordinates": [ [ [ 78.564477798334877, 17.494051420688567 ], [ 78.564477798334877, 17.494048863882345 ], [ 78.56447511563367, 17.494048863882345 ], [ 78.56447511563367, 17.494038636657081 ], [ 78.564472432932476, 17.494038636657081 ], [ 78.564472432932476, 17.494028409431248 ], [ 78.564469750231282, 17.494028409431248 ], [ 78.564469750231282, 17.494020739011493 ], [ 78.564467067530074, 17.494020739011493 ], [ 78.564467067530074, 17.494010511784651 ], [ 78.564464384828881, 17.494010511784651 ], [ 78.564464384828881, 17.494000284557234 ], [ 78.564461702127673, 17.494000284557234 ], [ 78.564461702127673, 17.493990057329242 ], [ 78.564459019426465, 17.493990057329242 ], [ 78.564459019426465, 17.493982386907874 ], [ 78.564456336725257, 17.493982386907874 ], [ 78.564456336725257, 17.493974716486171 ], [ 78.564453654024064, 17.493974716486171 ], [ 78.564453654024064, 17.493961932449295 ], [ 78.564450971322856, 17.493961932449295 ], [ 78.564450971322856, 17.493951705219143 ], [ 78.564448288621648, 17.493951705219143 ], [ 78.564448288621648, 17.493944034796154 ], [ 78.564445605920454, 17.493944034796154 ], [ 78.564445605920454, 17.493936364372843 ], [ 78.564442923219246, 17.493936364372843 ], [ 78.564442923219246, 17.493923580333263 ], [ 78.564440240518053, 17.493923580333263 ], [ 78.564440240518053, 17.49390823948459 ], [ 78.564437557816831, 17.49390823948459 ], [ 78.564437557816831, 17.493885228209141 ], [ 78.564440240518053, 17.493885228209141 ], [ 78.564440240518053, 17.493882671400581 ], [ 78.564448288621648, 17.493882671400581 ], [ 78.564448288621648, 17.493880114591985 ], [ 78.564464384828881, 17.493880114591985 ], [ 78.564464384828881, 17.49387755778335 ], [ 78.564477798334877, 17.49387755778335 ], [ 78.564477798334877, 17.493880114591985 ], [ 78.564485846438487, 17.493880114591985 ], [ 78.564485846438487, 17.493882671400581 ], [ 78.564488529139695, 17.493882671400581 ], [ 78.564488529139695, 17.49388778501767 ], [ 78.564491211840888, 17.49388778501767 ], [ 78.564491211840888, 17.493895455443035 ], [ 78.564493894542096, 17.493895455443035 ], [ 78.564493894542096, 17.493885228209141 ], [ 78.564496577243304, 17.493885228209141 ], [ 78.564496577243304, 17.493882671400581 ], [ 78.564536817761336, 17.493882671400581 ], [ 78.564536817761336, 17.493885228209141 ], [ 78.564550231267361, 17.493885228209141 ], [ 78.564550231267361, 17.493890341826162 ], [ 78.564552913968555, 17.493890341826162 ], [ 78.564552913968555, 17.493892898634613 ], [ 78.564555596669763, 17.493892898634613 ], [ 78.564555596669763, 17.493898012251417 ], [ 78.564558279370956, 17.493898012251417 ], [ 78.564558279370956, 17.49390823948459 ], [ 78.564560962072164, 17.49390823948459 ], [ 78.564560962072164, 17.493928693949204 ], [ 78.564563644773372, 17.493928693949204 ], [ 78.564563644773372, 17.493949148411517 ], [ 78.56456632747458, 17.493949148411517 ], [ 78.56456632747458, 17.49395426202674 ], [ 78.564569010175774, 17.49395426202674 ], [ 78.564569010175774, 17.493956818834292 ], [ 78.564571692876967, 17.493956818834292 ], [ 78.564571692876967, 17.493959375641815 ], [ 78.564574375578175, 17.493959375641815 ], [ 78.564574375578175, 17.493961932449295 ], [ 78.564577058279369, 17.493961932449295 ], [ 78.564577058279369, 17.493964489256744 ], [ 78.564579740980577, 17.493964489256744 ], [ 78.564579740980577, 17.49396960287153 ], [ 78.564582423681784, 17.49396960287153 ], [ 78.564582423681784, 17.493977273293442 ], [ 78.564585106382992, 17.493977273293442 ], [ 78.564585106382992, 17.493987500522156 ], [ 78.564587789084186, 17.493987500522156 ], [ 78.564587789084186, 17.493995170943307 ], [ 78.56459047178538, 17.493995170943307 ], [ 78.56459047178538, 17.494005398171012 ], [ 78.564593154486587, 17.494005398171012 ], [ 78.564593154486587, 17.494013068591414 ], [ 78.564595837187795, 17.494013068591414 ], [ 78.564595837187795, 17.494025852624699 ], [ 78.564598519889003, 17.494025852624699 ], [ 78.564598519889003, 17.49403607985068 ], [ 78.564595837187795, 17.49403607985068 ], [ 78.564595837187795, 17.494041193463449 ], [ 78.564587789084186, 17.494041193463449 ], [ 78.564587789084186, 17.494043750269782 ], [ 78.564574375578175, 17.494043750269782 ], [ 78.564574375578175, 17.494046307076083 ], [ 78.564558279370956, 17.494046307076083 ], [ 78.564558279370956, 17.494048863882345 ], [ 78.564542183163752, 17.494048863882345 ], [ 78.564542183163752, 17.494046307076083 ], [ 78.564539500462544, 17.494046307076083 ], [ 78.564539500462544, 17.494043750269782 ], [ 78.564536817761336, 17.494043750269782 ], [ 78.564536817761336, 17.494038636657081 ], [ 78.564534135060129, 17.494038636657081 ], [ 78.564534135060129, 17.494030966237762 ], [ 78.564531452358935, 17.494030966237762 ], [ 78.564531452358935, 17.494038636657081 ], [ 78.564528769657727, 17.494038636657081 ], [ 78.564528769657727, 17.494041193463449 ], [ 78.564520721554132, 17.494041193463449 ], [ 78.564520721554132, 17.494043750269782 ], [ 78.564509990749315, 17.494043750269782 ], [ 78.564509990749315, 17.494046307076083 ], [ 78.564501942645705, 17.494046307076083 ], [ 78.564501942645705, 17.494048863882345 ], [ 78.564491211840888, 17.494048863882345 ], [ 78.564491211840888, 17.494051420688567 ], [ 78.564477798334877, 17.494051420688567 ] ], [ [ 78.564526086956519, 17.494015625398145 ], [ 78.564528769657727, 17.494015625398145 ], [ 78.564528769657727, 17.494013068591414 ], [ 78.564526086956519, 17.494013068591414 ], [ 78.564526086956519, 17.494015625398145 ] ], [ [ 78.564523404255311, 17.494005398171012 ], [ 78.564526086956519, 17.494005398171012 ], [ 78.564526086956519, 17.494002841364143 ], [ 78.564523404255311, 17.494002841364143 ], [ 78.564523404255311, 17.494005398171012 ] ], [ [ 78.564501942645705, 17.493928693949204 ], [ 78.564504625346899, 17.493928693949204 ], [ 78.564504625346899, 17.493923580333263 ], [ 78.564501942645705, 17.493923580333263 ], [ 78.564501942645705, 17.493928693949204 ] ], [ [ 78.564499259944512, 17.493918466717179 ], [ 78.564501942645705, 17.493918466717179 ], [ 78.564501942645705, 17.493915909909088 ], [ 78.564499259944512, 17.493915909909088 ], [ 78.564499259944512, 17.493918466717179 ] ], [ [ 78.564496577243304, 17.493910796292791 ], [ 78.564499259944512, 17.493910796292791 ], [ 78.564499259944512, 17.49390823948459 ], [ 78.564496577243304, 17.49390823948459 ], [ 78.564496577243304, 17.493910796292791 ] ], [ [ 78.564493894542096, 17.493903125868069 ], [ 78.564496577243304, 17.493903125868069 ], [ 78.564496577243304, 17.493900569059765 ], [ 78.564493894542096, 17.493900569059765 ], [ 78.564493894542096, 17.493903125868069 ] ] ] } },
{ "type": "Feature", "properties": { "value": 255.0 }, "geometry": { "type": "Polygon", "coordinates": [ [ [ 78.566409343200746, 17.494064204719155 ], [ 78.566409343200746, 17.494061647913107 ], [ 78.566406660499524, 17.494061647913107 ], [ 78.566406660499524, 17.494059091107022 ], [ 78.566403977798345, 17.494059091107022 ], [ 78.566403977798345, 17.494053977494755 ], [ 78.566401295097151, 17.494053977494755 ], [ 78.566401295097151, 17.494046307076083 ], [ 78.566398612395943, 17.494046307076083 ], [ 78.566398612395943, 17.494038636657081 ], [ 78.566395929694735, 17.494038636657081 ], [ 78.566395929694735, 17.494033523044234 ], [ 78.566393246993528, 17.494033523044234 ], [ 78.566393246993528, 17.494025852624699 ], [ 78.566390564292334, 17.494025852624699 ], [ 78.566390564292334, 17.494018182204837 ], [ 78.566387881591126, 17.494018182204837 ], [ 78.566387881591126, 17.494007954977853 ], [ 78.566385198889918, 17.494007954977853 ], [ 78.566385198889918, 17.493997727750287 ], [ 78.566382516188725, 17.493997727750287 ], [ 78.566382516188725, 17.493995170943307 ], [ 78.566385198889918, 17.493995170943307 ], [ 78.566385198889918, 17.493990057329242 ], [ 78.566382516188725, 17.493990057329242 ], [ 78.566382516188725, 17.493987500522156 ], [ 78.566379833487517, 17.493987500522156 ], [ 78.566379833487517, 17.493984943715031 ], [ 78.566377150786323, 17.493984943715031 ], [ 78.566377150786323, 17.493977273293442 ], [ 78.566374468085101, 17.493977273293442 ], [ 78.566374468085101, 17.493967046064153 ], [ 78.566371785383907, 17.493967046064153 ], [ 78.566371785383907, 17.493959375641815 ], [ 78.5663691026827, 17.493959375641815 ], [ 78.5663691026827, 17.493949148411517 ], [ 78.566366419981506, 17.493949148411517 ], [ 78.566366419981506, 17.493931250757118 ], [ 78.566371785383907, 17.493931250757118 ], [ 78.566371785383907, 17.493928693949204 ], [ 78.566385198889918, 17.493928693949204 ], [ 78.566385198889918, 17.493926137141251 ], [ 78.566393246993528, 17.493926137141251 ], [ 78.566393246993528, 17.493923580333263 ], [ 78.566406660499524, 17.493923580333263 ], [ 78.566406660499524, 17.493921023525242 ], [ 78.566414708603148, 17.493921023525242 ], [ 78.566414708603148, 17.493918466717179 ], [ 78.566417391304341, 17.493918466717179 ], [ 78.566417391304341, 17.493915909909088 ], [ 78.566425439407965, 17.493915909909088 ], [ 78.566425439407965, 17.493918466717179 ], [ 78.566428122109158, 17.493918466717179 ], [ 78.566428122109158, 17.493921023525242 ], [ 78.566430804810366, 17.493921023525242 ], [ 78.566430804810366, 17.493905682676345 ], [ 78.566428122109158, 17.493905682676345 ], [ 78.566428122109158, 17.493895455443035 ], [ 78.566430804810366, 17.493895455443035 ], [ 78.566430804810366, 17.493892898634613 ], [ 78.566436170212768, 17.493892898634613 ], [ 78.566436170212768, 17.493890341826162 ], [ 78.566444218316391, 17.493890341826162 ], [ 78.566444218316391, 17.49388778501767 ], [ 78.566452266419986, 17.49388778501767 ], [ 78.566452266419986, 17.493885228209141 ], [ 78.566457631822388, 17.493885228209141 ], [ 78.566457631822388, 17.493882671400581 ], [ 78.566462997224789, 17.493882671400581 ], [ 78.566462997224789, 17.493880114591985 ], [ 78.566468362627205, 17.493880114591985 ], [ 78.566468362627205, 17.49387755778335 ], [ 78.566473728029607, 17.49387755778335 ], [ 78.566473728029607, 17.493875000974676 ], [ 78.566479093432022, 17.493875000974676 ], [ 78.566479093432022, 17.493872444165969 ], [ 78.566489824236825, 17.493872444165969 ], [ 78.566489824236825, 17.493869887357228 ], [ 78.566500555041642, 17.493869887357228 ], [ 78.566500555041642, 17.493867330548454 ], [ 78.566516651248847, 17.493867330548454 ], [ 78.566516651248847, 17.493869887357228 ], [ 78.566519333950055, 17.493869887357228 ], [ 78.566519333950055, 17.49387755778335 ], [ 78.566522016651263, 17.49387755778335 ], [ 78.566522016651263, 17.493885228209141 ], [ 78.566524699352456, 17.493885228209141 ], [ 78.566524699352456, 17.493898012251417 ], [ 78.56652738205365, 17.493898012251417 ], [ 78.56652738205365, 17.49390823948459 ], [ 78.566530064754858, 17.49390823948459 ], [ 78.566530064754858, 17.493918466717179 ], [ 78.566532747456066, 17.493918466717179 ], [ 78.566532747456066, 17.49393892118065 ], [ 78.566530064754858, 17.49393892118065 ], [ 78.566530064754858, 17.493941477988422 ], [ 78.566522016651263, 17.493941477988422 ], [ 78.566522016651263, 17.493944034796154 ], [ 78.566511285846445, 17.493944034796154 ], [ 78.566511285846445, 17.493949148411517 ], [ 78.566508603145238, 17.493949148411517 ], [ 78.566508603145238, 17.493951705219143 ], [ 78.56650592044403, 17.493951705219143 ], [ 78.56650592044403, 17.49395426202674 ], [ 78.566500555041642, 17.49395426202674 ], [ 78.566500555041642, 17.493956818834292 ], [ 78.56648445883441, 17.493956818834292 ], [ 78.56648445883441, 17.493959375641815 ], [ 78.566452266419986, 17.493959375641815 ], [ 78.566452266419986, 17.493956818834292 ], [ 78.566444218316391, 17.493956818834292 ], [ 78.566444218316391, 17.49395426202674 ], [ 78.566441535615169, 17.49395426202674 ], [ 78.566441535615169, 17.493959375641815 ], [ 78.566444218316391, 17.493959375641815 ], [ 78.566444218316391, 17.493964489256744 ], [ 78.566452266419986, 17.493964489256744 ], [ 78.566452266419986, 17.493961932449295 ], [ 78.56645494912118, 17.493961932449295 ], [ 78.56645494912118, 17.493964489256744 ], [ 78.566462997224789, 17.493964489256744 ], [ 78.566462997224789, 17.493967046064153 ], [ 78.566465679925997, 17.493967046064153 ], [ 78.566465679925997, 17.49396960287153 ], [ 78.566468362627205, 17.49396960287153 ], [ 78.566468362627205, 17.493974716486171 ], [ 78.566471045328399, 17.493974716486171 ], [ 78.566471045328399, 17.493982386907874 ], [ 78.566473728029607, 17.493982386907874 ], [ 78.566473728029607, 17.493987500522156 ], [ 78.566476410730814, 17.493987500522156 ], [ 78.566476410730814, 17.493992614136292 ], [ 78.566479093432022, 17.493992614136292 ], [ 78.566479093432022, 17.494000284557234 ], [ 78.566481776133216, 17.494000284557234 ], [ 78.566481776133216, 17.494007954977853 ], [ 78.56648445883441, 17.494007954977853 ], [ 78.56648445883441, 17.494015625398145 ], [ 78.566487141535632, 17.494015625398145 ], [ 78.566487141535632, 17.494023295818113 ], [ 78.566489824236825, 17.494023295818113 ], [ 78.566489824236825, 17.494043750269782 ], [ 78.566487141535632, 17.494043750269782 ], [ 78.566487141535632, 17.494046307076083 ], [ 78.566481776133216, 17.494046307076083 ], [ 78.566481776133216, 17.494048863882345 ], [ 78.566465679925997, 17.494048863882345 ], [ 78.566465679925997, 17.494051420688567 ], [ 78.56645494912118, 17.494051420688567 ], [ 78.56645494912118, 17.494053977494755 ], [ 78.566444218316391, 17.494053977494755 ], [ 78.566444218316391, 17.494056534300906 ], [ 78.566433487511574, 17.494056534300906 ], [ 78.566433487511574, 17.494059091107022 ], [ 78.566425439407965, 17.494059091107022 ], [ 78.566425439407965, 17.494061647913107 ], [ 78.566417391304341, 17.494061647913107 ], [ 78.566417391304341, 17.494064204719155 ], [ 78.566409343200746, 17.494064204719155 ] ], [ [ 78.566438852913976, 17.493949148411517 ], [ 78.566441535615169, 17.493949148411517 ], [ 78.566441535615169, 17.493944034796154 ], [ 78.566438852913976, 17.493944034796154 ], [ 78.566438852913976, 17.493949148411517 ] ], [ [ 78.566436170212768, 17.493941477988422 ], [ 78.566438852913976, 17.493941477988422 ], [ 78.566438852913976, 17.49393892118065 ], [ 78.566436170212768, 17.49393892118065 ], [ 78.566436170212768, 17.493941477988422 ] ], [ [ 78.566433487511574, 17.493933807564996 ], [ 78.566436170212768, 17.493933807564996 ], [ 78.566436170212768, 17.493931250757118 ], [ 78.566433487511574, 17.493931250757118 ], [ 78.566433487511574, 17.493933807564996 ] ], [ [ 78.566430804810366, 17.493923580333263 ], [ 78.566433487511574, 17.493923580333263 ], [ 78.566433487511574, 17.493921023525242 ], [ 78.566430804810366, 17.493921023525242 ], [ 78.566430804810366, 17.493923580333263 ] ] ] } },
{ "type": "Feature", "properties": { "value": 255.0 }, "geometry": { "type": "Polygon", "coordinates": [ [ [ 78.56489093432009, 17.493977273293442 ], [ 78.56489093432009, 17.493974716486171 ], [ 78.564888251618882, 17.493974716486171 ], [ 78.564888251618882, 17.493972159678872 ], [ 78.564885568917674, 17.493972159678872 ], [ 78.564885568917674, 17.493967046064153 ], [ 78.564882886216481, 17.493967046064153 ], [ 78.564882886216481, 17.493951705219143 ], [ 78.564880203515273, 17.493951705219143 ], [ 78.564880203515273, 17.493936364372843 ], [ 78.564877520814065, 17.493936364372843 ], [ 78.564877520814065, 17.493926137141251 ], [ 78.564874838112857, 17.493926137141251 ], [ 78.564874838112857, 17.493928693949204 ], [ 78.564872155411663, 17.493928693949204 ], [ 78.564872155411663, 17.493931250757118 ], [ 78.564869472710456, 17.493931250757118 ], [ 78.564869472710456, 17.493933807564996 ], [ 78.56486410730804, 17.493933807564996 ], [ 78.56486410730804, 17.493936364372843 ], [ 78.564858741905667, 17.493936364372843 ], [ 78.564858741905667, 17.49393892118065 ], [ 78.56484801110085, 17.49393892118065 ], [ 78.56484801110085, 17.493941477988422 ], [ 78.56483996299724, 17.493941477988422 ], [ 78.56483996299724, 17.493944034796154 ], [ 78.5648211840888, 17.493944034796154 ], [ 78.5648211840888, 17.493941477988422 ], [ 78.564818501387606, 17.493941477988422 ], [ 78.564818501387606, 17.493931250757118 ], [ 78.564815818686398, 17.493931250757118 ], [ 78.564815818686398, 17.493915909909088 ], [ 78.564813135985204, 17.493915909909088 ], [ 78.564813135985204, 17.493895455443035 ], [ 78.564818501387606, 17.493895455443035 ], [ 78.564818501387606, 17.493892898634613 ], [ 78.564831914893617, 17.493892898634613 ], [ 78.564831914893617, 17.493890341826162 ], [ 78.564845328399642, 17.493890341826162 ], [ 78.564845328399642, 17.49388778501767 ], [ 78.56486410730804, 17.49388778501767 ], [ 78.56486410730804, 17.493890341826162 ], [ 78.564866790009248, 17.493890341826162 ], [ 78.564866790009248, 17.493892898634613 ], [ 78.564869472710456, 17.493892898634613 ], [ 78.564869472710456, 17.493890341826162 ], [ 78.564872155411663, 17.493890341826162 ], [ 78.564872155411663, 17.49388778501767 ], [ 78.564874838112857, 17.49388778501767 ], [ 78.564874838112857, 17.493885228209141 ], [ 78.564880203515273, 17.493885228209141 ], [ 78.564880203515273, 17.493882671400581 ], [ 78.56489093432009, 17.493882671400581 ], [ 78.56489093432009, 17.493880114591985 ], [ 78.564901665124893, 17.493880114591985 ], [ 78.564901665124893, 17.49387755778335 ], [ 78.564912395929696, 17.49387755778335 ], [ 78.564912395929696, 17.493875000974676 ], [ 78.564923126734499, 17.493875000974676 ], [ 78.564923126734499, 17.493872444165969 ], [ 78.564933857539316, 17.493872444165969 ], [ 78.564933857539316, 17.493869887357228 ], [ 78.564941905642925, 17.493869887357228 ], [ 78.564941905642925, 17.493867330548454 ], [ 78.564949953746549, 17.493867330548454 ], [ 78.564949953746549, 17.493864773739638 ], [ 78.564958001850144, 17.493864773739638 ], [ 78.564958001850144, 17.49386221693079 ], [ 78.564968732654961, 17.49386221693079 ], [ 78.564968732654961, 17.493859660121899 ], [ 78.564992876965789, 17.493859660121899 ], [ 78.564992876965789, 17.49386221693079 ], [ 78.564995559666983, 17.49386221693079 ], [ 78.564995559666983, 17.493864773739638 ], [ 78.564998242368191, 17.493864773739638 ], [ 78.564998242368191, 17.49387755778335 ], [ 78.565000925069384, 17.49387755778335 ], [ 78.565000925069384, 17.493875000974676 ], [ 78.565003607770606, 17.493875000974676 ], [ 78.565003607770606, 17.493872444165969 ], [ 78.565011655874201, 17.493872444165969 ], [ 78.565011655874201, 17.493875000974676 ], [ 78.565038482886223, 17.493875000974676 ], [ 78.565038482886223, 17.49387755778335 ], [ 78.565041165587431, 17.49387755778335 ], [ 78.565041165587431, 17.493885228209141 ], [ 78.565043848288624, 17.493885228209141 ], [ 78.565043848288624, 17.493898012251417 ], [ 78.565046530989846, 17.493898012251417 ], [ 78.565046530989846, 17.493910796292791 ], [ 78.56504921369104, 17.493910796292791 ], [ 78.56504921369104, 17.493926137141251 ], [ 78.565051896392248, 17.493926137141251 ], [ 78.565051896392248, 17.493944034796154 ], [ 78.56504921369104, 17.493944034796154 ], [ 78.56504921369104, 17.493946591603851 ], [ 78.565043848288624, 17.493946591603851 ], [ 78.565043848288624, 17.493949148411517 ], [ 78.565033117483807, 17.493949148411517 ], [ 78.565033117483807, 17.493951705219143 ], [ 78.565017021276603, 17.493951705219143 ], [ 78.565017021276603, 17.493949148411517 ], [ 78.565014338575395, 17.493949148411517 ], [ 78.565014338575395, 17.493946591603851 ], [ 78.565011655874201, 17.493946591603851 ], [ 78.565011655874201, 17.493949148411517 ], [ 78.565008973172979, 17.493949148411517 ], [ 78.565008973172979, 17.493951705219143 ], [ 78.565003607770606, 17.493951705219143 ], [ 78.565003607770606, 17.49395426202674 ], [ 78.564992876965789, 17.49395426202674 ], [ 78.564992876965789, 17.493956818834292 ], [ 78.564982146160972, 17.493956818834292 ], [ 78.564982146160972, 17.493959375641815 ], [ 78.564968732654961, 17.493959375641815 ], [ 78.564968732654961, 17.493961932449295 ], [ 78.564958001850144, 17.493961932449295 ], [ 78.564958001850144, 17.493964489256744 ], [ 78.564947271045341, 17.493964489256744 ], [ 78.564947271045341, 17.493967046064153 ], [ 78.564936540240538, 17.493967046064153 ], [ 78.564936540240538, 17.49396960287153 ], [ 78.564925809435721, 17.49396960287153 ], [ 78.564925809435721, 17.493972159678872 ], [ 78.564915078630904, 17.493972159678872 ], [ 78.564915078630904, 17.493974716486171 ], [ 78.564904347826101, 17.493974716486171 ], [ 78.564904347826101, 17.493977273293442 ], [ 78.56489093432009, 17.493977273293442 ] ] ] } },
{ "type": "Feature", "properties": { "value": 255.0 }, "geometry": { "type": "Polygon", "coordinates": [ [ [ 78.566817113783543, 17.493923580333263 ], [ 78.566817113783543, 17.493921023525242 ], [ 78.566811748381127, 17.493921023525242 ], [ 78.566811748381127, 17.493915909909088 ], [ 78.566809065679934, 17.493915909909088 ], [ 78.566809065679934, 17.49388778501767 ], [ 78.566806382978726, 17.49388778501767 ], [ 78.566806382978726, 17.493867330548454 ], [ 78.566809065679934, 17.493867330548454 ], [ 78.566809065679934, 17.49386221693079 ], [ 78.566814431082335, 17.49386221693079 ], [ 78.566814431082335, 17.493859660121899 ], [ 78.566819796484751, 17.493859660121899 ], [ 78.566819796484751, 17.493857103312976 ], [ 78.566825161887152, 17.493857103312976 ], [ 78.566825161887152, 17.493854546504018 ], [ 78.566835892691955, 17.493854546504018 ], [ 78.566835892691955, 17.493851989695024 ], [ 78.566860037002783, 17.493851989695024 ], [ 78.566860037002783, 17.493849432885995 ], [ 78.566873450508794, 17.493849432885995 ], [ 78.566873450508794, 17.493851989695024 ], [ 78.566876133210002, 17.493851989695024 ], [ 78.566876133210002, 17.493854546504018 ], [ 78.566878815911195, 17.493854546504018 ], [ 78.566878815911195, 17.493880114591985 ], [ 78.566881498612403, 17.493880114591985 ], [ 78.566881498612403, 17.493890341826162 ], [ 78.566884181313611, 17.493890341826162 ], [ 78.566884181313611, 17.493913353100957 ], [ 78.566881498612403, 17.493913353100957 ], [ 78.566881498612403, 17.493915909909088 ], [ 78.566878815911195, 17.493915909909088 ], [ 78.566878815911195, 17.493918466717179 ], [ 78.566865402405185, 17.493918466717179 ], [ 78.566865402405185, 17.493921023525242 ], [ 78.566838575393163, 17.493921023525242 ], [ 78.566838575393163, 17.493923580333263 ], [ 78.566817113783543, 17.493923580333263 ] ] ] } },
{ "type": "Feature", "properties": { "value": 255.0 }, "geometry": { "type": "Polygon", "coordinates": [ [ [ 78.565507955596686, 17.493944034796154 ], [ 78.565507955596686, 17.493941477988422 ], [ 78.565505272895464, 17.493941477988422 ], [ 78.565505272895464, 17.493936364372843 ], [ 78.565502590194271, 17.493936364372843 ], [ 78.565502590194271, 17.493928693949204 ], [ 78.565499907493063, 17.493928693949204 ], [ 78.565499907493063, 17.493905682676345 ], [ 78.565497224791869, 17.493905682676345 ], [ 78.565497224791869, 17.493867330548454 ], [ 78.565499907493063, 17.493867330548454 ], [ 78.565499907493063, 17.49386221693079 ], [ 78.565505272895464, 17.49386221693079 ], [ 78.565505272895464, 17.493859660121899 ], [ 78.565526734505099, 17.493859660121899 ], [ 78.565526734505099, 17.493857103312976 ], [ 78.56555356151712, 17.493857103312976 ], [ 78.56555356151712, 17.493854546504018 ], [ 78.565585753931543, 17.493854546504018 ], [ 78.565585753931543, 17.493851989695024 ], [ 78.565601850138762, 17.493851989695024 ], [ 78.565601850138762, 17.493849432885995 ], [ 78.565620629047189, 17.493849432885995 ], [ 78.565620629047189, 17.49384687607693 ], [ 78.565628677150798, 17.49384687607693 ], [ 78.565628677150798, 17.493849432885995 ], [ 78.565634042553185, 17.493849432885995 ], [ 78.565634042553185, 17.493851989695024 ], [ 78.565636725254393, 17.493851989695024 ], [ 78.565636725254393, 17.493854546504018 ], [ 78.565639407955601, 17.493854546504018 ], [ 78.565639407955601, 17.493880114591985 ], [ 78.565642090656809, 17.493880114591985 ], [ 78.565642090656809, 17.493905682676345 ], [ 78.565644773358002, 17.493905682676345 ], [ 78.565644773358002, 17.493923580333263 ], [ 78.565642090656809, 17.493923580333263 ], [ 78.565642090656809, 17.493926137141251 ], [ 78.565639407955601, 17.493926137141251 ], [ 78.565639407955601, 17.493928693949204 ], [ 78.565631359852006, 17.493928693949204 ], [ 78.565631359852006, 17.493931250757118 ], [ 78.565609898242371, 17.493931250757118 ], [ 78.565609898242371, 17.493933807564996 ], [ 78.565580388529156, 17.493933807564996 ], [ 78.565580388529156, 17.493936364372843 ], [ 78.565550878815912, 17.493936364372843 ], [ 78.565550878815912, 17.49393892118065 ], [ 78.565524051803891, 17.49393892118065 ], [ 78.565524051803891, 17.493941477988422 ], [ 78.565521369102697, 17.493941477988422 ], [ 78.565521369102697, 17.493944034796154 ], [ 78.565507955596686, 17.493944034796154 ] ] ] } },
{ "type": "Feature", "properties": { "value": 255.0 }, "geometry": { "type": "Polygon", "coordinates": [ [ [ 78.566103515263663, 17.493928693949204 ], [ 78.566103515263663, 17.493926137141251 ], [ 78.566100832562441, 17.493926137141251 ], [ 78.566100832562441, 17.493921023525242 ], [ 78.566098149861247, 17.493921023525242 ], [ 78.566098149861247, 17.493913353100957 ], [ 78.566095467160039, 17.493913353100957 ], [ 78.566095467160039, 17.493905682676345 ], [ 78.566092784458846, 17.493905682676345 ], [ 78.566092784458846, 17.493895455443035 ], [ 78.566090101757638, 17.493895455443035 ], [ 78.566090101757638, 17.49388778501767 ], [ 78.56608741905643, 17.49388778501767 ], [ 78.56608741905643, 17.49387755778335 ], [ 78.566084736355236, 17.49387755778335 ], [ 78.566084736355236, 17.493869887357228 ], [ 78.566082053654029, 17.493869887357228 ], [ 78.566082053654029, 17.493859660121899 ], [ 78.566079370952835, 17.493859660121899 ], [ 78.566079370952835, 17.493854546504018 ], [ 78.566082053654029, 17.493854546504018 ], [ 78.566082053654029, 17.493851989695024 ], [ 78.566084736355236, 17.493851989695024 ], [ 78.566084736355236, 17.493849432885995 ], [ 78.566092784458846, 17.493849432885995 ], [ 78.566092784458846, 17.49384687607693 ], [ 78.566103515263663, 17.49384687607693 ], [ 78.566103515263663, 17.493844319267833 ], [ 78.566108880666064, 17.493844319267833 ], [ 78.566108880666064, 17.49384176245869 ], [ 78.56611424606848, 17.49384176245869 ], [ 78.56611424606848, 17.493839205649515 ], [ 78.566133024976864, 17.493839205649515 ], [ 78.566133024976864, 17.49384176245869 ], [ 78.566135707678086, 17.49384176245869 ], [ 78.566135707678086, 17.49384687607693 ], [ 78.56613839037928, 17.49384687607693 ], [ 78.56613839037928, 17.493857103312976 ], [ 78.566141073080487, 17.493857103312976 ], [ 78.566141073080487, 17.493867330548454 ], [ 78.566143755781681, 17.493867330548454 ], [ 78.566143755781681, 17.493875000974676 ], [ 78.566146438482903, 17.493875000974676 ], [ 78.566146438482903, 17.493880114591985 ], [ 78.566149121184097, 17.493880114591985 ], [ 78.566149121184097, 17.493890341826162 ], [ 78.566151803885305, 17.493890341826162 ], [ 78.566151803885305, 17.493898012251417 ], [ 78.566154486586498, 17.493898012251417 ], [ 78.566154486586498, 17.493915909909088 ], [ 78.566149121184097, 17.493915909909088 ], [ 78.566149121184097, 17.493918466717179 ], [ 78.566143755781681, 17.493918466717179 ], [ 78.566143755781681, 17.493921023525242 ], [ 78.566135707678086, 17.493921023525242 ], [ 78.566135707678086, 17.493923580333263 ], [ 78.566127659574477, 17.493923580333263 ], [ 78.566127659574477, 17.493926137141251 ], [ 78.566119611470853, 17.493926137141251 ], [ 78.566119611470853, 17.493928693949204 ], [ 78.566103515263663, 17.493928693949204 ] ] ] } },
{ "type": "Feature", "properties": { "value": 255.0 }, "geometry": { "type": "Polygon", "coordinates": [ [ [ 78.564579740980577, 17.49393892118065 ], [ 78.564579740980577, 17.493936364372843 ], [ 78.564574375578175, 17.493936364372843 ], [ 78.564574375578175, 17.493928693949204 ], [ 78.564571692876967, 17.493928693949204 ], [ 78.564571692876967, 17.493921023525242 ], [ 78.564569010175774, 17.493921023525242 ], [ 78.564569010175774, 17.493910796292791 ], [ 78.56456632747458, 17.493910796292791 ], [ 78.56456632747458, 17.493900569059765 ], [ 78.564563644773372, 17.493900569059765 ], [ 78.564563644773372, 17.493885228209141 ], [ 78.564560962072164, 17.493885228209141 ], [ 78.564560962072164, 17.49386221693079 ], [ 78.564563644773372, 17.49386221693079 ], [ 78.564563644773372, 17.493857103312976 ], [ 78.56456632747458, 17.493857103312976 ], [ 78.56456632747458, 17.493854546504018 ], [ 78.564569010175774, 17.493854546504018 ], [ 78.564569010175774, 17.493851989695024 ], [ 78.564571692876967, 17.493851989695024 ], [ 78.564571692876967, 17.493849432885995 ], [ 78.564577058279369, 17.493849432885995 ], [ 78.564577058279369, 17.49384687607693 ], [ 78.564585106382992, 17.49384687607693 ], [ 78.564585106382992, 17.493844319267833 ], [ 78.564593154486587, 17.493844319267833 ], [ 78.564593154486587, 17.49384176245869 ], [ 78.564601202590197, 17.49384176245869 ], [ 78.564601202590197, 17.493839205649515 ], [ 78.56460925069382, 17.493839205649515 ], [ 78.56460925069382, 17.493836648840308 ], [ 78.56461729879743, 17.493836648840308 ], [ 78.56461729879743, 17.493834092031062 ], [ 78.564641443108243, 17.493834092031062 ], [ 78.564641443108243, 17.493836648840308 ], [ 78.564644125809437, 17.493836648840308 ], [ 78.564644125809437, 17.493839205649515 ], [ 78.564646808510645, 17.493839205649515 ], [ 78.564646808510645, 17.49384176245869 ], [ 78.564652173913061, 17.49384176245869 ], [ 78.564652173913061, 17.493844319267833 ], [ 78.564654856614254, 17.493844319267833 ], [ 78.564654856614254, 17.49384687607693 ], [ 78.564657539315462, 17.49384687607693 ], [ 78.564657539315462, 17.493851989695024 ], [ 78.56466022201667, 17.493851989695024 ], [ 78.56466022201667, 17.493859660121899 ], [ 78.564662904717878, 17.493859660121899 ], [ 78.564662904717878, 17.493869887357228 ], [ 78.564665587419071, 17.493869887357228 ], [ 78.564665587419071, 17.493875000974676 ], [ 78.564668270120251, 17.493875000974676 ], [ 78.564668270120251, 17.493885228209141 ], [ 78.564670952821473, 17.493885228209141 ], [ 78.564670952821473, 17.493892898634613 ], [ 78.564673635522666, 17.493892898634613 ], [ 78.564673635522666, 17.493900569059765 ], [ 78.564676318223874, 17.493900569059765 ], [ 78.564676318223874, 17.49390823948459 ], [ 78.564679000925068, 17.49390823948459 ], [ 78.564679000925068, 17.493921023525242 ], [ 78.564676318223874, 17.493921023525242 ], [ 78.564676318223874, 17.493923580333263 ], [ 78.564670952821473, 17.493923580333263 ], [ 78.564670952821473, 17.493926137141251 ], [ 78.56466022201667, 17.493926137141251 ], [ 78.56466022201667, 17.493928693949204 ], [ 78.564646808510645, 17.493928693949204 ], [ 78.564646808510645, 17.493931250757118 ], [ 78.564636077705828, 17.493931250757118 ], [ 78.564636077705828, 17.493933807564996 ], [ 78.564614616096222, 17.493933807564996 ], [ 78.564614616096222, 17.493936364372843 ], [ 78.564595837187795, 17.493936364372843 ], [ 78.564595837187795, 17.49393892118065 ], [ 78.564579740980577, 17.49393892118065 ] ] ] } },
{ "type": "Feature", "properties": { "value": 255.0 }, "geometry": { "type": "Polygon", "coordinates": [ [ [ 78.567101480111006, 17.493995170943307 ], [ 78.567101480111006, 17.493992614136292 ], [ 78.567098797409798, 17.493992614136292 ], [ 78.567098797409798, 17.493990057329242 ], [ 78.567096114708605, 17.493990057329242 ], [ 78.567096114708605, 17.493982386907874 ], [ 78.567093432007411, 17.493982386907874 ], [ 78.567093432007411, 17.49396960287153 ], [ 78.567090749306189, 17.49396960287153 ], [ 78.567090749306189, 17.493959375641815 ], [ 78.567088066604995, 17.493959375641815 ], [ 78.567088066604995, 17.493949148411517 ], [ 78.567085383903787, 17.493949148411517 ], [ 78.567085383903787, 17.49393892118065 ], [ 78.567082701202594, 17.49393892118065 ], [ 78.567082701202594, 17.493918466717179 ], [ 78.5670800185014, 17.493918466717179 ], [ 78.5670800185014, 17.493903125868069 ], [ 78.567082701202594, 17.493903125868069 ], [ 78.567082701202594, 17.493900569059765 ], [ 78.567085383903787, 17.493900569059765 ], [ 78.567085383903787, 17.493898012251417 ], [ 78.5670800185014, 17.493898012251417 ], [ 78.5670800185014, 17.493895455443035 ], [ 78.567077335800192, 17.493895455443035 ], [ 78.567077335800192, 17.493890341826162 ], [ 78.567074653098999, 17.493890341826162 ], [ 78.567074653098999, 17.49388778501767 ], [ 78.567071970397791, 17.49388778501767 ], [ 78.567071970397791, 17.493885228209141 ], [ 78.567069287696583, 17.493885228209141 ], [ 78.567069287696583, 17.493880114591985 ], [ 78.567066604995375, 17.493880114591985 ], [ 78.567066604995375, 17.493869887357228 ], [ 78.567063922294182, 17.493869887357228 ], [ 78.567063922294182, 17.493864773739638 ], [ 78.567066604995375, 17.493864773739638 ], [ 78.567066604995375, 17.493859660121899 ], [ 78.567071970397791, 17.493859660121899 ], [ 78.567071970397791, 17.493857103312976 ], [ 78.567082701202594, 17.493857103312976 ], [ 78.567082701202594, 17.493854546504018 ], [ 78.567085383903787, 17.493854546504018 ], [ 78.567085383903787, 17.493851989695024 ], [ 78.567088066604995, 17.493851989695024 ], [ 78.567088066604995, 17.493849432885995 ], [ 78.567093432007411, 17.493849432885995 ], [ 78.567093432007411, 17.49384687607693 ], [ 78.567096114708605, 17.49384687607693 ], [ 78.567096114708605, 17.493844319267833 ], [ 78.567101480111006, 17.493844319267833 ], [ 78.567101480111006, 17.49384176245869 ], [ 78.567104162812214, 17.49384176245869 ], [ 78.567104162812214, 17.493839205649515 ], [ 78.567112210915823, 17.493839205649515 ], [ 78.567112210915823, 17.493836648840308 ], [ 78.567117576318239, 17.493836648840308 ], [ 78.567117576318239, 17.493834092031062 ], [ 78.56712294172064, 17.493834092031062 ], [ 78.56712294172064, 17.49383153522178 ], [ 78.567130989824236, 17.49383153522178 ], [ 78.567130989824236, 17.493828978412466 ], [ 78.567144403330246, 17.493828978412466 ], [ 78.567144403330246, 17.49383153522178 ], [ 78.567147086031454, 17.49383153522178 ], [ 78.567147086031454, 17.493834092031062 ], [ 78.567149768732662, 17.493834092031062 ], [ 78.567149768732662, 17.49384687607693 ], [ 78.567152451433856, 17.49384687607693 ], [ 78.567152451433856, 17.493857103312976 ], [ 78.567155134135064, 17.493857103312976 ], [ 78.567155134135064, 17.493880114591985 ], [ 78.567152451433856, 17.493880114591985 ], [ 78.567152451433856, 17.493885228209141 ], [ 78.567149768732662, 17.493885228209141 ], [ 78.567149768732662, 17.49388778501767 ], [ 78.567147086031454, 17.49388778501767 ], [ 78.567147086031454, 17.493890341826162 ], [ 78.567141720629053, 17.493890341826162 ], [ 78.567141720629053, 17.493892898634613 ], [ 78.567144403330246, 17.493892898634613 ], [ 78.567144403330246, 17.493895455443035 ], [ 78.567147086031454, 17.493895455443035 ], [ 78.567147086031454, 17.493898012251417 ], [ 78.567149768732662, 17.493898012251417 ], [ 78.567149768732662, 17.493903125868069 ], [ 78.567152451433856, 17.493903125868069 ], [ 78.567152451433856, 17.49390823948459 ], [ 78.567155134135064, 17.49390823948459 ], [ 78.567155134135064, 17.493915909909088 ], [ 78.567157816836271, 17.493915909909088 ], [ 78.567157816836271, 17.493923580333263 ], [ 78.567160499537479, 17.493923580333263 ], [ 78.567160499537479, 17.493931250757118 ], [ 78.567163182238673, 17.493931250757118 ], [ 78.567163182238673, 17.493941477988422 ], [ 78.567165864939881, 17.493941477988422 ], [ 78.567165864939881, 17.493949148411517 ], [ 78.567168547641074, 17.493949148411517 ], [ 78.567168547641074, 17.49395426202674 ], [ 78.567171230342296, 17.49395426202674 ], [ 78.567171230342296, 17.493961932449295 ], [ 78.56717391304349, 17.493961932449295 ], [ 78.56717391304349, 17.493977273293442 ], [ 78.567171230342296, 17.493977273293442 ], [ 78.567171230342296, 17.49397983010067 ], [ 78.567165864939881, 17.49397983010067 ], [ 78.567165864939881, 17.493982386907874 ], [ 78.567152451433856, 17.493982386907874 ], [ 78.567152451433856, 17.493984943715031 ], [ 78.567144403330246, 17.493984943715031 ], [ 78.567144403330246, 17.493987500522156 ], [ 78.567133672525429, 17.493987500522156 ], [ 78.567133672525429, 17.493990057329242 ], [ 78.56712294172064, 17.493990057329242 ], [ 78.56712294172064, 17.493992614136292 ], [ 78.567106845513422, 17.493992614136292 ], [ 78.567106845513422, 17.493995170943307 ], [ 78.567101480111006, 17.493995170943307 ] ] ] } },
{ "type": "Feature", "properties": { "value": 255.0 }, "geometry": { "type": "Polygon", "coordinates": [ [ [ 78.566774190564303, 17.493949148411517 ], [ 78.566774190564303, 17.493946591603851 ], [ 78.566768825161887, 17.493946591603851 ], [ 78.566768825161887, 17.493944034796154 ], [ 78.566766142460693, 17.493944034796154 ], [ 78.566766142460693, 17.493941477988422 ], [ 78.566755411655876, 17.493941477988422 ], [ 78.566755411655876, 17.493944034796154 ], [ 78.566739315448658, 17.493944034796154 ], [ 78.566739315448658, 17.493941477988422 ], [ 78.566736632747464, 17.493941477988422 ], [ 78.566736632747464, 17.493936364372843 ], [ 78.56673395004627, 17.493936364372843 ], [ 78.56673395004627, 17.493928693949204 ], [ 78.566731267345062, 17.493928693949204 ], [ 78.566731267345062, 17.493918466717179 ], [ 78.566728584643855, 17.493918466717179 ], [ 78.566728584643855, 17.493898012251417 ], [ 78.566725901942647, 17.493898012251417 ], [ 78.566725901942647, 17.493900569059765 ], [ 78.566709805735428, 17.493900569059765 ], [ 78.566709805735428, 17.493898012251417 ], [ 78.566707123034234, 17.493898012251417 ], [ 78.566707123034234, 17.493890341826162 ], [ 78.566704440333027, 17.493890341826162 ], [ 78.566704440333027, 17.49387755778335 ], [ 78.566701757631819, 17.49387755778335 ], [ 78.566701757631819, 17.493872444165969 ], [ 78.566699074930625, 17.493872444165969 ], [ 78.566699074930625, 17.493864773739638 ], [ 78.566696392229417, 17.493864773739638 ], [ 78.566696392229417, 17.493854546504018 ], [ 78.566693709528224, 17.493854546504018 ], [ 78.566693709528224, 17.493836648840308 ], [ 78.56669102682703, 17.493836648840308 ], [ 78.56669102682703, 17.493823864793718 ], [ 78.566688344125822, 17.493823864793718 ], [ 78.566688344125822, 17.49381108074623 ], [ 78.566685661424629, 17.49381108074623 ], [ 78.566685661424629, 17.493800853507594 ], [ 78.566688344125822, 17.493800853507594 ], [ 78.566688344125822, 17.493798296697843 ], [ 78.56669102682703, 17.493798296697843 ], [ 78.56669102682703, 17.493795739888057 ], [ 78.566701757631819, 17.493795739888057 ], [ 78.566701757631819, 17.493793183078239 ], [ 78.56671517113783, 17.493793183078239 ], [ 78.56671517113783, 17.493790626268382 ], [ 78.566731267345062, 17.493790626268382 ], [ 78.566731267345062, 17.493788069458486 ], [ 78.566763459759485, 17.493788069458486 ], [ 78.566763459759485, 17.493790626268382 ], [ 78.566766142460693, 17.493790626268382 ], [ 78.566766142460693, 17.493795739888057 ], [ 78.566768825161887, 17.493795739888057 ], [ 78.566768825161887, 17.493800853507594 ], [ 78.566771507863095, 17.493800853507594 ], [ 78.566771507863095, 17.493808523936625 ], [ 78.566774190564303, 17.493808523936625 ], [ 78.566774190564303, 17.4938136375558 ], [ 78.566776873265511, 17.4938136375558 ], [ 78.566776873265511, 17.493821307984291 ], [ 78.566779555966704, 17.493821307984291 ], [ 78.566779555966704, 17.49382642160311 ], [ 78.566782238667912, 17.49382642160311 ], [ 78.566782238667912, 17.493834092031062 ], [ 78.56678492136912, 17.493834092031062 ], [ 78.56678492136912, 17.493839205649515 ], [ 78.566782238667912, 17.493839205649515 ], [ 78.566782238667912, 17.493851989695024 ], [ 78.56678492136912, 17.493851989695024 ], [ 78.56678492136912, 17.493857103312976 ], [ 78.566782238667912, 17.493857103312976 ], [ 78.566782238667912, 17.493859660121899 ], [ 78.566776873265511, 17.493859660121899 ], [ 78.566776873265511, 17.49386221693079 ], [ 78.566790286771521, 17.49386221693079 ], [ 78.566790286771521, 17.493864773739638 ], [ 78.566792969472701, 17.493864773739638 ], [ 78.566792969472701, 17.493882671400581 ], [ 78.566790286771521, 17.493882671400581 ], [ 78.566790286771521, 17.493885228209141 ], [ 78.566787604070313, 17.493885228209141 ], [ 78.566787604070313, 17.49388778501767 ], [ 78.566779555966704, 17.49388778501767 ], [ 78.566779555966704, 17.493890341826162 ], [ 78.566782238667912, 17.493890341826162 ], [ 78.566782238667912, 17.493892898634613 ], [ 78.56678492136912, 17.493892898634613 ], [ 78.56678492136912, 17.493905682676345 ], [ 78.566787604070313, 17.493905682676345 ], [ 78.566787604070313, 17.493915909909088 ], [ 78.566790286771521, 17.493915909909088 ], [ 78.566790286771521, 17.493926137141251 ], [ 78.566792969472701, 17.493926137141251 ], [ 78.566792969472701, 17.493941477988422 ], [ 78.566795652173909, 17.493941477988422 ], [ 78.566795652173909, 17.493944034796154 ], [ 78.566792969472701, 17.493944034796154 ], [ 78.566792969472701, 17.493946591603851 ], [ 78.566790286771521, 17.493946591603851 ], [ 78.566790286771521, 17.493949148411517 ], [ 78.566774190564303, 17.493949148411517 ] ] ] } },
{ "type": "Feature", "properties": { "value": 255.0 }, "geometry": { "type": "Polygon", "coordinates": [ [ [ 78.565864754856619, 17.494089772777624 ], [ 78.565864754856619, 17.494087215971938 ], [ 78.565862072155426, 17.494087215971938 ], [ 78.565862072155426, 17.494084659166219 ], [ 78.565859389454218, 17.494084659166219 ], [ 78.565859389454218, 17.494079545554666 ], [ 78.56585670675301, 17.494079545554666 ], [ 78.56585670675301, 17.494071875137074 ], [ 78.565854024051816, 17.494071875137074 ], [ 78.565854024051816, 17.494061647913107 ], [ 78.565851341350609, 17.494061647913107 ], [ 78.565851341350609, 17.494053977494755 ], [ 78.565848658649415, 17.494053977494755 ], [ 78.565848658649415, 17.494043750269782 ], [ 78.565845975948193, 17.494043750269782 ], [ 78.565845975948193, 17.49403607985068 ], [ 78.565843293246999, 17.49403607985068 ], [ 78.565843293246999, 17.494023295818113 ], [ 78.565840610545791, 17.494023295818113 ], [ 78.565840610545791, 17.494010511784651 ], [ 78.565837927844598, 17.494010511784651 ], [ 78.565837927844598, 17.494002841364143 ], [ 78.565840610545791, 17.494002841364143 ], [ 78.565840610545791, 17.493997727750287 ], [ 78.565848658649415, 17.493997727750287 ], [ 78.565848658649415, 17.493995170943307 ], [ 78.565843293246999, 17.493995170943307 ], [ 78.565843293246999, 17.493992614136292 ], [ 78.565837927844598, 17.493992614136292 ], [ 78.565837927844598, 17.493987500522156 ], [ 78.565835245143376, 17.493987500522156 ], [ 78.565835245143376, 17.493982386907874 ], [ 78.565832562442182, 17.493982386907874 ], [ 78.565832562442182, 17.493972159678872 ], [ 78.565829879740974, 17.493972159678872 ], [ 78.565829879740974, 17.493964489256744 ], [ 78.565827197039781, 17.493964489256744 ], [ 78.565827197039781, 17.49395426202674 ], [ 78.565824514338587, 17.49395426202674 ], [ 78.565824514338587, 17.493941477988422 ], [ 78.565827197039781, 17.493941477988422 ], [ 78.565827197039781, 17.49393892118065 ], [ 78.565829879740974, 17.49393892118065 ], [ 78.565829879740974, 17.493936364372843 ], [ 78.565837927844598, 17.493936364372843 ], [ 78.565837927844598, 17.493933807564996 ], [ 78.565848658649415, 17.493933807564996 ], [ 78.565848658649415, 17.493931250757118 ], [ 78.56585670675301, 17.493931250757118 ], [ 78.56585670675301, 17.493928693949204 ], [ 78.565867437557827, 17.493928693949204 ], [ 78.565867437557827, 17.493926137141251 ], [ 78.565875485661422, 17.493926137141251 ], [ 78.565875485661422, 17.493923580333263 ], [ 78.565883533765032, 17.493923580333263 ], [ 78.565883533765032, 17.493921023525242 ], [ 78.565894264569849, 17.493921023525242 ], [ 78.565894264569849, 17.493918466717179 ], [ 78.565904995374666, 17.493918466717179 ], [ 78.565904995374666, 17.493915909909088 ], [ 78.565918408880677, 17.493915909909088 ], [ 78.565918408880677, 17.493913353100957 ], [ 78.565902312673458, 17.493913353100957 ], [ 78.565902312673458, 17.493910796292791 ], [ 78.56589962997225, 17.493910796292791 ], [ 78.56589962997225, 17.49390823948459 ], [ 78.565896947271057, 17.49390823948459 ], [ 78.565896947271057, 17.493900569059765 ], [ 78.565891581868641, 17.493900569059765 ], [ 78.565891581868641, 17.493903125868069 ], [ 78.565886216466239, 17.493903125868069 ], [ 78.565886216466239, 17.493905682676345 ], [ 78.565878168362616, 17.493905682676345 ], [ 78.565878168362616, 17.49390823948459 ], [ 78.565870120259021, 17.49390823948459 ], [ 78.565870120259021, 17.493910796292791 ], [ 78.565859389454218, 17.493910796292791 ], [ 78.565859389454218, 17.493913353100957 ], [ 78.565848658649415, 17.493913353100957 ], [ 78.565848658649415, 17.493915909909088 ], [ 78.565840610545791, 17.493915909909088 ], [ 78.565840610545791, 17.493918466717179 ], [ 78.565829879740974, 17.493918466717179 ], [ 78.565829879740974, 17.493921023525242 ], [ 78.565819148936185, 17.493921023525242 ], [ 78.565819148936185, 17.493923580333263 ], [ 78.565808418131368, 17.493923580333263 ], [ 78.565808418131368, 17.493926137141251 ], [ 78.565795004625357, 17.493926137141251 ], [ 78.565795004625357, 17.493928693949204 ], [ 78.565786956521734, 17.493928693949204 ], [ 78.565786956521734, 17.493931250757118 ], [ 78.565778908418125, 17.493931250757118 ], [ 78.565778908418125, 17.493933807564996 ], [ 78.565768177613336, 17.493933807564996 ], [ 78.565768177613336, 17.493936364372843 ], [ 78.565760129509727, 17.493936364372843 ], [ 78.565760129509727, 17.49393892118065 ], [ 78.565749398704909, 17.49393892118065 ], [ 78.565749398704909, 17.493941477988422 ], [ 78.565730619796483, 17.493941477988422 ], [ 78.565730619796483, 17.49393892118065 ], [ 78.565727937095303, 17.49393892118065 ], [ 78.565727937095303, 17.493936364372843 ], [ 78.565725254394081, 17.493936364372843 ], [ 78.565725254394081, 17.493928693949204 ], [ 78.565722571692888, 17.493928693949204 ], [ 78.565722571692888, 17.493918466717179 ], [ 78.565719888991694, 17.493918466717179 ], [ 78.565719888991694, 17.493910796292791 ], [ 78.565717206290486, 17.493910796292791 ], [ 78.565717206290486, 17.493895455443035 ], [ 78.565714523589278, 17.493895455443035 ], [ 78.565714523589278, 17.493890341826162 ], [ 78.565711840888071, 17.493890341826162 ], [ 78.565711840888071, 17.493880114591985 ], [ 78.565709158186877, 17.493880114591985 ], [ 78.565709158186877, 17.493869887357228 ], [ 78.565706475485669, 17.493869887357228 ], [ 78.565706475485669, 17.493849432885995 ], [ 78.565703792784461, 17.493849432885995 ], [ 78.565703792784461, 17.49384687607693 ], [ 78.565706475485669, 17.49384687607693 ], [ 78.565706475485669, 17.493839205649515 ], [ 78.565709158186877, 17.493839205649515 ], [ 78.565709158186877, 17.493836648840308 ], [ 78.565717206290486, 17.493836648840308 ], [ 78.565717206290486, 17.493834092031062 ], [ 78.565727937095303, 17.493834092031062 ], [ 78.565727937095303, 17.49383153522178 ], [ 78.5657413506013, 17.49383153522178 ], [ 78.5657413506013, 17.493828978412466 ], [ 78.565757446808519, 17.493828978412466 ], [ 78.565757446808519, 17.49382642160311 ], [ 78.565773543015737, 17.49382642160311 ], [ 78.565773543015737, 17.493823864793718 ], [ 78.565778908418125, 17.493823864793718 ], [ 78.565778908418125, 17.493821307984291 ], [ 78.565781591119332, 17.493821307984291 ], [ 78.565781591119332, 17.493818751174832 ], [ 78.56578427382054, 17.493818751174832 ], [ 78.56578427382054, 17.493816194365337 ], [ 78.565789639222942, 17.493816194365337 ], [ 78.565789639222942, 17.4938136375558 ], [ 78.56579232192415, 17.4938136375558 ], [ 78.56579232192415, 17.49381108074623 ], [ 78.565803052728953, 17.49381108074623 ], [ 78.565803052728953, 17.493808523936625 ], [ 78.56581378353377, 17.493808523936625 ], [ 78.56581378353377, 17.493805967126985 ], [ 78.565824514338587, 17.493805967126985 ], [ 78.565824514338587, 17.493803410317305 ], [ 78.565832562442182, 17.493803410317305 ], [ 78.565832562442182, 17.493800853507594 ], [ 78.565864754856619, 17.493800853507594 ], [ 78.565864754856619, 17.493798296697843 ], [ 78.565867437557827, 17.493798296697843 ], [ 78.565867437557827, 17.493800853507594 ], [ 78.565875485661422, 17.493800853507594 ], [ 78.565875485661422, 17.493803410317305 ], [ 78.565878168362616, 17.493803410317305 ], [ 78.565878168362616, 17.4938136375558 ], [ 78.565880851063838, 17.4938136375558 ], [ 78.565880851063838, 17.493823864793718 ], [ 78.565883533765032, 17.493823864793718 ], [ 78.565883533765032, 17.493839205649515 ], [ 78.565886216466239, 17.493839205649515 ], [ 78.565886216466239, 17.493834092031062 ], [ 78.565888899167433, 17.493834092031062 ], [ 78.565888899167433, 17.493808523936625 ], [ 78.565894264569849, 17.493808523936625 ], [ 78.565894264569849, 17.493805967126985 ], [ 78.565913043478261, 17.493805967126985 ], [ 78.565913043478261, 17.493803410317305 ], [ 78.565926456984272, 17.493803410317305 ], [ 78.565926456984272, 17.493805967126985 ], [ 78.56592913968548, 17.493805967126985 ], [ 78.56592913968548, 17.493808523936625 ], [ 78.565931822386673, 17.493808523936625 ], [ 78.565931822386673, 17.49381108074623 ], [ 78.565934505087881, 17.49381108074623 ], [ 78.565934505087881, 17.493818751174832 ], [ 78.565937187789089, 17.493818751174832 ], [ 78.565937187789089, 17.493823864793718 ], [ 78.565939870490297, 17.493823864793718 ], [ 78.565939870490297, 17.49382642160311 ], [ 78.565942553191491, 17.49382642160311 ], [ 78.565942553191491, 17.493821307984291 ], [ 78.565939870490297, 17.493821307984291 ], [ 78.565939870490297, 17.493808523936625 ], [ 78.565937187789089, 17.493808523936625 ], [ 78.565937187789089, 17.493798296697843 ], [ 78.565939870490297, 17.493798296697843 ], [ 78.565939870490297, 17.493795739888057 ], [ 78.565942553191491, 17.493795739888057 ], [ 78.565942553191491, 17.493793183078239 ], [ 78.565953283996308, 17.493793183078239 ], [ 78.565953283996308, 17.493790626268382 ], [ 78.56597206290472, 17.493790626268382 ], [ 78.56597206290472, 17.493788069458486 ], [ 78.565982793709537, 17.493788069458486 ], [ 78.565982793709537, 17.493785512648561 ], [ 78.566023034227555, 17.493785512648561 ], [ 78.566023034227555, 17.493788069458486 ], [ 78.566028399629971, 17.493788069458486 ], [ 78.566028399629971, 17.493790626268382 ], [ 78.566031082331179, 17.493790626268382 ], [ 78.566031082331179, 17.493800853507594 ], [ 78.566033765032373, 17.493800853507594 ], [ 78.566033765032373, 17.493805967126985 ], [ 78.566036447733595, 17.493805967126985 ], [ 78.566036447733595, 17.493808523936625 ], [ 78.566039130434788, 17.493808523936625 ], [ 78.566039130434788, 17.49381108074623 ], [ 78.566041813135982, 17.49381108074623 ], [ 78.566041813135982, 17.4938136375558 ], [ 78.566047178538398, 17.4938136375558 ], [ 78.566047178538398, 17.493816194365337 ], [ 78.566049861239605, 17.493816194365337 ], [ 78.566049861239605, 17.493818751174832 ], [ 78.566052543940799, 17.493818751174832 ], [ 78.566052543940799, 17.493821307984291 ], [ 78.566055226642007, 17.493821307984291 ], [ 78.566055226642007, 17.493823864793718 ], [ 78.566057909343215, 17.493823864793718 ], [ 78.566057909343215, 17.49382642160311 ], [ 78.566060592044423, 17.49382642160311 ], [ 78.566060592044423, 17.493828978412466 ], [ 78.566063274745616, 17.493828978412466 ], [ 78.566063274745616, 17.493834092031062 ], [ 78.566065957446824, 17.493834092031062 ], [ 78.566065957446824, 17.493839205649515 ], [ 78.566068640148018, 17.493839205649515 ], [ 78.566068640148018, 17.493851989695024 ], [ 78.566071322849211, 17.493851989695024 ], [ 78.566071322849211, 17.493859660121899 ], [ 78.566068640148018, 17.493859660121899 ], [ 78.566068640148018, 17.49386221693079 ], [ 78.566065957446824, 17.49386221693079 ], [ 78.566065957446824, 17.493864773739638 ], [ 78.566047178538398, 17.493864773739638 ], [ 78.566047178538398, 17.493867330548454 ], [ 78.566039130434788, 17.493867330548454 ], [ 78.566039130434788, 17.493869887357228 ], [ 78.566033765032373, 17.493869887357228 ], [ 78.566033765032373, 17.493872444165969 ], [ 78.566023034227555, 17.493872444165969 ], [ 78.566023034227555, 17.493875000974676 ], [ 78.566020351526362, 17.493875000974676 ], [ 78.566020351526362, 17.49387755778335 ], [ 78.566017668825182, 17.49387755778335 ], [ 78.566017668825182, 17.493880114591985 ], [ 78.566020351526362, 17.493880114591985 ], [ 78.566020351526362, 17.493885228209141 ], [ 78.566023034227555, 17.493885228209141 ], [ 78.566023034227555, 17.49388778501767 ], [ 78.566025716928777, 17.49388778501767 ], [ 78.566025716928777, 17.493890341826162 ], [ 78.566031082331179, 17.493890341826162 ], [ 78.566031082331179, 17.49388778501767 ], [ 78.566041813135982, 17.49388778501767 ], [ 78.566041813135982, 17.493892898634613 ], [ 78.566033765032373, 17.493892898634613 ], [ 78.566033765032373, 17.493895455443035 ], [ 78.566031082331179, 17.493895455443035 ], [ 78.566031082331179, 17.493900569059765 ], [ 78.566028399629971, 17.493900569059765 ], [ 78.566028399629971, 17.493903125868069 ], [ 78.566014986123974, 17.493903125868069 ], [ 78.566014986123974, 17.493900569059765 ], [ 78.566004255319157, 17.493900569059765 ], [ 78.566004255319157, 17.493903125868069 ], [ 78.565990841813132, 17.493903125868069 ], [ 78.565990841813132, 17.493905682676345 ], [ 78.565982793709537, 17.493905682676345 ], [ 78.565982793709537, 17.49390823948459 ], [ 78.565974745605914, 17.49390823948459 ], [ 78.565974745605914, 17.493905682676345 ], [ 78.565969380203526, 17.493905682676345 ], [ 78.565969380203526, 17.493903125868069 ], [ 78.565966697502319, 17.493903125868069 ], [ 78.565966697502319, 17.493900569059765 ], [ 78.565964014801125, 17.493900569059765 ], [ 78.565964014801125, 17.49388778501767 ], [ 78.565961332099917, 17.49388778501767 ], [ 78.565961332099917, 17.493880114591985 ], [ 78.565958649398723, 17.493880114591985 ], [ 78.565958649398723, 17.493872444165969 ], [ 78.565955966697501, 17.493872444165969 ], [ 78.565955966697501, 17.493882671400581 ], [ 78.565958649398723, 17.493882671400581 ], [ 78.565958649398723, 17.493903125868069 ], [ 78.565955966697501, 17.493903125868069 ], [ 78.565955966697501, 17.493905682676345 ], [ 78.565947918593906, 17.493905682676345 ], [ 78.565947918593906, 17.49390823948459 ], [ 78.565934505087881, 17.49390823948459 ], [ 78.565934505087881, 17.493910796292791 ], [ 78.565955966697501, 17.493910796292791 ], [ 78.565955966697501, 17.493913353100957 ], [ 78.565958649398723, 17.493913353100957 ], [ 78.565958649398723, 17.493915909909088 ], [ 78.565961332099917, 17.493915909909088 ], [ 78.565961332099917, 17.493923580333263 ], [ 78.565964014801125, 17.493923580333263 ], [ 78.565964014801125, 17.493931250757118 ], [ 78.565966697502319, 17.493931250757118 ], [ 78.565966697502319, 17.493941477988422 ], [ 78.565969380203526, 17.493941477988422 ], [ 78.565969380203526, 17.493946591603851 ], [ 78.56597206290472, 17.493946591603851 ], [ 78.56597206290472, 17.49395426202674 ], [ 78.565974745605914, 17.49395426202674 ], [ 78.565974745605914, 17.493964489256744 ], [ 78.56597206290472, 17.493964489256744 ], [ 78.56597206290472, 17.493967046064153 ], [ 78.565966697502319, 17.493967046064153 ], [ 78.565966697502319, 17.49396960287153 ], [ 78.565958649398723, 17.49396960287153 ], [ 78.565958649398723, 17.493972159678872 ], [ 78.565945235892698, 17.493972159678872 ], [ 78.565945235892698, 17.493974716486171 ], [ 78.565961332099917, 17.493974716486171 ], [ 78.565961332099917, 17.493977273293442 ], [ 78.565964014801125, 17.493977273293442 ], [ 78.565964014801125, 17.493982386907874 ], [ 78.565966697502319, 17.493982386907874 ], [ 78.565966697502319, 17.493990057329242 ], [ 78.565969380203526, 17.493990057329242 ], [ 78.565969380203526, 17.494000284557234 ], [ 78.56597206290472, 17.494000284557234 ], [ 78.56597206290472, 17.494010511784651 ], [ 78.565974745605914, 17.494010511784651 ], [ 78.565974745605914, 17.494018182204837 ], [ 78.565977428307121, 17.494018182204837 ], [ 78.565977428307121, 17.494028409431248 ], [ 78.565980111008329, 17.494028409431248 ], [ 78.565980111008329, 17.49403607985068 ], [ 78.565982793709537, 17.49403607985068 ], [ 78.565982793709537, 17.494048863882345 ], [ 78.565980111008329, 17.494048863882345 ], [ 78.565980111008329, 17.494051420688567 ], [ 78.565977428307121, 17.494051420688567 ], [ 78.565977428307121, 17.494053977494755 ], [ 78.565969380203526, 17.494053977494755 ], [ 78.565969380203526, 17.494056534300906 ], [ 78.565961332099917, 17.494056534300906 ], [ 78.565961332099917, 17.494059091107022 ], [ 78.565947918593906, 17.494059091107022 ], [ 78.565947918593906, 17.494061647913107 ], [ 78.565939870490297, 17.494061647913107 ], [ 78.565939870490297, 17.494064204719155 ], [ 78.565937187789089, 17.494064204719155 ], [ 78.565937187789089, 17.494066761525161 ], [ 78.565923774283064, 17.494066761525161 ], [ 78.565923774283064, 17.494064204719155 ], [ 78.565921091581885, 17.494064204719155 ], [ 78.565921091581885, 17.494074431942973 ], [ 78.565918408880677, 17.494074431942973 ], [ 78.565918408880677, 17.494076988748844 ], [ 78.565913043478261, 17.494076988748844 ], [ 78.565913043478261, 17.494079545554666 ], [ 78.565902312673458, 17.494079545554666 ], [ 78.565902312673458, 17.494082102360462 ], [ 78.565888899167433, 17.494082102360462 ], [ 78.565888899167433, 17.494084659166219 ], [ 78.565878168362616, 17.494084659166219 ], [ 78.565878168362616, 17.494087215971938 ], [ 78.565870120259021, 17.494087215971938 ], [ 78.565870120259021, 17.494089772777624 ], [ 78.565864754856619, 17.494089772777624 ] ], [ [ 78.565918408880677, 17.494061647913107 ], [ 78.565921091581885, 17.494061647913107 ], [ 78.565921091581885, 17.494059091107022 ], [ 78.565918408880677, 17.494059091107022 ], [ 78.565918408880677, 17.494061647913107 ] ], [ [ 78.565854024051816, 17.493995170943307 ], [ 78.565867437557827, 17.493995170943307 ], [ 78.565867437557827, 17.493992614136292 ], [ 78.565854024051816, 17.493992614136292 ], [ 78.565854024051816, 17.493995170943307 ] ], [ [ 78.565867437557827, 17.493992614136292 ], [ 78.565880851063838, 17.493992614136292 ], [ 78.565880851063838, 17.493990057329242 ], [ 78.565867437557827, 17.493990057329242 ], [ 78.565867437557827, 17.493992614136292 ] ], [ [ 78.565894264569849, 17.493992614136292 ], [ 78.565896947271057, 17.493992614136292 ], [ 78.565896947271057, 17.493990057329242 ], [ 78.56589962997225, 17.493990057329242 ], [ 78.56589962997225, 17.493987500522156 ], [ 78.565902312673458, 17.493987500522156 ], [ 78.565902312673458, 17.493984943715031 ], [ 78.565891581868641, 17.493984943715031 ], [ 78.565891581868641, 17.493987500522156 ], [ 78.565880851063838, 17.493987500522156 ], [ 78.565880851063838, 17.493990057329242 ], [ 78.565894264569849, 17.493990057329242 ], [ 78.565894264569849, 17.493992614136292 ] ], [ [ 78.565902312673458, 17.493984943715031 ], [ 78.565913043478261, 17.493984943715031 ], [ 78.565913043478261, 17.493982386907874 ], [ 78.565921091581885, 17.493982386907874 ], [ 78.565921091581885, 17.49397983010067 ], [ 78.565931822386673, 17.49397983010067 ], [ 78.565931822386673, 17.493977273293442 ], [ 78.565918408880677, 17.493977273293442 ], [ 78.565918408880677, 17.49397983010067 ], [ 78.565910360777067, 17.49397983010067 ], [ 78.565910360777067, 17.493982386907874 ], [ 78.565902312673458, 17.493982386907874 ], [ 78.565902312673458, 17.493984943715031 ] ], [ [ 78.565931822386673, 17.493977273293442 ], [ 78.565942553191491, 17.493977273293442 ], [ 78.565942553191491, 17.493974716486171 ], [ 78.565931822386673, 17.493974716486171 ], [ 78.565931822386673, 17.493977273293442 ] ], [ [ 78.565921091581885, 17.493913353100957 ], [ 78.565931822386673, 17.493913353100957 ], [ 78.565931822386673, 17.493910796292791 ], [ 78.565921091581885, 17.493910796292791 ], [ 78.565921091581885, 17.493913353100957 ] ], [ [ 78.565953283996308, 17.493872444165969 ], [ 78.565955966697501, 17.493872444165969 ], [ 78.565955966697501, 17.493864773739638 ], [ 78.565953283996308, 17.493864773739638 ], [ 78.565953283996308, 17.493872444165969 ] ], [ [ 78.565888899167433, 17.493867330548454 ], [ 78.565891581868641, 17.493867330548454 ], [ 78.565891581868641, 17.493864773739638 ], [ 78.565888899167433, 17.493864773739638 ], [ 78.565888899167433, 17.493867330548454 ] ], [ [ 78.5659506012951, 17.49386221693079 ], [ 78.565953283996308, 17.49386221693079 ], [ 78.565953283996308, 17.493857103312976 ], [ 78.5659506012951, 17.493857103312976 ], [ 78.5659506012951, 17.49386221693079 ] ], [ [ 78.565947918593906, 17.493854546504018 ], [ 78.5659506012951, 17.493854546504018 ], [ 78.5659506012951, 17.493849432885995 ], [ 78.565947918593906, 17.493849432885995 ], [ 78.565947918593906, 17.493854546504018 ] ], [ [ 78.565945235892698, 17.493844319267833 ], [ 78.565947918593906, 17.493844319267833 ], [ 78.565947918593906, 17.49384176245869 ], [ 78.565945235892698, 17.49384176245869 ], [ 78.565945235892698, 17.493844319267833 ] ], [ [ 78.565942553191491, 17.493834092031062 ], [ 78.565945235892698, 17.493834092031062 ], [ 78.565945235892698, 17.493828978412466 ], [ 78.565942553191491, 17.493828978412466 ], [ 78.565942553191491, 17.493834092031062 ] ] ] } },
{ "type": "Feature", "properties": { "value": 255.0 }, "geometry": { "type": "Polygon", "coordinates": [ [ [ 78.564810453284011, 17.493880114591985 ], [ 78.564810453284011, 17.49387755778335 ], [ 78.564802405180401, 17.49387755778335 ], [ 78.564802405180401, 17.493872444165969 ], [ 78.564799722479194, 17.493872444165969 ], [ 78.564799722479194, 17.493864773739638 ], [ 78.564797039778, 17.493864773739638 ], [ 78.564797039778, 17.493859660121899 ], [ 78.564794357076792, 17.493859660121899 ], [ 78.564794357076792, 17.493849432885995 ], [ 78.564791674375584, 17.493849432885995 ], [ 78.564791674375584, 17.493836648840308 ], [ 78.564788991674376, 17.493836648840308 ], [ 78.564788991674376, 17.493808523936625 ], [ 78.564791674375584, 17.493808523936625 ], [ 78.564791674375584, 17.493800853507594 ], [ 78.564794357076792, 17.493800853507594 ], [ 78.564794357076792, 17.493798296697843 ], [ 78.564797039778, 17.493798296697843 ], [ 78.564797039778, 17.493793183078239 ], [ 78.564802405180401, 17.493793183078239 ], [ 78.564802405180401, 17.493790626268382 ], [ 78.564818501387606, 17.493790626268382 ], [ 78.564818501387606, 17.493788069458486 ], [ 78.564826549491215, 17.493788069458486 ], [ 78.564826549491215, 17.493785512648561 ], [ 78.564834597594825, 17.493785512648561 ], [ 78.564834597594825, 17.493782955838601 ], [ 78.56484801110085, 17.493782955838601 ], [ 78.56484801110085, 17.493780399028598 ], [ 78.564856059204445, 17.493780399028598 ], [ 78.564856059204445, 17.493777842218559 ], [ 78.564866790009248, 17.493777842218559 ], [ 78.564866790009248, 17.493775285408482 ], [ 78.564877520814065, 17.493775285408482 ], [ 78.564877520814065, 17.493772728598376 ], [ 78.56489093432009, 17.493772728598376 ], [ 78.56489093432009, 17.493770171788231 ], [ 78.564904347826101, 17.493770171788231 ], [ 78.564904347826101, 17.493767614978051 ], [ 78.564912395929696, 17.493767614978051 ], [ 78.564912395929696, 17.493765058167831 ], [ 78.564928492136914, 17.493765058167831 ], [ 78.564928492136914, 17.493767614978051 ], [ 78.564931174838122, 17.493767614978051 ], [ 78.564931174838122, 17.493770171788231 ], [ 78.564933857539316, 17.493770171788231 ], [ 78.564933857539316, 17.493772728598376 ], [ 78.564936540240538, 17.493772728598376 ], [ 78.564936540240538, 17.493770171788231 ], [ 78.564947271045341, 17.493770171788231 ], [ 78.564947271045341, 17.493767614978051 ], [ 78.564958001850144, 17.493767614978051 ], [ 78.564958001850144, 17.493765058167831 ], [ 78.564971415356155, 17.493765058167831 ], [ 78.564971415356155, 17.493767614978051 ], [ 78.564974098057363, 17.493767614978051 ], [ 78.564974098057363, 17.493772728598376 ], [ 78.564976780758556, 17.493772728598376 ], [ 78.564976780758556, 17.493782955838601 ], [ 78.564979463459778, 17.493782955838601 ], [ 78.564979463459778, 17.493795739888057 ], [ 78.564982146160972, 17.493795739888057 ], [ 78.564982146160972, 17.493805967126985 ], [ 78.564984828862166, 17.493805967126985 ], [ 78.564984828862166, 17.493818751174832 ], [ 78.564987511563373, 17.493818751174832 ], [ 78.564987511563373, 17.493828978412466 ], [ 78.564990194264581, 17.493828978412466 ], [ 78.564990194264581, 17.493839205649515 ], [ 78.564992876965789, 17.493839205649515 ], [ 78.564992876965789, 17.493849432885995 ], [ 78.564990194264581, 17.493849432885995 ], [ 78.564990194264581, 17.493851989695024 ], [ 78.564987511563373, 17.493851989695024 ], [ 78.564987511563373, 17.493854546504018 ], [ 78.564974098057363, 17.493854546504018 ], [ 78.564974098057363, 17.493857103312976 ], [ 78.564952636447742, 17.493857103312976 ], [ 78.564952636447742, 17.493854546504018 ], [ 78.564947271045341, 17.493854546504018 ], [ 78.564947271045341, 17.493857103312976 ], [ 78.564936540240538, 17.493857103312976 ], [ 78.564936540240538, 17.493859660121899 ], [ 78.564925809435721, 17.493859660121899 ], [ 78.564925809435721, 17.49386221693079 ], [ 78.564912395929696, 17.49386221693079 ], [ 78.564912395929696, 17.493864773739638 ], [ 78.564901665124893, 17.493864773739638 ], [ 78.564901665124893, 17.493867330548454 ], [ 78.564888251618882, 17.493867330548454 ], [ 78.564888251618882, 17.493869887357228 ], [ 78.564877520814065, 17.493869887357228 ], [ 78.564877520814065, 17.493872444165969 ], [ 78.564866790009248, 17.493872444165969 ], [ 78.564866790009248, 17.493875000974676 ], [ 78.564853376503251, 17.493875000974676 ], [ 78.564853376503251, 17.49387755778335 ], [ 78.564818501387606, 17.49387755778335 ], [ 78.564818501387606, 17.493880114591985 ], [ 78.564810453284011, 17.493880114591985 ] ] ] } },
{ "type": "Feature", "properties": { "value": 255.0 }, "geometry": { "type": "Polygon", "coordinates": [ [ [ 78.565169935245152, 17.493915909909088 ], [ 78.565169935245152, 17.493913353100957 ], [ 78.565167252543944, 17.493913353100957 ], [ 78.565167252543944, 17.493910796292791 ], [ 78.565164569842736, 17.493910796292791 ], [ 78.565164569842736, 17.493903125868069 ], [ 78.565161887141542, 17.493903125868069 ], [ 78.565161887141542, 17.493895455443035 ], [ 78.565159204440334, 17.493895455443035 ], [ 78.565159204440334, 17.493890341826162 ], [ 78.565156521739141, 17.493890341826162 ], [ 78.565156521739141, 17.493880114591985 ], [ 78.565153839037919, 17.493880114591985 ], [ 78.565153839037919, 17.49386221693079 ], [ 78.565151156336725, 17.49386221693079 ], [ 78.565151156336725, 17.493851989695024 ], [ 78.565153839037919, 17.493851989695024 ], [ 78.565153839037919, 17.493844319267833 ], [ 78.565159204440334, 17.493844319267833 ], [ 78.565159204440334, 17.49384176245869 ], [ 78.565164569842736, 17.49384176245869 ], [ 78.565164569842736, 17.493839205649515 ], [ 78.565172617946345, 17.493839205649515 ], [ 78.565172617946345, 17.493836648840308 ], [ 78.565151156336725, 17.493836648840308 ], [ 78.565151156336725, 17.493834092031062 ], [ 78.565148473635546, 17.493834092031062 ], [ 78.565148473635546, 17.49383153522178 ], [ 78.56514310823313, 17.49383153522178 ], [ 78.56514310823313, 17.49382642160311 ], [ 78.565140425531922, 17.49382642160311 ], [ 78.565140425531922, 17.493818751174832 ], [ 78.565137742830728, 17.493818751174832 ], [ 78.565137742830728, 17.493808523936625 ], [ 78.565135060129521, 17.493808523936625 ], [ 78.565135060129521, 17.493788069458486 ], [ 78.565137742830728, 17.493788069458486 ], [ 78.565137742830728, 17.493785512648561 ], [ 78.565140425531922, 17.493785512648561 ], [ 78.565140425531922, 17.493782955838601 ], [ 78.565145790934338, 17.493782955838601 ], [ 78.565145790934338, 17.493780399028598 ], [ 78.565148473635546, 17.493780399028598 ], [ 78.565148473635546, 17.493775285408482 ], [ 78.565151156336725, 17.493775285408482 ], [ 78.565151156336725, 17.493772728598376 ], [ 78.565169935245152, 17.493772728598376 ], [ 78.565169935245152, 17.493775285408482 ], [ 78.565177983348761, 17.493775285408482 ], [ 78.565177983348761, 17.493772728598376 ], [ 78.565191396854786, 17.493772728598376 ], [ 78.565191396854786, 17.493770171788231 ], [ 78.565196762257173, 17.493770171788231 ], [ 78.565196762257173, 17.493767614978051 ], [ 78.565199444958381, 17.493767614978051 ], [ 78.565199444958381, 17.49376250135758 ], [ 78.565218223866793, 17.49376250135758 ], [ 78.565218223866793, 17.493765058167831 ], [ 78.565223589269209, 17.493765058167831 ], [ 78.565223589269209, 17.493767614978051 ], [ 78.565226271970403, 17.493767614978051 ], [ 78.565226271970403, 17.493770171788231 ], [ 78.56523700277522, 17.493770171788231 ], [ 78.56523700277522, 17.493772728598376 ], [ 78.565247733580023, 17.493772728598376 ], [ 78.565247733580023, 17.493770171788231 ], [ 78.565266512488449, 17.493770171788231 ], [ 78.565266512488449, 17.493782955838601 ], [ 78.565269195189643, 17.493782955838601 ], [ 78.565269195189643, 17.493800853507594 ], [ 78.565271877890851, 17.493800853507594 ], [ 78.565271877890851, 17.493821307984291 ], [ 78.565266512488449, 17.493821307984291 ], [ 78.565266512488449, 17.493823864793718 ], [ 78.565282608695668, 17.493823864793718 ], [ 78.565282608695668, 17.49382642160311 ], [ 78.565285291396862, 17.49382642160311 ], [ 78.565285291396862, 17.493828978412466 ], [ 78.565287974098069, 17.493828978412466 ], [ 78.565287974098069, 17.493834092031062 ], [ 78.565290656799277, 17.493834092031062 ], [ 78.565290656799277, 17.493844319267833 ], [ 78.565293339500471, 17.493844319267833 ], [ 78.565293339500471, 17.493851989695024 ], [ 78.565296022201665, 17.493851989695024 ], [ 78.565296022201665, 17.493857103312976 ], [ 78.565298704902872, 17.493857103312976 ], [ 78.565298704902872, 17.49386221693079 ], [ 78.565301387604066, 17.49386221693079 ], [ 78.565301387604066, 17.493867330548454 ], [ 78.565304070305274, 17.493867330548454 ], [ 78.565304070305274, 17.493869887357228 ], [ 78.565301387604066, 17.493869887357228 ], [ 78.565301387604066, 17.49387755778335 ], [ 78.565298704902872, 17.49387755778335 ], [ 78.565298704902872, 17.493880114591985 ], [ 78.565293339500471, 17.493880114591985 ], [ 78.565293339500471, 17.493882671400581 ], [ 78.565287974098069, 17.493882671400581 ], [ 78.565287974098069, 17.493885228209141 ], [ 78.56527992599446, 17.493885228209141 ], [ 78.56527992599446, 17.49388778501767 ], [ 78.565269195189643, 17.49388778501767 ], [ 78.565269195189643, 17.493890341826162 ], [ 78.565258464384826, 17.493890341826162 ], [ 78.565258464384826, 17.493892898634613 ], [ 78.565250416281216, 17.493892898634613 ], [ 78.565250416281216, 17.493895455443035 ], [ 78.565242368177621, 17.493895455443035 ], [ 78.565242368177621, 17.493898012251417 ], [ 78.565234320074026, 17.493898012251417 ], [ 78.565234320074026, 17.493900569059765 ], [ 78.565223589269209, 17.493900569059765 ], [ 78.565223589269209, 17.493903125868069 ], [ 78.565215541165585, 17.493903125868069 ], [ 78.565215541165585, 17.493905682676345 ], [ 78.565204810360783, 17.493905682676345 ], [ 78.565204810360783, 17.49390823948459 ], [ 78.565196762257173, 17.49390823948459 ], [ 78.565196762257173, 17.493910796292791 ], [ 78.565188714153578, 17.493910796292791 ], [ 78.565188714153578, 17.493913353100957 ], [ 78.565180666049969, 17.493913353100957 ], [ 78.565180666049969, 17.493915909909088 ], [ 78.565169935245152, 17.493915909909088 ] ], [ [ 78.565253098982424, 17.493823864793718 ], [ 78.565255781683632, 17.493823864793718 ], [ 78.565255781683632, 17.493821307984291 ], [ 78.565253098982424, 17.493821307984291 ], [ 78.565253098982424, 17.493823864793718 ] ] ] } },
{ "type": "Feature", "properties": { "value": 255.0 }, "geometry": { "type": "Polygon", "coordinates": [ [ [ 78.566339592969484, 17.493867330548454 ], [ 78.566339592969484, 17.493864773739638 ], [ 78.566336910268276, 17.493864773739638 ], [ 78.566336910268276, 17.493857103312976 ], [ 78.566334227567083, 17.493857103312976 ], [ 78.566334227567083, 17.49384687607693 ], [ 78.566331544865861, 17.49384687607693 ], [ 78.566331544865861, 17.493823864793718 ], [ 78.566328862164667, 17.493823864793718 ], [ 78.566328862164667, 17.493800853507594 ], [ 78.566326179463459, 17.493800853507594 ], [ 78.566326179463459, 17.493777842218559 ], [ 78.566323496762266, 17.493777842218559 ], [ 78.566323496762266, 17.493749717305775 ], [ 78.566326179463459, 17.493749717305775 ], [ 78.566326179463459, 17.493744603684803 ], [ 78.566328862164667, 17.493744603684803 ], [ 78.566328862164667, 17.493742046874264 ], [ 78.566331544865861, 17.493742046874264 ], [ 78.566331544865861, 17.493739490063689 ], [ 78.566347641073094, 17.493739490063689 ], [ 78.566347641073094, 17.493736933253075 ], [ 78.566358371877882, 17.493736933253075 ], [ 78.566358371877882, 17.493739490063689 ], [ 78.566371785383907, 17.493739490063689 ], [ 78.566371785383907, 17.493742046874264 ], [ 78.566379833487517, 17.493742046874264 ], [ 78.566379833487517, 17.493744603684803 ], [ 78.566382516188725, 17.493744603684803 ], [ 78.566382516188725, 17.49374716049531 ], [ 78.566387881591126, 17.49374716049531 ], [ 78.566387881591126, 17.493752274116211 ], [ 78.566385198889918, 17.493752274116211 ], [ 78.566385198889918, 17.493757387736967 ], [ 78.566382516188725, 17.493757387736967 ], [ 78.566382516188725, 17.493772728598376 ], [ 78.566379833487517, 17.493772728598376 ], [ 78.566379833487517, 17.493805967126985 ], [ 78.566377150786323, 17.493805967126985 ], [ 78.566377150786323, 17.493816194365337 ], [ 78.566374468085101, 17.493816194365337 ], [ 78.566374468085101, 17.493821307984291 ], [ 78.566371785383907, 17.493821307984291 ], [ 78.566371785383907, 17.493828978412466 ], [ 78.5663691026827, 17.493828978412466 ], [ 78.5663691026827, 17.493834092031062 ], [ 78.566366419981506, 17.493834092031062 ], [ 78.566366419981506, 17.493844319267833 ], [ 78.566363737280284, 17.493844319267833 ], [ 78.566363737280284, 17.493851989695024 ], [ 78.56636105457909, 17.493851989695024 ], [ 78.56636105457909, 17.493859660121899 ], [ 78.566358371877882, 17.493859660121899 ], [ 78.566358371877882, 17.49386221693079 ], [ 78.566355689176703, 17.49386221693079 ], [ 78.566355689176703, 17.493864773739638 ], [ 78.566350323774287, 17.493864773739638 ], [ 78.566350323774287, 17.493867330548454 ], [ 78.566339592969484, 17.493867330548454 ] ] ] } },
{ "type": "Feature", "properties": { "value": 255.0 }, "geometry": { "type": "Polygon", "coordinates": [ [ [ 78.56530943570769, 17.493851989695024 ], [ 78.56530943570769, 17.49384687607693 ], [ 78.565306753006467, 17.49384687607693 ], [ 78.565306753006467, 17.493839205649515 ], [ 78.565304070305274, 17.493839205649515 ], [ 78.565304070305274, 17.49383153522178 ], [ 78.565301387604066, 17.49383153522178 ], [ 78.565301387604066, 17.493823864793718 ], [ 78.565298704902872, 17.493823864793718 ], [ 78.565298704902872, 17.49381108074623 ], [ 78.565296022201665, 17.49381108074623 ], [ 78.565296022201665, 17.493795739888057 ], [ 78.565293339500471, 17.493795739888057 ], [ 78.565293339500471, 17.493782955838601 ], [ 78.565290656799277, 17.493782955838601 ], [ 78.565290656799277, 17.493759944547293 ], [ 78.565293339500471, 17.493759944547293 ], [ 78.565293339500471, 17.493754830926605 ], [ 78.565296022201665, 17.493754830926605 ], [ 78.565296022201665, 17.493749717305775 ], [ 78.565301387604066, 17.493749717305775 ], [ 78.565301387604066, 17.49374716049531 ], [ 78.565306753006467, 17.49374716049531 ], [ 78.565306753006467, 17.493744603684803 ], [ 78.565312118408883, 17.493744603684803 ], [ 78.565312118408883, 17.493742046874264 ], [ 78.565314801110091, 17.493742046874264 ], [ 78.565314801110091, 17.493739490063689 ], [ 78.565317483811285, 17.493739490063689 ], [ 78.565317483811285, 17.493736933253075 ], [ 78.5653228492137, 17.493736933253075 ], [ 78.5653228492137, 17.493734376442429 ], [ 78.565325531914908, 17.493734376442429 ], [ 78.565325531914908, 17.493736933253075 ], [ 78.565333580018518, 17.493736933253075 ], [ 78.565333580018518, 17.493739490063689 ], [ 78.565336262719711, 17.493739490063689 ], [ 78.565336262719711, 17.493744603684803 ], [ 78.565338945420919, 17.493744603684803 ], [ 78.565338945420919, 17.493752274116211 ], [ 78.565341628122113, 17.493752274116211 ], [ 78.565341628122113, 17.493759944547293 ], [ 78.565344310823306, 17.493759944547293 ], [ 78.565344310823306, 17.493767614978051 ], [ 78.565346993524514, 17.493767614978051 ], [ 78.565346993524514, 17.493782955838601 ], [ 78.565349676225708, 17.493782955838601 ], [ 78.565349676225708, 17.493770171788231 ], [ 78.565352358926916, 17.493770171788231 ], [ 78.565352358926916, 17.493765058167831 ], [ 78.565355041628123, 17.493765058167831 ], [ 78.565355041628123, 17.49376250135758 ], [ 78.565363089731733, 17.49376250135758 ], [ 78.565363089731733, 17.493759944547293 ], [ 78.565387234042575, 17.493759944547293 ], [ 78.565387234042575, 17.493757387736967 ], [ 78.565411378353389, 17.493757387736967 ], [ 78.565411378353389, 17.493759944547293 ], [ 78.565414061054582, 17.493759944547293 ], [ 78.565414061054582, 17.49376250135758 ], [ 78.56541674375579, 17.49376250135758 ], [ 78.56541674375579, 17.493767614978051 ], [ 78.565419426456998, 17.493767614978051 ], [ 78.565419426456998, 17.493775285408482 ], [ 78.565422109158192, 17.493775285408482 ], [ 78.565422109158192, 17.493788069458486 ], [ 78.5654247918594, 17.493788069458486 ], [ 78.5654247918594, 17.493803410317305 ], [ 78.565427474560593, 17.493803410317305 ], [ 78.565427474560593, 17.4938136375558 ], [ 78.565430157261801, 17.4938136375558 ], [ 78.565430157261801, 17.493839205649515 ], [ 78.565427474560593, 17.493839205649515 ], [ 78.565427474560593, 17.49384176245869 ], [ 78.5654247918594, 17.49384176245869 ], [ 78.5654247918594, 17.493844319267833 ], [ 78.565397964847364, 17.493844319267833 ], [ 78.565397964847364, 17.49384176245869 ], [ 78.565389916743769, 17.49384176245869 ], [ 78.565389916743769, 17.493839205649515 ], [ 78.565379185938951, 17.493839205649515 ], [ 78.565379185938951, 17.493836648840308 ], [ 78.565363089731733, 17.493836648840308 ], [ 78.565363089731733, 17.493834092031062 ], [ 78.565360407030525, 17.493834092031062 ], [ 78.565360407030525, 17.49383153522178 ], [ 78.565357724329331, 17.49383153522178 ], [ 78.565357724329331, 17.493828978412466 ], [ 78.565355041628123, 17.493828978412466 ], [ 78.565355041628123, 17.493834092031062 ], [ 78.565349676225708, 17.493834092031062 ], [ 78.565349676225708, 17.493836648840308 ], [ 78.565336262719711, 17.493836648840308 ], [ 78.565336262719711, 17.493839205649515 ], [ 78.56533089731731, 17.493839205649515 ], [ 78.56533089731731, 17.49384176245869 ], [ 78.565328214616102, 17.49384176245869 ], [ 78.565328214616102, 17.493844319267833 ], [ 78.565325531914908, 17.493844319267833 ], [ 78.565325531914908, 17.493849432885995 ], [ 78.565320166512493, 17.493849432885995 ], [ 78.565320166512493, 17.493851989695024 ], [ 78.56530943570769, 17.493851989695024 ] ], [ [ 78.565349676225708, 17.493793183078239 ], [ 78.565352358926916, 17.493793183078239 ], [ 78.565352358926916, 17.493788069458486 ], [ 78.565349676225708, 17.493788069458486 ], [ 78.565349676225708, 17.493793183078239 ] ] ] } },
{ "type": "Feature", "properties": { "value": 255.0 }, "geometry": { "type": "Polygon", "coordinates": [ [ [ 78.5644, 17.49386221693079 ], [ 78.5644, 17.493836648840308 ], [ 78.564405365402408, 17.493836648840308 ], [ 78.564405365402408, 17.49383153522178 ], [ 78.5644, 17.49383153522178 ], [ 78.5644, 17.493823864793718 ], [ 78.564405365402408, 17.493823864793718 ], [ 78.564405365402408, 17.493821307984291 ], [ 78.56440804810363, 17.493821307984291 ], [ 78.56440804810363, 17.493818751174832 ], [ 78.564410730804823, 17.493818751174832 ], [ 78.564410730804823, 17.4938136375558 ], [ 78.564413413506017, 17.4938136375558 ], [ 78.564413413506017, 17.493788069458486 ], [ 78.564410730804823, 17.493788069458486 ], [ 78.564410730804823, 17.493782955838601 ], [ 78.56440804810363, 17.493782955838601 ], [ 78.56440804810363, 17.493777842218559 ], [ 78.564405365402408, 17.493777842218559 ], [ 78.564405365402408, 17.493775285408482 ], [ 78.5644, 17.493775285408482 ], [ 78.5644, 17.493693467467164 ], [ 78.564410730804823, 17.493693467467164 ], [ 78.564410730804823, 17.493690910655907 ], [ 78.564418778908433, 17.493690910655907 ], [ 78.564418778908433, 17.493696024278389 ], [ 78.564421461609641, 17.493696024278389 ], [ 78.564421461609641, 17.49370369471184 ], [ 78.564424144310834, 17.49370369471184 ], [ 78.564424144310834, 17.493719035577779 ], [ 78.564426827012014, 17.493719035577779 ], [ 78.564426827012014, 17.493726706010268 ], [ 78.564429509713236, 17.493726706010268 ], [ 78.564429509713236, 17.493734376442429 ], [ 78.564432192414429, 17.493734376442429 ], [ 78.564432192414429, 17.493744603684803 ], [ 78.564434875115637, 17.493744603684803 ], [ 78.564434875115637, 17.493752274116211 ], [ 78.564437557816831, 17.493752274116211 ], [ 78.564437557816831, 17.493759944547293 ], [ 78.564440240518053, 17.493759944547293 ], [ 78.564440240518053, 17.493785512648561 ], [ 78.564437557816831, 17.493785512648561 ], [ 78.564437557816831, 17.493782955838601 ], [ 78.564434875115637, 17.493782955838601 ], [ 78.564434875115637, 17.493780399028598 ], [ 78.564426827012014, 17.493780399028598 ], [ 78.564426827012014, 17.493782955838601 ], [ 78.564424144310834, 17.493782955838601 ], [ 78.564424144310834, 17.493788069458486 ], [ 78.564421461609641, 17.493788069458486 ], [ 78.564421461609641, 17.493800853507594 ], [ 78.564424144310834, 17.493800853507594 ], [ 78.564424144310834, 17.49381108074623 ], [ 78.564426827012014, 17.49381108074623 ], [ 78.564426827012014, 17.493836648840308 ], [ 78.564429509713236, 17.493836648840308 ], [ 78.564429509713236, 17.493849432885995 ], [ 78.564426827012014, 17.493849432885995 ], [ 78.564426827012014, 17.493851989695024 ], [ 78.564424144310834, 17.493851989695024 ], [ 78.564424144310834, 17.493854546504018 ], [ 78.564421461609641, 17.493854546504018 ], [ 78.564421461609641, 17.493857103312976 ], [ 78.564413413506017, 17.493857103312976 ], [ 78.564413413506017, 17.493859660121899 ], [ 78.564405365402408, 17.493859660121899 ], [ 78.564405365402408, 17.49386221693079 ], [ 78.5644, 17.49386221693079 ] ] ] } },
{ "type": "Feature", "properties": { "value": 255.0 }, "geometry": { "type": "Polygon", "coordinates": [ [ [ 78.566543478260883, 17.493933807564996 ], [ 78.566543478260883, 17.493931250757118 ], [ 78.566540795559675, 17.493931250757118 ], [ 78.566540795559675, 17.493928693949204 ], [ 78.566538112858467, 17.493928693949204 ], [ 78.566538112858467, 17.493921023525242 ], [ 78.566535430157273, 17.493921023525242 ], [ 78.566535430157273, 17.493903125868069 ], [ 78.566532747456066, 17.493903125868069 ], [ 78.566532747456066, 17.49388778501767 ], [ 78.566530064754858, 17.49388778501767 ], [ 78.566530064754858, 17.493880114591985 ], [ 78.56652738205365, 17.493880114591985 ], [ 78.56652738205365, 17.493834092031062 ], [ 78.566535430157273, 17.493834092031062 ], [ 78.566535430157273, 17.49383153522178 ], [ 78.566524699352456, 17.49383153522178 ], [ 78.566524699352456, 17.49382642160311 ], [ 78.566522016651263, 17.49382642160311 ], [ 78.566522016651263, 17.493818751174832 ], [ 78.566519333950055, 17.493818751174832 ], [ 78.566519333950055, 17.493805967126985 ], [ 78.566516651248847, 17.493805967126985 ], [ 78.566516651248847, 17.493790626268382 ], [ 78.566519333950055, 17.493790626268382 ], [ 78.566519333950055, 17.493785512648561 ], [ 78.566522016651263, 17.493785512648561 ], [ 78.566522016651263, 17.493782955838601 ], [ 78.566524699352456, 17.493782955838601 ], [ 78.566524699352456, 17.493780399028598 ], [ 78.56652738205365, 17.493780399028598 ], [ 78.56652738205365, 17.493777842218559 ], [ 78.566532747456066, 17.493777842218559 ], [ 78.566532747456066, 17.493775285408482 ], [ 78.566538112858467, 17.493775285408482 ], [ 78.566538112858467, 17.493772728598376 ], [ 78.566543478260883, 17.493772728598376 ], [ 78.566543478260883, 17.493770171788231 ], [ 78.566548843663284, 17.493770171788231 ], [ 78.566548843663284, 17.493767614978051 ], [ 78.566546160962091, 17.493767614978051 ], [ 78.566546160962091, 17.49376250135758 ], [ 78.566543478260883, 17.49376250135758 ], [ 78.566543478260883, 17.49374716049531 ], [ 78.566540795559675, 17.49374716049531 ], [ 78.566540795559675, 17.493731819631744 ], [ 78.566538112858467, 17.493731819631744 ], [ 78.566538112858467, 17.493706251522923 ], [ 78.566540795559675, 17.493706251522923 ], [ 78.566540795559675, 17.493701137900729 ], [ 78.566543478260883, 17.493701137900729 ], [ 78.566543478260883, 17.493698581089578 ], [ 78.566546160962091, 17.493698581089578 ], [ 78.566546160962091, 17.493696024278389 ], [ 78.566548843663284, 17.493696024278389 ], [ 78.566548843663284, 17.493693467467164 ], [ 78.566554209065686, 17.493693467467164 ], [ 78.566554209065686, 17.493690910655907 ], [ 78.566559574468087, 17.493690910655907 ], [ 78.566559574468087, 17.493688353844611 ], [ 78.566572987974098, 17.493688353844611 ], [ 78.566572987974098, 17.493685797033276 ], [ 78.566586401480123, 17.493685797033276 ], [ 78.566586401480123, 17.493683240221909 ], [ 78.566607863089743, 17.493683240221909 ], [ 78.566607863089743, 17.493685797033276 ], [ 78.566610545790937, 17.493685797033276 ], [ 78.566610545790937, 17.493688353844611 ], [ 78.566613228492145, 17.493688353844611 ], [ 78.566613228492145, 17.493690910655907 ], [ 78.566615911193338, 17.493690910655907 ], [ 78.566615911193338, 17.493693467467164 ], [ 78.566618593894546, 17.493693467467164 ], [ 78.566618593894546, 17.493701137900729 ], [ 78.566621276595754, 17.493701137900729 ], [ 78.566621276595754, 17.493711365144975 ], [ 78.566623959296948, 17.493711365144975 ], [ 78.566623959296948, 17.493719035577779 ], [ 78.566626641998155, 17.493719035577779 ], [ 78.566626641998155, 17.493724149199476 ], [ 78.566629324699363, 17.493724149199476 ], [ 78.566629324699363, 17.493731819631744 ], [ 78.566632007400571, 17.493731819631744 ], [ 78.566632007400571, 17.493742046874264 ], [ 78.566634690101765, 17.493742046874264 ], [ 78.566634690101765, 17.493759944547293 ], [ 78.566629324699363, 17.493759944547293 ], [ 78.566629324699363, 17.49376250135758 ], [ 78.566618593894546, 17.49376250135758 ], [ 78.566618593894546, 17.493765058167831 ], [ 78.566610545790937, 17.493765058167831 ], [ 78.566610545790937, 17.493767614978051 ], [ 78.566613228492145, 17.493767614978051 ], [ 78.566613228492145, 17.493772728598376 ], [ 78.566615911193338, 17.493772728598376 ], [ 78.566615911193338, 17.493780399028598 ], [ 78.566618593894546, 17.493780399028598 ], [ 78.566618593894546, 17.493788069458486 ], [ 78.566621276595754, 17.493788069458486 ], [ 78.566621276595754, 17.493800853507594 ], [ 78.566623959296948, 17.493800853507594 ], [ 78.566623959296948, 17.4938136375558 ], [ 78.566621276595754, 17.4938136375558 ], [ 78.566621276595754, 17.493816194365337 ], [ 78.566618593894546, 17.493816194365337 ], [ 78.566618593894546, 17.493818751174832 ], [ 78.566613228492145, 17.493818751174832 ], [ 78.566613228492145, 17.493821307984291 ], [ 78.566618593894546, 17.493821307984291 ], [ 78.566618593894546, 17.493823864793718 ], [ 78.566623959296948, 17.493823864793718 ], [ 78.566623959296948, 17.49382642160311 ], [ 78.566626641998155, 17.49382642160311 ], [ 78.566626641998155, 17.493834092031062 ], [ 78.566629324699363, 17.493834092031062 ], [ 78.566629324699363, 17.493844319267833 ], [ 78.566632007400571, 17.493844319267833 ], [ 78.566632007400571, 17.493849432885995 ], [ 78.566634690101765, 17.493849432885995 ], [ 78.566634690101765, 17.493857103312976 ], [ 78.566637372802973, 17.493857103312976 ], [ 78.566637372802973, 17.493885228209141 ], [ 78.566640055504166, 17.493885228209141 ], [ 78.566640055504166, 17.493895455443035 ], [ 78.566637372802973, 17.493895455443035 ], [ 78.566637372802973, 17.493900569059765 ], [ 78.566632007400571, 17.493900569059765 ], [ 78.566632007400571, 17.493903125868069 ], [ 78.566629324699363, 17.493903125868069 ], [ 78.566629324699363, 17.493905682676345 ], [ 78.566623959296948, 17.493905682676345 ], [ 78.566623959296948, 17.49390823948459 ], [ 78.566618593894546, 17.49390823948459 ], [ 78.566618593894546, 17.493910796292791 ], [ 78.566615911193338, 17.493910796292791 ], [ 78.566615911193338, 17.493913353100957 ], [ 78.566610545790937, 17.493913353100957 ], [ 78.566610545790937, 17.493915909909088 ], [ 78.566607863089743, 17.493915909909088 ], [ 78.566607863089743, 17.493918466717179 ], [ 78.566605180388521, 17.493918466717179 ], [ 78.566605180388521, 17.493921023525242 ], [ 78.56659981498612, 17.493921023525242 ], [ 78.56659981498612, 17.493923580333263 ], [ 78.566589084181331, 17.493923580333263 ], [ 78.566589084181331, 17.493926137141251 ], [ 78.566578353376514, 17.493926137141251 ], [ 78.566578353376514, 17.493928693949204 ], [ 78.566567622571696, 17.493928693949204 ], [ 78.566567622571696, 17.493931250757118 ], [ 78.566554209065686, 17.493931250757118 ], [ 78.566554209065686, 17.493933807564996 ], [ 78.566543478260883, 17.493933807564996 ] ], [ [ 78.566546160962091, 17.49383153522178 ], [ 78.566551526364478, 17.49383153522178 ], [ 78.566551526364478, 17.493828978412466 ], [ 78.566546160962091, 17.493828978412466 ], [ 78.566546160962091, 17.49383153522178 ] ], [ [ 78.566562257169281, 17.493828978412466 ], [ 78.566564939870503, 17.493828978412466 ], [ 78.566564939870503, 17.49382642160311 ], [ 78.566562257169281, 17.49382642160311 ], [ 78.566562257169281, 17.493828978412466 ] ], [ [ 78.566575670675306, 17.49382642160311 ], [ 78.566583718778915, 17.49382642160311 ], [ 78.566583718778915, 17.493823864793718 ], [ 78.566575670675306, 17.493823864793718 ], [ 78.566575670675306, 17.49382642160311 ] ], [ [ 78.56659981498612, 17.493823864793718 ], [ 78.566605180388521, 17.493823864793718 ], [ 78.566605180388521, 17.493821307984291 ], [ 78.56659981498612, 17.493821307984291 ], [ 78.56659981498612, 17.493823864793718 ] ], [ [ 78.566602497687327, 17.493765058167831 ], [ 78.566610545790937, 17.493765058167831 ], [ 78.566610545790937, 17.49376250135758 ], [ 78.566602497687327, 17.49376250135758 ], [ 78.566602497687327, 17.493765058167831 ] ] ] } },
{ "type": "Feature", "properties": { "value": 255.0 }, "geometry": { "type": "Polygon", "coordinates": [ [ [ 78.565827197039781, 17.493788069458486 ], [ 78.565827197039781, 17.493785512648561 ], [ 78.565821831637379, 17.493785512648561 ], [ 78.565821831637379, 17.493782955838601 ], [ 78.565816466234978, 17.493782955838601 ], [ 78.565816466234978, 17.493780399028598 ], [ 78.56581378353377, 17.493780399028598 ], [ 78.56581378353377, 17.493777842218559 ], [ 78.565811100832576, 17.493777842218559 ], [ 78.565811100832576, 17.493775285408482 ], [ 78.565808418131368, 17.493775285408482 ], [ 78.565808418131368, 17.493772728598376 ], [ 78.565805735430175, 17.493772728598376 ], [ 78.565805735430175, 17.493770171788231 ], [ 78.565803052728953, 17.493770171788231 ], [ 78.565803052728953, 17.493767614978051 ], [ 78.565800370027759, 17.493767614978051 ], [ 78.565800370027759, 17.493765058167831 ], [ 78.565797687326551, 17.493765058167831 ], [ 78.565797687326551, 17.49376250135758 ], [ 78.565795004625357, 17.49376250135758 ], [ 78.565795004625357, 17.493759944547293 ], [ 78.56579232192415, 17.493759944547293 ], [ 78.56579232192415, 17.493757387736967 ], [ 78.565789639222942, 17.493757387736967 ], [ 78.565789639222942, 17.493754830926605 ], [ 78.565786956521734, 17.493754830926605 ], [ 78.565786956521734, 17.493749717305775 ], [ 78.56578427382054, 17.493749717305775 ], [ 78.56578427382054, 17.493744603684803 ], [ 78.565781591119332, 17.493744603684803 ], [ 78.565781591119332, 17.493739490063689 ], [ 78.565778908418125, 17.493739490063689 ], [ 78.565778908418125, 17.493736933253075 ], [ 78.565776225716945, 17.493736933253075 ], [ 78.565776225716945, 17.493734376442429 ], [ 78.565773543015737, 17.493734376442429 ], [ 78.565773543015737, 17.493731819631744 ], [ 78.56577086031453, 17.493731819631744 ], [ 78.56577086031453, 17.493729262821024 ], [ 78.565765494912128, 17.493729262821024 ], [ 78.565765494912128, 17.493726706010268 ], [ 78.565762812210934, 17.493726706010268 ], [ 78.565762812210934, 17.493719035577779 ], [ 78.565760129509727, 17.493719035577779 ], [ 78.565760129509727, 17.493711365144975 ], [ 78.565762812210934, 17.493711365144975 ], [ 78.565762812210934, 17.493698581089578 ], [ 78.565765494912128, 17.493698581089578 ], [ 78.565765494912128, 17.493690910655907 ], [ 78.565768177613336, 17.493690910655907 ], [ 78.565768177613336, 17.493685797033276 ], [ 78.56577086031453, 17.493685797033276 ], [ 78.56577086031453, 17.493683240221909 ], [ 78.565773543015737, 17.493683240221909 ], [ 78.565773543015737, 17.49368068341051 ], [ 78.565776225716945, 17.49368068341051 ], [ 78.565776225716945, 17.493678126599072 ], [ 78.565789639222942, 17.493678126599072 ], [ 78.565789639222942, 17.49368068341051 ], [ 78.565811100832576, 17.49368068341051 ], [ 78.565811100832576, 17.493683240221909 ], [ 78.565835245143376, 17.493683240221909 ], [ 78.565835245143376, 17.493685797033276 ], [ 78.565843293246999, 17.493685797033276 ], [ 78.565843293246999, 17.493688353844611 ], [ 78.565848658649415, 17.493688353844611 ], [ 78.565848658649415, 17.493690910655907 ], [ 78.565854024051816, 17.493690910655907 ], [ 78.565854024051816, 17.493693467467164 ], [ 78.56585670675301, 17.493693467467164 ], [ 78.56585670675301, 17.493696024278389 ], [ 78.565859389454218, 17.493696024278389 ], [ 78.565859389454218, 17.493701137900729 ], [ 78.565862072155426, 17.493701137900729 ], [ 78.565862072155426, 17.49370369471184 ], [ 78.565864754856619, 17.49370369471184 ], [ 78.565864754856619, 17.493706251522923 ], [ 78.565867437557827, 17.493706251522923 ], [ 78.565867437557827, 17.493716478766885 ], [ 78.565870120259021, 17.493716478766885 ], [ 78.565870120259021, 17.493724149199476 ], [ 78.565872802960243, 17.493724149199476 ], [ 78.565872802960243, 17.493729262821024 ], [ 78.565875485661422, 17.493729262821024 ], [ 78.565875485661422, 17.493734376442429 ], [ 78.565878168362616, 17.493734376442429 ], [ 78.565878168362616, 17.493772728598376 ], [ 78.565872802960243, 17.493772728598376 ], [ 78.565872802960243, 17.493775285408482 ], [ 78.565870120259021, 17.493775285408482 ], [ 78.565870120259021, 17.493777842218559 ], [ 78.565864754856619, 17.493777842218559 ], [ 78.565864754856619, 17.493780399028598 ], [ 78.565859389454218, 17.493780399028598 ], [ 78.565859389454218, 17.493782955838601 ], [ 78.565848658649415, 17.493782955838601 ], [ 78.565848658649415, 17.493785512648561 ], [ 78.565837927844598, 17.493785512648561 ], [ 78.565837927844598, 17.493788069458486 ], [ 78.565827197039781, 17.493788069458486 ] ] ] } },
{ "type": "Feature", "properties": { "value": 255.0 }, "geometry": { "type": "Polygon", "coordinates": [ [ [ 78.564802405180401, 17.493759944547293 ], [ 78.564802405180401, 17.493757387736967 ], [ 78.564788991674376, 17.493757387736967 ], [ 78.564788991674376, 17.493754830926605 ], [ 78.564780943570781, 17.493754830926605 ], [ 78.564780943570781, 17.49374716049531 ], [ 78.564778260869559, 17.49374716049531 ], [ 78.564778260869559, 17.493734376442429 ], [ 78.564775578168366, 17.493734376442429 ], [ 78.564775578168366, 17.493706251522923 ], [ 78.564778260869559, 17.493706251522923 ], [ 78.564778260869559, 17.49370369471184 ], [ 78.564780943570781, 17.49370369471184 ], [ 78.564780943570781, 17.493701137900729 ], [ 78.564783626271975, 17.493701137900729 ], [ 78.564783626271975, 17.493696024278389 ], [ 78.564786308973183, 17.493696024278389 ], [ 78.564786308973183, 17.493690910655907 ], [ 78.564788991674376, 17.493690910655907 ], [ 78.564788991674376, 17.493688353844611 ], [ 78.564791674375584, 17.493688353844611 ], [ 78.564791674375584, 17.493685797033276 ], [ 78.564799722479194, 17.493685797033276 ], [ 78.564799722479194, 17.493683240221909 ], [ 78.564810453284011, 17.493683240221909 ], [ 78.564810453284011, 17.49368068341051 ], [ 78.564818501387606, 17.49368068341051 ], [ 78.564818501387606, 17.493678126599072 ], [ 78.564829232192423, 17.493678126599072 ], [ 78.564829232192423, 17.493675569787598 ], [ 78.564842645698434, 17.493675569787598 ], [ 78.564842645698434, 17.493673012976082 ], [ 78.564866790009248, 17.493673012976082 ], [ 78.564866790009248, 17.493678126599072 ], [ 78.564869472710456, 17.493678126599072 ], [ 78.564869472710456, 17.493693467467164 ], [ 78.564872155411663, 17.493693467467164 ], [ 78.564872155411663, 17.493706251522923 ], [ 78.564874838112857, 17.493706251522923 ], [ 78.564874838112857, 17.493716478766885 ], [ 78.564877520814065, 17.493716478766885 ], [ 78.564877520814065, 17.493744603684803 ], [ 78.564874838112857, 17.493744603684803 ], [ 78.564874838112857, 17.49374716049531 ], [ 78.564866790009248, 17.49374716049531 ], [ 78.564866790009248, 17.493749717305775 ], [ 78.564858741905667, 17.493749717305775 ], [ 78.564858741905667, 17.493752274116211 ], [ 78.564845328399642, 17.493752274116211 ], [ 78.564845328399642, 17.493754830926605 ], [ 78.564831914893617, 17.493754830926605 ], [ 78.564831914893617, 17.493757387736967 ], [ 78.564823866790007, 17.493757387736967 ], [ 78.564823866790007, 17.493759944547293 ], [ 78.564802405180401, 17.493759944547293 ] ] ] } },
{ "type": "Feature", "properties": { "value": 255.0 }, "geometry": { "type": "Polygon", "coordinates": [ [ [ 78.566653469010177, 17.493770171788231 ], [ 78.566653469010177, 17.493767614978051 ], [ 78.566645420906582, 17.493767614978051 ], [ 78.566645420906582, 17.493765058167831 ], [ 78.566642738205388, 17.493765058167831 ], [ 78.566642738205388, 17.493759944547293 ], [ 78.566640055504166, 17.493759944547293 ], [ 78.566640055504166, 17.493752274116211 ], [ 78.566637372802973, 17.493752274116211 ], [ 78.566637372802973, 17.493734376442429 ], [ 78.566634690101765, 17.493734376442429 ], [ 78.566634690101765, 17.493724149199476 ], [ 78.566632007400571, 17.493724149199476 ], [ 78.566632007400571, 17.493711365144975 ], [ 78.566629324699363, 17.493711365144975 ], [ 78.566629324699363, 17.493696024278389 ], [ 78.566626641998155, 17.493696024278389 ], [ 78.566626641998155, 17.49368068341051 ], [ 78.566629324699363, 17.49368068341051 ], [ 78.566629324699363, 17.493675569787598 ], [ 78.566632007400571, 17.493675569787598 ], [ 78.566632007400571, 17.493673012976082 ], [ 78.566634690101765, 17.493673012976082 ], [ 78.566634690101765, 17.493670456164537 ], [ 78.566640055504166, 17.493670456164537 ], [ 78.566640055504166, 17.493667899352953 ], [ 78.566650786308969, 17.493667899352953 ], [ 78.566650786308969, 17.49366534254133 ], [ 78.566674930619811, 17.49366534254133 ], [ 78.566674930619811, 17.493662785729683 ], [ 78.566688344125822, 17.493662785729683 ], [ 78.566688344125822, 17.49366534254133 ], [ 78.566712488436636, 17.49366534254133 ], [ 78.566712488436636, 17.493667899352953 ], [ 78.56671517113783, 17.493667899352953 ], [ 78.56671517113783, 17.493670456164537 ], [ 78.566717853839052, 17.493670456164537 ], [ 78.566717853839052, 17.493673012976082 ], [ 78.566720536540245, 17.493673012976082 ], [ 78.566720536540245, 17.493683240221909 ], [ 78.566723219241453, 17.493683240221909 ], [ 78.566723219241453, 17.493688353844611 ], [ 78.566725901942647, 17.493688353844611 ], [ 78.566725901942647, 17.493693467467164 ], [ 78.566728584643855, 17.493693467467164 ], [ 78.566728584643855, 17.493731819631744 ], [ 78.566731267345062, 17.493731819631744 ], [ 78.566731267345062, 17.493734376442429 ], [ 78.56673395004627, 17.493734376442429 ], [ 78.56673395004627, 17.493742046874264 ], [ 78.566731267345062, 17.493742046874264 ], [ 78.566731267345062, 17.493749717305775 ], [ 78.566728584643855, 17.493749717305775 ], [ 78.566728584643855, 17.493754830926605 ], [ 78.566725901942647, 17.493754830926605 ], [ 78.566725901942647, 17.493757387736967 ], [ 78.566720536540245, 17.493757387736967 ], [ 78.566720536540245, 17.493759944547293 ], [ 78.566712488436636, 17.493759944547293 ], [ 78.566712488436636, 17.49376250135758 ], [ 78.566701757631819, 17.49376250135758 ], [ 78.566701757631819, 17.493765058167831 ], [ 78.566685661424629, 17.493765058167831 ], [ 78.566685661424629, 17.493767614978051 ], [ 78.566666882516188, 17.493767614978051 ], [ 78.566666882516188, 17.493770171788231 ], [ 78.566653469010177, 17.493770171788231 ] ] ] } },
{ "type": "Feature", "properties": { "value": 255.0 }, "geometry": { "type": "Polygon", "coordinates": [ [ [ 78.566055226642007, 17.49376250135758 ], [ 78.566055226642007, 17.493759944547293 ], [ 78.566047178538398, 17.493759944547293 ], [ 78.566047178538398, 17.493757387736967 ], [ 78.566041813135982, 17.493757387736967 ], [ 78.566041813135982, 17.493754830926605 ], [ 78.566039130434788, 17.493754830926605 ], [ 78.566039130434788, 17.493742046874264 ], [ 78.566036447733595, 17.493742046874264 ], [ 78.566036447733595, 17.493716478766885 ], [ 78.566033765032373, 17.493716478766885 ], [ 78.566033765032373, 17.493696024278389 ], [ 78.566031082331179, 17.493696024278389 ], [ 78.566031082331179, 17.49368068341051 ], [ 78.566033765032373, 17.49368068341051 ], [ 78.566033765032373, 17.493675569787598 ], [ 78.566036447733595, 17.493675569787598 ], [ 78.566036447733595, 17.493670456164537 ], [ 78.566039130434788, 17.493670456164537 ], [ 78.566039130434788, 17.493667899352953 ], [ 78.566041813135982, 17.493667899352953 ], [ 78.566041813135982, 17.49366534254133 ], [ 78.56604449583719, 17.49366534254133 ], [ 78.56604449583719, 17.493662785729683 ], [ 78.566049861239605, 17.493662785729683 ], [ 78.566049861239605, 17.493660228917985 ], [ 78.566057909343215, 17.493660228917985 ], [ 78.566057909343215, 17.493657672106259 ], [ 78.566095467160039, 17.493657672106259 ], [ 78.566095467160039, 17.493660228917985 ], [ 78.566100832562441, 17.493660228917985 ], [ 78.566100832562441, 17.49366534254133 ], [ 78.566103515263663, 17.49366534254133 ], [ 78.566103515263663, 17.493667899352953 ], [ 78.566106197964857, 17.493667899352953 ], [ 78.566106197964857, 17.493675569787598 ], [ 78.566108880666064, 17.493675569787598 ], [ 78.566108880666064, 17.493683240221909 ], [ 78.566111563367258, 17.493683240221909 ], [ 78.566111563367258, 17.493685797033276 ], [ 78.566108880666064, 17.493685797033276 ], [ 78.566108880666064, 17.493698581089578 ], [ 78.566106197964857, 17.493698581089578 ], [ 78.566106197964857, 17.493716478766885 ], [ 78.566108880666064, 17.493716478766885 ], [ 78.566108880666064, 17.493749717305775 ], [ 78.566106197964857, 17.493749717305775 ], [ 78.566106197964857, 17.493752274116211 ], [ 78.566100832562441, 17.493752274116211 ], [ 78.566100832562441, 17.493754830926605 ], [ 78.566095467160039, 17.493754830926605 ], [ 78.566095467160039, 17.493757387736967 ], [ 78.566084736355236, 17.493757387736967 ], [ 78.566084736355236, 17.493759944547293 ], [ 78.566071322849211, 17.493759944547293 ], [ 78.566071322849211, 17.49376250135758 ], [ 78.566055226642007, 17.49376250135758 ] ] ] } },
{ "type": "Feature", "properties": { "value": 255.0 }, "geometry": { "type": "Polygon", "coordinates": [ [ [ 78.566320814061058, 17.493724149199476 ], [ 78.566320814061058, 17.493721592388649 ], [ 78.56631813135985, 17.493721592388649 ], [ 78.56631813135985, 17.493716478766885 ], [ 78.566315448658642, 17.493716478766885 ], [ 78.566315448658642, 17.493690910655907 ], [ 78.56631813135985, 17.493690910655907 ], [ 78.56631813135985, 17.49368068341051 ], [ 78.566320814061058, 17.49368068341051 ], [ 78.566320814061058, 17.493675569787598 ], [ 78.566323496762266, 17.493675569787598 ], [ 78.566323496762266, 17.493670456164537 ], [ 78.566326179463459, 17.493670456164537 ], [ 78.566326179463459, 17.493667899352953 ], [ 78.566328862164667, 17.493667899352953 ], [ 78.566328862164667, 17.49366534254133 ], [ 78.566331544865861, 17.49366534254133 ], [ 78.566331544865861, 17.493662785729683 ], [ 78.566336910268276, 17.493662785729683 ], [ 78.566336910268276, 17.493660228917985 ], [ 78.566344958371886, 17.493660228917985 ], [ 78.566344958371886, 17.493657672106259 ], [ 78.566350323774287, 17.493657672106259 ], [ 78.566350323774287, 17.493655115294494 ], [ 78.566355689176703, 17.493655115294494 ], [ 78.566355689176703, 17.493652558482697 ], [ 78.566363737280284, 17.493652558482697 ], [ 78.566363737280284, 17.493650001670861 ], [ 78.566382516188725, 17.493650001670861 ], [ 78.566382516188725, 17.493652558482697 ], [ 78.566398612395943, 17.493652558482697 ], [ 78.566398612395943, 17.493655115294494 ], [ 78.566401295097151, 17.493655115294494 ], [ 78.566401295097151, 17.493657672106259 ], [ 78.566406660499524, 17.493657672106259 ], [ 78.566406660499524, 17.493660228917985 ], [ 78.566409343200746, 17.493660228917985 ], [ 78.566409343200746, 17.49366534254133 ], [ 78.56641202590194, 17.49366534254133 ], [ 78.56641202590194, 17.493670456164537 ], [ 78.566414708603148, 17.493670456164537 ], [ 78.566414708603148, 17.493706251522923 ], [ 78.56641202590194, 17.493706251522923 ], [ 78.56641202590194, 17.493711365144975 ], [ 78.566409343200746, 17.493711365144975 ], [ 78.566409343200746, 17.493713921955944 ], [ 78.566401295097151, 17.493713921955944 ], [ 78.566401295097151, 17.493716478766885 ], [ 78.566387881591126, 17.493716478766885 ], [ 78.566387881591126, 17.493719035577779 ], [ 78.566371785383907, 17.493719035577779 ], [ 78.566371785383907, 17.493721592388649 ], [ 78.566353006475495, 17.493721592388649 ], [ 78.566353006475495, 17.493724149199476 ], [ 78.566320814061058, 17.493724149199476 ] ] ] } },
{ "type": "Feature", "properties": { "value": 255.0 }, "geometry": { "type": "Polygon", "coordinates": [ [ [ 78.56684394079555, 17.493839205649515 ], [ 78.56684394079555, 17.493836648840308 ], [ 78.566841258094357, 17.493836648840308 ], [ 78.566841258094357, 17.493834092031062 ], [ 78.566838575393163, 17.493834092031062 ], [ 78.566838575393163, 17.493828978412466 ], [ 78.566835892691955, 17.493828978412466 ], [ 78.566835892691955, 17.493823864793718 ], [ 78.566833209990762, 17.493823864793718 ], [ 78.566833209990762, 17.49381108074623 ], [ 78.56682784458836, 17.49381108074623 ], [ 78.56682784458836, 17.4938136375558 ], [ 78.566825161887152, 17.4938136375558 ], [ 78.566825161887152, 17.493816194365337 ], [ 78.566814431082335, 17.493816194365337 ], [ 78.566814431082335, 17.493818751174832 ], [ 78.56680101757631, 17.493818751174832 ], [ 78.56680101757631, 17.493816194365337 ], [ 78.566795652173909, 17.493816194365337 ], [ 78.566795652173909, 17.4938136375558 ], [ 78.566792969472701, 17.4938136375558 ], [ 78.566792969472701, 17.493808523936625 ], [ 78.566790286771521, 17.493808523936625 ], [ 78.566790286771521, 17.493795739888057 ], [ 78.566792969472701, 17.493795739888057 ], [ 78.566792969472701, 17.493790626268382 ], [ 78.566798334875116, 17.493790626268382 ], [ 78.566798334875116, 17.493788069458486 ], [ 78.566776873265511, 17.493788069458486 ], [ 78.566776873265511, 17.493785512648561 ], [ 78.566774190564303, 17.493785512648561 ], [ 78.566774190564303, 17.493782955838601 ], [ 78.566771507863095, 17.493782955838601 ], [ 78.566771507863095, 17.493777842218559 ], [ 78.566768825161887, 17.493777842218559 ], [ 78.566768825161887, 17.493767614978051 ], [ 78.566766142460693, 17.493767614978051 ], [ 78.566766142460693, 17.493757387736967 ], [ 78.566763459759485, 17.493757387736967 ], [ 78.566763459759485, 17.49374716049531 ], [ 78.566760777058278, 17.49374716049531 ], [ 78.566760777058278, 17.493731819631744 ], [ 78.56675809435707, 17.493731819631744 ], [ 78.56675809435707, 17.493711365144975 ], [ 78.566760777058278, 17.493711365144975 ], [ 78.566760777058278, 17.49370880833397 ], [ 78.56675809435707, 17.49370880833397 ], [ 78.56675809435707, 17.493706251522923 ], [ 78.566755411655876, 17.493706251522923 ], [ 78.566755411655876, 17.49370369471184 ], [ 78.566752728954668, 17.49370369471184 ], [ 78.566752728954668, 17.493698581089578 ], [ 78.566750046253475, 17.493698581089578 ], [ 78.566750046253475, 17.493690910655907 ], [ 78.566747363552267, 17.493690910655907 ], [ 78.566747363552267, 17.493678126599072 ], [ 78.566744680851059, 17.493678126599072 ], [ 78.566744680851059, 17.49366534254133 ], [ 78.56674199814988, 17.49366534254133 ], [ 78.56674199814988, 17.493660228917985 ], [ 78.566744680851059, 17.493660228917985 ], [ 78.566744680851059, 17.493655115294494 ], [ 78.566747363552267, 17.493655115294494 ], [ 78.566747363552267, 17.493652558482697 ], [ 78.566750046253475, 17.493652558482697 ], [ 78.566750046253475, 17.493650001670861 ], [ 78.566752728954668, 17.493650001670861 ], [ 78.566752728954668, 17.493647444858993 ], [ 78.566755411655876, 17.493647444858993 ], [ 78.566755411655876, 17.493644888047083 ], [ 78.566763459759485, 17.493644888047083 ], [ 78.566763459759485, 17.493642331235144 ], [ 78.566771507863095, 17.493642331235144 ], [ 78.566771507863095, 17.493639774423166 ], [ 78.566787604070313, 17.493639774423166 ], [ 78.566787604070313, 17.493637217611148 ], [ 78.566798334875116, 17.493637217611148 ], [ 78.566798334875116, 17.493650001670861 ], [ 78.566795652173909, 17.493650001670861 ], [ 78.566795652173909, 17.493678126599072 ], [ 78.566798334875116, 17.493678126599072 ], [ 78.566798334875116, 17.493696024278389 ], [ 78.566814431082335, 17.493696024278389 ], [ 78.566814431082335, 17.493693467467164 ], [ 78.566822479185944, 17.493693467467164 ], [ 78.566822479185944, 17.493690910655907 ], [ 78.566833209990762, 17.493690910655907 ], [ 78.566833209990762, 17.493688353844611 ], [ 78.566846623496758, 17.493688353844611 ], [ 78.566846623496758, 17.493690910655907 ], [ 78.566851988899174, 17.493690910655907 ], [ 78.566851988899174, 17.493693467467164 ], [ 78.566857354301575, 17.493693467467164 ], [ 78.566857354301575, 17.493696024278389 ], [ 78.566860037002783, 17.493696024278389 ], [ 78.566860037002783, 17.493701137900729 ], [ 78.566862719703991, 17.493701137900729 ], [ 78.566862719703991, 17.49370369471184 ], [ 78.566865402405185, 17.49370369471184 ], [ 78.566865402405185, 17.493711365144975 ], [ 78.566868085106393, 17.493711365144975 ], [ 78.566868085106393, 17.493726706010268 ], [ 78.566870767807586, 17.493726706010268 ], [ 78.566870767807586, 17.493724149199476 ], [ 78.566881498612403, 17.493724149199476 ], [ 78.566881498612403, 17.493721592388649 ], [ 78.566892229417192, 17.493721592388649 ], [ 78.566892229417192, 17.493719035577779 ], [ 78.566900277520816, 17.493719035577779 ], [ 78.566900277520816, 17.493721592388649 ], [ 78.566902960222009, 17.493721592388649 ], [ 78.566902960222009, 17.493724149199476 ], [ 78.566905642923231, 17.493724149199476 ], [ 78.566905642923231, 17.493726706010268 ], [ 78.566908325624425, 17.493726706010268 ], [ 78.566908325624425, 17.493731819631744 ], [ 78.566911008325633, 17.493731819631744 ], [ 78.566911008325633, 17.493739490063689 ], [ 78.566913691026826, 17.493739490063689 ], [ 78.566913691026826, 17.493754830926605 ], [ 78.566911008325633, 17.493754830926605 ], [ 78.566911008325633, 17.493757387736967 ], [ 78.566908325624425, 17.493757387736967 ], [ 78.566908325624425, 17.493759944547293 ], [ 78.566900277520816, 17.493759944547293 ], [ 78.566900277520816, 17.49376250135758 ], [ 78.566908325624425, 17.49376250135758 ], [ 78.566908325624425, 17.493770171788231 ], [ 78.566911008325633, 17.493770171788231 ], [ 78.566911008325633, 17.493782955838601 ], [ 78.566913691026826, 17.493782955838601 ], [ 78.566913691026826, 17.493798296697843 ], [ 78.566916373728048, 17.493798296697843 ], [ 78.566916373728048, 17.493805967126985 ], [ 78.566913691026826, 17.493805967126985 ], [ 78.566913691026826, 17.49381108074623 ], [ 78.566905642923231, 17.49381108074623 ], [ 78.566905642923231, 17.4938136375558 ], [ 78.566894912118414, 17.4938136375558 ], [ 78.566894912118414, 17.493816194365337 ], [ 78.566884181313611, 17.493816194365337 ], [ 78.566884181313611, 17.493818751174832 ], [ 78.566878815911195, 17.493818751174832 ], [ 78.566878815911195, 17.493821307984291 ], [ 78.566868085106393, 17.493821307984291 ], [ 78.566868085106393, 17.493823864793718 ], [ 78.566860037002783, 17.493823864793718 ], [ 78.566860037002783, 17.49382642160311 ], [ 78.566862719703991, 17.49382642160311 ], [ 78.566862719703991, 17.493828978412466 ], [ 78.566868085106393, 17.493828978412466 ], [ 78.566868085106393, 17.49383153522178 ], [ 78.566870767807586, 17.49383153522178 ], [ 78.566870767807586, 17.493836648840308 ], [ 78.566868085106393, 17.493836648840308 ], [ 78.566868085106393, 17.493839205649515 ], [ 78.56684394079555, 17.493839205649515 ] ], [ [ 78.56682784458836, 17.493798296697843 ], [ 78.566830527289554, 17.493798296697843 ], [ 78.566830527289554, 17.493793183078239 ], [ 78.56682784458836, 17.493793183078239 ], [ 78.56682784458836, 17.493798296697843 ] ], [ [ 78.566798334875116, 17.493788069458486 ], [ 78.566803700277518, 17.493788069458486 ], [ 78.566803700277518, 17.493785512648561 ], [ 78.566798334875116, 17.493785512648561 ], [ 78.566798334875116, 17.493788069458486 ] ], [ [ 78.566825161887152, 17.493788069458486 ], [ 78.56682784458836, 17.493788069458486 ], [ 78.56682784458836, 17.493777842218559 ], [ 78.566830527289554, 17.493777842218559 ], [ 78.566830527289554, 17.493772728598376 ], [ 78.56682784458836, 17.493772728598376 ], [ 78.56682784458836, 17.493775285408482 ], [ 78.566825161887152, 17.493775285408482 ], [ 78.566825161887152, 17.493777842218559 ], [ 78.566822479185944, 17.493777842218559 ], [ 78.566822479185944, 17.493780399028598 ], [ 78.566817113783543, 17.493780399028598 ], [ 78.566817113783543, 17.493782955838601 ], [ 78.566819796484751, 17.493782955838601 ], [ 78.566819796484751, 17.493785512648561 ], [ 78.566825161887152, 17.493785512648561 ], [ 78.566825161887152, 17.493788069458486 ] ], [ [ 78.566809065679934, 17.493785512648561 ], [ 78.566817113783543, 17.493785512648561 ], [ 78.566817113783543, 17.493782955838601 ], [ 78.566809065679934, 17.493782955838601 ], [ 78.566809065679934, 17.493785512648561 ] ], [ [ 78.566795652173909, 17.493698581089578 ], [ 78.566798334875116, 17.493698581089578 ], [ 78.566798334875116, 17.493696024278389 ], [ 78.566795652173909, 17.493696024278389 ], [ 78.566795652173909, 17.493698581089578 ] ] ] } },
{ "type": "Feature", "properties": { "value": 255.0 }, "geometry": { "type": "Polygon", "coordinates": [ [ [ 78.565478445883457, 17.4938136375558 ], [ 78.565478445883457, 17.49381108074623 ], [ 78.565473080481041, 17.49381108074623 ], [ 78.565473080481041, 17.493808523936625 ], [ 78.565470397779833, 17.493808523936625 ], [ 78.565470397779833, 17.493795739888057 ], [ 78.56546771507864, 17.493795739888057 ], [ 78.56546771507864, 17.493749717305775 ], [ 78.565465032377446, 17.493749717305775 ], [ 78.565465032377446, 17.493734376442429 ], [ 78.56546771507864, 17.493734376442429 ], [ 78.56546771507864, 17.493731819631744 ], [ 78.565473080481041, 17.493731819631744 ], [ 78.565473080481041, 17.493729262821024 ], [ 78.565491859389454, 17.493729262821024 ], [ 78.565491859389454, 17.493726706010268 ], [ 78.565545513413511, 17.493726706010268 ], [ 78.565545513413511, 17.493724149199476 ], [ 78.565550878815912, 17.493724149199476 ], [ 78.565550878815912, 17.493721592388649 ], [ 78.565537465309887, 17.493721592388649 ], [ 78.565537465309887, 17.493719035577779 ], [ 78.565534782608708, 17.493719035577779 ], [ 78.565534782608708, 17.493716478766885 ], [ 78.565532099907514, 17.493716478766885 ], [ 78.565532099907514, 17.493711365144975 ], [ 78.565529417206307, 17.493711365144975 ], [ 78.565529417206307, 17.493696024278389 ], [ 78.565526734505099, 17.493696024278389 ], [ 78.565526734505099, 17.493670456164537 ], [ 78.565524051803891, 17.493670456164537 ], [ 78.565524051803891, 17.493647444858993 ], [ 78.565521369102697, 17.493647444858993 ], [ 78.565521369102697, 17.493634660799096 ], [ 78.565524051803891, 17.493634660799096 ], [ 78.565524051803891, 17.493619319926037 ], [ 78.565526734505099, 17.493619319926037 ], [ 78.565526734505099, 17.493616763113735 ], [ 78.565529417206307, 17.493616763113735 ], [ 78.565529417206307, 17.493619319926037 ], [ 78.565558926919522, 17.493619319926037 ], [ 78.565558926919522, 17.493621876738306 ], [ 78.565564292321938, 17.493621876738306 ], [ 78.565564292321938, 17.493619319926037 ], [ 78.565575023126755, 17.493619319926037 ], [ 78.565575023126755, 17.493621876738306 ], [ 78.565596484736361, 17.493621876738306 ], [ 78.565596484736361, 17.493619319926037 ], [ 78.565609898242371, 17.493619319926037 ], [ 78.565609898242371, 17.493616763113735 ], [ 78.56562599444959, 17.493616763113735 ], [ 78.56562599444959, 17.493619319926037 ], [ 78.565634042553185, 17.493619319926037 ], [ 78.565634042553185, 17.493621876738306 ], [ 78.565636725254393, 17.493621876738306 ], [ 78.565636725254393, 17.493626990362731 ], [ 78.565639407955601, 17.493626990362731 ], [ 78.565639407955601, 17.493670456164537 ], [ 78.565642090656809, 17.493670456164537 ], [ 78.565642090656809, 17.49370880833397 ], [ 78.565639407955601, 17.49370880833397 ], [ 78.565639407955601, 17.493711365144975 ], [ 78.565636725254393, 17.493711365144975 ], [ 78.565636725254393, 17.493713921955944 ], [ 78.565634042553185, 17.493713921955944 ], [ 78.565634042553185, 17.493716478766885 ], [ 78.565631359852006, 17.493716478766885 ], [ 78.565631359852006, 17.493719035577779 ], [ 78.565628677150798, 17.493719035577779 ], [ 78.565628677150798, 17.493721592388649 ], [ 78.565607215541178, 17.493721592388649 ], [ 78.565607215541178, 17.493724149199476 ], [ 78.565623311748396, 17.493724149199476 ], [ 78.565623311748396, 17.493726706010268 ], [ 78.565628677150798, 17.493726706010268 ], [ 78.565628677150798, 17.493729262821024 ], [ 78.565631359852006, 17.493729262821024 ], [ 78.565631359852006, 17.493734376442429 ], [ 78.565634042553185, 17.493734376442429 ], [ 78.565634042553185, 17.493772728598376 ], [ 78.565636725254393, 17.493772728598376 ], [ 78.565636725254393, 17.493793183078239 ], [ 78.565634042553185, 17.493793183078239 ], [ 78.565634042553185, 17.493798296697843 ], [ 78.565631359852006, 17.493798296697843 ], [ 78.565631359852006, 17.493800853507594 ], [ 78.565617946345995, 17.493800853507594 ], [ 78.565617946345995, 17.493803410317305 ], [ 78.56558307123035, 17.493803410317305 ], [ 78.56558307123035, 17.493805967126985 ], [ 78.565550878815912, 17.493805967126985 ], [ 78.565550878815912, 17.493808523936625 ], [ 78.565524051803891, 17.493808523936625 ], [ 78.565524051803891, 17.49381108074623 ], [ 78.565489176688246, 17.49381108074623 ], [ 78.565489176688246, 17.4938136375558 ], [ 78.565478445883457, 17.4938136375558 ] ], [ [ 78.565564292321938, 17.493724149199476 ], [ 78.565604532839956, 17.493724149199476 ], [ 78.565604532839956, 17.493721592388649 ], [ 78.565564292321938, 17.493721592388649 ], [ 78.565564292321938, 17.493724149199476 ] ] ] } },
{ "type": "Feature", "properties": { "value": 255.0 }, "geometry": { "type": "Polygon", "coordinates": [ [ [ 78.565177983348761, 17.493721592388649 ], [ 78.565177983348761, 17.493719035577779 ], [ 78.565175300647553, 17.493719035577779 ], [ 78.565175300647553, 17.493716478766885 ], [ 78.565172617946345, 17.493716478766885 ], [ 78.565172617946345, 17.493706251522923 ], [ 78.565169935245152, 17.493706251522923 ], [ 78.565169935245152, 17.493690910655907 ], [ 78.565167252543944, 17.493690910655907 ], [ 78.565167252543944, 17.49370880833397 ], [ 78.565164569842736, 17.49370880833397 ], [ 78.565164569842736, 17.493713921955944 ], [ 78.565161887141542, 17.493713921955944 ], [ 78.565161887141542, 17.493716478766885 ], [ 78.565132377428313, 17.493716478766885 ], [ 78.565132377428313, 17.493719035577779 ], [ 78.565116281221094, 17.493719035577779 ], [ 78.565116281221094, 17.493701137900729 ], [ 78.565113598519901, 17.493701137900729 ], [ 78.565113598519901, 17.493690910655907 ], [ 78.565110915818693, 17.493690910655907 ], [ 78.565110915818693, 17.49368068341051 ], [ 78.565108233117485, 17.49368068341051 ], [ 78.565108233117485, 17.493675569787598 ], [ 78.565105550416277, 17.493675569787598 ], [ 78.565105550416277, 17.493670456164537 ], [ 78.565102867715083, 17.493670456164537 ], [ 78.565102867715083, 17.493667899352953 ], [ 78.56510018501389, 17.493667899352953 ], [ 78.56510018501389, 17.49366534254133 ], [ 78.565097502312682, 17.49366534254133 ], [ 78.565097502312682, 17.493660228917985 ], [ 78.565094819611488, 17.493660228917985 ], [ 78.565094819611488, 17.493655115294494 ], [ 78.56509213691028, 17.493655115294494 ], [ 78.56509213691028, 17.493650001670861 ], [ 78.565089454209087, 17.493650001670861 ], [ 78.565089454209087, 17.493637217611148 ], [ 78.56509213691028, 17.493637217611148 ], [ 78.56509213691028, 17.493634660799096 ], [ 78.565102867715083, 17.493634660799096 ], [ 78.565102867715083, 17.493632103987011 ], [ 78.565148473635546, 17.493632103987011 ], [ 78.565148473635546, 17.493634660799096 ], [ 78.565153839037919, 17.493634660799096 ], [ 78.565153839037919, 17.493637217611148 ], [ 78.565156521739141, 17.493637217611148 ], [ 78.565156521739141, 17.493647444858993 ], [ 78.565159204440334, 17.493647444858993 ], [ 78.565159204440334, 17.493639774423166 ], [ 78.565161887141542, 17.493639774423166 ], [ 78.565161887141542, 17.493634660799096 ], [ 78.565164569842736, 17.493634660799096 ], [ 78.565164569842736, 17.493632103987011 ], [ 78.565167252543944, 17.493632103987011 ], [ 78.565167252543944, 17.493629547174887 ], [ 78.565172617946345, 17.493629547174887 ], [ 78.565172617946345, 17.493626990362731 ], [ 78.565183348751162, 17.493626990362731 ], [ 78.565183348751162, 17.493624433550536 ], [ 78.56519407955598, 17.493624433550536 ], [ 78.56519407955598, 17.493621876738306 ], [ 78.565207493061976, 17.493621876738306 ], [ 78.565207493061976, 17.493619319926037 ], [ 78.565215541165585, 17.493619319926037 ], [ 78.565215541165585, 17.493616763113735 ], [ 78.565231637372804, 17.493616763113735 ], [ 78.565231637372804, 17.493614206301398 ], [ 78.565242368177621, 17.493614206301398 ], [ 78.565242368177621, 17.493611649489026 ], [ 78.565253098982424, 17.493611649489026 ], [ 78.565253098982424, 17.493614206301398 ], [ 78.565261147086034, 17.493614206301398 ], [ 78.565261147086034, 17.493616763113735 ], [ 78.565266512488449, 17.493616763113735 ], [ 78.565266512488449, 17.493619319926037 ], [ 78.565269195189643, 17.493619319926037 ], [ 78.565269195189643, 17.493624433550536 ], [ 78.565271877890851, 17.493624433550536 ], [ 78.565271877890851, 17.493642331235144 ], [ 78.565274560592044, 17.493642331235144 ], [ 78.565274560592044, 17.493647444858993 ], [ 78.565277243293266, 17.493647444858993 ], [ 78.565277243293266, 17.493650001670861 ], [ 78.56527992599446, 17.493650001670861 ], [ 78.56527992599446, 17.493655115294494 ], [ 78.565277243293266, 17.493655115294494 ], [ 78.565277243293266, 17.493660228917985 ], [ 78.565274560592044, 17.493660228917985 ], [ 78.565274560592044, 17.493667899352953 ], [ 78.565277243293266, 17.493667899352953 ], [ 78.565277243293266, 17.493685797033276 ], [ 78.565274560592044, 17.493685797033276 ], [ 78.565274560592044, 17.493688353844611 ], [ 78.565269195189643, 17.493688353844611 ], [ 78.565269195189643, 17.493690910655907 ], [ 78.565263829787227, 17.493690910655907 ], [ 78.565263829787227, 17.493693467467164 ], [ 78.565258464384826, 17.493693467467164 ], [ 78.565258464384826, 17.493696024278389 ], [ 78.565250416281216, 17.493696024278389 ], [ 78.565250416281216, 17.493698581089578 ], [ 78.565245050878829, 17.493698581089578 ], [ 78.565245050878829, 17.493701137900729 ], [ 78.565239685476428, 17.493701137900729 ], [ 78.565239685476428, 17.49370369471184 ], [ 78.56523700277522, 17.49370369471184 ], [ 78.56523700277522, 17.493706251522923 ], [ 78.565231637372804, 17.493706251522923 ], [ 78.565231637372804, 17.49370880833397 ], [ 78.56522895467161, 17.49370880833397 ], [ 78.56522895467161, 17.493711365144975 ], [ 78.565223589269209, 17.493711365144975 ], [ 78.565223589269209, 17.493713921955944 ], [ 78.565218223866793, 17.493713921955944 ], [ 78.565218223866793, 17.493716478766885 ], [ 78.565204810360783, 17.493716478766885 ], [ 78.565204810360783, 17.493719035577779 ], [ 78.56519407955598, 17.493719035577779 ], [ 78.56519407955598, 17.493721592388649 ], [ 78.565177983348761, 17.493721592388649 ] ], [ [ 78.565164569842736, 17.493690910655907 ], [ 78.565167252543944, 17.493690910655907 ], [ 78.565167252543944, 17.493678126599072 ], [ 78.565164569842736, 17.493678126599072 ], [ 78.565164569842736, 17.493690910655907 ] ], [ [ 78.565161887141542, 17.493670456164537 ], [ 78.565164569842736, 17.493670456164537 ], [ 78.565164569842736, 17.49366534254133 ], [ 78.565161887141542, 17.49366534254133 ], [ 78.565161887141542, 17.493670456164537 ] ], [ [ 78.565159204440334, 17.493660228917985 ], [ 78.565161887141542, 17.493660228917985 ], [ 78.565161887141542, 17.493650001670861 ], [ 78.565159204440334, 17.493650001670861 ], [ 78.565159204440334, 17.493660228917985 ] ] ] } },
{ "type": "Feature", "properties": { "value": 255.0 }, "geometry": { "type": "Polygon", "coordinates": [ [ [ 78.565650138760418, 17.493765058167831 ], [ 78.565650138760418, 17.493759944547293 ], [ 78.565647456059196, 17.493759944547293 ], [ 78.565647456059196, 17.493729262821024 ], [ 78.565650138760418, 17.493729262821024 ], [ 78.565650138760418, 17.493683240221909 ], [ 78.565647456059196, 17.493683240221909 ], [ 78.565647456059196, 17.493667899352953 ], [ 78.565644773358002, 17.493667899352953 ], [ 78.565644773358002, 17.493639774423166 ], [ 78.565642090656809, 17.493639774423166 ], [ 78.565642090656809, 17.493616763113735 ], [ 78.565644773358002, 17.493616763113735 ], [ 78.565644773358002, 17.493614206301398 ], [ 78.565647456059196, 17.493614206301398 ], [ 78.565647456059196, 17.493611649489026 ], [ 78.565733302497691, 17.493611649489026 ], [ 78.565733302497691, 17.493614206301398 ], [ 78.565735985198884, 17.493614206301398 ], [ 78.565735985198884, 17.493624433550536 ], [ 78.565738667900092, 17.493624433550536 ], [ 78.565738667900092, 17.493634660799096 ], [ 78.565735985198884, 17.493634660799096 ], [ 78.565735985198884, 17.493655115294494 ], [ 78.565733302497691, 17.493655115294494 ], [ 78.565733302497691, 17.493660228917985 ], [ 78.565730619796483, 17.493660228917985 ], [ 78.565730619796483, 17.493685797033276 ], [ 78.565733302497691, 17.493685797033276 ], [ 78.565733302497691, 17.493696024278389 ], [ 78.565735985198884, 17.493696024278389 ], [ 78.565735985198884, 17.493701137900729 ], [ 78.565738667900092, 17.493701137900729 ], [ 78.565738667900092, 17.493706251522923 ], [ 78.5657413506013, 17.493706251522923 ], [ 78.5657413506013, 17.493713921955944 ], [ 78.565744033302494, 17.493713921955944 ], [ 78.565744033302494, 17.493719035577779 ], [ 78.5657413506013, 17.493719035577779 ], [ 78.5657413506013, 17.493721592388649 ], [ 78.565738667900092, 17.493721592388649 ], [ 78.565738667900092, 17.493724149199476 ], [ 78.565733302497691, 17.493724149199476 ], [ 78.565733302497691, 17.493739490063689 ], [ 78.565735985198884, 17.493739490063689 ], [ 78.565735985198884, 17.49374716049531 ], [ 78.565733302497691, 17.49374716049531 ], [ 78.565733302497691, 17.493752274116211 ], [ 78.565730619796483, 17.493752274116211 ], [ 78.565730619796483, 17.493754830926605 ], [ 78.565717206290486, 17.493754830926605 ], [ 78.565717206290486, 17.493757387736967 ], [ 78.565703792784461, 17.493757387736967 ], [ 78.565703792784461, 17.493759944547293 ], [ 78.56569842738206, 17.493759944547293 ], [ 78.56569842738206, 17.49376250135758 ], [ 78.565676965772454, 17.49376250135758 ], [ 78.565676965772454, 17.493765058167831 ], [ 78.565650138760418, 17.493765058167831 ] ] ] } },
{ "type": "Feature", "properties": { "value": 255.0 }, "geometry": { "type": "Polygon", "coordinates": [ [ [ 78.565151156336725, 17.493609092676611 ], [ 78.565151156336725, 17.493606535864167 ], [ 78.565159204440334, 17.493606535864167 ], [ 78.565159204440334, 17.493609092676611 ], [ 78.565151156336725, 17.493609092676611 ] ] ] } },
{ "type": "Feature", "properties": { "value": 255.0 }, "geometry": { "type": "Polygon", "coordinates": [ [ [ 78.567085383903787, 17.49383153522178 ], [ 78.567085383903787, 17.493828978412466 ], [ 78.567082701202594, 17.493828978412466 ], [ 78.567082701202594, 17.493823864793718 ], [ 78.5670800185014, 17.493823864793718 ], [ 78.5670800185014, 17.493816194365337 ], [ 78.567077335800192, 17.493816194365337 ], [ 78.567077335800192, 17.493808523936625 ], [ 78.567074653098999, 17.493808523936625 ], [ 78.567074653098999, 17.493800853507594 ], [ 78.567071970397791, 17.493800853507594 ], [ 78.567071970397791, 17.493790626268382 ], [ 78.567069287696583, 17.493790626268382 ], [ 78.567069287696583, 17.493777842218559 ], [ 78.567066604995375, 17.493777842218559 ], [ 78.567066604995375, 17.493765058167831 ], [ 78.567063922294182, 17.493765058167831 ], [ 78.567063922294182, 17.493736933253075 ], [ 78.567061239592974, 17.493736933253075 ], [ 78.567061239592974, 17.493716478766885 ], [ 78.567063922294182, 17.493716478766885 ], [ 78.567063922294182, 17.493713921955944 ], [ 78.567074653098999, 17.493713921955944 ], [ 78.567074653098999, 17.493711365144975 ], [ 78.567085383903787, 17.493711365144975 ], [ 78.567085383903787, 17.49370880833397 ], [ 78.567093432007411, 17.49370880833397 ], [ 78.567093432007411, 17.493706251522923 ], [ 78.567112210915823, 17.493706251522923 ], [ 78.567112210915823, 17.49370880833397 ], [ 78.567114893617031, 17.49370880833397 ], [ 78.567114893617031, 17.493713921955944 ], [ 78.567117576318239, 17.493713921955944 ], [ 78.567117576318239, 17.493731819631744 ], [ 78.567120259019433, 17.493731819631744 ], [ 78.567120259019433, 17.493726706010268 ], [ 78.56712294172064, 17.493726706010268 ], [ 78.56712294172064, 17.493721592388649 ], [ 78.567125624421848, 17.493721592388649 ], [ 78.567125624421848, 17.493719035577779 ], [ 78.567133672525429, 17.493719035577779 ], [ 78.567133672525429, 17.493716478766885 ], [ 78.567147086031454, 17.493716478766885 ], [ 78.567147086031454, 17.493713921955944 ], [ 78.567141720629053, 17.493713921955944 ], [ 78.567141720629053, 17.49370880833397 ], [ 78.567139037927845, 17.49370880833397 ], [ 78.567139037927845, 17.493701137900729 ], [ 78.567136355226651, 17.493701137900729 ], [ 78.567136355226651, 17.493693467467164 ], [ 78.567133672525429, 17.493693467467164 ], [ 78.567133672525429, 17.493685797033276 ], [ 78.567130989824236, 17.493685797033276 ], [ 78.567130989824236, 17.493678126599072 ], [ 78.567128307123056, 17.493678126599072 ], [ 78.567128307123056, 17.493667899352953 ], [ 78.567125624421848, 17.493667899352953 ], [ 78.567125624421848, 17.493655115294494 ], [ 78.567128307123056, 17.493655115294494 ], [ 78.567128307123056, 17.493650001670861 ], [ 78.567130989824236, 17.493650001670861 ], [ 78.567130989824236, 17.493647444858993 ], [ 78.567133672525429, 17.493647444858993 ], [ 78.567133672525429, 17.493644888047083 ], [ 78.567139037927845, 17.493644888047083 ], [ 78.567139037927845, 17.493642331235144 ], [ 78.567144403330246, 17.493642331235144 ], [ 78.567144403330246, 17.493639774423166 ], [ 78.567149768732662, 17.493639774423166 ], [ 78.567149768732662, 17.493637217611148 ], [ 78.567152451433856, 17.493637217611148 ], [ 78.567152451433856, 17.493634660799096 ], [ 78.567157816836271, 17.493634660799096 ], [ 78.567157816836271, 17.493632103987011 ], [ 78.567163182238673, 17.493632103987011 ], [ 78.567163182238673, 17.493629547174887 ], [ 78.567165864939881, 17.493629547174887 ], [ 78.567165864939881, 17.493626990362731 ], [ 78.567171230342296, 17.493626990362731 ], [ 78.567171230342296, 17.493624433550536 ], [ 78.56717391304349, 17.493624433550536 ], [ 78.56717391304349, 17.493621876738306 ], [ 78.567181961147085, 17.493621876738306 ], [ 78.567181961147085, 17.493619319926037 ], [ 78.567190009250695, 17.493619319926037 ], [ 78.567190009250695, 17.493616763113735 ], [ 78.567192691951902, 17.493616763113735 ], [ 78.567192691951902, 17.493614206301398 ], [ 78.567200740055497, 17.493614206301398 ], [ 78.567200740055497, 17.493611649489026 ], [ 78.567208788159121, 17.493611649489026 ], [ 78.567208788159121, 17.493609092676611 ], [ 78.56721683626273, 17.493609092676611 ], [ 78.56721683626273, 17.493606535864167 ], [ 78.567219518963938, 17.493606535864167 ], [ 78.567219518963938, 17.493603979051684 ], [ 78.567222201665132, 17.493603979051684 ], [ 78.567222201665132, 17.493601422239166 ], [ 78.56722488436634, 17.493601422239166 ], [ 78.56722488436634, 17.493603979051684 ], [ 78.567230249768727, 17.493603979051684 ], [ 78.567230249768727, 17.493606535864167 ], [ 78.567232932469935, 17.493606535864167 ], [ 78.567232932469935, 17.493609092676611 ], [ 78.567238297872336, 17.493609092676611 ], [ 78.567238297872336, 17.493611649489026 ], [ 78.567240980573544, 17.493611649489026 ], [ 78.567240980573544, 17.493616763113735 ], [ 78.567243663274738, 17.493616763113735 ], [ 78.567243663274738, 17.493619319926037 ], [ 78.56724634597596, 17.493619319926037 ], [ 78.56724634597596, 17.493626990362731 ], [ 78.567249028677153, 17.493626990362731 ], [ 78.567249028677153, 17.493632103987011 ], [ 78.567251711378361, 17.493632103987011 ], [ 78.567251711378361, 17.493637217611148 ], [ 78.567254394079555, 17.493637217611148 ], [ 78.567254394079555, 17.493642331235144 ], [ 78.567257076780777, 17.493642331235144 ], [ 78.567257076780777, 17.493647444858993 ], [ 78.567259759481971, 17.493647444858993 ], [ 78.567259759481971, 17.493650001670861 ], [ 78.567262442183178, 17.493650001670861 ], [ 78.567262442183178, 17.493657672106259 ], [ 78.567265124884372, 17.493657672106259 ], [ 78.567265124884372, 17.49366534254133 ], [ 78.56726780758558, 17.49366534254133 ], [ 78.56726780758558, 17.49368068341051 ], [ 78.567265124884372, 17.49368068341051 ], [ 78.567265124884372, 17.493685797033276 ], [ 78.567262442183178, 17.493685797033276 ], [ 78.567262442183178, 17.493688353844611 ], [ 78.567257076780777, 17.493688353844611 ], [ 78.567257076780777, 17.493690910655907 ], [ 78.567251711378361, 17.493690910655907 ], [ 78.567251711378361, 17.493693467467164 ], [ 78.567240980573544, 17.493693467467164 ], [ 78.567240980573544, 17.493696024278389 ], [ 78.567232932469935, 17.493696024278389 ], [ 78.567232932469935, 17.493698581089578 ], [ 78.56722488436634, 17.493698581089578 ], [ 78.56722488436634, 17.493701137900729 ], [ 78.56721683626273, 17.493701137900729 ], [ 78.56721683626273, 17.49370369471184 ], [ 78.567227567067533, 17.49370369471184 ], [ 78.567227567067533, 17.493701137900729 ], [ 78.567235615171143, 17.493701137900729 ], [ 78.567235615171143, 17.493698581089578 ], [ 78.56724634597596, 17.493698581089578 ], [ 78.56724634597596, 17.493696024278389 ], [ 78.567259759481971, 17.493696024278389 ], [ 78.567259759481971, 17.493693467467164 ], [ 78.567262442183178, 17.493693467467164 ], [ 78.567262442183178, 17.493696024278389 ], [ 78.56726780758558, 17.493696024278389 ], [ 78.56726780758558, 17.493698581089578 ], [ 78.567270490286788, 17.493698581089578 ], [ 78.567270490286788, 17.493701137900729 ], [ 78.567273172987981, 17.493701137900729 ], [ 78.567273172987981, 17.49370369471184 ], [ 78.567275855689175, 17.49370369471184 ], [ 78.567275855689175, 17.493716478766885 ], [ 78.567273172987981, 17.493716478766885 ], [ 78.567273172987981, 17.493719035577779 ], [ 78.56726780758558, 17.493719035577779 ], [ 78.56726780758558, 17.493721592388649 ], [ 78.567265124884372, 17.493721592388649 ], [ 78.567265124884372, 17.493724149199476 ], [ 78.567262442183178, 17.493724149199476 ], [ 78.567262442183178, 17.493744603684803 ], [ 78.567259759481971, 17.493744603684803 ], [ 78.567259759481971, 17.493795739888057 ], [ 78.567257076780777, 17.493795739888057 ], [ 78.567257076780777, 17.493798296697843 ], [ 78.567249028677153, 17.493798296697843 ], [ 78.567249028677153, 17.493800853507594 ], [ 78.567222201665132, 17.493800853507594 ], [ 78.567222201665132, 17.493795739888057 ], [ 78.567219518963938, 17.493795739888057 ], [ 78.567219518963938, 17.493793183078239 ], [ 78.567214153561537, 17.493793183078239 ], [ 78.567214153561537, 17.493795739888057 ], [ 78.567211470860315, 17.493795739888057 ], [ 78.567211470860315, 17.493798296697843 ], [ 78.567206105457913, 17.493798296697843 ], [ 78.567206105457913, 17.493800853507594 ], [ 78.567192691951902, 17.493800853507594 ], [ 78.567192691951902, 17.493803410317305 ], [ 78.567179278445892, 17.493803410317305 ], [ 78.567179278445892, 17.493805967126985 ], [ 78.567160499537479, 17.493805967126985 ], [ 78.567160499537479, 17.493808523936625 ], [ 78.567149768732662, 17.493808523936625 ], [ 78.567149768732662, 17.49381108074623 ], [ 78.567144403330246, 17.49381108074623 ], [ 78.567144403330246, 17.493808523936625 ], [ 78.567141720629053, 17.493808523936625 ], [ 78.567141720629053, 17.493805967126985 ], [ 78.567139037927845, 17.493805967126985 ], [ 78.567139037927845, 17.493803410317305 ], [ 78.567136355226651, 17.493803410317305 ], [ 78.567136355226651, 17.493800853507594 ], [ 78.567133672525429, 17.493800853507594 ], [ 78.567133672525429, 17.49381108074623 ], [ 78.567130989824236, 17.49381108074623 ], [ 78.567130989824236, 17.4938136375558 ], [ 78.567128307123056, 17.4938136375558 ], [ 78.567128307123056, 17.493816194365337 ], [ 78.56712294172064, 17.493816194365337 ], [ 78.56712294172064, 17.493818751174832 ], [ 78.567117576318239, 17.493818751174832 ], [ 78.567117576318239, 17.493821307984291 ], [ 78.567114893617031, 17.493821307984291 ], [ 78.567114893617031, 17.493823864793718 ], [ 78.567112210915823, 17.493823864793718 ], [ 78.567112210915823, 17.49382642160311 ], [ 78.567106845513422, 17.49382642160311 ], [ 78.567106845513422, 17.493828978412466 ], [ 78.567098797409798, 17.493828978412466 ], [ 78.567098797409798, 17.49383153522178 ], [ 78.567085383903787, 17.49383153522178 ] ], [ [ 78.567211470860315, 17.493772728598376 ], [ 78.567214153561537, 17.493772728598376 ], [ 78.567214153561537, 17.493770171788231 ], [ 78.567211470860315, 17.493770171788231 ], [ 78.567211470860315, 17.493772728598376 ] ], [ [ 78.567125624421848, 17.493770171788231 ], [ 78.567128307123056, 17.493770171788231 ], [ 78.567128307123056, 17.493767614978051 ], [ 78.567125624421848, 17.493767614978051 ], [ 78.567125624421848, 17.493770171788231 ] ], [ [ 78.56712294172064, 17.493757387736967 ], [ 78.567125624421848, 17.493757387736967 ], [ 78.567125624421848, 17.493754830926605 ], [ 78.56712294172064, 17.493754830926605 ], [ 78.56712294172064, 17.493757387736967 ] ], [ [ 78.567120259019433, 17.493744603684803 ], [ 78.56712294172064, 17.493744603684803 ], [ 78.56712294172064, 17.493742046874264 ], [ 78.567120259019433, 17.493742046874264 ], [ 78.567120259019433, 17.493744603684803 ] ], [ [ 78.567198057354304, 17.493716478766885 ], [ 78.567200740055497, 17.493716478766885 ], [ 78.567200740055497, 17.49370880833397 ], [ 78.567206105457913, 17.49370880833397 ], [ 78.567206105457913, 17.493706251522923 ], [ 78.567192691951902, 17.493706251522923 ], [ 78.567192691951902, 17.49370880833397 ], [ 78.567179278445892, 17.49370880833397 ], [ 78.567179278445892, 17.493711365144975 ], [ 78.567195374653096, 17.493711365144975 ], [ 78.567195374653096, 17.493713921955944 ], [ 78.567198057354304, 17.493713921955944 ], [ 78.567198057354304, 17.493716478766885 ] ], [ [ 78.567168547641074, 17.493713921955944 ], [ 78.567171230342296, 17.493713921955944 ], [ 78.567171230342296, 17.493711365144975 ], [ 78.567168547641074, 17.493711365144975 ], [ 78.567168547641074, 17.493713921955944 ] ], [ [ 78.567206105457913, 17.493706251522923 ], [ 78.56721683626273, 17.493706251522923 ], [ 78.56721683626273, 17.49370369471184 ], [ 78.567206105457913, 17.49370369471184 ], [ 78.567206105457913, 17.493706251522923 ] ] ] } },
{ "type": "Feature", "properties": { "value": 255.0 }, "geometry": { "type": "Polygon", "coordinates": [ [ [ 78.565379185938951, 17.493716478766885 ], [ 78.565379185938951, 17.493713921955944 ], [ 78.565365772432941, 17.493713921955944 ], [ 78.565365772432941, 17.493711365144975 ], [ 78.565363089731733, 17.493711365144975 ], [ 78.565363089731733, 17.49370880833397 ], [ 78.565357724329331, 17.49370880833397 ], [ 78.565357724329331, 17.493706251522923 ], [ 78.565355041628123, 17.493706251522923 ], [ 78.565355041628123, 17.493693467467164 ], [ 78.565352358926916, 17.493693467467164 ], [ 78.565352358926916, 17.493675569787598 ], [ 78.565349676225708, 17.493675569787598 ], [ 78.565349676225708, 17.493662785729683 ], [ 78.565346993524514, 17.493662785729683 ], [ 78.565346993524514, 17.493644888047083 ], [ 78.565344310823306, 17.493644888047083 ], [ 78.565344310823306, 17.493614206301398 ], [ 78.565346993524514, 17.493614206301398 ], [ 78.565346993524514, 17.493606535864167 ], [ 78.565352358926916, 17.493606535864167 ], [ 78.565352358926916, 17.493603979051684 ], [ 78.565368455134148, 17.493603979051684 ], [ 78.565368455134148, 17.493601422239166 ], [ 78.565384551341353, 17.493601422239166 ], [ 78.565384551341353, 17.493598865426616 ], [ 78.565419426456998, 17.493598865426616 ], [ 78.565419426456998, 17.493601422239166 ], [ 78.565422109158192, 17.493601422239166 ], [ 78.565422109158192, 17.493603979051684 ], [ 78.5654247918594, 17.493603979051684 ], [ 78.5654247918594, 17.493606535864167 ], [ 78.565427474560593, 17.493606535864167 ], [ 78.565427474560593, 17.493621876738306 ], [ 78.565430157261801, 17.493621876738306 ], [ 78.565430157261801, 17.493634660799096 ], [ 78.565432839963009, 17.493634660799096 ], [ 78.565432839963009, 17.493647444858993 ], [ 78.565435522664217, 17.493647444858993 ], [ 78.565435522664217, 17.493667899352953 ], [ 78.56543820536541, 17.493667899352953 ], [ 78.56543820536541, 17.493696024278389 ], [ 78.565435522664217, 17.493696024278389 ], [ 78.565435522664217, 17.493706251522923 ], [ 78.565432839963009, 17.493706251522923 ], [ 78.565432839963009, 17.49370880833397 ], [ 78.565430157261801, 17.49370880833397 ], [ 78.565430157261801, 17.493711365144975 ], [ 78.565427474560593, 17.493711365144975 ], [ 78.565427474560593, 17.493713921955944 ], [ 78.565384551341353, 17.493713921955944 ], [ 78.565384551341353, 17.493716478766885 ], [ 78.565379185938951, 17.493716478766885 ] ] ] } },
{ "type": "Feature", "properties": { "value": 255.0 }, "geometry": { "type": "Polygon", "coordinates": [ [ [ 78.565456984273823, 17.493719035577779 ], [ 78.565456984273823, 17.493716478766885 ], [ 78.565454301572629, 17.493716478766885 ], [ 78.565454301572629, 17.493701137900729 ], [ 78.565451618871421, 17.493701137900729 ], [ 78.565451618871421, 17.493678126599072 ], [ 78.565448936170213, 17.493678126599072 ], [ 78.565448936170213, 17.493673012976082 ], [ 78.565451618871421, 17.493673012976082 ], [ 78.565451618871421, 17.493667899352953 ], [ 78.565448936170213, 17.493667899352953 ], [ 78.565448936170213, 17.49366534254133 ], [ 78.565446253469005, 17.49366534254133 ], [ 78.565446253469005, 17.493655115294494 ], [ 78.565443570767812, 17.493655115294494 ], [ 78.565443570767812, 17.493642331235144 ], [ 78.565440888066604, 17.493642331235144 ], [ 78.565440888066604, 17.493621876738306 ], [ 78.56543820536541, 17.493621876738306 ], [ 78.56543820536541, 17.493598865426616 ], [ 78.565440888066604, 17.493598865426616 ], [ 78.565440888066604, 17.493596308614023 ], [ 78.565446253469005, 17.493596308614023 ], [ 78.565446253469005, 17.493593751801395 ], [ 78.565451618871421, 17.493593751801395 ], [ 78.565451618871421, 17.493591194988735 ], [ 78.56545966697503, 17.493591194988735 ], [ 78.56545966697503, 17.493588638176035 ], [ 78.565465032377446, 17.493588638176035 ], [ 78.565465032377446, 17.493586081363301 ], [ 78.565470397779833, 17.493586081363301 ], [ 78.565470397779833, 17.493583524550534 ], [ 78.565491859389454, 17.493583524550534 ], [ 78.565491859389454, 17.493586081363301 ], [ 78.565497224791869, 17.493586081363301 ], [ 78.565497224791869, 17.493588638176035 ], [ 78.565499907493063, 17.493588638176035 ], [ 78.565499907493063, 17.493591194988735 ], [ 78.565505272895464, 17.493591194988735 ], [ 78.565505272895464, 17.493593751801395 ], [ 78.56551063829788, 17.493593751801395 ], [ 78.56551063829788, 17.493598865426616 ], [ 78.565513320999074, 17.493598865426616 ], [ 78.565513320999074, 17.493603979051684 ], [ 78.565516003700282, 17.493603979051684 ], [ 78.565516003700282, 17.493624433550536 ], [ 78.565518686401489, 17.493624433550536 ], [ 78.565518686401489, 17.49366534254133 ], [ 78.565516003700282, 17.49366534254133 ], [ 78.565516003700282, 17.493667899352953 ], [ 78.56551063829788, 17.493667899352953 ], [ 78.56551063829788, 17.493670456164537 ], [ 78.565513320999074, 17.493670456164537 ], [ 78.565513320999074, 17.493678126599072 ], [ 78.565516003700282, 17.493678126599072 ], [ 78.565516003700282, 17.493711365144975 ], [ 78.565513320999074, 17.493711365144975 ], [ 78.565513320999074, 17.493713921955944 ], [ 78.56551063829788, 17.493713921955944 ], [ 78.56551063829788, 17.493716478766885 ], [ 78.565505272895464, 17.493716478766885 ], [ 78.565505272895464, 17.493719035577779 ], [ 78.565456984273823, 17.493719035577779 ] ] ] } },
{ "type": "Feature", "properties": { "value": 255.0 }, "geometry": { "type": "Polygon", "coordinates": [ [ [ 78.56613839037928, 17.493770171788231 ], [ 78.56613839037928, 17.493767614978051 ], [ 78.566133024976864, 17.493767614978051 ], [ 78.566133024976864, 17.49376250135758 ], [ 78.56613034227567, 17.49376250135758 ], [ 78.56613034227567, 17.493757387736967 ], [ 78.566127659574477, 17.493757387736967 ], [ 78.566127659574477, 17.493742046874264 ], [ 78.566124976873269, 17.493742046874264 ], [ 78.566124976873269, 17.493729262821024 ], [ 78.566122294172061, 17.493729262821024 ], [ 78.566122294172061, 17.49370880833397 ], [ 78.566119611470853, 17.49370880833397 ], [ 78.566119611470853, 17.493690910655907 ], [ 78.566116928769659, 17.493690910655907 ], [ 78.566116928769659, 17.493675569787598 ], [ 78.56611424606848, 17.493675569787598 ], [ 78.56611424606848, 17.493662785729683 ], [ 78.566119611470853, 17.493662785729683 ], [ 78.566119611470853, 17.493660228917985 ], [ 78.566106197964857, 17.493660228917985 ], [ 78.566106197964857, 17.493657672106259 ], [ 78.566103515263663, 17.493657672106259 ], [ 78.566103515263663, 17.493652558482697 ], [ 78.566100832562441, 17.493652558482697 ], [ 78.566100832562441, 17.493606535864167 ], [ 78.566098149861247, 17.493606535864167 ], [ 78.566098149861247, 17.493591194988735 ], [ 78.566100832562441, 17.493591194988735 ], [ 78.566100832562441, 17.493588638176035 ], [ 78.566116928769659, 17.493588638176035 ], [ 78.566116928769659, 17.493586081363301 ], [ 78.566141073080487, 17.493586081363301 ], [ 78.566141073080487, 17.493583524550534 ], [ 78.566167900092509, 17.493583524550534 ], [ 78.566167900092509, 17.493586081363301 ], [ 78.566170582793717, 17.493586081363301 ], [ 78.566170582793717, 17.493588638176035 ], [ 78.566173265494911, 17.493588638176035 ], [ 78.566173265494911, 17.493601422239166 ], [ 78.566175948196104, 17.493601422239166 ], [ 78.566175948196104, 17.493606535864167 ], [ 78.566178630897326, 17.493606535864167 ], [ 78.566178630897326, 17.493611649489026 ], [ 78.56618131359852, 17.493611649489026 ], [ 78.56618131359852, 17.493616763113735 ], [ 78.566183996299728, 17.493616763113735 ], [ 78.566183996299728, 17.493642331235144 ], [ 78.56618131359852, 17.493642331235144 ], [ 78.56618131359852, 17.493644888047083 ], [ 78.566178630897326, 17.493644888047083 ], [ 78.566178630897326, 17.493647444858993 ], [ 78.566170582793717, 17.493647444858993 ], [ 78.566170582793717, 17.493650001670861 ], [ 78.566208140610556, 17.493650001670861 ], [ 78.566208140610556, 17.493652558482697 ], [ 78.566210823311749, 17.493652558482697 ], [ 78.566210823311749, 17.493655115294494 ], [ 78.566213506012957, 17.493655115294494 ], [ 78.566213506012957, 17.493660228917985 ], [ 78.566216188714151, 17.493660228917985 ], [ 78.566216188714151, 17.493675569787598 ], [ 78.566218871415359, 17.493675569787598 ], [ 78.566218871415359, 17.493701137900729 ], [ 78.566221554116552, 17.493701137900729 ], [ 78.566221554116552, 17.493719035577779 ], [ 78.56622423681776, 17.493719035577779 ], [ 78.56622423681776, 17.493734376442429 ], [ 78.566226919518968, 17.493734376442429 ], [ 78.566226919518968, 17.493757387736967 ], [ 78.56622423681776, 17.493757387736967 ], [ 78.56622423681776, 17.493759944547293 ], [ 78.566218871415359, 17.493759944547293 ], [ 78.566218871415359, 17.49376250135758 ], [ 78.566202775208154, 17.49376250135758 ], [ 78.566202775208154, 17.493765058167831 ], [ 78.566183996299728, 17.493765058167831 ], [ 78.566183996299728, 17.493767614978051 ], [ 78.566149121184097, 17.493767614978051 ], [ 78.566149121184097, 17.493770171788231 ], [ 78.56613839037928, 17.493770171788231 ] ], [ [ 78.566133024976864, 17.493657672106259 ], [ 78.566135707678086, 17.493657672106259 ], [ 78.566135707678086, 17.493655115294494 ], [ 78.566133024976864, 17.493655115294494 ], [ 78.566133024976864, 17.493657672106259 ] ], [ [ 78.566141073080487, 17.493655115294494 ], [ 78.566143755781681, 17.493655115294494 ], [ 78.566143755781681, 17.493652558482697 ], [ 78.566141073080487, 17.493652558482697 ], [ 78.566141073080487, 17.493655115294494 ] ] ] } },
{ "type": "Feature", "properties": { "value": 255.0 }, "geometry": { "type": "Polygon", "coordinates": [ [ [ 78.564531452358935, 17.493777842218559 ], [ 78.564531452358935, 17.493775285408482 ], [ 78.564528769657727, 17.493775285408482 ], [ 78.564528769657727, 17.493772728598376 ], [ 78.564526086956519, 17.493772728598376 ], [ 78.564526086956519, 17.493767614978051 ], [ 78.564523404255311, 17.493767614978051 ], [ 78.564523404255311, 17.493757387736967 ], [ 78.564520721554132, 17.493757387736967 ], [ 78.564520721554132, 17.493749717305775 ], [ 78.564518038852938, 17.493749717305775 ], [ 78.564518038852938, 17.493739490063689 ], [ 78.564515356151716, 17.493739490063689 ], [ 78.564515356151716, 17.493729262821024 ], [ 78.564512673450523, 17.493729262821024 ], [ 78.564512673450523, 17.493719035577779 ], [ 78.564509990749315, 17.493719035577779 ], [ 78.564509990749315, 17.49370880833397 ], [ 78.564507308048121, 17.49370880833397 ], [ 78.564507308048121, 17.493701137900729 ], [ 78.564504625346899, 17.493701137900729 ], [ 78.564504625346899, 17.493690910655907 ], [ 78.564501942645705, 17.493690910655907 ], [ 78.564501942645705, 17.49368068341051 ], [ 78.564499259944512, 17.49368068341051 ], [ 78.564499259944512, 17.493670456164537 ], [ 78.564496577243304, 17.493670456164537 ], [ 78.564496577243304, 17.493662785729683 ], [ 78.564493894542096, 17.493662785729683 ], [ 78.564493894542096, 17.493650001670861 ], [ 78.564491211840888, 17.493650001670861 ], [ 78.564491211840888, 17.493642331235144 ], [ 78.564488529139695, 17.493642331235144 ], [ 78.564488529139695, 17.493629547174887 ], [ 78.564491211840888, 17.493629547174887 ], [ 78.564491211840888, 17.493614206301398 ], [ 78.564488529139695, 17.493614206301398 ], [ 78.564488529139695, 17.493601422239166 ], [ 78.564485846438487, 17.493601422239166 ], [ 78.564485846438487, 17.493593751801395 ], [ 78.564488529139695, 17.493593751801395 ], [ 78.564488529139695, 17.493588638176035 ], [ 78.564491211840888, 17.493588638176035 ], [ 78.564491211840888, 17.493586081363301 ], [ 78.564493894542096, 17.493586081363301 ], [ 78.564493894542096, 17.493583524550534 ], [ 78.564504625346899, 17.493583524550534 ], [ 78.564504625346899, 17.493580967737728 ], [ 78.564515356151716, 17.493580967737728 ], [ 78.564515356151716, 17.493578410924886 ], [ 78.564526086956519, 17.493578410924886 ], [ 78.564526086956519, 17.493580967737728 ], [ 78.564531452358935, 17.493580967737728 ], [ 78.564531452358935, 17.493583524550534 ], [ 78.564550231267361, 17.493583524550534 ], [ 78.564550231267361, 17.493580967737728 ], [ 78.564560962072164, 17.493580967737728 ], [ 78.564560962072164, 17.493578410924886 ], [ 78.564563644773372, 17.493578410924886 ], [ 78.564563644773372, 17.493580967737728 ], [ 78.564569010175774, 17.493580967737728 ], [ 78.564569010175774, 17.493586081363301 ], [ 78.564571692876967, 17.493586081363301 ], [ 78.564571692876967, 17.493596308614023 ], [ 78.564574375578175, 17.493596308614023 ], [ 78.564574375578175, 17.493609092676611 ], [ 78.564577058279369, 17.493609092676611 ], [ 78.564577058279369, 17.493619319926037 ], [ 78.564579740980577, 17.493619319926037 ], [ 78.564579740980577, 17.493626990362731 ], [ 78.564582423681784, 17.493626990362731 ], [ 78.564582423681784, 17.493637217611148 ], [ 78.564585106382992, 17.493637217611148 ], [ 78.564585106382992, 17.493647444858993 ], [ 78.564587789084186, 17.493647444858993 ], [ 78.564587789084186, 17.493657672106259 ], [ 78.56459047178538, 17.493657672106259 ], [ 78.56459047178538, 17.49366534254133 ], [ 78.564593154486587, 17.49366534254133 ], [ 78.564593154486587, 17.493673012976082 ], [ 78.564595837187795, 17.493673012976082 ], [ 78.564595837187795, 17.493662785729683 ], [ 78.564598519889003, 17.493662785729683 ], [ 78.564598519889003, 17.493660228917985 ], [ 78.564606567992612, 17.493660228917985 ], [ 78.564606567992612, 17.493657672106259 ], [ 78.564622664199817, 17.493657672106259 ], [ 78.564622664199817, 17.493655115294494 ], [ 78.564636077705828, 17.493655115294494 ], [ 78.564636077705828, 17.493657672106259 ], [ 78.564638760407036, 17.493657672106259 ], [ 78.564638760407036, 17.493660228917985 ], [ 78.564641443108243, 17.493660228917985 ], [ 78.564641443108243, 17.493662785729683 ], [ 78.564644125809437, 17.493662785729683 ], [ 78.564644125809437, 17.493673012976082 ], [ 78.564646808510645, 17.493673012976082 ], [ 78.564646808510645, 17.493678126599072 ], [ 78.564649491211853, 17.493678126599072 ], [ 78.564649491211853, 17.493693467467164 ], [ 78.564652173913061, 17.493693467467164 ], [ 78.564652173913061, 17.49370369471184 ], [ 78.564654856614254, 17.49370369471184 ], [ 78.564654856614254, 17.493713921955944 ], [ 78.564657539315462, 17.493713921955944 ], [ 78.564657539315462, 17.493719035577779 ], [ 78.56466022201667, 17.493719035577779 ], [ 78.56466022201667, 17.493721592388649 ], [ 78.564662904717878, 17.493721592388649 ], [ 78.564662904717878, 17.493726706010268 ], [ 78.564665587419071, 17.493726706010268 ], [ 78.564665587419071, 17.493731819631744 ], [ 78.564662904717878, 17.493731819631744 ], [ 78.564662904717878, 17.493739490063689 ], [ 78.56466022201667, 17.493739490063689 ], [ 78.56466022201667, 17.493744603684803 ], [ 78.564644125809437, 17.493744603684803 ], [ 78.564644125809437, 17.49374716049531 ], [ 78.564638760407036, 17.49374716049531 ], [ 78.564638760407036, 17.493749717305775 ], [ 78.564636077705828, 17.493749717305775 ], [ 78.564636077705828, 17.493752274116211 ], [ 78.564630712303426, 17.493752274116211 ], [ 78.564630712303426, 17.493754830926605 ], [ 78.564622664199817, 17.493754830926605 ], [ 78.564622664199817, 17.493752274116211 ], [ 78.564619981498609, 17.493752274116211 ], [ 78.564619981498609, 17.49374716049531 ], [ 78.56461729879743, 17.49374716049531 ], [ 78.56461729879743, 17.493742046874264 ], [ 78.564614616096222, 17.493742046874264 ], [ 78.564614616096222, 17.493739490063689 ], [ 78.564611933395014, 17.493739490063689 ], [ 78.564611933395014, 17.493744603684803 ], [ 78.564614616096222, 17.493744603684803 ], [ 78.564614616096222, 17.493749717305775 ], [ 78.56461729879743, 17.493749717305775 ], [ 78.56461729879743, 17.493765058167831 ], [ 78.564614616096222, 17.493765058167831 ], [ 78.564614616096222, 17.493767614978051 ], [ 78.564606567992612, 17.493767614978051 ], [ 78.564606567992612, 17.493770171788231 ], [ 78.564582423681784, 17.493770171788231 ], [ 78.564582423681784, 17.493767614978051 ], [ 78.564577058279369, 17.493767614978051 ], [ 78.564577058279369, 17.493770171788231 ], [ 78.56456632747458, 17.493770171788231 ], [ 78.56456632747458, 17.493772728598376 ], [ 78.564552913968555, 17.493772728598376 ], [ 78.564552913968555, 17.493775285408482 ], [ 78.564544865864946, 17.493775285408482 ], [ 78.564544865864946, 17.493777842218559 ], [ 78.564531452358935, 17.493777842218559 ] ], [ [ 78.56460925069382, 17.493734376442429 ], [ 78.564611933395014, 17.493734376442429 ], [ 78.564611933395014, 17.493729262821024 ], [ 78.56460925069382, 17.493729262821024 ], [ 78.56460925069382, 17.493734376442429 ] ], [ [ 78.564606567992612, 17.493724149199476 ], [ 78.56460925069382, 17.493724149199476 ], [ 78.56460925069382, 17.493721592388649 ], [ 78.564606567992612, 17.493721592388649 ], [ 78.564606567992612, 17.493724149199476 ] ], [ [ 78.564603885291405, 17.493713921955944 ], [ 78.564606567992612, 17.493713921955944 ], [ 78.564606567992612, 17.49370880833397 ], [ 78.564603885291405, 17.49370880833397 ], [ 78.564603885291405, 17.493713921955944 ] ], [ [ 78.564601202590197, 17.49370369471184 ], [ 78.564603885291405, 17.49370369471184 ], [ 78.564603885291405, 17.493698581089578 ], [ 78.564601202590197, 17.493698581089578 ], [ 78.564601202590197, 17.49370369471184 ] ], [ [ 78.564598519889003, 17.493693467467164 ], [ 78.564601202590197, 17.493693467467164 ], [ 78.564601202590197, 17.493688353844611 ], [ 78.564598519889003, 17.493688353844611 ], [ 78.564598519889003, 17.493693467467164 ] ], [ [ 78.564595837187795, 17.493683240221909 ], [ 78.564598519889003, 17.493683240221909 ], [ 78.564598519889003, 17.493678126599072 ], [ 78.564595837187795, 17.493678126599072 ], [ 78.564595837187795, 17.493683240221909 ] ] ] } },
{ "type": "Feature", "properties": { "value": 255.0 }, "geometry": { "type": "Polygon", "coordinates": [ [ [ 78.5644, 17.493650001670861 ], [ 78.5644, 17.493596308614023 ], [ 78.564405365402408, 17.493596308614023 ], [ 78.564405365402408, 17.493593751801395 ], [ 78.564413413506017, 17.493593751801395 ], [ 78.564413413506017, 17.493591194988735 ], [ 78.564416096207225, 17.493591194988735 ], [ 78.564416096207225, 17.493588638176035 ], [ 78.564418778908433, 17.493588638176035 ], [ 78.564418778908433, 17.493586081363301 ], [ 78.564421461609641, 17.493586081363301 ], [ 78.564421461609641, 17.493583524550534 ], [ 78.564424144310834, 17.493583524550534 ], [ 78.564424144310834, 17.493580967737728 ], [ 78.564426827012014, 17.493580967737728 ], [ 78.564426827012014, 17.493578410924886 ], [ 78.564432192414429, 17.493578410924886 ], [ 78.564432192414429, 17.493575854112006 ], [ 78.564467067530074, 17.493575854112006 ], [ 78.564467067530074, 17.493578410924886 ], [ 78.564469750231282, 17.493578410924886 ], [ 78.564469750231282, 17.493580967737728 ], [ 78.564472432932476, 17.493580967737728 ], [ 78.564472432932476, 17.493583524550534 ], [ 78.56447511563367, 17.493583524550534 ], [ 78.56447511563367, 17.493586081363301 ], [ 78.564477798334877, 17.493586081363301 ], [ 78.564477798334877, 17.493591194988735 ], [ 78.564480481036071, 17.493591194988735 ], [ 78.564480481036071, 17.493611649489026 ], [ 78.564483163737279, 17.493611649489026 ], [ 78.564483163737279, 17.493629547174887 ], [ 78.564480481036071, 17.493629547174887 ], [ 78.564480481036071, 17.493634660799096 ], [ 78.564477798334877, 17.493634660799096 ], [ 78.564477798334877, 17.493637217611148 ], [ 78.564469750231282, 17.493637217611148 ], [ 78.564469750231282, 17.493639774423166 ], [ 78.564450971322856, 17.493639774423166 ], [ 78.564450971322856, 17.493642331235144 ], [ 78.564432192414429, 17.493642331235144 ], [ 78.564432192414429, 17.493644888047083 ], [ 78.564424144310834, 17.493644888047083 ], [ 78.564424144310834, 17.493647444858993 ], [ 78.56440804810363, 17.493647444858993 ], [ 78.56440804810363, 17.493650001670861 ], [ 78.5644, 17.493650001670861 ] ] ] } },
{ "type": "Feature", "properties": { "value": 255.0 }, "geometry": { "type": "Polygon", "coordinates": [ [ [ 78.566964662349676, 17.49386221693079 ], [ 78.566964662349676, 17.493859660121899 ], [ 78.566961979648482, 17.493859660121899 ], [ 78.566961979648482, 17.493857103312976 ], [ 78.566959296947275, 17.493857103312976 ], [ 78.566959296947275, 17.493851989695024 ], [ 78.566956614246067, 17.493851989695024 ], [ 78.566956614246067, 17.49384176245869 ], [ 78.566953931544873, 17.49384176245869 ], [ 78.566953931544873, 17.49383153522178 ], [ 78.566951248843665, 17.49383153522178 ], [ 78.566951248843665, 17.493821307984291 ], [ 78.566948566142472, 17.493821307984291 ], [ 78.566948566142472, 17.4938136375558 ], [ 78.56694588344125, 17.4938136375558 ], [ 78.56694588344125, 17.493800853507594 ], [ 78.566940518038848, 17.493800853507594 ], [ 78.566940518038848, 17.493798296697843 ], [ 78.566937835337654, 17.493798296697843 ], [ 78.566937835337654, 17.493795739888057 ], [ 78.566935152636461, 17.493795739888057 ], [ 78.566935152636461, 17.493785512648561 ], [ 78.566932469935253, 17.493785512648561 ], [ 78.566932469935253, 17.493777842218559 ], [ 78.566929787234059, 17.493777842218559 ], [ 78.566929787234059, 17.493770171788231 ], [ 78.566927104532851, 17.493770171788231 ], [ 78.566927104532851, 17.493757387736967 ], [ 78.566924421831644, 17.493757387736967 ], [ 78.566924421831644, 17.493736933253075 ], [ 78.566921739130436, 17.493736933253075 ], [ 78.566921739130436, 17.493726706010268 ], [ 78.566919056429242, 17.493726706010268 ], [ 78.566919056429242, 17.493711365144975 ], [ 78.566916373728048, 17.493711365144975 ], [ 78.566916373728048, 17.493696024278389 ], [ 78.566913691026826, 17.493696024278389 ], [ 78.566913691026826, 17.493683240221909 ], [ 78.566916373728048, 17.493683240221909 ], [ 78.566916373728048, 17.493673012976082 ], [ 78.566919056429242, 17.493673012976082 ], [ 78.566919056429242, 17.493670456164537 ], [ 78.566921739130436, 17.493670456164537 ], [ 78.566921739130436, 17.493667899352953 ], [ 78.566924421831644, 17.493667899352953 ], [ 78.566924421831644, 17.49366534254133 ], [ 78.566929787234059, 17.49366534254133 ], [ 78.566929787234059, 17.493662785729683 ], [ 78.566951248843665, 17.493662785729683 ], [ 78.566951248843665, 17.49366534254133 ], [ 78.566956614246067, 17.49366534254133 ], [ 78.566956614246067, 17.493670456164537 ], [ 78.566959296947275, 17.493670456164537 ], [ 78.566959296947275, 17.493673012976082 ], [ 78.566961979648482, 17.493673012976082 ], [ 78.566961979648482, 17.493667899352953 ], [ 78.566959296947275, 17.493667899352953 ], [ 78.566959296947275, 17.493662785729683 ], [ 78.566956614246067, 17.493662785729683 ], [ 78.566956614246067, 17.493655115294494 ], [ 78.566953931544873, 17.493655115294494 ], [ 78.566953931544873, 17.493647444858993 ], [ 78.566951248843665, 17.493647444858993 ], [ 78.566951248843665, 17.493639774423166 ], [ 78.566948566142472, 17.493639774423166 ], [ 78.566948566142472, 17.493632103987011 ], [ 78.56694588344125, 17.493632103987011 ], [ 78.56694588344125, 17.493621876738306 ], [ 78.566943200740056, 17.493621876738306 ], [ 78.566943200740056, 17.493616763113735 ], [ 78.56694588344125, 17.493616763113735 ], [ 78.56694588344125, 17.493609092676611 ], [ 78.566948566142472, 17.493609092676611 ], [ 78.566948566142472, 17.493603979051684 ], [ 78.566951248843665, 17.493603979051684 ], [ 78.566951248843665, 17.493598865426616 ], [ 78.566953931544873, 17.493598865426616 ], [ 78.566953931544873, 17.493596308614023 ], [ 78.566956614246067, 17.493596308614023 ], [ 78.566956614246067, 17.493593751801395 ], [ 78.566959296947275, 17.493593751801395 ], [ 78.566959296947275, 17.493591194988735 ], [ 78.566964662349676, 17.493591194988735 ], [ 78.566964662349676, 17.493588638176035 ], [ 78.5669727104533, 17.493588638176035 ], [ 78.5669727104533, 17.493586081363301 ], [ 78.566980758556895, 17.493586081363301 ], [ 78.566980758556895, 17.493583524550534 ], [ 78.566986123959296, 17.493583524550534 ], [ 78.566986123959296, 17.493580967737728 ], [ 78.566991489361698, 17.493580967737728 ], [ 78.566991489361698, 17.493578410924886 ], [ 78.566999537465307, 17.493578410924886 ], [ 78.566999537465307, 17.493575854112006 ], [ 78.567004902867723, 17.493575854112006 ], [ 78.567004902867723, 17.493573297299093 ], [ 78.567010268270124, 17.493573297299093 ], [ 78.567010268270124, 17.493570740486142 ], [ 78.567047826086963, 17.493570740486142 ], [ 78.567047826086963, 17.493573297299093 ], [ 78.567050508788171, 17.493573297299093 ], [ 78.567050508788171, 17.493575854112006 ], [ 78.567053191489364, 17.493575854112006 ], [ 78.567053191489364, 17.493578410924886 ], [ 78.567055874190558, 17.493578410924886 ], [ 78.567055874190558, 17.493586081363301 ], [ 78.56705855689178, 17.493586081363301 ], [ 78.56705855689178, 17.493591194988735 ], [ 78.567061239592974, 17.493591194988735 ], [ 78.567061239592974, 17.493598865426616 ], [ 78.567063922294182, 17.493598865426616 ], [ 78.567063922294182, 17.493606535864167 ], [ 78.567066604995375, 17.493606535864167 ], [ 78.567066604995375, 17.493614206301398 ], [ 78.567069287696583, 17.493614206301398 ], [ 78.567069287696583, 17.493621876738306 ], [ 78.567071970397791, 17.493621876738306 ], [ 78.567071970397791, 17.493629547174887 ], [ 78.567074653098999, 17.493629547174887 ], [ 78.567074653098999, 17.493642331235144 ], [ 78.567077335800192, 17.493642331235144 ], [ 78.567077335800192, 17.493657672106259 ], [ 78.567074653098999, 17.493657672106259 ], [ 78.567074653098999, 17.493662785729683 ], [ 78.567071970397791, 17.493662785729683 ], [ 78.567071970397791, 17.49366534254133 ], [ 78.567069287696583, 17.49366534254133 ], [ 78.567069287696583, 17.493667899352953 ], [ 78.567066604995375, 17.493667899352953 ], [ 78.567066604995375, 17.493670456164537 ], [ 78.567063922294182, 17.493670456164537 ], [ 78.567063922294182, 17.493673012976082 ], [ 78.567061239592974, 17.493673012976082 ], [ 78.567061239592974, 17.493675569787598 ], [ 78.56705855689178, 17.493675569787598 ], [ 78.56705855689178, 17.493678126599072 ], [ 78.567053191489364, 17.493678126599072 ], [ 78.567053191489364, 17.49368068341051 ], [ 78.567047826086963, 17.49368068341051 ], [ 78.567047826086963, 17.493683240221909 ], [ 78.567039777983354, 17.493683240221909 ], [ 78.567039777983354, 17.493685797033276 ], [ 78.567031729879758, 17.493685797033276 ], [ 78.567031729879758, 17.493688353844611 ], [ 78.567023681776135, 17.493688353844611 ], [ 78.567023681776135, 17.493690910655907 ], [ 78.56701563367254, 17.493690910655907 ], [ 78.56701563367254, 17.493693467467164 ], [ 78.567010268270124, 17.493693467467164 ], [ 78.567010268270124, 17.493696024278389 ], [ 78.567002220166515, 17.493696024278389 ], [ 78.567002220166515, 17.493698581089578 ], [ 78.566996854764113, 17.493698581089578 ], [ 78.566996854764113, 17.493701137900729 ], [ 78.56698880666049, 17.493701137900729 ], [ 78.56698880666049, 17.49370369471184 ], [ 78.566975393154493, 17.49370369471184 ], [ 78.566975393154493, 17.493701137900729 ], [ 78.5669727104533, 17.493701137900729 ], [ 78.5669727104533, 17.493698581089578 ], [ 78.566970027752077, 17.493698581089578 ], [ 78.566970027752077, 17.493688353844611 ], [ 78.566967345050884, 17.493688353844611 ], [ 78.566967345050884, 17.493701137900729 ], [ 78.566970027752077, 17.493701137900729 ], [ 78.566970027752077, 17.493706251522923 ], [ 78.5669727104533, 17.493706251522923 ], [ 78.5669727104533, 17.493724149199476 ], [ 78.566975393154493, 17.493724149199476 ], [ 78.566975393154493, 17.493729262821024 ], [ 78.566980758556895, 17.493729262821024 ], [ 78.566980758556895, 17.493726706010268 ], [ 78.56698880666049, 17.493726706010268 ], [ 78.56698880666049, 17.493724149199476 ], [ 78.566994172062905, 17.493724149199476 ], [ 78.566994172062905, 17.493721592388649 ], [ 78.567002220166515, 17.493721592388649 ], [ 78.567002220166515, 17.493719035577779 ], [ 78.567012950971318, 17.493719035577779 ], [ 78.567012950971318, 17.493716478766885 ], [ 78.567023681776135, 17.493716478766885 ], [ 78.567023681776135, 17.493719035577779 ], [ 78.567026364477357, 17.493719035577779 ], [ 78.567026364477357, 17.493724149199476 ], [ 78.567029047178551, 17.493724149199476 ], [ 78.567029047178551, 17.493731819631744 ], [ 78.567031729879758, 17.493731819631744 ], [ 78.567031729879758, 17.493772728598376 ], [ 78.567034412580938, 17.493772728598376 ], [ 78.567034412580938, 17.493782955838601 ], [ 78.567037095282146, 17.493782955838601 ], [ 78.567037095282146, 17.493795739888057 ], [ 78.567034412580938, 17.493795739888057 ], [ 78.567034412580938, 17.493803410317305 ], [ 78.567037095282146, 17.493803410317305 ], [ 78.567037095282146, 17.493823864793718 ], [ 78.567039777983354, 17.493823864793718 ], [ 78.567039777983354, 17.49384687607693 ], [ 78.567037095282146, 17.49384687607693 ], [ 78.567037095282146, 17.493857103312976 ], [ 78.567034412580938, 17.493857103312976 ], [ 78.567034412580938, 17.493859660121899 ], [ 78.567026364477357, 17.493859660121899 ], [ 78.567026364477357, 17.493857103312976 ], [ 78.567018316373733, 17.493857103312976 ], [ 78.567018316373733, 17.493854546504018 ], [ 78.56700758556893, 17.493854546504018 ], [ 78.56700758556893, 17.493857103312976 ], [ 78.56698880666049, 17.493857103312976 ], [ 78.56698880666049, 17.493859660121899 ], [ 78.566970027752077, 17.493859660121899 ], [ 78.566970027752077, 17.49386221693079 ], [ 78.566964662349676, 17.49386221693079 ] ], [ [ 78.566964662349676, 17.493688353844611 ], [ 78.566967345050884, 17.493688353844611 ], [ 78.566967345050884, 17.49368068341051 ], [ 78.566964662349676, 17.49368068341051 ], [ 78.566964662349676, 17.493688353844611 ] ], [ [ 78.566961979648482, 17.493678126599072 ], [ 78.566964662349676, 17.493678126599072 ], [ 78.566964662349676, 17.493673012976082 ], [ 78.566961979648482, 17.493673012976082 ], [ 78.566961979648482, 17.493678126599072 ] ] ] } },
{ "type": "Feature", "properties": { "value": 255.0 }, "geometry": { "type": "Polygon", "coordinates": [ [ [ 78.565964014801125, 17.493667899352953 ], [ 78.565964014801125, 17.49366534254133 ], [ 78.565961332099917, 17.49366534254133 ], [ 78.565961332099917, 17.493662785729683 ], [ 78.565958649398723, 17.493662785729683 ], [ 78.565958649398723, 17.493652558482697 ], [ 78.565955966697501, 17.493652558482697 ], [ 78.565955966697501, 17.493632103987011 ], [ 78.565953283996308, 17.493632103987011 ], [ 78.565953283996308, 17.493621876738306 ], [ 78.5659506012951, 17.493621876738306 ], [ 78.5659506012951, 17.493611649489026 ], [ 78.565947918593906, 17.493611649489026 ], [ 78.565947918593906, 17.493606535864167 ], [ 78.565945235892698, 17.493606535864167 ], [ 78.565945235892698, 17.493601422239166 ], [ 78.565939870490297, 17.493601422239166 ], [ 78.565939870490297, 17.493598865426616 ], [ 78.565937187789089, 17.493598865426616 ], [ 78.565937187789089, 17.493596308614023 ], [ 78.565934505087881, 17.493596308614023 ], [ 78.565934505087881, 17.493573297299093 ], [ 78.565937187789089, 17.493573297299093 ], [ 78.565937187789089, 17.493565626860136 ], [ 78.565939870490297, 17.493565626860136 ], [ 78.565939870490297, 17.493560513233987 ], [ 78.565942553191491, 17.493560513233987 ], [ 78.565942553191491, 17.493557956420855 ], [ 78.565953283996308, 17.493557956420855 ], [ 78.565953283996308, 17.49355539960769 ], [ 78.565993524514354, 17.49355539960769 ], [ 78.565993524514354, 17.493560513233987 ], [ 78.565996207215548, 17.493560513233987 ], [ 78.565996207215548, 17.493601422239166 ], [ 78.565998889916742, 17.493601422239166 ], [ 78.565998889916742, 17.493657672106259 ], [ 78.566001572617949, 17.493657672106259 ], [ 78.566001572617949, 17.49366534254133 ], [ 78.565996207215548, 17.49366534254133 ], [ 78.565996207215548, 17.493667899352953 ], [ 78.565964014801125, 17.493667899352953 ] ] ] } },
{ "type": "Feature", "properties": { "value": 255.0 }, "geometry": { "type": "Polygon", "coordinates": [ [ [ 78.564858741905667, 17.493596308614023 ], [ 78.564858741905667, 17.493593751801395 ], [ 78.564856059204445, 17.493593751801395 ], [ 78.564856059204445, 17.493586081363301 ], [ 78.564853376503251, 17.493586081363301 ], [ 78.564853376503251, 17.493575854112006 ], [ 78.564850693802043, 17.493575854112006 ], [ 78.564850693802043, 17.49355539960769 ], [ 78.564853376503251, 17.49355539960769 ], [ 78.564853376503251, 17.49355284279449 ], [ 78.564858741905667, 17.49355284279449 ], [ 78.564858741905667, 17.493550285981254 ], [ 78.564866790009248, 17.493550285981254 ], [ 78.564866790009248, 17.493547729167975 ], [ 78.564877520814065, 17.493547729167975 ], [ 78.564877520814065, 17.493545172354665 ], [ 78.56489093432009, 17.493545172354665 ], [ 78.56489093432009, 17.493542615541323 ], [ 78.564909713228488, 17.493542615541323 ], [ 78.564909713228488, 17.493540058727941 ], [ 78.564920444033305, 17.493540058727941 ], [ 78.564920444033305, 17.493542615541323 ], [ 78.564923126734499, 17.493542615541323 ], [ 78.564923126734499, 17.493545172354665 ], [ 78.564925809435721, 17.493545172354665 ], [ 78.564925809435721, 17.493578410924886 ], [ 78.564923126734499, 17.493578410924886 ], [ 78.564923126734499, 17.493580967737728 ], [ 78.564920444033305, 17.493580967737728 ], [ 78.564920444033305, 17.493583524550534 ], [ 78.564915078630904, 17.493583524550534 ], [ 78.564915078630904, 17.493586081363301 ], [ 78.564907030527309, 17.493586081363301 ], [ 78.564907030527309, 17.493588638176035 ], [ 78.564898982423685, 17.493588638176035 ], [ 78.564898982423685, 17.493591194988735 ], [ 78.564893617021283, 17.493591194988735 ], [ 78.564893617021283, 17.493593751801395 ], [ 78.564885568917674, 17.493593751801395 ], [ 78.564885568917674, 17.493596308614023 ], [ 78.564858741905667, 17.493596308614023 ] ] ] } },
{ "type": "Feature", "properties": { "value": 255.0 }, "geometry": { "type": "Polygon", "coordinates": [ [ [ 78.565344310823306, 17.493598865426616 ], [ 78.565344310823306, 17.493596308614023 ], [ 78.565338945420919, 17.493596308614023 ], [ 78.565338945420919, 17.493593751801395 ], [ 78.565336262719711, 17.493593751801395 ], [ 78.565336262719711, 17.493588638176035 ], [ 78.565333580018518, 17.493588638176035 ], [ 78.565333580018518, 17.493570740486142 ], [ 78.56533089731731, 17.493570740486142 ], [ 78.56533089731731, 17.493550285981254 ], [ 78.565336262719711, 17.493550285981254 ], [ 78.565336262719711, 17.493547729167975 ], [ 78.565344310823306, 17.493547729167975 ], [ 78.565344310823306, 17.493545172354665 ], [ 78.565357724329331, 17.493545172354665 ], [ 78.565357724329331, 17.493542615541323 ], [ 78.56537382053655, 17.493542615541323 ], [ 78.56537382053655, 17.493540058727941 ], [ 78.565392599444948, 17.493540058727941 ], [ 78.565392599444948, 17.493537501914524 ], [ 78.565430157261801, 17.493537501914524 ], [ 78.565430157261801, 17.493534945101075 ], [ 78.565448936170213, 17.493534945101075 ], [ 78.565448936170213, 17.493537501914524 ], [ 78.56545966697503, 17.493537501914524 ], [ 78.56545966697503, 17.493540058727941 ], [ 78.565462349676224, 17.493540058727941 ], [ 78.565462349676224, 17.493542615541323 ], [ 78.565465032377446, 17.493542615541323 ], [ 78.565465032377446, 17.493550285981254 ], [ 78.56546771507864, 17.493550285981254 ], [ 78.56546771507864, 17.493560513233987 ], [ 78.565470397779833, 17.493560513233987 ], [ 78.565470397779833, 17.493578410924886 ], [ 78.56546771507864, 17.493578410924886 ], [ 78.56546771507864, 17.493583524550534 ], [ 78.565465032377446, 17.493583524550534 ], [ 78.565465032377446, 17.493586081363301 ], [ 78.56545966697503, 17.493586081363301 ], [ 78.56545966697503, 17.493588638176035 ], [ 78.565448936170213, 17.493588638176035 ], [ 78.565448936170213, 17.493591194988735 ], [ 78.565435522664217, 17.493591194988735 ], [ 78.565435522664217, 17.493593751801395 ], [ 78.565392599444948, 17.493593751801395 ], [ 78.565392599444948, 17.493596308614023 ], [ 78.56537382053655, 17.493596308614023 ], [ 78.56537382053655, 17.493598865426616 ], [ 78.565344310823306, 17.493598865426616 ] ] ] } },
{ "type": "Feature", "properties": { "value": 255.0 }, "geometry": { "type": "Polygon", "coordinates": [ [ [ 78.565642090656809, 17.493601422239166 ], [ 78.565642090656809, 17.493598865426616 ], [ 78.565636725254393, 17.493598865426616 ], [ 78.565636725254393, 17.493570740486142 ], [ 78.565634042553185, 17.493570740486142 ], [ 78.565634042553185, 17.493557956420855 ], [ 78.565636725254393, 17.493557956420855 ], [ 78.565636725254393, 17.493537501914524 ], [ 78.565639407955601, 17.493537501914524 ], [ 78.565639407955601, 17.493532388287584 ], [ 78.565658186864013, 17.493532388287584 ], [ 78.565658186864013, 17.493529831474056 ], [ 78.565693061979644, 17.493529831474056 ], [ 78.565693061979644, 17.493527274660494 ], [ 78.565725254394081, 17.493527274660494 ], [ 78.565725254394081, 17.493524717846899 ], [ 78.565735985198884, 17.493524717846899 ], [ 78.565735985198884, 17.493527274660494 ], [ 78.5657413506013, 17.493527274660494 ], [ 78.5657413506013, 17.493532388287584 ], [ 78.565744033302494, 17.493532388287584 ], [ 78.565744033302494, 17.493537501914524 ], [ 78.565746716003702, 17.493537501914524 ], [ 78.565746716003702, 17.493550285981254 ], [ 78.565749398704909, 17.493550285981254 ], [ 78.565749398704909, 17.493565626860136 ], [ 78.565752081406117, 17.493565626860136 ], [ 78.565752081406117, 17.493580967737728 ], [ 78.565754764107311, 17.493580967737728 ], [ 78.565754764107311, 17.493591194988735 ], [ 78.565752081406117, 17.493591194988735 ], [ 78.565752081406117, 17.493593751801395 ], [ 78.5657413506013, 17.493593751801395 ], [ 78.5657413506013, 17.493596308614023 ], [ 78.565711840888071, 17.493596308614023 ], [ 78.565711840888071, 17.493598865426616 ], [ 78.565666234967637, 17.493598865426616 ], [ 78.565666234967637, 17.493601422239166 ], [ 78.565642090656809, 17.493601422239166 ] ] ] } },
{ "type": "Feature", "properties": { "value": 255.0 }, "geometry": { "type": "Polygon", "coordinates": [ [ [ 78.566849306197966, 17.493591194988735 ], [ 78.566849306197966, 17.493588638176035 ], [ 78.56684394079555, 17.493588638176035 ], [ 78.56684394079555, 17.493586081363301 ], [ 78.566841258094357, 17.493586081363301 ], [ 78.566841258094357, 17.493570740486142 ], [ 78.566838575393163, 17.493570740486142 ], [ 78.566838575393163, 17.49355284279449 ], [ 78.566835892691955, 17.49355284279449 ], [ 78.566835892691955, 17.493532388287584 ], [ 78.566833209990762, 17.493532388287584 ], [ 78.566833209990762, 17.493517047405891 ], [ 78.566830527289554, 17.493517047405891 ], [ 78.566830527289554, 17.493509376964564 ], [ 78.566833209990762, 17.493509376964564 ], [ 78.566833209990762, 17.493504263336828 ], [ 78.56684394079555, 17.493504263336828 ], [ 78.56684394079555, 17.49350170652291 ], [ 78.566865402405185, 17.49350170652291 ], [ 78.566865402405185, 17.493504263336828 ], [ 78.566868085106393, 17.493504263336828 ], [ 78.566868085106393, 17.493522161033265 ], [ 78.566870767807586, 17.493522161033265 ], [ 78.566870767807586, 17.493527274660494 ], [ 78.566876133210002, 17.493527274660494 ], [ 78.566876133210002, 17.493529831474056 ], [ 78.566878815911195, 17.493529831474056 ], [ 78.566878815911195, 17.493532388287584 ], [ 78.566884181313611, 17.493532388287584 ], [ 78.566884181313611, 17.493537501914524 ], [ 78.566886864014819, 17.493537501914524 ], [ 78.566886864014819, 17.493545172354665 ], [ 78.566889546715998, 17.493545172354665 ], [ 78.566889546715998, 17.49355284279449 ], [ 78.566892229417192, 17.49355284279449 ], [ 78.566892229417192, 17.493557956420855 ], [ 78.566894912118414, 17.493557956420855 ], [ 78.566894912118414, 17.493565626860136 ], [ 78.566897594819608, 17.493565626860136 ], [ 78.566897594819608, 17.493570740486142 ], [ 78.566900277520816, 17.493570740486142 ], [ 78.566900277520816, 17.493580967737728 ], [ 78.566897594819608, 17.493580967737728 ], [ 78.566897594819608, 17.493583524550534 ], [ 78.566889546715998, 17.493583524550534 ], [ 78.566889546715998, 17.493586081363301 ], [ 78.566868085106393, 17.493586081363301 ], [ 78.566868085106393, 17.493588638176035 ], [ 78.566854671600368, 17.493588638176035 ], [ 78.566854671600368, 17.493591194988735 ], [ 78.566849306197966, 17.493591194988735 ] ] ] } },
{ "type": "Feature", "properties": { "value": 255.0 }, "geometry": { "type": "Polygon", "coordinates": [ [ [ 78.5670800185014, 17.493639774423166 ], [ 78.5670800185014, 17.493637217611148 ], [ 78.567077335800192, 17.493637217611148 ], [ 78.567077335800192, 17.493629547174887 ], [ 78.567074653098999, 17.493629547174887 ], [ 78.567074653098999, 17.493621876738306 ], [ 78.567071970397791, 17.493621876738306 ], [ 78.567071970397791, 17.493614206301398 ], [ 78.567069287696583, 17.493614206301398 ], [ 78.567069287696583, 17.493606535864167 ], [ 78.567066604995375, 17.493606535864167 ], [ 78.567066604995375, 17.493593751801395 ], [ 78.567071970397791, 17.493593751801395 ], [ 78.567071970397791, 17.493591194988735 ], [ 78.5670800185014, 17.493591194988735 ], [ 78.5670800185014, 17.493588638176035 ], [ 78.567096114708605, 17.493588638176035 ], [ 78.567096114708605, 17.493586081363301 ], [ 78.567104162812214, 17.493586081363301 ], [ 78.567104162812214, 17.493583524550534 ], [ 78.567112210915823, 17.493583524550534 ], [ 78.567112210915823, 17.493580967737728 ], [ 78.567101480111006, 17.493580967737728 ], [ 78.567101480111006, 17.493578410924886 ], [ 78.567098797409798, 17.493578410924886 ], [ 78.567098797409798, 17.493570740486142 ], [ 78.567096114708605, 17.493570740486142 ], [ 78.567096114708605, 17.493565626860136 ], [ 78.567093432007411, 17.493565626860136 ], [ 78.567093432007411, 17.493557956420855 ], [ 78.567090749306189, 17.493557956420855 ], [ 78.567090749306189, 17.493550285981254 ], [ 78.567088066604995, 17.493550285981254 ], [ 78.567088066604995, 17.493532388287584 ], [ 78.567090749306189, 17.493532388287584 ], [ 78.567090749306189, 17.493529831474056 ], [ 78.567098797409798, 17.493529831474056 ], [ 78.567098797409798, 17.493527274660494 ], [ 78.567106845513422, 17.493527274660494 ], [ 78.567106845513422, 17.493524717846899 ], [ 78.567112210915823, 17.493524717846899 ], [ 78.567112210915823, 17.493522161033265 ], [ 78.567117576318239, 17.493522161033265 ], [ 78.567117576318239, 17.493519604219596 ], [ 78.567125624421848, 17.493519604219596 ], [ 78.567125624421848, 17.493517047405891 ], [ 78.567130989824236, 17.493517047405891 ], [ 78.567130989824236, 17.493514490592151 ], [ 78.567139037927845, 17.493514490592151 ], [ 78.567139037927845, 17.493511933778375 ], [ 78.567144403330246, 17.493511933778375 ], [ 78.567144403330246, 17.493509376964564 ], [ 78.567152451433856, 17.493509376964564 ], [ 78.567152451433856, 17.493506820150717 ], [ 78.567160499537479, 17.493506820150717 ], [ 78.567160499537479, 17.493504263336828 ], [ 78.567165864939881, 17.493504263336828 ], [ 78.567165864939881, 17.49350170652291 ], [ 78.56717391304349, 17.49350170652291 ], [ 78.56717391304349, 17.493499149708949 ], [ 78.567181961147085, 17.493499149708949 ], [ 78.567181961147085, 17.49349659289496 ], [ 78.567190009250695, 17.49349659289496 ], [ 78.567190009250695, 17.493494036080929 ], [ 78.567198057354304, 17.493494036080929 ], [ 78.567198057354304, 17.493491479266865 ], [ 78.567206105457913, 17.493491479266865 ], [ 78.567206105457913, 17.493488922452766 ], [ 78.56721683626273, 17.493488922452766 ], [ 78.56721683626273, 17.493491479266865 ], [ 78.567222201665132, 17.493491479266865 ], [ 78.567222201665132, 17.493494036080929 ], [ 78.56722488436634, 17.493494036080929 ], [ 78.56722488436634, 17.493499149708949 ], [ 78.567227567067533, 17.493499149708949 ], [ 78.567227567067533, 17.49350170652291 ], [ 78.567230249768727, 17.49350170652291 ], [ 78.567230249768727, 17.493504263336828 ], [ 78.567232932469935, 17.493504263336828 ], [ 78.567232932469935, 17.493506820150717 ], [ 78.567235615171143, 17.493506820150717 ], [ 78.567235615171143, 17.493509376964564 ], [ 78.567238297872336, 17.493509376964564 ], [ 78.567238297872336, 17.493514490592151 ], [ 78.567240980573544, 17.493514490592151 ], [ 78.567240980573544, 17.493519604219596 ], [ 78.567243663274738, 17.493519604219596 ], [ 78.567243663274738, 17.493524717846899 ], [ 78.567240980573544, 17.493524717846899 ], [ 78.567240980573544, 17.493527274660494 ], [ 78.567235615171143, 17.493527274660494 ], [ 78.567235615171143, 17.493529831474056 ], [ 78.567230249768727, 17.493529831474056 ], [ 78.567230249768727, 17.493532388287584 ], [ 78.567227567067533, 17.493532388287584 ], [ 78.567227567067533, 17.493537501914524 ], [ 78.56722488436634, 17.493537501914524 ], [ 78.56722488436634, 17.493540058727941 ], [ 78.567222201665132, 17.493540058727941 ], [ 78.567222201665132, 17.493542615541323 ], [ 78.567214153561537, 17.493542615541323 ], [ 78.567214153561537, 17.493545172354665 ], [ 78.567208788159121, 17.493545172354665 ], [ 78.567208788159121, 17.493547729167975 ], [ 78.567200740055497, 17.493547729167975 ], [ 78.567200740055497, 17.493550285981254 ], [ 78.567192691951902, 17.493550285981254 ], [ 78.567192691951902, 17.49355284279449 ], [ 78.567184643848293, 17.49355284279449 ], [ 78.567184643848293, 17.49355539960769 ], [ 78.567176595744684, 17.49355539960769 ], [ 78.567176595744684, 17.493557956420855 ], [ 78.567171230342296, 17.493557956420855 ], [ 78.567171230342296, 17.493560513233987 ], [ 78.567181961147085, 17.493560513233987 ], [ 78.567181961147085, 17.493557956420855 ], [ 78.567190009250695, 17.493557956420855 ], [ 78.567190009250695, 17.49355539960769 ], [ 78.567198057354304, 17.49355539960769 ], [ 78.567198057354304, 17.49355284279449 ], [ 78.56720342275672, 17.49355284279449 ], [ 78.56720342275672, 17.493550285981254 ], [ 78.567211470860315, 17.493550285981254 ], [ 78.567211470860315, 17.493547729167975 ], [ 78.567222201665132, 17.493547729167975 ], [ 78.567222201665132, 17.493545172354665 ], [ 78.567227567067533, 17.493545172354665 ], [ 78.567227567067533, 17.493547729167975 ], [ 78.567230249768727, 17.493547729167975 ], [ 78.567230249768727, 17.493557956420855 ], [ 78.567232932469935, 17.493557956420855 ], [ 78.567232932469935, 17.493573297299093 ], [ 78.567235615171143, 17.493573297299093 ], [ 78.567235615171143, 17.493580967737728 ], [ 78.567232932469935, 17.493580967737728 ], [ 78.567232932469935, 17.493586081363301 ], [ 78.567230249768727, 17.493586081363301 ], [ 78.567230249768727, 17.493588638176035 ], [ 78.567227567067533, 17.493588638176035 ], [ 78.567227567067533, 17.493591194988735 ], [ 78.56722488436634, 17.493591194988735 ], [ 78.56722488436634, 17.493593751801395 ], [ 78.567211470860315, 17.493593751801395 ], [ 78.567211470860315, 17.493596308614023 ], [ 78.56720342275672, 17.493596308614023 ], [ 78.56720342275672, 17.493598865426616 ], [ 78.567198057354304, 17.493598865426616 ], [ 78.567198057354304, 17.493601422239166 ], [ 78.567192691951902, 17.493601422239166 ], [ 78.567192691951902, 17.493603979051684 ], [ 78.567187326549487, 17.493603979051684 ], [ 78.567187326549487, 17.493606535864167 ], [ 78.567181961147085, 17.493606535864167 ], [ 78.567181961147085, 17.493609092676611 ], [ 78.56717391304349, 17.493609092676611 ], [ 78.56717391304349, 17.493611649489026 ], [ 78.567171230342296, 17.493611649489026 ], [ 78.567171230342296, 17.493614206301398 ], [ 78.567160499537479, 17.493614206301398 ], [ 78.567160499537479, 17.493616763113735 ], [ 78.567152451433856, 17.493616763113735 ], [ 78.567152451433856, 17.493619319926037 ], [ 78.567144403330246, 17.493619319926037 ], [ 78.567144403330246, 17.493621876738306 ], [ 78.567136355226651, 17.493621876738306 ], [ 78.567136355226651, 17.493624433550536 ], [ 78.567128307123056, 17.493624433550536 ], [ 78.567128307123056, 17.493626990362731 ], [ 78.567120259019433, 17.493626990362731 ], [ 78.567120259019433, 17.493629547174887 ], [ 78.567112210915823, 17.493629547174887 ], [ 78.567112210915823, 17.493632103987011 ], [ 78.567106845513422, 17.493632103987011 ], [ 78.567106845513422, 17.493634660799096 ], [ 78.567098797409798, 17.493634660799096 ], [ 78.567098797409798, 17.493637217611148 ], [ 78.567093432007411, 17.493637217611148 ], [ 78.567093432007411, 17.493639774423166 ], [ 78.5670800185014, 17.493639774423166 ] ], [ [ 78.567117576318239, 17.493580967737728 ], [ 78.56712294172064, 17.493580967737728 ], [ 78.56712294172064, 17.493578410924886 ], [ 78.567117576318239, 17.493578410924886 ], [ 78.567117576318239, 17.493580967737728 ] ], [ [ 78.56712294172064, 17.493578410924886 ], [ 78.567130989824236, 17.493578410924886 ], [ 78.567130989824236, 17.493575854112006 ], [ 78.567136355226651, 17.493575854112006 ], [ 78.567136355226651, 17.493573297299093 ], [ 78.567128307123056, 17.493573297299093 ], [ 78.567128307123056, 17.493575854112006 ], [ 78.56712294172064, 17.493575854112006 ], [ 78.56712294172064, 17.493578410924886 ] ], [ [ 78.567136355226651, 17.493573297299093 ], [ 78.567141720629053, 17.493573297299093 ], [ 78.567141720629053, 17.493570740486142 ], [ 78.567136355226651, 17.493570740486142 ], [ 78.567136355226651, 17.493573297299093 ] ], [ [ 78.567141720629053, 17.493570740486142 ], [ 78.567147086031454, 17.493570740486142 ], [ 78.567147086031454, 17.493568183673158 ], [ 78.567141720629053, 17.493568183673158 ], [ 78.567141720629053, 17.493570740486142 ] ], [ [ 78.567149768732662, 17.493568183673158 ], [ 78.567157816836271, 17.493568183673158 ], [ 78.567157816836271, 17.493565626860136 ], [ 78.567163182238673, 17.493565626860136 ], [ 78.567163182238673, 17.493563070047077 ], [ 78.567171230342296, 17.493563070047077 ], [ 78.567171230342296, 17.493560513233987 ], [ 78.567160499537479, 17.493560513233987 ], [ 78.567160499537479, 17.493563070047077 ], [ 78.567155134135064, 17.493563070047077 ], [ 78.567155134135064, 17.493565626860136 ], [ 78.567149768732662, 17.493565626860136 ], [ 78.567149768732662, 17.493568183673158 ] ] ] } },
{ "type": "Feature", "properties": { "value": 255.0 }, "geometry": { "type": "Polygon", "coordinates": [ [ [ 78.565210175763184, 17.493606535864167 ], [ 78.565210175763184, 17.493603979051684 ], [ 78.565207493061976, 17.493603979051684 ], [ 78.565207493061976, 17.493598865426616 ], [ 78.565204810360783, 17.493598865426616 ], [ 78.565204810360783, 17.493588638176035 ], [ 78.565202127659575, 17.493588638176035 ], [ 78.565202127659575, 17.493573297299093 ], [ 78.565199444958381, 17.493573297299093 ], [ 78.565199444958381, 17.493563070047077 ], [ 78.565196762257173, 17.493563070047077 ], [ 78.565196762257173, 17.493550285981254 ], [ 78.56519407955598, 17.493550285981254 ], [ 78.56519407955598, 17.493537501914524 ], [ 78.565191396854786, 17.493537501914524 ], [ 78.565191396854786, 17.493524717846899 ], [ 78.565188714153578, 17.493524717846899 ], [ 78.565188714153578, 17.493506820150717 ], [ 78.565191396854786, 17.493506820150717 ], [ 78.565191396854786, 17.493504263336828 ], [ 78.56519407955598, 17.493504263336828 ], [ 78.56519407955598, 17.49350170652291 ], [ 78.565204810360783, 17.49350170652291 ], [ 78.565204810360783, 17.493499149708949 ], [ 78.565223589269209, 17.493499149708949 ], [ 78.565223589269209, 17.49349659289496 ], [ 78.565239685476428, 17.49349659289496 ], [ 78.565239685476428, 17.493494036080929 ], [ 78.565253098982424, 17.493494036080929 ], [ 78.565253098982424, 17.493491479266865 ], [ 78.565266512488449, 17.493491479266865 ], [ 78.565266512488449, 17.493488922452766 ], [ 78.565287974098069, 17.493488922452766 ], [ 78.565287974098069, 17.493491479266865 ], [ 78.565290656799277, 17.493491479266865 ], [ 78.565290656799277, 17.493494036080929 ], [ 78.565293339500471, 17.493494036080929 ], [ 78.565293339500471, 17.49349659289496 ], [ 78.565296022201665, 17.49349659289496 ], [ 78.565296022201665, 17.493514490592151 ], [ 78.565298704902872, 17.493514490592151 ], [ 78.565298704902872, 17.493522161033265 ], [ 78.565301387604066, 17.493522161033265 ], [ 78.565301387604066, 17.493532388287584 ], [ 78.565304070305274, 17.493532388287584 ], [ 78.565304070305274, 17.493540058727941 ], [ 78.565306753006467, 17.493540058727941 ], [ 78.565306753006467, 17.493542615541323 ], [ 78.56530943570769, 17.493542615541323 ], [ 78.56530943570769, 17.49355284279449 ], [ 78.565306753006467, 17.49355284279449 ], [ 78.565306753006467, 17.493563070047077 ], [ 78.565304070305274, 17.493563070047077 ], [ 78.565304070305274, 17.493568183673158 ], [ 78.565306753006467, 17.493568183673158 ], [ 78.565306753006467, 17.493578410924886 ], [ 78.565304070305274, 17.493578410924886 ], [ 78.565304070305274, 17.493583524550534 ], [ 78.565301387604066, 17.493583524550534 ], [ 78.565301387604066, 17.493586081363301 ], [ 78.565298704902872, 17.493586081363301 ], [ 78.565298704902872, 17.493588638176035 ], [ 78.565296022201665, 17.493588638176035 ], [ 78.565296022201665, 17.493591194988735 ], [ 78.565287974098069, 17.493591194988735 ], [ 78.565287974098069, 17.493593751801395 ], [ 78.565274560592044, 17.493593751801395 ], [ 78.565274560592044, 17.493596308614023 ], [ 78.565255781683632, 17.493596308614023 ], [ 78.565255781683632, 17.493598865426616 ], [ 78.565242368177621, 17.493598865426616 ], [ 78.565242368177621, 17.493601422239166 ], [ 78.56522895467161, 17.493601422239166 ], [ 78.56522895467161, 17.493603979051684 ], [ 78.565212858464392, 17.493603979051684 ], [ 78.565212858464392, 17.493606535864167 ], [ 78.565210175763184, 17.493606535864167 ] ] ] } },
{ "type": "Feature", "properties": { "value": 255.0 }, "geometry": { "type": "Polygon", "coordinates": [ [ [ 78.566911008325633, 17.493593751801395 ], [ 78.566911008325633, 17.493591194988735 ], [ 78.566908325624425, 17.493591194988735 ], [ 78.566908325624425, 17.493588638176035 ], [ 78.566905642923231, 17.493588638176035 ], [ 78.566905642923231, 17.493580967737728 ], [ 78.566902960222009, 17.493580967737728 ], [ 78.566902960222009, 17.493570740486142 ], [ 78.566900277520816, 17.493570740486142 ], [ 78.566900277520816, 17.493560513233987 ], [ 78.566897594819608, 17.493560513233987 ], [ 78.566897594819608, 17.49355284279449 ], [ 78.566894912118414, 17.49355284279449 ], [ 78.566894912118414, 17.493545172354665 ], [ 78.566892229417192, 17.493545172354665 ], [ 78.566892229417192, 17.493540058727941 ], [ 78.566889546715998, 17.493540058727941 ], [ 78.566889546715998, 17.493537501914524 ], [ 78.566886864014819, 17.493537501914524 ], [ 78.566886864014819, 17.493529831474056 ], [ 78.566889546715998, 17.493529831474056 ], [ 78.566889546715998, 17.493522161033265 ], [ 78.566892229417192, 17.493522161033265 ], [ 78.566892229417192, 17.493517047405891 ], [ 78.566894912118414, 17.493517047405891 ], [ 78.566894912118414, 17.493514490592151 ], [ 78.566897594819608, 17.493514490592151 ], [ 78.566897594819608, 17.493511933778375 ], [ 78.566900277520816, 17.493511933778375 ], [ 78.566900277520816, 17.493509376964564 ], [ 78.566905642923231, 17.493509376964564 ], [ 78.566905642923231, 17.493506820150717 ], [ 78.566911008325633, 17.493506820150717 ], [ 78.566911008325633, 17.493504263336828 ], [ 78.566916373728048, 17.493504263336828 ], [ 78.566916373728048, 17.49350170652291 ], [ 78.566919056429242, 17.49350170652291 ], [ 78.566919056429242, 17.493499149708949 ], [ 78.566924421831644, 17.493499149708949 ], [ 78.566924421831644, 17.49349659289496 ], [ 78.566929787234059, 17.49349659289496 ], [ 78.566929787234059, 17.493494036080929 ], [ 78.566937835337654, 17.493494036080929 ], [ 78.566937835337654, 17.493491479266865 ], [ 78.566948566142472, 17.493491479266865 ], [ 78.566948566142472, 17.493488922452766 ], [ 78.566956614246067, 17.493488922452766 ], [ 78.566956614246067, 17.493486365638628 ], [ 78.566961979648482, 17.493486365638628 ], [ 78.566961979648482, 17.493483808824454 ], [ 78.566967345050884, 17.493483808824454 ], [ 78.566967345050884, 17.493481252010248 ], [ 78.566975393154493, 17.493481252010248 ], [ 78.566975393154493, 17.493478695196004 ], [ 78.56698880666049, 17.493478695196004 ], [ 78.56698880666049, 17.493481252010248 ], [ 78.566994172062905, 17.493481252010248 ], [ 78.566994172062905, 17.493483808824454 ], [ 78.566996854764113, 17.493483808824454 ], [ 78.566996854764113, 17.493488922452766 ], [ 78.566999537465307, 17.493488922452766 ], [ 78.566999537465307, 17.49349659289496 ], [ 78.567002220166515, 17.49349659289496 ], [ 78.567002220166515, 17.493504263336828 ], [ 78.567004902867723, 17.493504263336828 ], [ 78.567004902867723, 17.493511933778375 ], [ 78.56700758556893, 17.493511933778375 ], [ 78.56700758556893, 17.493519604219596 ], [ 78.567010268270124, 17.493519604219596 ], [ 78.567010268270124, 17.493527274660494 ], [ 78.567012950971318, 17.493527274660494 ], [ 78.567012950971318, 17.493529831474056 ], [ 78.56701563367254, 17.493529831474056 ], [ 78.56701563367254, 17.493542615541323 ], [ 78.567018316373733, 17.493542615541323 ], [ 78.567018316373733, 17.493557956420855 ], [ 78.56701563367254, 17.493557956420855 ], [ 78.56701563367254, 17.493563070047077 ], [ 78.567010268270124, 17.493563070047077 ], [ 78.567010268270124, 17.493565626860136 ], [ 78.56700758556893, 17.493565626860136 ], [ 78.56700758556893, 17.493568183673158 ], [ 78.567002220166515, 17.493568183673158 ], [ 78.567002220166515, 17.493570740486142 ], [ 78.566996854764113, 17.493570740486142 ], [ 78.566996854764113, 17.493573297299093 ], [ 78.56698880666049, 17.493573297299093 ], [ 78.56698880666049, 17.493575854112006 ], [ 78.566980758556895, 17.493575854112006 ], [ 78.566980758556895, 17.493578410924886 ], [ 78.5669727104533, 17.493578410924886 ], [ 78.5669727104533, 17.493580967737728 ], [ 78.566964662349676, 17.493580967737728 ], [ 78.566964662349676, 17.493583524550534 ], [ 78.566956614246067, 17.493583524550534 ], [ 78.566956614246067, 17.493586081363301 ], [ 78.566951248843665, 17.493586081363301 ], [ 78.566951248843665, 17.493588638176035 ], [ 78.566940518038848, 17.493588638176035 ], [ 78.566940518038848, 17.493591194988735 ], [ 78.566927104532851, 17.493591194988735 ], [ 78.566927104532851, 17.493593751801395 ], [ 78.566911008325633, 17.493593751801395 ] ] ] } },
{ "type": "Feature", "properties": { "value": 255.0 }, "geometry": { "type": "Polygon", "coordinates": [ [ [ 78.566532747456066, 17.493634660799096 ], [ 78.566532747456066, 17.493632103987011 ], [ 78.566530064754858, 17.493632103987011 ], [ 78.566530064754858, 17.493629547174887 ], [ 78.56652738205365, 17.493629547174887 ], [ 78.56652738205365, 17.493624433550536 ], [ 78.566524699352456, 17.493624433550536 ], [ 78.566524699352456, 17.493609092676611 ], [ 78.566522016651263, 17.493609092676611 ], [ 78.566522016651263, 17.493601422239166 ], [ 78.566519333950055, 17.493601422239166 ], [ 78.566519333950055, 17.493588638176035 ], [ 78.566516651248847, 17.493588638176035 ], [ 78.566516651248847, 17.493568183673158 ], [ 78.566487141535632, 17.493568183673158 ], [ 78.566487141535632, 17.493563070047077 ], [ 78.56648445883441, 17.493563070047077 ], [ 78.56648445883441, 17.493557956420855 ], [ 78.566481776133216, 17.493557956420855 ], [ 78.566481776133216, 17.493542615541323 ], [ 78.566479093432022, 17.493542615541323 ], [ 78.566479093432022, 17.493529831474056 ], [ 78.566476410730814, 17.493529831474056 ], [ 78.566476410730814, 17.493517047405891 ], [ 78.566473728029607, 17.493517047405891 ], [ 78.566473728029607, 17.49350170652291 ], [ 78.566476410730814, 17.49350170652291 ], [ 78.566476410730814, 17.49349659289496 ], [ 78.566479093432022, 17.49349659289496 ], [ 78.566479093432022, 17.493494036080929 ], [ 78.56648445883441, 17.493494036080929 ], [ 78.56648445883441, 17.493491479266865 ], [ 78.566487141535632, 17.493491479266865 ], [ 78.566487141535632, 17.493488922452766 ], [ 78.566497872340435, 17.493488922452766 ], [ 78.566497872340435, 17.493486365638628 ], [ 78.566516651248847, 17.493486365638628 ], [ 78.566516651248847, 17.493483808824454 ], [ 78.56652738205365, 17.493483808824454 ], [ 78.56652738205365, 17.493481252010248 ], [ 78.566532747456066, 17.493481252010248 ], [ 78.566532747456066, 17.493478695196004 ], [ 78.566543478260883, 17.493478695196004 ], [ 78.566543478260883, 17.493476138381723 ], [ 78.566567622571696, 17.493476138381723 ], [ 78.566567622571696, 17.493478695196004 ], [ 78.56657030527289, 17.493478695196004 ], [ 78.56657030527289, 17.493483808824454 ], [ 78.566572987974098, 17.493483808824454 ], [ 78.566572987974098, 17.49349659289496 ], [ 78.566575670675306, 17.49349659289496 ], [ 78.566575670675306, 17.493509376964564 ], [ 78.566578353376514, 17.493509376964564 ], [ 78.566578353376514, 17.493519604219596 ], [ 78.566581036077707, 17.493519604219596 ], [ 78.566581036077707, 17.493532388287584 ], [ 78.566583718778915, 17.493532388287584 ], [ 78.566583718778915, 17.49355284279449 ], [ 78.566605180388521, 17.49355284279449 ], [ 78.566605180388521, 17.493565626860136 ], [ 78.566607863089743, 17.493565626860136 ], [ 78.566607863089743, 17.493573297299093 ], [ 78.566610545790937, 17.493573297299093 ], [ 78.566610545790937, 17.493578410924886 ], [ 78.566623959296948, 17.493578410924886 ], [ 78.566623959296948, 17.493580967737728 ], [ 78.566626641998155, 17.493580967737728 ], [ 78.566626641998155, 17.493586081363301 ], [ 78.566629324699363, 17.493586081363301 ], [ 78.566629324699363, 17.493578410924886 ], [ 78.566632007400571, 17.493578410924886 ], [ 78.566632007400571, 17.493570740486142 ], [ 78.566634690101765, 17.493570740486142 ], [ 78.566634690101765, 17.493568183673158 ], [ 78.566637372802973, 17.493568183673158 ], [ 78.566637372802973, 17.493565626860136 ], [ 78.566640055504166, 17.493565626860136 ], [ 78.566640055504166, 17.493563070047077 ], [ 78.566650786308969, 17.493563070047077 ], [ 78.566650786308969, 17.493560513233987 ], [ 78.566685661424629, 17.493560513233987 ], [ 78.566685661424629, 17.493563070047077 ], [ 78.566688344125822, 17.493563070047077 ], [ 78.566688344125822, 17.493573297299093 ], [ 78.56669102682703, 17.493573297299093 ], [ 78.56669102682703, 17.493578410924886 ], [ 78.566693709528224, 17.493578410924886 ], [ 78.566693709528224, 17.493586081363301 ], [ 78.566696392229417, 17.493586081363301 ], [ 78.566696392229417, 17.493596308614023 ], [ 78.566699074930625, 17.493596308614023 ], [ 78.566699074930625, 17.493601422239166 ], [ 78.566696392229417, 17.493601422239166 ], [ 78.566696392229417, 17.493609092676611 ], [ 78.566693709528224, 17.493609092676611 ], [ 78.566693709528224, 17.493619319926037 ], [ 78.56669102682703, 17.493619319926037 ], [ 78.56669102682703, 17.493621876738306 ], [ 78.566685661424629, 17.493621876738306 ], [ 78.566685661424629, 17.493624433550536 ], [ 78.566680296022213, 17.493624433550536 ], [ 78.566680296022213, 17.493626990362731 ], [ 78.566669565217396, 17.493626990362731 ], [ 78.566669565217396, 17.493629547174887 ], [ 78.566645420906582, 17.493629547174887 ], [ 78.566645420906582, 17.493626990362731 ], [ 78.566642738205388, 17.493626990362731 ], [ 78.566642738205388, 17.493624433550536 ], [ 78.566640055504166, 17.493624433550536 ], [ 78.566640055504166, 17.493619319926037 ], [ 78.566637372802973, 17.493619319926037 ], [ 78.566637372802973, 17.493611649489026 ], [ 78.566632007400571, 17.493611649489026 ], [ 78.566632007400571, 17.493616763113735 ], [ 78.566629324699363, 17.493616763113735 ], [ 78.566629324699363, 17.493619319926037 ], [ 78.566623959296948, 17.493619319926037 ], [ 78.566623959296948, 17.493621876738306 ], [ 78.566610545790937, 17.493621876738306 ], [ 78.566610545790937, 17.493624433550536 ], [ 78.56659713228494, 17.493624433550536 ], [ 78.56659713228494, 17.493626990362731 ], [ 78.566583718778915, 17.493626990362731 ], [ 78.566583718778915, 17.493629547174887 ], [ 78.566567622571696, 17.493629547174887 ], [ 78.566567622571696, 17.493632103987011 ], [ 78.566548843663284, 17.493632103987011 ], [ 78.566548843663284, 17.493634660799096 ], [ 78.566532747456066, 17.493634660799096 ] ], [ [ 78.566632007400571, 17.493609092676611 ], [ 78.566634690101765, 17.493609092676611 ], [ 78.566634690101765, 17.493601422239166 ], [ 78.566632007400571, 17.493601422239166 ], [ 78.566632007400571, 17.493609092676611 ] ], [ [ 78.566629324699363, 17.493598865426616 ], [ 78.566632007400571, 17.493598865426616 ], [ 78.566632007400571, 17.493588638176035 ], [ 78.566629324699363, 17.493588638176035 ], [ 78.566629324699363, 17.493598865426616 ] ], [ [ 78.566581036077707, 17.49355539960769 ], [ 78.566583718778915, 17.49355539960769 ], [ 78.566583718778915, 17.49355284279449 ], [ 78.566581036077707, 17.49355284279449 ], [ 78.566581036077707, 17.49355539960769 ] ] ] } },
{ "type": "Feature", "properties": { "value": 255.0 }, "geometry": { "type": "Polygon", "coordinates": [ [ [ 78.565875485661422, 17.493626990362731 ], [ 78.565875485661422, 17.493624433550536 ], [ 78.565859389454218, 17.493624433550536 ], [ 78.565859389454218, 17.493621876738306 ], [ 78.565816466234978, 17.493621876738306 ], [ 78.565816466234978, 17.493619319926037 ], [ 78.565811100832576, 17.493619319926037 ], [ 78.565811100832576, 17.493616763113735 ], [ 78.56578427382054, 17.493616763113735 ], [ 78.56578427382054, 17.493614206301398 ], [ 78.565781591119332, 17.493614206301398 ], [ 78.565781591119332, 17.493611649489026 ], [ 78.565778908418125, 17.493611649489026 ], [ 78.565778908418125, 17.493609092676611 ], [ 78.565776225716945, 17.493609092676611 ], [ 78.565776225716945, 17.493591194988735 ], [ 78.565773543015737, 17.493591194988735 ], [ 78.565773543015737, 17.49355539960769 ], [ 78.56577086031453, 17.49355539960769 ], [ 78.56577086031453, 17.493514490592151 ], [ 78.565768177613336, 17.493514490592151 ], [ 78.565768177613336, 17.493494036080929 ], [ 78.56577086031453, 17.493494036080929 ], [ 78.56577086031453, 17.493486365638628 ], [ 78.565768177613336, 17.493486365638628 ], [ 78.565768177613336, 17.493476138381723 ], [ 78.56577086031453, 17.493476138381723 ], [ 78.56577086031453, 17.493471024753056 ], [ 78.565773543015737, 17.493471024753056 ], [ 78.565773543015737, 17.493468467938666 ], [ 78.565778908418125, 17.493468467938666 ], [ 78.565778908418125, 17.493465911124243 ], [ 78.565832562442182, 17.493465911124243 ], [ 78.565832562442182, 17.493463354309782 ], [ 78.565864754856619, 17.493463354309782 ], [ 78.565864754856619, 17.493465911124243 ], [ 78.565867437557827, 17.493465911124243 ], [ 78.565867437557827, 17.493473581567407 ], [ 78.565870120259021, 17.493473581567407 ], [ 78.565870120259021, 17.493511933778375 ], [ 78.565872802960243, 17.493511933778375 ], [ 78.565872802960243, 17.493547729167975 ], [ 78.565875485661422, 17.493547729167975 ], [ 78.565875485661422, 17.493557956420855 ], [ 78.565878168362616, 17.493557956420855 ], [ 78.565878168362616, 17.493568183673158 ], [ 78.565880851063838, 17.493568183673158 ], [ 78.565880851063838, 17.493591194988735 ], [ 78.565883533765032, 17.493591194988735 ], [ 78.565883533765032, 17.493624433550536 ], [ 78.565878168362616, 17.493624433550536 ], [ 78.565878168362616, 17.493626990362731 ], [ 78.565875485661422, 17.493626990362731 ] ] ] } },
{ "type": "Feature", "properties": { "value": 255.0 }, "geometry": { "type": "Polygon", "coordinates": [ [ [ 78.56671517113783, 17.493511933778375 ], [ 78.56671517113783, 17.493509376964564 ], [ 78.566709805735428, 17.493509376964564 ], [ 78.566709805735428, 17.493506820150717 ], [ 78.566707123034234, 17.493506820150717 ], [ 78.566707123034234, 17.49350170652291 ], [ 78.566704440333027, 17.49350170652291 ], [ 78.566704440333027, 17.493488922452766 ], [ 78.566701757631819, 17.493488922452766 ], [ 78.566701757631819, 17.493481252010248 ], [ 78.566699074930625, 17.493481252010248 ], [ 78.566699074930625, 17.493465911124243 ], [ 78.566701757631819, 17.493465911124243 ], [ 78.566701757631819, 17.493463354309782 ], [ 78.566704440333027, 17.493463354309782 ], [ 78.566704440333027, 17.493460797495285 ], [ 78.566712488436636, 17.493460797495285 ], [ 78.566712488436636, 17.493458240680756 ], [ 78.566720536540245, 17.493458240680756 ], [ 78.566720536540245, 17.493455683866188 ], [ 78.566728584643855, 17.493455683866188 ], [ 78.566728584643855, 17.493453127051584 ], [ 78.566739315448658, 17.493453127051584 ], [ 78.566739315448658, 17.493450570236945 ], [ 78.566752728954668, 17.493450570236945 ], [ 78.566752728954668, 17.493448013422267 ], [ 78.566763459759485, 17.493448013422267 ], [ 78.566763459759485, 17.493445456607557 ], [ 78.566771507863095, 17.493445456607557 ], [ 78.566771507863095, 17.493442899792811 ], [ 78.566790286771521, 17.493442899792811 ], [ 78.566790286771521, 17.493445456607557 ], [ 78.566792969472701, 17.493445456607557 ], [ 78.566792969472701, 17.493448013422267 ], [ 78.566795652173909, 17.493448013422267 ], [ 78.566795652173909, 17.493463354309782 ], [ 78.566798334875116, 17.493463354309782 ], [ 78.566798334875116, 17.493476138381723 ], [ 78.56680101757631, 17.493476138381723 ], [ 78.56680101757631, 17.493491479266865 ], [ 78.566798334875116, 17.493491479266865 ], [ 78.566798334875116, 17.493494036080929 ], [ 78.566790286771521, 17.493494036080929 ], [ 78.566790286771521, 17.49349659289496 ], [ 78.566779555966704, 17.49349659289496 ], [ 78.566779555966704, 17.493499149708949 ], [ 78.566766142460693, 17.493499149708949 ], [ 78.566766142460693, 17.49350170652291 ], [ 78.566736632747464, 17.49350170652291 ], [ 78.566736632747464, 17.493504263336828 ], [ 78.566731267345062, 17.493504263336828 ], [ 78.566731267345062, 17.493506820150717 ], [ 78.566723219241453, 17.493506820150717 ], [ 78.566723219241453, 17.493509376964564 ], [ 78.566717853839052, 17.493509376964564 ], [ 78.566717853839052, 17.493511933778375 ], [ 78.56671517113783, 17.493511933778375 ] ] ] } },
{ "type": "Feature", "properties": { "value": 255.0 }, "geometry": { "type": "Polygon", "coordinates": [ [ [ 78.565196762257173, 17.493494036080929 ], [ 78.565196762257173, 17.493491479266865 ], [ 78.565191396854786, 17.493491479266865 ], [ 78.565191396854786, 17.493488922452766 ], [ 78.565188714153578, 17.493488922452766 ], [ 78.565188714153578, 17.493483808824454 ], [ 78.56518603145237, 17.493483808824454 ], [ 78.56518603145237, 17.493476138381723 ], [ 78.565183348751162, 17.493476138381723 ], [ 78.565183348751162, 17.493463354309782 ], [ 78.565180666049969, 17.493463354309782 ], [ 78.565180666049969, 17.493442899792811 ], [ 78.565177983348761, 17.493442899792811 ], [ 78.565177983348761, 17.49343522934835 ], [ 78.565180666049969, 17.49343522934835 ], [ 78.565180666049969, 17.493430115718532 ], [ 78.565183348751162, 17.493430115718532 ], [ 78.565183348751162, 17.493427558903566 ], [ 78.56519407955598, 17.493427558903566 ], [ 78.56519407955598, 17.493425002088568 ], [ 78.565210175763184, 17.493425002088568 ], [ 78.565210175763184, 17.493422445273534 ], [ 78.565226271970403, 17.493422445273534 ], [ 78.565226271970403, 17.493419888458458 ], [ 78.56523700277522, 17.493419888458458 ], [ 78.56523700277522, 17.493417331643354 ], [ 78.565245050878829, 17.493417331643354 ], [ 78.565245050878829, 17.49341477482821 ], [ 78.565250416281216, 17.49341477482821 ], [ 78.565250416281216, 17.493412218013031 ], [ 78.565266512488449, 17.493412218013031 ], [ 78.565266512488449, 17.49341477482821 ], [ 78.565269195189643, 17.49341477482821 ], [ 78.565269195189643, 17.493419888458458 ], [ 78.565271877890851, 17.493419888458458 ], [ 78.565271877890851, 17.493427558903566 ], [ 78.565274560592044, 17.493427558903566 ], [ 78.565274560592044, 17.493440342978026 ], [ 78.565277243293266, 17.493440342978026 ], [ 78.565277243293266, 17.493453127051584 ], [ 78.56527992599446, 17.493453127051584 ], [ 78.56527992599446, 17.493465911124243 ], [ 78.565277243293266, 17.493465911124243 ], [ 78.565277243293266, 17.493473581567407 ], [ 78.565274560592044, 17.493473581567407 ], [ 78.565274560592044, 17.493478695196004 ], [ 78.565271877890851, 17.493478695196004 ], [ 78.565271877890851, 17.493481252010248 ], [ 78.565269195189643, 17.493481252010248 ], [ 78.565269195189643, 17.493483808824454 ], [ 78.565253098982424, 17.493483808824454 ], [ 78.565253098982424, 17.493486365638628 ], [ 78.565234320074026, 17.493486365638628 ], [ 78.565234320074026, 17.493488922452766 ], [ 78.565220906568001, 17.493488922452766 ], [ 78.565220906568001, 17.493491479266865 ], [ 78.565202127659575, 17.493491479266865 ], [ 78.565202127659575, 17.493494036080929 ], [ 78.565196762257173, 17.493494036080929 ] ] ] } },
{ "type": "Feature", "properties": { "value": 255.0 }, "geometry": { "type": "Polygon", "coordinates": [ [ [ 78.56533089731731, 17.493537501914524 ], [ 78.56533089731731, 17.493534945101075 ], [ 78.565328214616102, 17.493534945101075 ], [ 78.565328214616102, 17.493532388287584 ], [ 78.565325531914908, 17.493532388287584 ], [ 78.565325531914908, 17.493524717846899 ], [ 78.5653228492137, 17.493524717846899 ], [ 78.5653228492137, 17.493506820150717 ], [ 78.565320166512493, 17.493506820150717 ], [ 78.565320166512493, 17.493483808824454 ], [ 78.565317483811285, 17.493483808824454 ], [ 78.565317483811285, 17.493465911124243 ], [ 78.565314801110091, 17.493465911124243 ], [ 78.565314801110091, 17.493448013422267 ], [ 78.565317483811285, 17.493448013422267 ], [ 78.565317483811285, 17.49343522934835 ], [ 78.565320166512493, 17.49343522934835 ], [ 78.565320166512493, 17.493432672533459 ], [ 78.5653228492137, 17.493432672533459 ], [ 78.5653228492137, 17.493430115718532 ], [ 78.565355041628123, 17.493430115718532 ], [ 78.565355041628123, 17.493427558903566 ], [ 78.565365772432941, 17.493427558903566 ], [ 78.565365772432941, 17.493425002088568 ], [ 78.565379185938951, 17.493425002088568 ], [ 78.565379185938951, 17.493422445273534 ], [ 78.565384551341353, 17.493422445273534 ], [ 78.565384551341353, 17.493419888458458 ], [ 78.565392599444948, 17.493419888458458 ], [ 78.565392599444948, 17.493417331643354 ], [ 78.565403330249765, 17.493417331643354 ], [ 78.565403330249765, 17.49341477482821 ], [ 78.565427474560593, 17.49341477482821 ], [ 78.565427474560593, 17.493412218013031 ], [ 78.565435522664217, 17.493412218013031 ], [ 78.565435522664217, 17.49340966119782 ], [ 78.565448936170213, 17.49340966119782 ], [ 78.565448936170213, 17.493407104382563 ], [ 78.565465032377446, 17.493407104382563 ], [ 78.565465032377446, 17.49340966119782 ], [ 78.56546771507864, 17.49340966119782 ], [ 78.56546771507864, 17.493412218013031 ], [ 78.565470397779833, 17.493412218013031 ], [ 78.565470397779833, 17.493427558903566 ], [ 78.565473080481041, 17.493427558903566 ], [ 78.565473080481041, 17.493448013422267 ], [ 78.565475763182249, 17.493448013422267 ], [ 78.565475763182249, 17.493465911124243 ], [ 78.565478445883457, 17.493465911124243 ], [ 78.565478445883457, 17.493488922452766 ], [ 78.565481128584651, 17.493488922452766 ], [ 78.565481128584651, 17.493511933778375 ], [ 78.565478445883457, 17.493511933778375 ], [ 78.565478445883457, 17.493522161033265 ], [ 78.565475763182249, 17.493522161033265 ], [ 78.565475763182249, 17.493524717846899 ], [ 78.565473080481041, 17.493524717846899 ], [ 78.565473080481041, 17.493527274660494 ], [ 78.565465032377446, 17.493527274660494 ], [ 78.565465032377446, 17.493529831474056 ], [ 78.56545966697503, 17.493529831474056 ], [ 78.56545966697503, 17.493532388287584 ], [ 78.565422109158192, 17.493532388287584 ], [ 78.565422109158192, 17.493529831474056 ], [ 78.565419426456998, 17.493529831474056 ], [ 78.565419426456998, 17.493527274660494 ], [ 78.56541674375579, 17.493527274660494 ], [ 78.56541674375579, 17.493524717846899 ], [ 78.565403330249765, 17.493524717846899 ], [ 78.565403330249765, 17.493527274660494 ], [ 78.565397964847364, 17.493527274660494 ], [ 78.565397964847364, 17.493529831474056 ], [ 78.565384551341353, 17.493529831474056 ], [ 78.565384551341353, 17.493532388287584 ], [ 78.565365772432941, 17.493532388287584 ], [ 78.565365772432941, 17.493534945101075 ], [ 78.565349676225708, 17.493534945101075 ], [ 78.565349676225708, 17.493537501914524 ], [ 78.56533089731731, 17.493537501914524 ] ] ] } },
{ "type": "Feature", "properties": { "value": 255.0 }, "geometry": { "type": "Polygon", "coordinates": [ [ [ 78.565076040703048, 17.493603979051684 ], [ 78.565076040703048, 17.493601422239166 ], [ 78.565073358001854, 17.493601422239166 ], [ 78.565073358001854, 17.493593751801395 ], [ 78.56507067530066, 17.493593751801395 ], [ 78.56507067530066, 17.493580967737728 ], [ 78.565067992599452, 17.493580967737728 ], [ 78.565067992599452, 17.493570740486142 ], [ 78.565065309898245, 17.493570740486142 ], [ 78.565065309898245, 17.493560513233987 ], [ 78.565062627197037, 17.493560513233987 ], [ 78.565062627197037, 17.49355284279449 ], [ 78.565059944495843, 17.49355284279449 ], [ 78.565059944495843, 17.493542615541323 ], [ 78.565057261794635, 17.493542615541323 ], [ 78.565057261794635, 17.493537501914524 ], [ 78.565054579093427, 17.493537501914524 ], [ 78.565054579093427, 17.493529831474056 ], [ 78.565051896392248, 17.493529831474056 ], [ 78.565051896392248, 17.493499149708949 ], [ 78.56504921369104, 17.493499149708949 ], [ 78.56504921369104, 17.493494036080929 ], [ 78.565046530989846, 17.493494036080929 ], [ 78.565046530989846, 17.493491479266865 ], [ 78.565043848288624, 17.493491479266865 ], [ 78.565043848288624, 17.493486365638628 ], [ 78.565041165587431, 17.493486365638628 ], [ 78.565041165587431, 17.493481252010248 ], [ 78.565038482886223, 17.493481252010248 ], [ 78.565038482886223, 17.493476138381723 ], [ 78.565035800185029, 17.493476138381723 ], [ 78.565035800185029, 17.493468467938666 ], [ 78.565033117483807, 17.493468467938666 ], [ 78.565033117483807, 17.493453127051584 ], [ 78.565030434782614, 17.493453127051584 ], [ 78.565030434782614, 17.493440342978026 ], [ 78.56502775208142, 17.493440342978026 ], [ 78.56502775208142, 17.493419888458458 ], [ 78.565030434782614, 17.493419888458458 ], [ 78.565030434782614, 17.49341477482821 ], [ 78.56504921369104, 17.49341477482821 ], [ 78.56504921369104, 17.493412218013031 ], [ 78.565062627197037, 17.493412218013031 ], [ 78.565062627197037, 17.49340966119782 ], [ 78.56509213691028, 17.49340966119782 ], [ 78.56509213691028, 17.493407104382563 ], [ 78.56510018501389, 17.493407104382563 ], [ 78.56510018501389, 17.49340454756728 ], [ 78.565105550416277, 17.49340454756728 ], [ 78.565105550416277, 17.493401990751952 ], [ 78.565108233117485, 17.493401990751952 ], [ 78.565108233117485, 17.49340454756728 ], [ 78.565110915818693, 17.49340454756728 ], [ 78.565110915818693, 17.49340966119782 ], [ 78.565113598519901, 17.49340966119782 ], [ 78.565113598519901, 17.493412218013031 ], [ 78.565116281221094, 17.493412218013031 ], [ 78.565116281221094, 17.493417331643354 ], [ 78.565118963922288, 17.493417331643354 ], [ 78.565118963922288, 17.493419888458458 ], [ 78.565121646623496, 17.493419888458458 ], [ 78.565121646623496, 17.493422445273534 ], [ 78.565124329324703, 17.493422445273534 ], [ 78.565124329324703, 17.493425002088568 ], [ 78.565127012025911, 17.493425002088568 ], [ 78.565127012025911, 17.493430115718532 ], [ 78.565129694727105, 17.493430115718532 ], [ 78.565129694727105, 17.493432672533459 ], [ 78.565137742830728, 17.493432672533459 ], [ 78.565137742830728, 17.49343522934835 ], [ 78.56514310823313, 17.49343522934835 ], [ 78.56514310823313, 17.493437786163202 ], [ 78.565145790934338, 17.493437786163202 ], [ 78.565145790934338, 17.493440342978026 ], [ 78.565148473635546, 17.493440342978026 ], [ 78.565148473635546, 17.493442899792811 ], [ 78.565153839037919, 17.493442899792811 ], [ 78.565153839037919, 17.493445456607557 ], [ 78.565156521739141, 17.493445456607557 ], [ 78.565156521739141, 17.493448013422267 ], [ 78.565159204440334, 17.493448013422267 ], [ 78.565159204440334, 17.493450570236945 ], [ 78.565164569842736, 17.493450570236945 ], [ 78.565164569842736, 17.493453127051584 ], [ 78.565167252543944, 17.493453127051584 ], [ 78.565167252543944, 17.493458240680756 ], [ 78.565169935245152, 17.493458240680756 ], [ 78.565169935245152, 17.493465911124243 ], [ 78.565172617946345, 17.493465911124243 ], [ 78.565172617946345, 17.493471024753056 ], [ 78.565175300647553, 17.493471024753056 ], [ 78.565175300647553, 17.493473581567407 ], [ 78.565177983348761, 17.493473581567407 ], [ 78.565177983348761, 17.493478695196004 ], [ 78.565180666049969, 17.493478695196004 ], [ 78.565180666049969, 17.493506820150717 ], [ 78.565183348751162, 17.493506820150717 ], [ 78.565183348751162, 17.493517047405891 ], [ 78.56518603145237, 17.493517047405891 ], [ 78.56518603145237, 17.493532388287584 ], [ 78.565188714153578, 17.493532388287584 ], [ 78.565188714153578, 17.493547729167975 ], [ 78.565191396854786, 17.493547729167975 ], [ 78.565191396854786, 17.493578410924886 ], [ 78.565188714153578, 17.493578410924886 ], [ 78.565188714153578, 17.493588638176035 ], [ 78.56518603145237, 17.493588638176035 ], [ 78.56518603145237, 17.493596308614023 ], [ 78.565183348751162, 17.493596308614023 ], [ 78.565183348751162, 17.493598865426616 ], [ 78.565180666049969, 17.493598865426616 ], [ 78.565180666049969, 17.493601422239166 ], [ 78.565175300647553, 17.493601422239166 ], [ 78.565175300647553, 17.493603979051684 ], [ 78.565172617946345, 17.493603979051684 ], [ 78.565172617946345, 17.493598865426616 ], [ 78.565169935245152, 17.493598865426616 ], [ 78.565169935245152, 17.493593751801395 ], [ 78.565156521739141, 17.493593751801395 ], [ 78.565156521739141, 17.493596308614023 ], [ 78.565135060129521, 17.493596308614023 ], [ 78.565135060129521, 17.493598865426616 ], [ 78.565124329324703, 17.493598865426616 ], [ 78.565124329324703, 17.493601422239166 ], [ 78.565116281221094, 17.493601422239166 ], [ 78.565116281221094, 17.493603979051684 ], [ 78.565076040703048, 17.493603979051684 ] ] ] } },
{ "type": "Feature", "properties": { "value": 255.0 }, "geometry": { "type": "Polygon", "coordinates": [ [ [ 78.56569842738206, 17.493481252010248 ], [ 78.56569842738206, 17.493478695196004 ], [ 78.565695744680852, 17.493478695196004 ], [ 78.565695744680852, 17.493430115718532 ], [ 78.565693061979644, 17.493430115718532 ], [ 78.565693061979644, 17.493419888458458 ], [ 78.565695744680852, 17.493419888458458 ], [ 78.565695744680852, 17.493407104382563 ], [ 78.56569842738206, 17.493407104382563 ], [ 78.56569842738206, 17.493401990751952 ], [ 78.565703792784461, 17.493401990751952 ], [ 78.565703792784461, 17.493399433936595 ], [ 78.565727937095303, 17.493399433936595 ], [ 78.565727937095303, 17.493396877121199 ], [ 78.565746716003702, 17.493396877121199 ], [ 78.565746716003702, 17.493399433936595 ], [ 78.565752081406117, 17.493399433936595 ], [ 78.565752081406117, 17.493401990751952 ], [ 78.565754764107311, 17.493401990751952 ], [ 78.565754764107311, 17.49340454756728 ], [ 78.565757446808519, 17.49340454756728 ], [ 78.565757446808519, 17.49341477482821 ], [ 78.565760129509727, 17.49341477482821 ], [ 78.565760129509727, 17.493468467938666 ], [ 78.565757446808519, 17.493468467938666 ], [ 78.565757446808519, 17.493476138381723 ], [ 78.565754764107311, 17.493476138381723 ], [ 78.565754764107311, 17.493478695196004 ], [ 78.565752081406117, 17.493478695196004 ], [ 78.565752081406117, 17.493481252010248 ], [ 78.56569842738206, 17.493481252010248 ] ] ] } },
{ "type": "Feature", "properties": { "value": 255.0 }, "geometry": { "type": "Polygon", "coordinates": [ [ [ 78.564633395004634, 17.493524717846899 ], [ 78.564633395004634, 17.493522161033265 ], [ 78.564628029602233, 17.493522161033265 ], [ 78.564628029602233, 17.493519604219596 ], [ 78.564625346901011, 17.493519604219596 ], [ 78.564625346901011, 17.493511933778375 ], [ 78.564622664199817, 17.493511933778375 ], [ 78.564622664199817, 17.49349659289496 ], [ 78.564619981498609, 17.49349659289496 ], [ 78.564619981498609, 17.493481252010248 ], [ 78.56461729879743, 17.493481252010248 ], [ 78.56461729879743, 17.493473581567407 ], [ 78.564614616096222, 17.493473581567407 ], [ 78.564614616096222, 17.493463354309782 ], [ 78.564611933395014, 17.493463354309782 ], [ 78.564611933395014, 17.493448013422267 ], [ 78.56460925069382, 17.493448013422267 ], [ 78.56460925069382, 17.49343522934835 ], [ 78.564606567992612, 17.49343522934835 ], [ 78.564606567992612, 17.493427558903566 ], [ 78.564603885291405, 17.493427558903566 ], [ 78.564603885291405, 17.493407104382563 ], [ 78.564606567992612, 17.493407104382563 ], [ 78.564606567992612, 17.49340454756728 ], [ 78.564611933395014, 17.49340454756728 ], [ 78.564611933395014, 17.493401990751952 ], [ 78.564636077705828, 17.493401990751952 ], [ 78.564636077705828, 17.493399433936595 ], [ 78.564649491211853, 17.493399433936595 ], [ 78.564649491211853, 17.493396877121199 ], [ 78.564662904717878, 17.493396877121199 ], [ 78.564662904717878, 17.493394320305772 ], [ 78.564676318223874, 17.493394320305772 ], [ 78.564676318223874, 17.493391763490301 ], [ 78.564692414431093, 17.493391763490301 ], [ 78.564692414431093, 17.493389206674799 ], [ 78.564705827937118, 17.493389206674799 ], [ 78.564705827937118, 17.493386649859261 ], [ 78.564719241443115, 17.493386649859261 ], [ 78.564719241443115, 17.493384093043684 ], [ 78.564735337650319, 17.493384093043684 ], [ 78.564735337650319, 17.493381536228075 ], [ 78.564751433857552, 17.493381536228075 ], [ 78.564751433857552, 17.49337897941243 ], [ 78.564772895467158, 17.49337897941243 ], [ 78.564772895467158, 17.493376422596747 ], [ 78.564815818686398, 17.493376422596747 ], [ 78.564815818686398, 17.49337897941243 ], [ 78.564823866790007, 17.49337897941243 ], [ 78.564823866790007, 17.493381536228075 ], [ 78.564829232192423, 17.493381536228075 ], [ 78.564829232192423, 17.493389206674799 ], [ 78.564831914893617, 17.493389206674799 ], [ 78.564831914893617, 17.49340454756728 ], [ 78.564834597594825, 17.49340454756728 ], [ 78.564834597594825, 17.49340966119782 ], [ 78.564831914893617, 17.49340966119782 ], [ 78.564831914893617, 17.493422445273534 ], [ 78.564834597594825, 17.493422445273534 ], [ 78.564834597594825, 17.493425002088568 ], [ 78.564831914893617, 17.493425002088568 ], [ 78.564831914893617, 17.493430115718532 ], [ 78.564826549491215, 17.493430115718532 ], [ 78.564826549491215, 17.493432672533459 ], [ 78.5648211840888, 17.493432672533459 ], [ 78.5648211840888, 17.49343522934835 ], [ 78.564815818686398, 17.49343522934835 ], [ 78.564815818686398, 17.493437786163202 ], [ 78.564813135985204, 17.493437786163202 ], [ 78.564813135985204, 17.493440342978026 ], [ 78.564810453284011, 17.493440342978026 ], [ 78.564810453284011, 17.493442899792811 ], [ 78.564807770582803, 17.493442899792811 ], [ 78.564807770582803, 17.493445456607557 ], [ 78.564802405180401, 17.493445456607557 ], [ 78.564802405180401, 17.493448013422267 ], [ 78.564797039778, 17.493448013422267 ], [ 78.564797039778, 17.493450570236945 ], [ 78.564791674375584, 17.493450570236945 ], [ 78.564791674375584, 17.493453127051584 ], [ 78.564778260869559, 17.493453127051584 ], [ 78.564778260869559, 17.493455683866188 ], [ 78.564738020351541, 17.493455683866188 ], [ 78.564738020351541, 17.493458240680756 ], [ 78.564735337650319, 17.493458240680756 ], [ 78.564735337650319, 17.493463354309782 ], [ 78.564732654949125, 17.493463354309782 ], [ 78.564732654949125, 17.493476138381723 ], [ 78.564735337650319, 17.493476138381723 ], [ 78.564735337650319, 17.49350170652291 ], [ 78.564732654949125, 17.49350170652291 ], [ 78.564732654949125, 17.493504263336828 ], [ 78.564729972247918, 17.493504263336828 ], [ 78.564729972247918, 17.493506820150717 ], [ 78.564721924144308, 17.493506820150717 ], [ 78.564721924144308, 17.493509376964564 ], [ 78.564713876040713, 17.493509376964564 ], [ 78.564713876040713, 17.493511933778375 ], [ 78.564703145235896, 17.493511933778375 ], [ 78.564703145235896, 17.493514490592151 ], [ 78.564692414431093, 17.493514490592151 ], [ 78.564692414431093, 17.493517047405891 ], [ 78.564681683626276, 17.493517047405891 ], [ 78.564681683626276, 17.493519604219596 ], [ 78.564662904717878, 17.493519604219596 ], [ 78.564662904717878, 17.493522161033265 ], [ 78.564644125809437, 17.493522161033265 ], [ 78.564644125809437, 17.493524717846899 ], [ 78.564641443108243, 17.493524717846899 ], [ 78.564641443108243, 17.493522161033265 ], [ 78.564636077705828, 17.493522161033265 ], [ 78.564636077705828, 17.493524717846899 ], [ 78.564633395004634, 17.493524717846899 ] ] ] } },
{ "type": "Feature", "properties": { "value": 255.0 }, "geometry": { "type": "Polygon", "coordinates": [ [ [ 78.5644, 17.493542615541323 ], [ 78.5644, 17.493361081701892 ], [ 78.564429509713236, 17.493361081701892 ], [ 78.564429509713236, 17.493363638517796 ], [ 78.564432192414429, 17.493363638517796 ], [ 78.564432192414429, 17.493366195333657 ], [ 78.564434875115637, 17.493366195333657 ], [ 78.564434875115637, 17.493371308965273 ], [ 78.564437557816831, 17.493371308965273 ], [ 78.564437557816831, 17.493384093043684 ], [ 78.564440240518053, 17.493384093043684 ], [ 78.564440240518053, 17.493376422596747 ], [ 78.564442923219246, 17.493376422596747 ], [ 78.564442923219246, 17.493373865781027 ], [ 78.564456336725257, 17.493373865781027 ], [ 78.564456336725257, 17.493371308965273 ], [ 78.56447511563367, 17.493371308965273 ], [ 78.56447511563367, 17.493368752149483 ], [ 78.564488529139695, 17.493368752149483 ], [ 78.564488529139695, 17.493366195333657 ], [ 78.564501942645705, 17.493366195333657 ], [ 78.564501942645705, 17.493368752149483 ], [ 78.564507308048121, 17.493368752149483 ], [ 78.564507308048121, 17.493371308965273 ], [ 78.564555596669763, 17.493371308965273 ], [ 78.564555596669763, 17.493368752149483 ], [ 78.564560962072164, 17.493368752149483 ], [ 78.564560962072164, 17.493366195333657 ], [ 78.564574375578175, 17.493366195333657 ], [ 78.564574375578175, 17.493368752149483 ], [ 78.564577058279369, 17.493368752149483 ], [ 78.564577058279369, 17.493371308965273 ], [ 78.564579740980577, 17.493371308965273 ], [ 78.564579740980577, 17.493376422596747 ], [ 78.564582423681784, 17.493376422596747 ], [ 78.564582423681784, 17.493381536228075 ], [ 78.564585106382992, 17.493381536228075 ], [ 78.564585106382992, 17.493386649859261 ], [ 78.564587789084186, 17.493386649859261 ], [ 78.564587789084186, 17.493407104382563 ], [ 78.56459047178538, 17.493407104382563 ], [ 78.56459047178538, 17.493417331643354 ], [ 78.564593154486587, 17.493417331643354 ], [ 78.564593154486587, 17.493430115718532 ], [ 78.564595837187795, 17.493430115718532 ], [ 78.564595837187795, 17.493445456607557 ], [ 78.564598519889003, 17.493445456607557 ], [ 78.564598519889003, 17.493463354309782 ], [ 78.564595837187795, 17.493463354309782 ], [ 78.564595837187795, 17.493486365638628 ], [ 78.564598519889003, 17.493486365638628 ], [ 78.564598519889003, 17.493499149708949 ], [ 78.564601202590197, 17.493499149708949 ], [ 78.564601202590197, 17.49350170652291 ], [ 78.564603885291405, 17.49350170652291 ], [ 78.564603885291405, 17.493504263336828 ], [ 78.564606567992612, 17.493504263336828 ], [ 78.564606567992612, 17.493506820150717 ], [ 78.56460925069382, 17.493506820150717 ], [ 78.56460925069382, 17.493517047405891 ], [ 78.564606567992612, 17.493517047405891 ], [ 78.564606567992612, 17.493514490592151 ], [ 78.564601202590197, 17.493514490592151 ], [ 78.564601202590197, 17.493511933778375 ], [ 78.564598519889003, 17.493511933778375 ], [ 78.564598519889003, 17.493514490592151 ], [ 78.564595837187795, 17.493514490592151 ], [ 78.564595837187795, 17.493517047405891 ], [ 78.564593154486587, 17.493517047405891 ], [ 78.564593154486587, 17.493519604219596 ], [ 78.56459047178538, 17.493519604219596 ], [ 78.56459047178538, 17.493522161033265 ], [ 78.564563644773372, 17.493522161033265 ], [ 78.564563644773372, 17.493524717846899 ], [ 78.564544865864946, 17.493524717846899 ], [ 78.564544865864946, 17.493522161033265 ], [ 78.564539500462544, 17.493522161033265 ], [ 78.564539500462544, 17.493519604219596 ], [ 78.564536817761336, 17.493519604219596 ], [ 78.564536817761336, 17.493514490592151 ], [ 78.564534135060129, 17.493514490592151 ], [ 78.564534135060129, 17.493522161033265 ], [ 78.564526086956519, 17.493522161033265 ], [ 78.564526086956519, 17.493524717846899 ], [ 78.564512673450523, 17.493524717846899 ], [ 78.564512673450523, 17.493527274660494 ], [ 78.564496577243304, 17.493527274660494 ], [ 78.564496577243304, 17.493529831474056 ], [ 78.564467067530074, 17.493529831474056 ], [ 78.564467067530074, 17.493527274660494 ], [ 78.564464384828881, 17.493527274660494 ], [ 78.564464384828881, 17.493522161033265 ], [ 78.564461702127673, 17.493522161033265 ], [ 78.564461702127673, 17.493527274660494 ], [ 78.564459019426465, 17.493527274660494 ], [ 78.564459019426465, 17.493534945101075 ], [ 78.564456336725257, 17.493534945101075 ], [ 78.564456336725257, 17.493537501914524 ], [ 78.564448288621648, 17.493537501914524 ], [ 78.564448288621648, 17.493540058727941 ], [ 78.564429509713236, 17.493540058727941 ], [ 78.564429509713236, 17.493542615541323 ], [ 78.5644, 17.493542615541323 ] ], [ [ 78.564459019426465, 17.493522161033265 ], [ 78.564461702127673, 17.493522161033265 ], [ 78.564461702127673, 17.493509376964564 ], [ 78.564459019426465, 17.493509376964564 ], [ 78.564459019426465, 17.493522161033265 ] ], [ [ 78.564456336725257, 17.493504263336828 ], [ 78.564459019426465, 17.493504263336828 ], [ 78.564459019426465, 17.493494036080929 ], [ 78.564456336725257, 17.493494036080929 ], [ 78.564456336725257, 17.493504263336828 ] ], [ [ 78.564531452358935, 17.49350170652291 ], [ 78.564534135060129, 17.49350170652291 ], [ 78.564534135060129, 17.493499149708949 ], [ 78.564531452358935, 17.493499149708949 ], [ 78.564531452358935, 17.49350170652291 ] ], [ [ 78.564453654024064, 17.493488922452766 ], [ 78.564456336725257, 17.493488922452766 ], [ 78.564456336725257, 17.493478695196004 ], [ 78.564453654024064, 17.493478695196004 ], [ 78.564453654024064, 17.493488922452766 ] ], [ [ 78.564528769657727, 17.493483808824454 ], [ 78.564531452358935, 17.493483808824454 ], [ 78.564531452358935, 17.493481252010248 ], [ 78.564528769657727, 17.493481252010248 ], [ 78.564528769657727, 17.493483808824454 ] ], [ [ 78.564450971322856, 17.493473581567407 ], [ 78.564453654024064, 17.493473581567407 ], [ 78.564453654024064, 17.493463354309782 ], [ 78.564450971322856, 17.493463354309782 ], [ 78.564450971322856, 17.493473581567407 ] ], [ [ 78.564526086956519, 17.493471024753056 ], [ 78.564528769657727, 17.493471024753056 ], [ 78.564528769657727, 17.493468467938666 ], [ 78.564526086956519, 17.493468467938666 ], [ 78.564526086956519, 17.493471024753056 ] ], [ [ 78.564448288621648, 17.493453127051584 ], [ 78.564450971322856, 17.493453127051584 ], [ 78.564450971322856, 17.493445456607557 ], [ 78.564448288621648, 17.493445456607557 ], [ 78.564448288621648, 17.493453127051584 ] ], [ [ 78.564445605920454, 17.49343522934835 ], [ 78.564448288621648, 17.49343522934835 ], [ 78.564448288621648, 17.493432672533459 ], [ 78.564445605920454, 17.493432672533459 ], [ 78.564445605920454, 17.49343522934835 ] ], [ [ 78.564442923219246, 17.493419888458458 ], [ 78.564445605920454, 17.493419888458458 ], [ 78.564445605920454, 17.493417331643354 ], [ 78.564442923219246, 17.493417331643354 ], [ 78.564442923219246, 17.493419888458458 ] ], [ [ 78.564440240518053, 17.49340454756728 ], [ 78.564442923219246, 17.49340454756728 ], [ 78.564442923219246, 17.493401990751952 ], [ 78.564440240518053, 17.493401990751952 ], [ 78.564440240518053, 17.49340454756728 ] ] ] } },
{ "type": "Feature", "properties": { "value": 255.0 }, "geometry": { "type": "Polygon", "coordinates": [ [ [ 78.566701757631819, 17.493455683866188 ], [ 78.566701757631819, 17.493453127051584 ], [ 78.566696392229417, 17.493453127051584 ], [ 78.566696392229417, 17.493450570236945 ], [ 78.566693709528224, 17.493450570236945 ], [ 78.566693709528224, 17.493442899792811 ], [ 78.56669102682703, 17.493442899792811 ], [ 78.56669102682703, 17.493432672533459 ], [ 78.566688344125822, 17.493432672533459 ], [ 78.566688344125822, 17.493422445273534 ], [ 78.566685661424629, 17.493422445273534 ], [ 78.566685661424629, 17.49340966119782 ], [ 78.566682978723406, 17.49340966119782 ], [ 78.566682978723406, 17.493396877121199 ], [ 78.566680296022213, 17.493396877121199 ], [ 78.566680296022213, 17.493384093043684 ], [ 78.566677613321005, 17.493384093043684 ], [ 78.566677613321005, 17.49337897941243 ], [ 78.566680296022213, 17.49337897941243 ], [ 78.566680296022213, 17.493373865781027 ], [ 78.566682978723406, 17.493373865781027 ], [ 78.566682978723406, 17.493371308965273 ], [ 78.566688344125822, 17.493371308965273 ], [ 78.566688344125822, 17.493368752149483 ], [ 78.566699074930625, 17.493368752149483 ], [ 78.566699074930625, 17.493366195333657 ], [ 78.56671517113783, 17.493366195333657 ], [ 78.56671517113783, 17.493363638517796 ], [ 78.566728584643855, 17.493363638517796 ], [ 78.566728584643855, 17.493361081701892 ], [ 78.566739315448658, 17.493361081701892 ], [ 78.566739315448658, 17.493358524885963 ], [ 78.566747363552267, 17.493358524885963 ], [ 78.566747363552267, 17.493355968069988 ], [ 78.566755411655876, 17.493355968069988 ], [ 78.566755411655876, 17.493353411253985 ], [ 78.566774190564303, 17.493353411253985 ], [ 78.566774190564303, 17.493355968069988 ], [ 78.566779555966704, 17.493355968069988 ], [ 78.566779555966704, 17.493358524885963 ], [ 78.56678492136912, 17.493358524885963 ], [ 78.56678492136912, 17.493363638517796 ], [ 78.566787604070313, 17.493363638517796 ], [ 78.566787604070313, 17.493368752149483 ], [ 78.566790286771521, 17.493368752149483 ], [ 78.566790286771521, 17.493376422596747 ], [ 78.566792969472701, 17.493376422596747 ], [ 78.566792969472701, 17.493384093043684 ], [ 78.566795652173909, 17.493384093043684 ], [ 78.566795652173909, 17.493391763490301 ], [ 78.566798334875116, 17.493391763490301 ], [ 78.566798334875116, 17.493401990751952 ], [ 78.56680101757631, 17.493401990751952 ], [ 78.56680101757631, 17.49341477482821 ], [ 78.566803700277518, 17.49341477482821 ], [ 78.566803700277518, 17.493427558903566 ], [ 78.56680101757631, 17.493427558903566 ], [ 78.56680101757631, 17.493432672533459 ], [ 78.566795652173909, 17.493432672533459 ], [ 78.566795652173909, 17.49343522934835 ], [ 78.566790286771521, 17.49343522934835 ], [ 78.566790286771521, 17.493437786163202 ], [ 78.566782238667912, 17.493437786163202 ], [ 78.566782238667912, 17.493440342978026 ], [ 78.566768825161887, 17.493440342978026 ], [ 78.566768825161887, 17.493442899792811 ], [ 78.566755411655876, 17.493442899792811 ], [ 78.566755411655876, 17.493445456607557 ], [ 78.56674199814988, 17.493445456607557 ], [ 78.56674199814988, 17.493448013422267 ], [ 78.566728584643855, 17.493448013422267 ], [ 78.566728584643855, 17.493450570236945 ], [ 78.566720536540245, 17.493450570236945 ], [ 78.566720536540245, 17.493453127051584 ], [ 78.566707123034234, 17.493453127051584 ], [ 78.566707123034234, 17.493455683866188 ], [ 78.566701757631819, 17.493455683866188 ] ] ] } },
{ "type": "Feature", "properties": { "value": 255.0 }, "geometry": { "type": "Polygon", "coordinates": [ [ [ 78.565513320999074, 17.493471024753056 ], [ 78.565513320999074, 17.493468467938666 ], [ 78.565507955596686, 17.493468467938666 ], [ 78.565507955596686, 17.493465911124243 ], [ 78.565505272895464, 17.493465911124243 ], [ 78.565505272895464, 17.493460797495285 ], [ 78.565502590194271, 17.493460797495285 ], [ 78.565502590194271, 17.493453127051584 ], [ 78.565499907493063, 17.493453127051584 ], [ 78.565499907493063, 17.493440342978026 ], [ 78.565497224791869, 17.493440342978026 ], [ 78.565497224791869, 17.493425002088568 ], [ 78.565494542090647, 17.493425002088568 ], [ 78.565494542090647, 17.49340966119782 ], [ 78.565491859389454, 17.49340966119782 ], [ 78.565491859389454, 17.493394320305772 ], [ 78.565489176688246, 17.493394320305772 ], [ 78.565489176688246, 17.493371308965273 ], [ 78.565486493987066, 17.493371308965273 ], [ 78.565486493987066, 17.493353411253985 ], [ 78.565489176688246, 17.493353411253985 ], [ 78.565489176688246, 17.493345740805751 ], [ 78.565491859389454, 17.493345740805751 ], [ 78.565491859389454, 17.493343183989598 ], [ 78.565494542090647, 17.493343183989598 ], [ 78.565494542090647, 17.493340627173414 ], [ 78.565524051803891, 17.493340627173414 ], [ 78.565524051803891, 17.49333807035719 ], [ 78.565526734505099, 17.49333807035719 ], [ 78.565526734505099, 17.493340627173414 ], [ 78.565532099907514, 17.493340627173414 ], [ 78.565532099907514, 17.493343183989598 ], [ 78.565537465309887, 17.493343183989598 ], [ 78.565537465309887, 17.493345740805751 ], [ 78.56554014801111, 17.493345740805751 ], [ 78.56554014801111, 17.493348297621864 ], [ 78.565542830712303, 17.493348297621864 ], [ 78.565542830712303, 17.493355968069988 ], [ 78.565545513413511, 17.493355968069988 ], [ 78.565545513413511, 17.493363638517796 ], [ 78.565548196114705, 17.493363638517796 ], [ 78.565548196114705, 17.493373865781027 ], [ 78.565550878815912, 17.493373865781027 ], [ 78.565550878815912, 17.493386649859261 ], [ 78.56555356151712, 17.493386649859261 ], [ 78.56555356151712, 17.493399433936595 ], [ 78.565556244218328, 17.493399433936595 ], [ 78.565556244218328, 17.493417331643354 ], [ 78.565558926919522, 17.493417331643354 ], [ 78.565558926919522, 17.493432672533459 ], [ 78.56556160962073, 17.493432672533459 ], [ 78.56556160962073, 17.493453127051584 ], [ 78.565558926919522, 17.493453127051584 ], [ 78.565558926919522, 17.493460797495285 ], [ 78.565556244218328, 17.493460797495285 ], [ 78.565556244218328, 17.493463354309782 ], [ 78.565550878815912, 17.493463354309782 ], [ 78.565550878815912, 17.493465911124243 ], [ 78.565537465309887, 17.493465911124243 ], [ 78.565537465309887, 17.493468467938666 ], [ 78.565526734505099, 17.493468467938666 ], [ 78.565526734505099, 17.493471024753056 ], [ 78.565513320999074, 17.493471024753056 ] ] ] } },
{ "type": "Feature", "properties": { "value": 255.0 }, "geometry": { "type": "Polygon", "coordinates": [ [ [ 78.564606567992612, 17.493394320305772 ], [ 78.564606567992612, 17.493391763490301 ], [ 78.564601202590197, 17.493391763490301 ], [ 78.564601202590197, 17.493386649859261 ], [ 78.564598519889003, 17.493386649859261 ], [ 78.564598519889003, 17.493366195333657 ], [ 78.564601202590197, 17.493366195333657 ], [ 78.564601202590197, 17.493335513540934 ], [ 78.564603885291405, 17.493335513540934 ], [ 78.564603885291405, 17.49333295672464 ], [ 78.564606567992612, 17.49333295672464 ], [ 78.564606567992612, 17.493330399908309 ], [ 78.56461729879743, 17.493330399908309 ], [ 78.56461729879743, 17.493327843091937 ], [ 78.564633395004634, 17.493327843091937 ], [ 78.564633395004634, 17.493325286275539 ], [ 78.564649491211853, 17.493325286275539 ], [ 78.564649491211853, 17.493322729459102 ], [ 78.564665587419071, 17.493322729459102 ], [ 78.564665587419071, 17.493320172642626 ], [ 78.564681683626276, 17.493320172642626 ], [ 78.564681683626276, 17.493317615826122 ], [ 78.564703145235896, 17.493317615826122 ], [ 78.564703145235896, 17.493315059009571 ], [ 78.564716558741907, 17.493315059009571 ], [ 78.564716558741907, 17.493312502192992 ], [ 78.564738020351541, 17.493312502192992 ], [ 78.564738020351541, 17.493309945376375 ], [ 78.564751433857552, 17.493309945376375 ], [ 78.564751433857552, 17.493307388559717 ], [ 78.564786308973183, 17.493307388559717 ], [ 78.564786308973183, 17.493309945376375 ], [ 78.564794357076792, 17.493309945376375 ], [ 78.564794357076792, 17.493312502192992 ], [ 78.564797039778, 17.493312502192992 ], [ 78.564797039778, 17.493315059009571 ], [ 78.564799722479194, 17.493315059009571 ], [ 78.564799722479194, 17.493312502192992 ], [ 78.564807770582803, 17.493312502192992 ], [ 78.564807770582803, 17.493309945376375 ], [ 78.564850693802043, 17.493309945376375 ], [ 78.564850693802043, 17.493307388559717 ], [ 78.564877520814065, 17.493307388559717 ], [ 78.564877520814065, 17.493309945376375 ], [ 78.564880203515273, 17.493309945376375 ], [ 78.564880203515273, 17.493312502192992 ], [ 78.564882886216481, 17.493312502192992 ], [ 78.564882886216481, 17.493330399908309 ], [ 78.564885568917674, 17.493330399908309 ], [ 78.564885568917674, 17.493340627173414 ], [ 78.564888251618882, 17.493340627173414 ], [ 78.564888251618882, 17.493350854437939 ], [ 78.56489093432009, 17.493350854437939 ], [ 78.56489093432009, 17.493361081701892 ], [ 78.564893617021283, 17.493361081701892 ], [ 78.564893617021283, 17.493363638517796 ], [ 78.56489093432009, 17.493363638517796 ], [ 78.56489093432009, 17.493371308965273 ], [ 78.564888251618882, 17.493371308965273 ], [ 78.564888251618882, 17.493373865781027 ], [ 78.564856059204445, 17.493373865781027 ], [ 78.564856059204445, 17.493371308965273 ], [ 78.564815818686398, 17.493371308965273 ], [ 78.564815818686398, 17.493368752149483 ], [ 78.564810453284011, 17.493368752149483 ], [ 78.564810453284011, 17.493366195333657 ], [ 78.564805087881609, 17.493366195333657 ], [ 78.564805087881609, 17.493368752149483 ], [ 78.564799722479194, 17.493368752149483 ], [ 78.564799722479194, 17.493371308965273 ], [ 78.564772895467158, 17.493371308965273 ], [ 78.564772895467158, 17.493373865781027 ], [ 78.564756799259953, 17.493373865781027 ], [ 78.564756799259953, 17.493376422596747 ], [ 78.564738020351541, 17.493376422596747 ], [ 78.564738020351541, 17.49337897941243 ], [ 78.564716558741907, 17.49337897941243 ], [ 78.564716558741907, 17.493381536228075 ], [ 78.564700462534702, 17.493381536228075 ], [ 78.564700462534702, 17.493384093043684 ], [ 78.564679000925068, 17.493384093043684 ], [ 78.564679000925068, 17.493386649859261 ], [ 78.56466022201667, 17.493386649859261 ], [ 78.56466022201667, 17.493389206674799 ], [ 78.564644125809437, 17.493389206674799 ], [ 78.564644125809437, 17.493391763490301 ], [ 78.564622664199817, 17.493391763490301 ], [ 78.564622664199817, 17.493394320305772 ], [ 78.564606567992612, 17.493394320305772 ] ] ] } },
{ "type": "Feature", "properties": { "value": 255.0 }, "geometry": { "type": "Polygon", "coordinates": [ [ [ 78.566116928769659, 17.493527274660494 ], [ 78.566116928769659, 17.493524717846899 ], [ 78.566111563367258, 17.493524717846899 ], [ 78.566111563367258, 17.493522161033265 ], [ 78.566106197964857, 17.493522161033265 ], [ 78.566106197964857, 17.493517047405891 ], [ 78.566103515263663, 17.493517047405891 ], [ 78.566103515263663, 17.49350170652291 ], [ 78.566100832562441, 17.49350170652291 ], [ 78.566100832562441, 17.493476138381723 ], [ 78.566098149861247, 17.493476138381723 ], [ 78.566098149861247, 17.493430115718532 ], [ 78.566095467160039, 17.493430115718532 ], [ 78.566095467160039, 17.493425002088568 ], [ 78.566098149861247, 17.493425002088568 ], [ 78.566098149861247, 17.49341477482821 ], [ 78.566100832562441, 17.49341477482821 ], [ 78.566100832562441, 17.493412218013031 ], [ 78.566103515263663, 17.493412218013031 ], [ 78.566103515263663, 17.49340966119782 ], [ 78.566111563367258, 17.49340966119782 ], [ 78.566111563367258, 17.493407104382563 ], [ 78.566119611470853, 17.493407104382563 ], [ 78.566119611470853, 17.49340454756728 ], [ 78.566108880666064, 17.49340454756728 ], [ 78.566108880666064, 17.493407104382563 ], [ 78.566106197964857, 17.493407104382563 ], [ 78.566106197964857, 17.49340454756728 ], [ 78.566100832562441, 17.49340454756728 ], [ 78.566100832562441, 17.493399433936595 ], [ 78.566098149861247, 17.493399433936595 ], [ 78.566098149861247, 17.493394320305772 ], [ 78.566095467160039, 17.493394320305772 ], [ 78.566095467160039, 17.493315059009571 ], [ 78.566098149861247, 17.493315059009571 ], [ 78.566098149861247, 17.493312502192992 ], [ 78.566108880666064, 17.493312502192992 ], [ 78.566108880666064, 17.493309945376375 ], [ 78.566135707678086, 17.493309945376375 ], [ 78.566135707678086, 17.493307388559717 ], [ 78.566173265494911, 17.493307388559717 ], [ 78.566173265494911, 17.493304831743028 ], [ 78.56618131359852, 17.493304831743028 ], [ 78.56618131359852, 17.493302274926304 ], [ 78.566186679000921, 17.493302274926304 ], [ 78.566186679000921, 17.493299718109544 ], [ 78.566189361702129, 17.493299718109544 ], [ 78.566189361702129, 17.493297161292745 ], [ 78.566205457909362, 17.493297161292745 ], [ 78.566205457909362, 17.493299718109544 ], [ 78.566208140610556, 17.493299718109544 ], [ 78.566208140610556, 17.493302274926304 ], [ 78.566210823311749, 17.493302274926304 ], [ 78.566210823311749, 17.493304831743028 ], [ 78.566213506012957, 17.493304831743028 ], [ 78.566213506012957, 17.493309945376375 ], [ 78.566216188714151, 17.493309945376375 ], [ 78.566216188714151, 17.493312502192992 ], [ 78.566218871415359, 17.493312502192992 ], [ 78.566218871415359, 17.493315059009571 ], [ 78.566221554116552, 17.493315059009571 ], [ 78.566221554116552, 17.493317615826122 ], [ 78.56622423681776, 17.493317615826122 ], [ 78.56622423681776, 17.493320172642626 ], [ 78.566226919518968, 17.493320172642626 ], [ 78.566226919518968, 17.493322729459102 ], [ 78.566229602220162, 17.493322729459102 ], [ 78.566229602220162, 17.493327843091937 ], [ 78.566232284921369, 17.493327843091937 ], [ 78.566232284921369, 17.493335513540934 ], [ 78.566234967622577, 17.493335513540934 ], [ 78.566234967622577, 17.493343183989598 ], [ 78.566237650323785, 17.493343183989598 ], [ 78.566237650323785, 17.493353411253985 ], [ 78.566240333024979, 17.493353411253985 ], [ 78.566240333024979, 17.49337897941243 ], [ 78.566237650323785, 17.49337897941243 ], [ 78.566237650323785, 17.493381536228075 ], [ 78.566234967622577, 17.493381536228075 ], [ 78.566234967622577, 17.493384093043684 ], [ 78.566229602220162, 17.493384093043684 ], [ 78.566229602220162, 17.493386649859261 ], [ 78.566226919518968, 17.493386649859261 ], [ 78.566226919518968, 17.493389206674799 ], [ 78.56622423681776, 17.493389206674799 ], [ 78.56622423681776, 17.493391763490301 ], [ 78.566221554116552, 17.493391763490301 ], [ 78.566221554116552, 17.493394320305772 ], [ 78.566213506012957, 17.493394320305772 ], [ 78.566213506012957, 17.493396877121199 ], [ 78.566221554116552, 17.493396877121199 ], [ 78.566221554116552, 17.493399433936595 ], [ 78.56622423681776, 17.493399433936595 ], [ 78.56622423681776, 17.493401990751952 ], [ 78.566226919518968, 17.493401990751952 ], [ 78.566226919518968, 17.49341477482821 ], [ 78.566229602220162, 17.49341477482821 ], [ 78.566229602220162, 17.493448013422267 ], [ 78.566232284921369, 17.493448013422267 ], [ 78.566232284921369, 17.493465911124243 ], [ 78.566234967622577, 17.493465911124243 ], [ 78.566234967622577, 17.493481252010248 ], [ 78.566237650323785, 17.493481252010248 ], [ 78.566237650323785, 17.493511933778375 ], [ 78.566234967622577, 17.493511933778375 ], [ 78.566234967622577, 17.493514490592151 ], [ 78.566232284921369, 17.493514490592151 ], [ 78.566232284921369, 17.493517047405891 ], [ 78.566229602220162, 17.493517047405891 ], [ 78.566229602220162, 17.493519604219596 ], [ 78.566197409805739, 17.493519604219596 ], [ 78.566197409805739, 17.493517047405891 ], [ 78.566194727104545, 17.493517047405891 ], [ 78.566194727104545, 17.493519604219596 ], [ 78.566151803885305, 17.493519604219596 ], [ 78.566151803885305, 17.493522161033265 ], [ 78.566133024976864, 17.493522161033265 ], [ 78.566133024976864, 17.493524717846899 ], [ 78.566119611470853, 17.493524717846899 ], [ 78.566119611470853, 17.493527274660494 ], [ 78.566116928769659, 17.493527274660494 ] ], [ [ 78.566143755781681, 17.493407104382563 ], [ 78.566151803885305, 17.493407104382563 ], [ 78.566151803885305, 17.49340454756728 ], [ 78.566143755781681, 17.49340454756728 ], [ 78.566143755781681, 17.493407104382563 ] ], [ [ 78.566170582793717, 17.49340454756728 ], [ 78.566178630897326, 17.49340454756728 ], [ 78.566178630897326, 17.493401990751952 ], [ 78.566170582793717, 17.493401990751952 ], [ 78.566170582793717, 17.49340454756728 ] ], [ [ 78.566194727104545, 17.493401990751952 ], [ 78.566197409805739, 17.493401990751952 ], [ 78.566197409805739, 17.493399433936595 ], [ 78.566194727104545, 17.493399433936595 ], [ 78.566194727104545, 17.493401990751952 ] ], [ [ 78.566202775208154, 17.493399433936595 ], [ 78.566205457909362, 17.493399433936595 ], [ 78.566205457909362, 17.493396877121199 ], [ 78.566202775208154, 17.493396877121199 ], [ 78.566202775208154, 17.493399433936595 ] ] ] } },
{ "type": "Feature", "properties": { "value": 255.0 }, "geometry": { "type": "Polygon", "coordinates": [ [ [ 78.567219518963938, 17.493450570236945 ], [ 78.567219518963938, 17.493448013422267 ], [ 78.56721683626273, 17.493448013422267 ], [ 78.56721683626273, 17.493445456607557 ], [ 78.567214153561537, 17.493445456607557 ], [ 78.567214153561537, 17.493440342978026 ], [ 78.567211470860315, 17.493440342978026 ], [ 78.567211470860315, 17.49343522934835 ], [ 78.567208788159121, 17.49343522934835 ], [ 78.567208788159121, 17.493430115718532 ], [ 78.567206105457913, 17.493430115718532 ], [ 78.567206105457913, 17.493425002088568 ], [ 78.56720342275672, 17.493425002088568 ], [ 78.56720342275672, 17.493417331643354 ], [ 78.567200740055497, 17.493417331643354 ], [ 78.567200740055497, 17.493412218013031 ], [ 78.567198057354304, 17.493412218013031 ], [ 78.567198057354304, 17.493407104382563 ], [ 78.567195374653096, 17.493407104382563 ], [ 78.567195374653096, 17.493401990751952 ], [ 78.567192691951902, 17.493401990751952 ], [ 78.567192691951902, 17.493394320305772 ], [ 78.567190009250695, 17.493394320305772 ], [ 78.567190009250695, 17.493389206674799 ], [ 78.567187326549487, 17.493389206674799 ], [ 78.567187326549487, 17.493384093043684 ], [ 78.567184643848293, 17.493384093043684 ], [ 78.567184643848293, 17.49337897941243 ], [ 78.567181961147085, 17.49337897941243 ], [ 78.567181961147085, 17.493371308965273 ], [ 78.567179278445892, 17.493371308965273 ], [ 78.567179278445892, 17.493366195333657 ], [ 78.567176595744684, 17.493366195333657 ], [ 78.567176595744684, 17.493361081701892 ], [ 78.56717391304349, 17.493361081701892 ], [ 78.56717391304349, 17.493355968069988 ], [ 78.567171230342296, 17.493355968069988 ], [ 78.567171230342296, 17.493350854437939 ], [ 78.567168547641074, 17.493350854437939 ], [ 78.567168547641074, 17.49333807035719 ], [ 78.567171230342296, 17.49333807035719 ], [ 78.567171230342296, 17.493335513540934 ], [ 78.56717391304349, 17.493335513540934 ], [ 78.56717391304349, 17.49333295672464 ], [ 78.567176595744684, 17.49333295672464 ], [ 78.567176595744684, 17.493330399908309 ], [ 78.567181961147085, 17.493330399908309 ], [ 78.567181961147085, 17.493327843091937 ], [ 78.567187326549487, 17.493327843091937 ], [ 78.567187326549487, 17.493325286275539 ], [ 78.567206105457913, 17.493325286275539 ], [ 78.567206105457913, 17.493322729459102 ], [ 78.567211470860315, 17.493322729459102 ], [ 78.567211470860315, 17.493320172642626 ], [ 78.567222201665132, 17.493320172642626 ], [ 78.567222201665132, 17.493317615826122 ], [ 78.567230249768727, 17.493317615826122 ], [ 78.567230249768727, 17.493315059009571 ], [ 78.567232932469935, 17.493315059009571 ], [ 78.567232932469935, 17.493312502192992 ], [ 78.567238297872336, 17.493312502192992 ], [ 78.567238297872336, 17.493309945376375 ], [ 78.567243663274738, 17.493309945376375 ], [ 78.567243663274738, 17.493307388559717 ], [ 78.567251711378361, 17.493307388559717 ], [ 78.567251711378361, 17.493304831743028 ], [ 78.567257076780777, 17.493304831743028 ], [ 78.567257076780777, 17.493302274926304 ], [ 78.567265124884372, 17.493302274926304 ], [ 78.567265124884372, 17.493299718109544 ], [ 78.567273172987981, 17.493299718109544 ], [ 78.567273172987981, 17.493297161292745 ], [ 78.567281221091577, 17.493297161292745 ], [ 78.567281221091577, 17.493294604475913 ], [ 78.5673, 17.493294604475913 ], [ 78.5673, 17.493422445273534 ], [ 78.567294634597602, 17.493422445273534 ], [ 78.567294634597602, 17.493425002088568 ], [ 78.567289269195186, 17.493425002088568 ], [ 78.567289269195186, 17.493427558903566 ], [ 78.567278538390383, 17.493427558903566 ], [ 78.567278538390383, 17.493430115718532 ], [ 78.567270490286788, 17.493430115718532 ], [ 78.567270490286788, 17.493432672533459 ], [ 78.567262442183178, 17.493432672533459 ], [ 78.567262442183178, 17.49343522934835 ], [ 78.567254394079555, 17.49343522934835 ], [ 78.567254394079555, 17.493432672533459 ], [ 78.567240980573544, 17.493432672533459 ], [ 78.567240980573544, 17.49343522934835 ], [ 78.567238297872336, 17.49343522934835 ], [ 78.567238297872336, 17.493440342978026 ], [ 78.567235615171143, 17.493440342978026 ], [ 78.567235615171143, 17.493445456607557 ], [ 78.567232932469935, 17.493445456607557 ], [ 78.567232932469935, 17.493448013422267 ], [ 78.567230249768727, 17.493448013422267 ], [ 78.567230249768727, 17.493450570236945 ], [ 78.567219518963938, 17.493450570236945 ] ] ] } },
{ "type": "Feature", "properties": { "value": 255.0 }, "geometry": { "type": "Polygon", "coordinates": [ [ [ 78.566857354301575, 17.493391763490301 ], [ 78.566857354301575, 17.493389206674799 ], [ 78.566854671600368, 17.493389206674799 ], [ 78.566854671600368, 17.493386649859261 ], [ 78.566851988899174, 17.493386649859261 ], [ 78.566851988899174, 17.493381536228075 ], [ 78.566849306197966, 17.493381536228075 ], [ 78.566849306197966, 17.493368752149483 ], [ 78.566846623496758, 17.493368752149483 ], [ 78.566846623496758, 17.493358524885963 ], [ 78.56684394079555, 17.493358524885963 ], [ 78.56684394079555, 17.493348297621864 ], [ 78.566841258094357, 17.493348297621864 ], [ 78.566841258094357, 17.493335513540934 ], [ 78.566838575393163, 17.493335513540934 ], [ 78.566838575393163, 17.493322729459102 ], [ 78.566835892691955, 17.493322729459102 ], [ 78.566835892691955, 17.493312502192992 ], [ 78.566833209990762, 17.493312502192992 ], [ 78.566833209990762, 17.493299718109544 ], [ 78.566830527289554, 17.493299718109544 ], [ 78.566830527289554, 17.493284377208219 ], [ 78.566833209990762, 17.493284377208219 ], [ 78.566833209990762, 17.493279263574156 ], [ 78.566835892691955, 17.493279263574156 ], [ 78.566835892691955, 17.49327414993995 ], [ 78.566838575393163, 17.49327414993995 ], [ 78.566838575393163, 17.493269036305598 ], [ 78.566857354301575, 17.493269036305598 ], [ 78.566857354301575, 17.493266479488369 ], [ 78.566870767807586, 17.493266479488369 ], [ 78.566870767807586, 17.493269036305598 ], [ 78.566876133210002, 17.493269036305598 ], [ 78.566876133210002, 17.493271593122792 ], [ 78.566878815911195, 17.493271593122792 ], [ 78.566878815911195, 17.49327414993995 ], [ 78.566881498612403, 17.49327414993995 ], [ 78.566881498612403, 17.493276706757069 ], [ 78.566884181313611, 17.493276706757069 ], [ 78.566884181313611, 17.493281820391207 ], [ 78.566886864014819, 17.493281820391207 ], [ 78.566886864014819, 17.493284377208219 ], [ 78.566889546715998, 17.493284377208219 ], [ 78.566889546715998, 17.493286934025196 ], [ 78.566892229417192, 17.493286934025196 ], [ 78.566892229417192, 17.49329204765904 ], [ 78.566894912118414, 17.49329204765904 ], [ 78.566894912118414, 17.493297161292745 ], [ 78.566897594819608, 17.493297161292745 ], [ 78.566897594819608, 17.493299718109544 ], [ 78.566902960222009, 17.493299718109544 ], [ 78.566902960222009, 17.493302274926304 ], [ 78.566921739130436, 17.493302274926304 ], [ 78.566921739130436, 17.493304831743028 ], [ 78.566932469935253, 17.493304831743028 ], [ 78.566932469935253, 17.493307388559717 ], [ 78.566935152636461, 17.493307388559717 ], [ 78.566935152636461, 17.493309945376375 ], [ 78.566937835337654, 17.493309945376375 ], [ 78.566937835337654, 17.493315059009571 ], [ 78.566940518038848, 17.493315059009571 ], [ 78.566940518038848, 17.493320172642626 ], [ 78.566943200740056, 17.493320172642626 ], [ 78.566943200740056, 17.493322729459102 ], [ 78.56694588344125, 17.493322729459102 ], [ 78.56694588344125, 17.493325286275539 ], [ 78.566948566142472, 17.493325286275539 ], [ 78.566948566142472, 17.493330399908309 ], [ 78.566951248843665, 17.493330399908309 ], [ 78.566951248843665, 17.493335513540934 ], [ 78.566953931544873, 17.493335513540934 ], [ 78.566953931544873, 17.493340627173414 ], [ 78.566956614246067, 17.493340627173414 ], [ 78.566956614246067, 17.493343183989598 ], [ 78.566959296947275, 17.493343183989598 ], [ 78.566959296947275, 17.493348297621864 ], [ 78.566961979648482, 17.493348297621864 ], [ 78.566961979648482, 17.493355968069988 ], [ 78.566964662349676, 17.493355968069988 ], [ 78.566964662349676, 17.493363638517796 ], [ 78.566967345050884, 17.493363638517796 ], [ 78.566967345050884, 17.493368752149483 ], [ 78.566970027752077, 17.493368752149483 ], [ 78.566970027752077, 17.493373865781027 ], [ 78.566964662349676, 17.493373865781027 ], [ 78.566964662349676, 17.493376422596747 ], [ 78.566961979648482, 17.493376422596747 ], [ 78.566961979648482, 17.49337897941243 ], [ 78.566953931544873, 17.49337897941243 ], [ 78.566953931544873, 17.493381536228075 ], [ 78.566943200740056, 17.493381536228075 ], [ 78.566943200740056, 17.493384093043684 ], [ 78.566935152636461, 17.493384093043684 ], [ 78.566935152636461, 17.493386649859261 ], [ 78.566924421831644, 17.493386649859261 ], [ 78.566924421831644, 17.493389206674799 ], [ 78.566902960222009, 17.493389206674799 ], [ 78.566902960222009, 17.493386649859261 ], [ 78.566892229417192, 17.493386649859261 ], [ 78.566892229417192, 17.493389206674799 ], [ 78.566878815911195, 17.493389206674799 ], [ 78.566878815911195, 17.493391763490301 ], [ 78.566857354301575, 17.493391763490301 ] ] ] } },
{ "type": "Feature", "properties": { "value": 255.0 }, "geometry": { "type": "Polygon", "coordinates": [ [ [ 78.566677613321005, 17.493366195333657 ], [ 78.566677613321005, 17.493363638517796 ], [ 78.566674930619811, 17.493363638517796 ], [ 78.566674930619811, 17.493358524885963 ], [ 78.566672247918589, 17.493358524885963 ], [ 78.566672247918589, 17.493348297621864 ], [ 78.566669565217396, 17.493348297621864 ], [ 78.566669565217396, 17.49333807035719 ], [ 78.566666882516188, 17.49333807035719 ], [ 78.566666882516188, 17.493325286275539 ], [ 78.566664199814994, 17.493325286275539 ], [ 78.566664199814994, 17.493317615826122 ], [ 78.566661517113786, 17.493317615826122 ], [ 78.566661517113786, 17.493304831743028 ], [ 78.566658834412578, 17.493304831743028 ], [ 78.566658834412578, 17.49329204765904 ], [ 78.566656151711385, 17.49329204765904 ], [ 78.566656151711385, 17.49327414993995 ], [ 78.566653469010177, 17.49327414993995 ], [ 78.566653469010177, 17.493261365853801 ], [ 78.566656151711385, 17.493261365853801 ], [ 78.566656151711385, 17.493258809036469 ], [ 78.566658834412578, 17.493258809036469 ], [ 78.566658834412578, 17.493256252219094 ], [ 78.566666882516188, 17.493256252219094 ], [ 78.566666882516188, 17.493253695401688 ], [ 78.566680296022213, 17.493253695401688 ], [ 78.566680296022213, 17.493251138584242 ], [ 78.56669102682703, 17.493251138584242 ], [ 78.56669102682703, 17.493248581766764 ], [ 78.566701757631819, 17.493248581766764 ], [ 78.566701757631819, 17.493246024949244 ], [ 78.56671517113783, 17.493246024949244 ], [ 78.56671517113783, 17.493243468131691 ], [ 78.566736632747464, 17.493243468131691 ], [ 78.566736632747464, 17.493240911314103 ], [ 78.566747363552267, 17.493240911314103 ], [ 78.566747363552267, 17.49323835449648 ], [ 78.566755411655876, 17.49323835449648 ], [ 78.566755411655876, 17.493235797678818 ], [ 78.566763459759485, 17.493235797678818 ], [ 78.566763459759485, 17.49323324086112 ], [ 78.566774190564303, 17.49323324086112 ], [ 78.566774190564303, 17.493230684043393 ], [ 78.56678492136912, 17.493230684043393 ], [ 78.56678492136912, 17.49322812722562 ], [ 78.56680101757631, 17.49322812722562 ], [ 78.56680101757631, 17.493230684043393 ], [ 78.566803700277518, 17.493230684043393 ], [ 78.566803700277518, 17.49323324086112 ], [ 78.566806382978726, 17.49323324086112 ], [ 78.566806382978726, 17.493235797678818 ], [ 78.566809065679934, 17.493235797678818 ], [ 78.566809065679934, 17.493240911314103 ], [ 78.566811748381127, 17.493240911314103 ], [ 78.566811748381127, 17.493248581766764 ], [ 78.566814431082335, 17.493248581766764 ], [ 78.566814431082335, 17.493263922671105 ], [ 78.566817113783543, 17.493263922671105 ], [ 78.566817113783543, 17.493279263574156 ], [ 78.566819796484751, 17.493279263574156 ], [ 78.566819796484751, 17.493289490842137 ], [ 78.566822479185944, 17.493289490842137 ], [ 78.566822479185944, 17.493304831743028 ], [ 78.566825161887152, 17.493304831743028 ], [ 78.566825161887152, 17.493320172642626 ], [ 78.56682784458836, 17.493320172642626 ], [ 78.56682784458836, 17.49333295672464 ], [ 78.566825161887152, 17.49333295672464 ], [ 78.566825161887152, 17.493335513540934 ], [ 78.566819796484751, 17.493335513540934 ], [ 78.566819796484751, 17.49333807035719 ], [ 78.566809065679934, 17.49333807035719 ], [ 78.566809065679934, 17.493340627173414 ], [ 78.566798334875116, 17.493340627173414 ], [ 78.566798334875116, 17.493343183989598 ], [ 78.566787604070313, 17.493343183989598 ], [ 78.566787604070313, 17.493345740805751 ], [ 78.566774190564303, 17.493345740805751 ], [ 78.566774190564303, 17.493348297621864 ], [ 78.566760777058278, 17.493348297621864 ], [ 78.566760777058278, 17.493350854437939 ], [ 78.566747363552267, 17.493350854437939 ], [ 78.566747363552267, 17.493353411253985 ], [ 78.566736632747464, 17.493353411253985 ], [ 78.566736632747464, 17.493355968069988 ], [ 78.566725901942647, 17.493355968069988 ], [ 78.566725901942647, 17.493358524885963 ], [ 78.566712488436636, 17.493358524885963 ], [ 78.566712488436636, 17.493361081701892 ], [ 78.566701757631819, 17.493361081701892 ], [ 78.566701757631819, 17.493363638517796 ], [ 78.56669102682703, 17.493363638517796 ], [ 78.56669102682703, 17.493366195333657 ], [ 78.566677613321005, 17.493366195333657 ] ] ] } },
{ "type": "Feature", "properties": { "value": 255.0 }, "geometry": { "type": "Polygon", "coordinates": [ [ [ 78.565497224791869, 17.493335513540934 ], [ 78.565497224791869, 17.49333295672464 ], [ 78.565489176688246, 17.49333295672464 ], [ 78.565489176688246, 17.493330399908309 ], [ 78.565486493987066, 17.493330399908309 ], [ 78.565486493987066, 17.493327843091937 ], [ 78.565483811285858, 17.493327843091937 ], [ 78.565483811285858, 17.493325286275539 ], [ 78.565481128584651, 17.493325286275539 ], [ 78.565481128584651, 17.493317615826122 ], [ 78.565478445883457, 17.493317615826122 ], [ 78.565478445883457, 17.493304831743028 ], [ 78.565475763182249, 17.493304831743028 ], [ 78.565475763182249, 17.493294604475913 ], [ 78.565473080481041, 17.493294604475913 ], [ 78.565473080481041, 17.49327414993995 ], [ 78.565470397779833, 17.49327414993995 ], [ 78.565470397779833, 17.493256252219094 ], [ 78.56546771507864, 17.493256252219094 ], [ 78.56546771507864, 17.493240911314103 ], [ 78.565470397779833, 17.493240911314103 ], [ 78.565470397779833, 17.493235797678818 ], [ 78.565473080481041, 17.493235797678818 ], [ 78.565473080481041, 17.49323324086112 ], [ 78.565478445883457, 17.49323324086112 ], [ 78.565478445883457, 17.493230684043393 ], [ 78.565489176688246, 17.493230684043393 ], [ 78.565489176688246, 17.49322812722562 ], [ 78.565499907493063, 17.49322812722562 ], [ 78.565499907493063, 17.493225570407816 ], [ 78.565507955596686, 17.493225570407816 ], [ 78.565507955596686, 17.493223013589976 ], [ 78.565521369102697, 17.493223013589976 ], [ 78.565521369102697, 17.493225570407816 ], [ 78.565524051803891, 17.493225570407816 ], [ 78.565524051803891, 17.49322812722562 ], [ 78.565526734505099, 17.49322812722562 ], [ 78.565526734505099, 17.493235797678818 ], [ 78.565529417206307, 17.493235797678818 ], [ 78.565529417206307, 17.493251138584242 ], [ 78.565532099907514, 17.493251138584242 ], [ 78.565532099907514, 17.493266479488369 ], [ 78.565534782608708, 17.493266479488369 ], [ 78.565534782608708, 17.493284377208219 ], [ 78.565537465309887, 17.493284377208219 ], [ 78.565537465309887, 17.493304831743028 ], [ 78.56554014801111, 17.493304831743028 ], [ 78.56554014801111, 17.493327843091937 ], [ 78.565537465309887, 17.493327843091937 ], [ 78.565537465309887, 17.493330399908309 ], [ 78.565534782608708, 17.493330399908309 ], [ 78.565534782608708, 17.49333295672464 ], [ 78.565529417206307, 17.49333295672464 ], [ 78.565529417206307, 17.493335513540934 ], [ 78.565497224791869, 17.493335513540934 ] ] ] } },
{ "type": "Feature", "properties": { "value": 255.0 }, "geometry": { "type": "Polygon", "coordinates": [ [ [ 78.565325531914908, 17.493348297621864 ], [ 78.565325531914908, 17.493345740805751 ], [ 78.5653228492137, 17.493345740805751 ], [ 78.5653228492137, 17.493343183989598 ], [ 78.565320166512493, 17.493343183989598 ], [ 78.565320166512493, 17.49333295672464 ], [ 78.565317483811285, 17.49333295672464 ], [ 78.565317483811285, 17.493317615826122 ], [ 78.565314801110091, 17.493317615826122 ], [ 78.565314801110091, 17.493302274926304 ], [ 78.565312118408883, 17.493302274926304 ], [ 78.565312118408883, 17.493297161292745 ], [ 78.56530943570769, 17.493297161292745 ], [ 78.56530943570769, 17.493286934025196 ], [ 78.565306753006467, 17.493286934025196 ], [ 78.565306753006467, 17.493266479488369 ], [ 78.56530943570769, 17.493266479488369 ], [ 78.56530943570769, 17.493263922671105 ], [ 78.565314801110091, 17.493263922671105 ], [ 78.565314801110091, 17.493261365853801 ], [ 78.565320166512493, 17.493261365853801 ], [ 78.565320166512493, 17.493258809036469 ], [ 78.5653228492137, 17.493258809036469 ], [ 78.5653228492137, 17.493256252219094 ], [ 78.565328214616102, 17.493256252219094 ], [ 78.565328214616102, 17.493253695401688 ], [ 78.565333580018518, 17.493253695401688 ], [ 78.565333580018518, 17.493251138584242 ], [ 78.565338945420919, 17.493251138584242 ], [ 78.565338945420919, 17.493248581766764 ], [ 78.565344310823306, 17.493248581766764 ], [ 78.565344310823306, 17.493246024949244 ], [ 78.565346993524514, 17.493246024949244 ], [ 78.565346993524514, 17.493243468131691 ], [ 78.565349676225708, 17.493243468131691 ], [ 78.565349676225708, 17.493240911314103 ], [ 78.565352358926916, 17.493240911314103 ], [ 78.565352358926916, 17.49323835449648 ], [ 78.565355041628123, 17.49323835449648 ], [ 78.565355041628123, 17.493235797678818 ], [ 78.565357724329331, 17.493235797678818 ], [ 78.565357724329331, 17.493230684043393 ], [ 78.565360407030525, 17.493230684043393 ], [ 78.565360407030525, 17.49322812722562 ], [ 78.565363089731733, 17.49322812722562 ], [ 78.565363089731733, 17.493225570407816 ], [ 78.565368455134148, 17.493225570407816 ], [ 78.565368455134148, 17.493223013589976 ], [ 78.565376503237758, 17.493223013589976 ], [ 78.565376503237758, 17.493220456772104 ], [ 78.565384551341353, 17.493220456772104 ], [ 78.565384551341353, 17.493217899954185 ], [ 78.565397964847364, 17.493217899954185 ], [ 78.565397964847364, 17.493215343136239 ], [ 78.565411378353389, 17.493215343136239 ], [ 78.565411378353389, 17.493212786318253 ], [ 78.565427474560593, 17.493212786318253 ], [ 78.565427474560593, 17.493210229500235 ], [ 78.565443570767812, 17.493210229500235 ], [ 78.565443570767812, 17.493212786318253 ], [ 78.565448936170213, 17.493212786318253 ], [ 78.565448936170213, 17.493217899954185 ], [ 78.565451618871421, 17.493217899954185 ], [ 78.565451618871421, 17.493220456772104 ], [ 78.565454301572629, 17.493220456772104 ], [ 78.565454301572629, 17.493225570407816 ], [ 78.565456984273823, 17.493225570407816 ], [ 78.565456984273823, 17.493230684043393 ], [ 78.56545966697503, 17.493230684043393 ], [ 78.56545966697503, 17.493261365853801 ], [ 78.565462349676224, 17.493261365853801 ], [ 78.565462349676224, 17.493279263574156 ], [ 78.565465032377446, 17.493279263574156 ], [ 78.565465032377446, 17.493294604475913 ], [ 78.56546771507864, 17.493294604475913 ], [ 78.56546771507864, 17.493309945376375 ], [ 78.565470397779833, 17.493309945376375 ], [ 78.565470397779833, 17.493322729459102 ], [ 78.56546771507864, 17.493322729459102 ], [ 78.56546771507864, 17.493327843091937 ], [ 78.565456984273823, 17.493327843091937 ], [ 78.565456984273823, 17.493330399908309 ], [ 78.565435522664217, 17.493330399908309 ], [ 78.565435522664217, 17.49333295672464 ], [ 78.565419426456998, 17.49333295672464 ], [ 78.565419426456998, 17.493335513540934 ], [ 78.565406012950973, 17.493335513540934 ], [ 78.565406012950973, 17.49333807035719 ], [ 78.565389916743769, 17.49333807035719 ], [ 78.565389916743769, 17.493340627173414 ], [ 78.56537382053655, 17.493340627173414 ], [ 78.56537382053655, 17.493343183989598 ], [ 78.565357724329331, 17.493343183989598 ], [ 78.565357724329331, 17.493345740805751 ], [ 78.565338945420919, 17.493345740805751 ], [ 78.565338945420919, 17.493348297621864 ], [ 78.565325531914908, 17.493348297621864 ] ] ] } },
{ "type": "Feature", "properties": { "value": 255.0 }, "geometry": { "type": "Polygon", "coordinates": [ [ [ 78.564628029602233, 17.493317615826122 ], [ 78.564628029602233, 17.493315059009571 ], [ 78.564619981498609, 17.493315059009571 ], [ 78.564619981498609, 17.493309945376375 ], [ 78.56461729879743, 17.493309945376375 ], [ 78.56461729879743, 17.493299718109544 ], [ 78.564614616096222, 17.493299718109544 ], [ 78.564614616096222, 17.493286934025196 ], [ 78.564611933395014, 17.493286934025196 ], [ 78.564611933395014, 17.49327414993995 ], [ 78.56460925069382, 17.49327414993995 ], [ 78.56460925069382, 17.493261365853801 ], [ 78.564606567992612, 17.493261365853801 ], [ 78.564606567992612, 17.49323324086112 ], [ 78.56460925069382, 17.49323324086112 ], [ 78.56460925069382, 17.493230684043393 ], [ 78.564614616096222, 17.493230684043393 ], [ 78.564614616096222, 17.49322812722562 ], [ 78.564622664199817, 17.49322812722562 ], [ 78.564622664199817, 17.493225570407816 ], [ 78.564630712303426, 17.493225570407816 ], [ 78.564630712303426, 17.493223013589976 ], [ 78.564644125809437, 17.493223013589976 ], [ 78.564644125809437, 17.493220456772104 ], [ 78.564652173913061, 17.493220456772104 ], [ 78.564652173913061, 17.493217899954185 ], [ 78.564657539315462, 17.493217899954185 ], [ 78.564657539315462, 17.493215343136239 ], [ 78.564668270120251, 17.493215343136239 ], [ 78.564668270120251, 17.493212786318253 ], [ 78.564681683626276, 17.493212786318253 ], [ 78.564681683626276, 17.493210229500235 ], [ 78.564687049028677, 17.493210229500235 ], [ 78.564687049028677, 17.493207672682182 ], [ 78.564695097132301, 17.493207672682182 ], [ 78.564695097132301, 17.493205115864086 ], [ 78.564711193339519, 17.493205115864086 ], [ 78.564711193339519, 17.493202559045962 ], [ 78.564727289546724, 17.493202559045962 ], [ 78.564727289546724, 17.493200002227795 ], [ 78.564738020351541, 17.493200002227795 ], [ 78.564738020351541, 17.493202559045962 ], [ 78.564743385753943, 17.493202559045962 ], [ 78.564743385753943, 17.493205115864086 ], [ 78.564746068455136, 17.493205115864086 ], [ 78.564746068455136, 17.493210229500235 ], [ 78.564748751156358, 17.493210229500235 ], [ 78.564748751156358, 17.493223013589976 ], [ 78.564751433857552, 17.493223013589976 ], [ 78.564751433857552, 17.493225570407816 ], [ 78.56475411655876, 17.493225570407816 ], [ 78.56475411655876, 17.493230684043393 ], [ 78.564756799259953, 17.493230684043393 ], [ 78.564756799259953, 17.49323324086112 ], [ 78.564759481961161, 17.49323324086112 ], [ 78.564759481961161, 17.49323835449648 ], [ 78.564762164662369, 17.49323835449648 ], [ 78.564762164662369, 17.493240911314103 ], [ 78.564764847363548, 17.493240911314103 ], [ 78.564764847363548, 17.493246024949244 ], [ 78.564767530064756, 17.493246024949244 ], [ 78.564767530064756, 17.493251138584242 ], [ 78.564770212765964, 17.493251138584242 ], [ 78.564770212765964, 17.493253695401688 ], [ 78.564772895467158, 17.493253695401688 ], [ 78.564772895467158, 17.493258809036469 ], [ 78.564775578168366, 17.493258809036469 ], [ 78.564775578168366, 17.493261365853801 ], [ 78.564778260869559, 17.493261365853801 ], [ 78.564778260869559, 17.493266479488369 ], [ 78.564780943570781, 17.493266479488369 ], [ 78.564780943570781, 17.493269036305598 ], [ 78.564783626271975, 17.493269036305598 ], [ 78.564783626271975, 17.49327414993995 ], [ 78.564786308973183, 17.49327414993995 ], [ 78.564786308973183, 17.493286934025196 ], [ 78.564783626271975, 17.493286934025196 ], [ 78.564783626271975, 17.493289490842137 ], [ 78.564780943570781, 17.493289490842137 ], [ 78.564780943570781, 17.49329204765904 ], [ 78.564778260869559, 17.49329204765904 ], [ 78.564778260869559, 17.493294604475913 ], [ 78.564775578168366, 17.493294604475913 ], [ 78.564775578168366, 17.493297161292745 ], [ 78.564770212765964, 17.493297161292745 ], [ 78.564770212765964, 17.493299718109544 ], [ 78.564762164662369, 17.493299718109544 ], [ 78.564762164662369, 17.493302274926304 ], [ 78.564748751156358, 17.493302274926304 ], [ 78.564748751156358, 17.493304831743028 ], [ 78.564729972247918, 17.493304831743028 ], [ 78.564729972247918, 17.493307388559717 ], [ 78.564711193339519, 17.493307388559717 ], [ 78.564711193339519, 17.493309945376375 ], [ 78.564692414431093, 17.493309945376375 ], [ 78.564692414431093, 17.493312502192992 ], [ 78.564654856614254, 17.493312502192992 ], [ 78.564654856614254, 17.493315059009571 ], [ 78.564636077705828, 17.493315059009571 ], [ 78.564636077705828, 17.493317615826122 ], [ 78.564628029602233, 17.493317615826122 ] ] ] } },
{ "type": "Feature", "properties": { "value": 255.0 }, "geometry": { "type": "Polygon", "coordinates": [ [ [ 78.566825161887152, 17.493248581766764 ], [ 78.566825161887152, 17.493246024949244 ], [ 78.566822479185944, 17.493246024949244 ], [ 78.566822479185944, 17.493240911314103 ], [ 78.566819796484751, 17.493240911314103 ], [ 78.566819796484751, 17.49323324086112 ], [ 78.566817113783543, 17.49323324086112 ], [ 78.566817113783543, 17.493223013589976 ], [ 78.566814431082335, 17.493223013589976 ], [ 78.566814431082335, 17.493215343136239 ], [ 78.566811748381127, 17.493215343136239 ], [ 78.566811748381127, 17.493202559045962 ], [ 78.566809065679934, 17.493202559045962 ], [ 78.566809065679934, 17.493194888591358 ], [ 78.566811748381127, 17.493194888591358 ], [ 78.566811748381127, 17.493192331773091 ], [ 78.566814431082335, 17.493192331773091 ], [ 78.566814431082335, 17.493189774954782 ], [ 78.566817113783543, 17.493189774954782 ], [ 78.566817113783543, 17.493187218136434 ], [ 78.566822479185944, 17.493187218136434 ], [ 78.566822479185944, 17.493184661318057 ], [ 78.566825161887152, 17.493184661318057 ], [ 78.566825161887152, 17.493182104499638 ], [ 78.566830527289554, 17.493182104499638 ], [ 78.566830527289554, 17.493179547681191 ], [ 78.566838575393163, 17.493179547681191 ], [ 78.566838575393163, 17.493176990862704 ], [ 78.566846623496758, 17.493176990862704 ], [ 78.566846623496758, 17.493174434044178 ], [ 78.566857354301575, 17.493174434044178 ], [ 78.566857354301575, 17.493171877225617 ], [ 78.566865402405185, 17.493171877225617 ], [ 78.566865402405185, 17.49316932040702 ], [ 78.566878815911195, 17.49316932040702 ], [ 78.566878815911195, 17.493166763588395 ], [ 78.566889546715998, 17.493166763588395 ], [ 78.566889546715998, 17.493164206769723 ], [ 78.566897594819608, 17.493164206769723 ], [ 78.566897594819608, 17.49316164995102 ], [ 78.566902960222009, 17.49316164995102 ], [ 78.566902960222009, 17.493164206769723 ], [ 78.566908325624425, 17.493164206769723 ], [ 78.566908325624425, 17.493166763588395 ], [ 78.566911008325633, 17.493166763588395 ], [ 78.566911008325633, 17.493176990862704 ], [ 78.566913691026826, 17.493176990862704 ], [ 78.566913691026826, 17.493192331773091 ], [ 78.566916373728048, 17.493192331773091 ], [ 78.566916373728048, 17.493207672682182 ], [ 78.566919056429242, 17.493207672682182 ], [ 78.566919056429242, 17.493217899954185 ], [ 78.566916373728048, 17.493217899954185 ], [ 78.566916373728048, 17.493223013589976 ], [ 78.566908325624425, 17.493223013589976 ], [ 78.566908325624425, 17.493225570407816 ], [ 78.566902960222009, 17.493225570407816 ], [ 78.566902960222009, 17.49322812722562 ], [ 78.566894912118414, 17.49322812722562 ], [ 78.566894912118414, 17.493230684043393 ], [ 78.566886864014819, 17.493230684043393 ], [ 78.566886864014819, 17.49323324086112 ], [ 78.566878815911195, 17.49323324086112 ], [ 78.566878815911195, 17.493235797678818 ], [ 78.566868085106393, 17.493235797678818 ], [ 78.566868085106393, 17.49323835449648 ], [ 78.566860037002783, 17.49323835449648 ], [ 78.566860037002783, 17.493240911314103 ], [ 78.566854671600368, 17.493240911314103 ], [ 78.566854671600368, 17.493243468131691 ], [ 78.566846623496758, 17.493243468131691 ], [ 78.566846623496758, 17.493246024949244 ], [ 78.566838575393163, 17.493246024949244 ], [ 78.566838575393163, 17.493248581766764 ], [ 78.566825161887152, 17.493248581766764 ] ] ] } },
{ "type": "Feature", "properties": { "value": 255.0 }, "geometry": { "type": "Polygon", "coordinates": [ [ [ 78.565998889916742, 17.49340454756728 ], [ 78.565998889916742, 17.493401990751952 ], [ 78.565996207215548, 17.493401990751952 ], [ 78.565996207215548, 17.493399433936595 ], [ 78.565993524514354, 17.493399433936595 ], [ 78.565993524514354, 17.493386649859261 ], [ 78.565990841813132, 17.493386649859261 ], [ 78.565990841813132, 17.493373865781027 ], [ 78.565988159111939, 17.493373865781027 ], [ 78.565988159111939, 17.493350854437939 ], [ 78.565985476410731, 17.493350854437939 ], [ 78.565985476410731, 17.493315059009571 ], [ 78.565982793709537, 17.493315059009571 ], [ 78.565982793709537, 17.49327414993995 ], [ 78.565980111008329, 17.49327414993995 ], [ 78.565980111008329, 17.493225570407816 ], [ 78.565977428307121, 17.493225570407816 ], [ 78.565977428307121, 17.493207672682182 ], [ 78.565974745605914, 17.493207672682182 ], [ 78.565974745605914, 17.493164206769723 ], [ 78.565980111008329, 17.493164206769723 ], [ 78.565980111008329, 17.49316164995102 ], [ 78.566012303422767, 17.49316164995102 ], [ 78.566012303422767, 17.493159093132281 ], [ 78.566068640148018, 17.493159093132281 ], [ 78.566068640148018, 17.49316164995102 ], [ 78.566071322849211, 17.49316164995102 ], [ 78.566071322849211, 17.493171877225617 ], [ 78.566074005550419, 17.493171877225617 ], [ 78.566074005550419, 17.493197445409592 ], [ 78.566076688251613, 17.493197445409592 ], [ 78.566076688251613, 17.493223013589976 ], [ 78.566079370952835, 17.493223013589976 ], [ 78.566079370952835, 17.493246024949244 ], [ 78.566082053654029, 17.493246024949244 ], [ 78.566082053654029, 17.493271593122792 ], [ 78.566084736355236, 17.493271593122792 ], [ 78.566084736355236, 17.493309945376375 ], [ 78.56608741905643, 17.493309945376375 ], [ 78.56608741905643, 17.493343183989598 ], [ 78.566090101757638, 17.493343183989598 ], [ 78.566090101757638, 17.49337897941243 ], [ 78.56608741905643, 17.49337897941243 ], [ 78.56608741905643, 17.493381536228075 ], [ 78.566084736355236, 17.493381536228075 ], [ 78.566084736355236, 17.493384093043684 ], [ 78.566068640148018, 17.493384093043684 ], [ 78.566068640148018, 17.493386649859261 ], [ 78.566039130434788, 17.493386649859261 ], [ 78.566039130434788, 17.493389206674799 ], [ 78.566033765032373, 17.493389206674799 ], [ 78.566033765032373, 17.493391763490301 ], [ 78.566028399629971, 17.493391763490301 ], [ 78.566028399629971, 17.493394320305772 ], [ 78.566025716928777, 17.493394320305772 ], [ 78.566025716928777, 17.493396877121199 ], [ 78.566023034227555, 17.493396877121199 ], [ 78.566023034227555, 17.493399433936595 ], [ 78.566017668825182, 17.493399433936595 ], [ 78.566017668825182, 17.493401990751952 ], [ 78.566009620721559, 17.493401990751952 ], [ 78.566009620721559, 17.49340454756728 ], [ 78.565998889916742, 17.49340454756728 ] ] ] } },
{ "type": "Feature", "properties": { "value": 255.0 }, "geometry": { "type": "Polygon", "coordinates": [ [ [ 78.566095467160039, 17.493279263574156 ], [ 78.566095467160039, 17.493276706757069 ], [ 78.566092784458846, 17.493276706757069 ], [ 78.566092784458846, 17.493271593122792 ], [ 78.566090101757638, 17.493271593122792 ], [ 78.566090101757638, 17.493246024949244 ], [ 78.56608741905643, 17.493246024949244 ], [ 78.56608741905643, 17.493212786318253 ], [ 78.566084736355236, 17.493212786318253 ], [ 78.566084736355236, 17.493176990862704 ], [ 78.566082053654029, 17.493176990862704 ], [ 78.566082053654029, 17.49316164995102 ], [ 78.566084736355236, 17.49316164995102 ], [ 78.566084736355236, 17.493153979494693 ], [ 78.56608741905643, 17.493153979494693 ], [ 78.56608741905643, 17.493151422675847 ], [ 78.566095467160039, 17.493151422675847 ], [ 78.566095467160039, 17.493148865856966 ], [ 78.566116928769659, 17.493148865856966 ], [ 78.566116928769659, 17.493146309038046 ], [ 78.566143755781681, 17.493146309038046 ], [ 78.566143755781681, 17.493143752219094 ], [ 78.566173265494911, 17.493143752219094 ], [ 78.566173265494911, 17.493146309038046 ], [ 78.566186679000921, 17.493146309038046 ], [ 78.566186679000921, 17.493148865856966 ], [ 78.566189361702129, 17.493148865856966 ], [ 78.566189361702129, 17.493151422675847 ], [ 78.566192044403337, 17.493151422675847 ], [ 78.566192044403337, 17.493164206769723 ], [ 78.566194727104545, 17.493164206769723 ], [ 78.566194727104545, 17.493174434044178 ], [ 78.566197409805739, 17.493174434044178 ], [ 78.566197409805739, 17.493184661318057 ], [ 78.566200092506946, 17.493184661318057 ], [ 78.566200092506946, 17.493207672682182 ], [ 78.566202775208154, 17.493207672682182 ], [ 78.566202775208154, 17.493246024949244 ], [ 78.566205457909362, 17.493246024949244 ], [ 78.566205457909362, 17.493266479488369 ], [ 78.566202775208154, 17.493266479488369 ], [ 78.566202775208154, 17.49327414993995 ], [ 78.566197409805739, 17.49327414993995 ], [ 78.566197409805739, 17.493276706757069 ], [ 78.566186679000921, 17.493276706757069 ], [ 78.566186679000921, 17.49327414993995 ], [ 78.56618131359852, 17.49327414993995 ], [ 78.56618131359852, 17.493276706757069 ], [ 78.566133024976864, 17.493276706757069 ], [ 78.566133024976864, 17.493279263574156 ], [ 78.566095467160039, 17.493279263574156 ] ] ] } },
{ "type": "Feature", "properties": { "value": 255.0 }, "geometry": { "type": "Polygon", "coordinates": [ [ [ 78.565317483811285, 17.493225570407816 ], [ 78.565317483811285, 17.493223013589976 ], [ 78.565312118408883, 17.493223013589976 ], [ 78.565312118408883, 17.493220456772104 ], [ 78.56530943570769, 17.493220456772104 ], [ 78.56530943570769, 17.493212786318253 ], [ 78.565306753006467, 17.493212786318253 ], [ 78.565306753006467, 17.493200002227795 ], [ 78.565304070305274, 17.493200002227795 ], [ 78.565304070305274, 17.493187218136434 ], [ 78.565301387604066, 17.493187218136434 ], [ 78.565301387604066, 17.493176990862704 ], [ 78.565298704902872, 17.493176990862704 ], [ 78.565298704902872, 17.493166763588395 ], [ 78.565296022201665, 17.493166763588395 ], [ 78.565296022201665, 17.49315653631351 ], [ 78.565293339500471, 17.49315653631351 ], [ 78.565293339500471, 17.493138638581073 ], [ 78.565290656799277, 17.493138638581073 ], [ 78.565290656799277, 17.493130968123776 ], [ 78.565287974098069, 17.493130968123776 ], [ 78.565287974098069, 17.493125854485399 ], [ 78.565285291396862, 17.493125854485399 ], [ 78.565285291396862, 17.49312074084688 ], [ 78.565287974098069, 17.49312074084688 ], [ 78.565287974098069, 17.493115627208212 ], [ 78.565290656799277, 17.493115627208212 ], [ 78.565290656799277, 17.493113070388819 ], [ 78.56530943570769, 17.493113070388819 ], [ 78.56530943570769, 17.493115627208212 ], [ 78.565328214616102, 17.493115627208212 ], [ 78.565328214616102, 17.493113070388819 ], [ 78.565346993524514, 17.493113070388819 ], [ 78.565346993524514, 17.493110513569402 ], [ 78.565355041628123, 17.493110513569402 ], [ 78.565355041628123, 17.493107956749942 ], [ 78.565357724329331, 17.493107956749942 ], [ 78.565357724329331, 17.493110513569402 ], [ 78.565360407030525, 17.493110513569402 ], [ 78.565360407030525, 17.493113070388819 ], [ 78.565363089731733, 17.493113070388819 ], [ 78.565363089731733, 17.493115627208212 ], [ 78.565365772432941, 17.493115627208212 ], [ 78.565365772432941, 17.49312074084688 ], [ 78.565368455134148, 17.49312074084688 ], [ 78.565368455134148, 17.493141195400099 ], [ 78.565371137835342, 17.493141195400099 ], [ 78.565371137835342, 17.493159093132281 ], [ 78.56537382053655, 17.493159093132281 ], [ 78.56537382053655, 17.493164206769723 ], [ 78.565376503237758, 17.493164206769723 ], [ 78.565376503237758, 17.49316932040702 ], [ 78.56537382053655, 17.49316932040702 ], [ 78.56537382053655, 17.493187218136434 ], [ 78.565376503237758, 17.493187218136434 ], [ 78.565376503237758, 17.493192331773091 ], [ 78.565379185938951, 17.493192331773091 ], [ 78.565379185938951, 17.493200002227795 ], [ 78.565381868640159, 17.493200002227795 ], [ 78.565381868640159, 17.493205115864086 ], [ 78.565384551341353, 17.493205115864086 ], [ 78.565384551341353, 17.493212786318253 ], [ 78.565381868640159, 17.493212786318253 ], [ 78.565381868640159, 17.493215343136239 ], [ 78.565379185938951, 17.493215343136239 ], [ 78.565379185938951, 17.493217899954185 ], [ 78.565371137835342, 17.493217899954185 ], [ 78.565371137835342, 17.493220456772104 ], [ 78.565357724329331, 17.493220456772104 ], [ 78.565357724329331, 17.493223013589976 ], [ 78.56533089731731, 17.493223013589976 ], [ 78.56533089731731, 17.493225570407816 ], [ 78.565317483811285, 17.493225570407816 ] ] ] } },
{ "type": "Feature", "properties": { "value": 255.0 }, "geometry": { "type": "Polygon", "coordinates": [ [ [ 78.564979463459778, 17.493281820391207 ], [ 78.564979463459778, 17.493279263574156 ], [ 78.564976780758556, 17.493279263574156 ], [ 78.564976780758556, 17.49327414993995 ], [ 78.564974098057363, 17.49327414993995 ], [ 78.564974098057363, 17.493261365853801 ], [ 78.564971415356155, 17.493261365853801 ], [ 78.564971415356155, 17.493251138584242 ], [ 78.564968732654961, 17.493251138584242 ], [ 78.564968732654961, 17.493235797678818 ], [ 78.564966049953739, 17.493235797678818 ], [ 78.564966049953739, 17.493225570407816 ], [ 78.564963367252545, 17.493225570407816 ], [ 78.564963367252545, 17.493207672682182 ], [ 78.564968732654961, 17.493207672682182 ], [ 78.564968732654961, 17.493205115864086 ], [ 78.564982146160972, 17.493205115864086 ], [ 78.564982146160972, 17.493202559045962 ], [ 78.564968732654961, 17.493202559045962 ], [ 78.564968732654961, 17.493200002227795 ], [ 78.564966049953739, 17.493200002227795 ], [ 78.564966049953739, 17.493197445409592 ], [ 78.564963367252545, 17.493197445409592 ], [ 78.564963367252545, 17.493194888591358 ], [ 78.564960684551338, 17.493194888591358 ], [ 78.564960684551338, 17.493184661318057 ], [ 78.564958001850144, 17.493184661318057 ], [ 78.564958001850144, 17.493166763588395 ], [ 78.56495531914895, 17.493166763588395 ], [ 78.56495531914895, 17.493143752219094 ], [ 78.564952636447742, 17.493143752219094 ], [ 78.564952636447742, 17.49312074084688 ], [ 78.564960684551338, 17.49312074084688 ], [ 78.564960684551338, 17.493118184027562 ], [ 78.564968732654961, 17.493118184027562 ], [ 78.564968732654961, 17.493115627208212 ], [ 78.564974098057363, 17.493115627208212 ], [ 78.564974098057363, 17.493113070388819 ], [ 78.564992876965789, 17.493113070388819 ], [ 78.564992876965789, 17.493110513569402 ], [ 78.565014338575395, 17.493110513569402 ], [ 78.565014338575395, 17.493107956749942 ], [ 78.565033117483807, 17.493107956749942 ], [ 78.565033117483807, 17.49310539993045 ], [ 78.56504921369104, 17.49310539993045 ], [ 78.56504921369104, 17.493102843110922 ], [ 78.565062627197037, 17.493102843110922 ], [ 78.565062627197037, 17.493100286291355 ], [ 78.565073358001854, 17.493100286291355 ], [ 78.565073358001854, 17.493097729471749 ], [ 78.565094819611488, 17.493097729471749 ], [ 78.565094819611488, 17.493100286291355 ], [ 78.56510018501389, 17.493100286291355 ], [ 78.56510018501389, 17.493102843110922 ], [ 78.565102867715083, 17.493102843110922 ], [ 78.565102867715083, 17.49310539993045 ], [ 78.565108233117485, 17.49310539993045 ], [ 78.565108233117485, 17.493107956749942 ], [ 78.565116281221094, 17.493107956749942 ], [ 78.565116281221094, 17.493110513569402 ], [ 78.565118963922288, 17.493110513569402 ], [ 78.565118963922288, 17.493113070388819 ], [ 78.565121646623496, 17.493113070388819 ], [ 78.565121646623496, 17.49312074084688 ], [ 78.565124329324703, 17.49312074084688 ], [ 78.565124329324703, 17.493130968123776 ], [ 78.565127012025911, 17.493130968123776 ], [ 78.565127012025911, 17.493138638581073 ], [ 78.565129694727105, 17.493138638581073 ], [ 78.565129694727105, 17.493146309038046 ], [ 78.565132377428313, 17.493146309038046 ], [ 78.565132377428313, 17.493166763588395 ], [ 78.565129694727105, 17.493166763588395 ], [ 78.565129694727105, 17.49316932040702 ], [ 78.565124329324703, 17.49316932040702 ], [ 78.565124329324703, 17.493171877225617 ], [ 78.565116281221094, 17.493171877225617 ], [ 78.565116281221094, 17.493174434044178 ], [ 78.565110915818693, 17.493174434044178 ], [ 78.565110915818693, 17.493176990862704 ], [ 78.565108233117485, 17.493176990862704 ], [ 78.565108233117485, 17.493179547681191 ], [ 78.565102867715083, 17.493179547681191 ], [ 78.565102867715083, 17.493182104499638 ], [ 78.56509213691028, 17.493182104499638 ], [ 78.56509213691028, 17.493184661318057 ], [ 78.565102867715083, 17.493184661318057 ], [ 78.565102867715083, 17.493187218136434 ], [ 78.565105550416277, 17.493187218136434 ], [ 78.565105550416277, 17.493212786318253 ], [ 78.565108233117485, 17.493212786318253 ], [ 78.565108233117485, 17.493230684043393 ], [ 78.565110915818693, 17.493230684043393 ], [ 78.565110915818693, 17.493235797678818 ], [ 78.565113598519901, 17.493235797678818 ], [ 78.565113598519901, 17.493253695401688 ], [ 78.565110915818693, 17.493253695401688 ], [ 78.565110915818693, 17.493256252219094 ], [ 78.565108233117485, 17.493256252219094 ], [ 78.565108233117485, 17.493258809036469 ], [ 78.565105550416277, 17.493258809036469 ], [ 78.565105550416277, 17.493261365853801 ], [ 78.565097502312682, 17.493261365853801 ], [ 78.565097502312682, 17.493263922671105 ], [ 78.565084088806671, 17.493263922671105 ], [ 78.565084088806671, 17.493266479488369 ], [ 78.565067992599452, 17.493266479488369 ], [ 78.565067992599452, 17.493269036305598 ], [ 78.565059944495843, 17.493269036305598 ], [ 78.565059944495843, 17.493271593122792 ], [ 78.565043848288624, 17.493271593122792 ], [ 78.565043848288624, 17.49327414993995 ], [ 78.56502775208142, 17.49327414993995 ], [ 78.56502775208142, 17.493276706757069 ], [ 78.565011655874201, 17.493276706757069 ], [ 78.565011655874201, 17.493279263574156 ], [ 78.564998242368191, 17.493279263574156 ], [ 78.564998242368191, 17.493281820391207 ], [ 78.564979463459778, 17.493281820391207 ] ], [ [ 78.564982146160972, 17.493202559045962 ], [ 78.564995559666983, 17.493202559045962 ], [ 78.564995559666983, 17.493200002227795 ], [ 78.564982146160972, 17.493200002227795 ], [ 78.564982146160972, 17.493202559045962 ] ], [ [ 78.565006290471786, 17.493200002227795 ], [ 78.565014338575395, 17.493200002227795 ], [ 78.565014338575395, 17.493197445409592 ], [ 78.565006290471786, 17.493197445409592 ], [ 78.565006290471786, 17.493200002227795 ] ], [ [ 78.565025069380212, 17.493197445409592 ], [ 78.565030434782614, 17.493197445409592 ], [ 78.565030434782614, 17.493194888591358 ], [ 78.565025069380212, 17.493194888591358 ], [ 78.565025069380212, 17.493197445409592 ] ], [ [ 78.565041165587431, 17.493194888591358 ], [ 78.565043848288624, 17.493194888591358 ], [ 78.565043848288624, 17.493192331773091 ], [ 78.565041165587431, 17.493192331773091 ], [ 78.565041165587431, 17.493194888591358 ] ], [ [ 78.56504921369104, 17.493192331773091 ], [ 78.565051896392248, 17.493192331773091 ], [ 78.565051896392248, 17.493189774954782 ], [ 78.56504921369104, 17.493189774954782 ], [ 78.56504921369104, 17.493192331773091 ] ], [ [ 78.565062627197037, 17.493189774954782 ], [ 78.565067992599452, 17.493189774954782 ], [ 78.565067992599452, 17.493187218136434 ], [ 78.565062627197037, 17.493187218136434 ], [ 78.565062627197037, 17.493189774954782 ] ], [ [ 78.56507872340427, 17.493187218136434 ], [ 78.565084088806671, 17.493187218136434 ], [ 78.565084088806671, 17.493184661318057 ], [ 78.56507872340427, 17.493184661318057 ], [ 78.56507872340427, 17.493187218136434 ] ] ] } },
{ "type": "Feature", "properties": { "value": 255.0 }, "geometry": { "type": "Polygon", "coordinates": [ [ [ 78.567227567067533, 17.493225570407816 ], [ 78.567227567067533, 17.493223013589976 ], [ 78.56722488436634, 17.493223013589976 ], [ 78.56722488436634, 17.493220456772104 ], [ 78.567222201665132, 17.493220456772104 ], [ 78.567222201665132, 17.493215343136239 ], [ 78.567219518963938, 17.493215343136239 ], [ 78.567219518963938, 17.493207672682182 ], [ 78.56721683626273, 17.493207672682182 ], [ 78.56721683626273, 17.493200002227795 ], [ 78.567214153561537, 17.493200002227795 ], [ 78.567214153561537, 17.493192331773091 ], [ 78.567211470860315, 17.493192331773091 ], [ 78.567211470860315, 17.493184661318057 ], [ 78.567208788159121, 17.493184661318057 ], [ 78.567208788159121, 17.493176990862704 ], [ 78.567206105457913, 17.493176990862704 ], [ 78.567206105457913, 17.49316932040702 ], [ 78.56720342275672, 17.49316932040702 ], [ 78.56720342275672, 17.49316164995102 ], [ 78.567200740055497, 17.49316164995102 ], [ 78.567200740055497, 17.49315653631351 ], [ 78.567198057354304, 17.49315653631351 ], [ 78.567198057354304, 17.493148865856966 ], [ 78.567195374653096, 17.493148865856966 ], [ 78.567195374653096, 17.493143752219094 ], [ 78.567192691951902, 17.493143752219094 ], [ 78.567192691951902, 17.49313608176201 ], [ 78.567190009250695, 17.49313608176201 ], [ 78.567190009250695, 17.493113070388819 ], [ 78.567192691951902, 17.493113070388819 ], [ 78.567192691951902, 17.493110513569402 ], [ 78.567198057354304, 17.493110513569402 ], [ 78.567198057354304, 17.493107956749942 ], [ 78.56720342275672, 17.493107956749942 ], [ 78.56720342275672, 17.49310539993045 ], [ 78.567208788159121, 17.49310539993045 ], [ 78.567208788159121, 17.493102843110922 ], [ 78.56721683626273, 17.493102843110922 ], [ 78.56721683626273, 17.493100286291355 ], [ 78.56722488436634, 17.493100286291355 ], [ 78.56722488436634, 17.493097729471749 ], [ 78.567232932469935, 17.493097729471749 ], [ 78.567232932469935, 17.493095172652108 ], [ 78.56724634597596, 17.493095172652108 ], [ 78.56724634597596, 17.493092615832438 ], [ 78.567259759481971, 17.493092615832438 ], [ 78.567259759481971, 17.493095172652108 ], [ 78.567262442183178, 17.493095172652108 ], [ 78.567262442183178, 17.493097729471749 ], [ 78.567265124884372, 17.493097729471749 ], [ 78.567265124884372, 17.493100286291355 ], [ 78.56726780758558, 17.493100286291355 ], [ 78.56726780758558, 17.493107956749942 ], [ 78.567270490286788, 17.493107956749942 ], [ 78.567270490286788, 17.493118184027562 ], [ 78.567273172987981, 17.493118184027562 ], [ 78.567273172987981, 17.493123297666155 ], [ 78.567275855689175, 17.493123297666155 ], [ 78.567275855689175, 17.493128411304607 ], [ 78.567278538390383, 17.493128411304607 ], [ 78.567278538390383, 17.49313608176201 ], [ 78.567281221091577, 17.49313608176201 ], [ 78.567281221091577, 17.493146309038046 ], [ 78.567283903792784, 17.493146309038046 ], [ 78.567283903792784, 17.493148865856966 ], [ 78.567286586493978, 17.493148865856966 ], [ 78.567286586493978, 17.493153979494693 ], [ 78.567289269195186, 17.493153979494693 ], [ 78.567289269195186, 17.493159093132281 ], [ 78.567291951896394, 17.493159093132281 ], [ 78.567291951896394, 17.49316932040702 ], [ 78.567294634597602, 17.49316932040702 ], [ 78.567294634597602, 17.493176990862704 ], [ 78.5673, 17.493176990862704 ], [ 78.5673, 17.493202559045962 ], [ 78.567294634597602, 17.493202559045962 ], [ 78.567294634597602, 17.493205115864086 ], [ 78.567289269195186, 17.493205115864086 ], [ 78.567289269195186, 17.493207672682182 ], [ 78.567283903792784, 17.493207672682182 ], [ 78.567283903792784, 17.493210229500235 ], [ 78.567275855689175, 17.493210229500235 ], [ 78.567275855689175, 17.493212786318253 ], [ 78.56726780758558, 17.493212786318253 ], [ 78.56726780758558, 17.493215343136239 ], [ 78.567259759481971, 17.493215343136239 ], [ 78.567259759481971, 17.493217899954185 ], [ 78.56724634597596, 17.493217899954185 ], [ 78.56724634597596, 17.493220456772104 ], [ 78.567238297872336, 17.493220456772104 ], [ 78.567238297872336, 17.493223013589976 ], [ 78.567230249768727, 17.493223013589976 ], [ 78.567230249768727, 17.493225570407816 ], [ 78.567227567067533, 17.493225570407816 ] ] ] } },
{ "type": "Feature", "properties": { "value": 255.0 }, "geometry": { "type": "Polygon", "coordinates": [ [ [ 78.566283256244219, 17.49323324086112 ], [ 78.566283256244219, 17.493230684043393 ], [ 78.56627520814061, 17.493230684043393 ], [ 78.56627520814061, 17.493225570407816 ], [ 78.566272525439402, 17.493225570407816 ], [ 78.566272525439402, 17.493220456772104 ], [ 78.566269842738208, 17.493220456772104 ], [ 78.566269842738208, 17.493215343136239 ], [ 78.566267160037, 17.493215343136239 ], [ 78.566267160037, 17.493212786318253 ], [ 78.566264477335793, 17.493212786318253 ], [ 78.566264477335793, 17.493207672682182 ], [ 78.566261794634599, 17.493207672682182 ], [ 78.566261794634599, 17.493202559045962 ], [ 78.566259111933405, 17.493202559045962 ], [ 78.566259111933405, 17.493194888591358 ], [ 78.566256429232212, 17.493194888591358 ], [ 78.566256429232212, 17.493182104499638 ], [ 78.56625374653099, 17.493182104499638 ], [ 78.56625374653099, 17.49316932040702 ], [ 78.566251063829796, 17.49316932040702 ], [ 78.566251063829796, 17.493166763588395 ], [ 78.566248381128602, 17.493166763588395 ], [ 78.566248381128602, 17.493164206769723 ], [ 78.566243015726187, 17.493164206769723 ], [ 78.566243015726187, 17.493159093132281 ], [ 78.566240333024979, 17.493159093132281 ], [ 78.566240333024979, 17.493146309038046 ], [ 78.566243015726187, 17.493146309038046 ], [ 78.566243015726187, 17.493138638581073 ], [ 78.566240333024979, 17.493138638581073 ], [ 78.566240333024979, 17.49313608176201 ], [ 78.566243015726187, 17.49313608176201 ], [ 78.566243015726187, 17.493133524942909 ], [ 78.566245698427394, 17.493133524942909 ], [ 78.566245698427394, 17.493125854485399 ], [ 78.566248381128602, 17.493125854485399 ], [ 78.566248381128602, 17.493123297666155 ], [ 78.566245698427394, 17.493123297666155 ], [ 78.566245698427394, 17.493102843110922 ], [ 78.566248381128602, 17.493102843110922 ], [ 78.566248381128602, 17.493097729471749 ], [ 78.566251063829796, 17.493097729471749 ], [ 78.566251063829796, 17.493095172652108 ], [ 78.566267160037, 17.493095172652108 ], [ 78.566267160037, 17.493092615832438 ], [ 78.566277890841818, 17.493092615832438 ], [ 78.566277890841818, 17.493097729471749 ], [ 78.566280573543025, 17.493097729471749 ], [ 78.566280573543025, 17.493110513569402 ], [ 78.566283256244219, 17.493110513569402 ], [ 78.566283256244219, 17.493128411304607 ], [ 78.566285938945427, 17.493128411304607 ], [ 78.566285938945427, 17.493153979494693 ], [ 78.566288621646635, 17.493153979494693 ], [ 78.566288621646635, 17.493192331773091 ], [ 78.566291304347843, 17.493192331773091 ], [ 78.566291304347843, 17.493194888591358 ], [ 78.566293987049036, 17.493194888591358 ], [ 78.566293987049036, 17.493197445409592 ], [ 78.566302035152646, 17.493197445409592 ], [ 78.566302035152646, 17.493220456772104 ], [ 78.566299352451438, 17.493220456772104 ], [ 78.566299352451438, 17.493223013589976 ], [ 78.566293987049036, 17.493223013589976 ], [ 78.566293987049036, 17.493225570407816 ], [ 78.566291304347843, 17.493225570407816 ], [ 78.566291304347843, 17.49322812722562 ], [ 78.566288621646635, 17.49322812722562 ], [ 78.566288621646635, 17.493230684043393 ], [ 78.566285938945427, 17.493230684043393 ], [ 78.566285938945427, 17.49323324086112 ], [ 78.566283256244219, 17.49323324086112 ] ], [ [ 78.566285938945427, 17.493210229500235 ], [ 78.566288621646635, 17.493210229500235 ], [ 78.566288621646635, 17.493205115864086 ], [ 78.566285938945427, 17.493205115864086 ], [ 78.566285938945427, 17.493210229500235 ] ] ] } },
{ "type": "Feature", "properties": { "value": 255.0 }, "geometry": { "type": "Polygon", "coordinates": [ [ [ 78.564689731729885, 17.493189774954782 ], [ 78.564689731729885, 17.493187218136434 ], [ 78.564687049028677, 17.493187218136434 ], [ 78.564687049028677, 17.493184661318057 ], [ 78.564684366327484, 17.493184661318057 ], [ 78.564684366327484, 17.493182104499638 ], [ 78.564681683626276, 17.493182104499638 ], [ 78.564681683626276, 17.493176990862704 ], [ 78.564679000925068, 17.493176990862704 ], [ 78.564679000925068, 17.493166763588395 ], [ 78.564676318223874, 17.493166763588395 ], [ 78.564676318223874, 17.493151422675847 ], [ 78.564673635522666, 17.493151422675847 ], [ 78.564673635522666, 17.493138638581073 ], [ 78.564670952821473, 17.493138638581073 ], [ 78.564670952821473, 17.493125854485399 ], [ 78.564668270120251, 17.493125854485399 ], [ 78.564668270120251, 17.493113070388819 ], [ 78.564665587419071, 17.493113070388819 ], [ 78.564665587419071, 17.493102843110922 ], [ 78.564668270120251, 17.493102843110922 ], [ 78.564668270120251, 17.493100286291355 ], [ 78.564673635522666, 17.493100286291355 ], [ 78.564673635522666, 17.493097729471749 ], [ 78.564689731729885, 17.493097729471749 ], [ 78.564689731729885, 17.493095172652108 ], [ 78.564729972247918, 17.493095172652108 ], [ 78.564729972247918, 17.493092615832438 ], [ 78.56475411655876, 17.493092615832438 ], [ 78.56475411655876, 17.493090059012726 ], [ 78.564756799259953, 17.493090059012726 ], [ 78.564756799259953, 17.493092615832438 ], [ 78.564767530064756, 17.493092615832438 ], [ 78.564767530064756, 17.493095172652108 ], [ 78.564770212765964, 17.493095172652108 ], [ 78.564770212765964, 17.493102843110922 ], [ 78.564772895467158, 17.493102843110922 ], [ 78.564772895467158, 17.493107956749942 ], [ 78.564775578168366, 17.493107956749942 ], [ 78.564775578168366, 17.493113070388819 ], [ 78.564778260869559, 17.493113070388819 ], [ 78.564778260869559, 17.493123297666155 ], [ 78.564780943570781, 17.493123297666155 ], [ 78.564780943570781, 17.493128411304607 ], [ 78.564783626271975, 17.493128411304607 ], [ 78.564783626271975, 17.493159093132281 ], [ 78.564786308973183, 17.493159093132281 ], [ 78.564786308973183, 17.493164206769723 ], [ 78.564783626271975, 17.493164206769723 ], [ 78.564783626271975, 17.49316932040702 ], [ 78.564780943570781, 17.49316932040702 ], [ 78.564780943570781, 17.493171877225617 ], [ 78.564778260869559, 17.493171877225617 ], [ 78.564778260869559, 17.493174434044178 ], [ 78.564767530064756, 17.493174434044178 ], [ 78.564767530064756, 17.493176990862704 ], [ 78.56475411655876, 17.493176990862704 ], [ 78.56475411655876, 17.493179547681191 ], [ 78.564738020351541, 17.493179547681191 ], [ 78.564738020351541, 17.493182104499638 ], [ 78.564727289546724, 17.493182104499638 ], [ 78.564727289546724, 17.493184661318057 ], [ 78.564713876040713, 17.493184661318057 ], [ 78.564713876040713, 17.493187218136434 ], [ 78.564705827937118, 17.493187218136434 ], [ 78.564705827937118, 17.493189774954782 ], [ 78.564689731729885, 17.493189774954782 ] ] ] } },
{ "type": "Feature", "properties": { "value": 255.0 }, "geometry": { "type": "Polygon", "coordinates": [ [ [ 78.565507955596686, 17.493133524942909 ], [ 78.565507955596686, 17.493130968123776 ], [ 78.565494542090647, 17.493130968123776 ], [ 78.565494542090647, 17.493128411304607 ], [ 78.565465032377446, 17.493128411304607 ], [ 78.565465032377446, 17.493125854485399 ], [ 78.565462349676224, 17.493125854485399 ], [ 78.565462349676224, 17.493123297666155 ], [ 78.56545966697503, 17.493123297666155 ], [ 78.56545966697503, 17.493118184027562 ], [ 78.565456984273823, 17.493118184027562 ], [ 78.565456984273823, 17.493110513569402 ], [ 78.565454301572629, 17.493110513569402 ], [ 78.565454301572629, 17.493100286291355 ], [ 78.565451618871421, 17.493100286291355 ], [ 78.565451618871421, 17.493084945373198 ], [ 78.565448936170213, 17.493084945373198 ], [ 78.565448936170213, 17.493074718093713 ], [ 78.565451618871421, 17.493074718093713 ], [ 78.565451618871421, 17.493067047633719 ], [ 78.565454301572629, 17.493067047633719 ], [ 78.565454301572629, 17.493064490813651 ], [ 78.565456984273823, 17.493064490813651 ], [ 78.565456984273823, 17.493061933993541 ], [ 78.565462349676224, 17.493061933993541 ], [ 78.565462349676224, 17.493059377173399 ], [ 78.565478445883457, 17.493059377173399 ], [ 78.565478445883457, 17.493056820353221 ], [ 78.565513320999074, 17.493056820353221 ], [ 78.565513320999074, 17.493054263533008 ], [ 78.565521369102697, 17.493054263533008 ], [ 78.565521369102697, 17.493056820353221 ], [ 78.565529417206307, 17.493056820353221 ], [ 78.565529417206307, 17.493059377173399 ], [ 78.565534782608708, 17.493059377173399 ], [ 78.565534782608708, 17.493067047633719 ], [ 78.565537465309887, 17.493067047633719 ], [ 78.565537465309887, 17.493072161273748 ], [ 78.56554014801111, 17.493072161273748 ], [ 78.56554014801111, 17.493077274913638 ], [ 78.565542830712303, 17.493077274913638 ], [ 78.565542830712303, 17.493079831733532 ], [ 78.565545513413511, 17.493079831733532 ], [ 78.565545513413511, 17.493084945373198 ], [ 78.565548196114705, 17.493084945373198 ], [ 78.565548196114705, 17.493092615832438 ], [ 78.565550878815912, 17.493092615832438 ], [ 78.565550878815912, 17.493097729471749 ], [ 78.56555356151712, 17.493097729471749 ], [ 78.56555356151712, 17.493100286291355 ], [ 78.565556244218328, 17.493100286291355 ], [ 78.565556244218328, 17.49310539993045 ], [ 78.565558926919522, 17.49310539993045 ], [ 78.565558926919522, 17.493110513569402 ], [ 78.56556160962073, 17.493110513569402 ], [ 78.56556160962073, 17.493128411304607 ], [ 78.565556244218328, 17.493128411304607 ], [ 78.565556244218328, 17.493130968123776 ], [ 78.565542830712303, 17.493130968123776 ], [ 78.565542830712303, 17.493133524942909 ], [ 78.565507955596686, 17.493133524942909 ] ] ] } },
{ "type": "Feature", "properties": { "value": 255.0 }, "geometry": { "type": "Polygon", "coordinates": [ [ [ 78.565631359852006, 17.493125854485399 ], [ 78.565631359852006, 17.493123297666155 ], [ 78.56562599444959, 17.493123297666155 ], [ 78.56562599444959, 17.493115627208212 ], [ 78.565623311748396, 17.493115627208212 ], [ 78.565623311748396, 17.493087502192981 ], [ 78.565620629047189, 17.493087502192981 ], [ 78.565620629047189, 17.493074718093713 ], [ 78.565617946345995, 17.493074718093713 ], [ 78.565617946345995, 17.493051706712759 ], [ 78.565615263644773, 17.493051706712759 ], [ 78.565615263644773, 17.493036365790509 ], [ 78.565612580943579, 17.493036365790509 ], [ 78.565612580943579, 17.492995456658168 ], [ 78.565609898242371, 17.492995456658168 ], [ 78.565609898242371, 17.492967331624346 ], [ 78.565607215541178, 17.492967331624346 ], [ 78.565607215541178, 17.492959661159826 ], [ 78.565609898242371, 17.492959661159826 ], [ 78.565609898242371, 17.492951990694976 ], [ 78.565612580943579, 17.492951990694976 ], [ 78.565612580943579, 17.492949433873289 ], [ 78.565615263644773, 17.492949433873289 ], [ 78.565615263644773, 17.492946877051565 ], [ 78.565620629047189, 17.492946877051565 ], [ 78.565620629047189, 17.492944320229803 ], [ 78.565666234967637, 17.492944320229803 ], [ 78.565666234967637, 17.492941763408005 ], [ 78.565695744680852, 17.492941763408005 ], [ 78.565695744680852, 17.492944320229803 ], [ 78.56569842738206, 17.492944320229803 ], [ 78.56569842738206, 17.492946877051565 ], [ 78.565701110083253, 17.492946877051565 ], [ 78.565701110083253, 17.492951990694976 ], [ 78.565703792784461, 17.492951990694976 ], [ 78.565703792784461, 17.492957104338242 ], [ 78.565706475485669, 17.492957104338242 ], [ 78.565706475485669, 17.492967331624346 ], [ 78.565709158186877, 17.492967331624346 ], [ 78.565709158186877, 17.492980115731168 ], [ 78.565711840888071, 17.492980115731168 ], [ 78.565711840888071, 17.493000570300214 ], [ 78.565714523589278, 17.493000570300214 ], [ 78.565714523589278, 17.493010797583871 ], [ 78.565717206290486, 17.493010797583871 ], [ 78.565717206290486, 17.493023581687638 ], [ 78.565719888991694, 17.493023581687638 ], [ 78.565719888991694, 17.493036365790509 ], [ 78.565722571692888, 17.493036365790509 ], [ 78.565722571692888, 17.493008240763015 ], [ 78.565719888991694, 17.493008240763015 ], [ 78.565719888991694, 17.492987786194831 ], [ 78.565717206290486, 17.492987786194831 ], [ 78.565717206290486, 17.492969888445785 ], [ 78.565719888991694, 17.492969888445785 ], [ 78.565719888991694, 17.492967331624346 ], [ 78.565727937095303, 17.492967331624346 ], [ 78.565727937095303, 17.492964774802878 ], [ 78.5657413506013, 17.492964774802878 ], [ 78.5657413506013, 17.492962217981368 ], [ 78.565752081406117, 17.492962217981368 ], [ 78.565752081406117, 17.492959661159826 ], [ 78.565760129509727, 17.492959661159826 ], [ 78.565760129509727, 17.492957104338242 ], [ 78.565773543015737, 17.492957104338242 ], [ 78.565773543015737, 17.492954547516629 ], [ 78.56579232192415, 17.492954547516629 ], [ 78.56579232192415, 17.492951990694976 ], [ 78.565805735430175, 17.492951990694976 ], [ 78.565805735430175, 17.492954547516629 ], [ 78.565811100832576, 17.492954547516629 ], [ 78.565811100832576, 17.492959661159826 ], [ 78.56581378353377, 17.492959661159826 ], [ 78.56581378353377, 17.492980115731168 ], [ 78.565816466234978, 17.492980115731168 ], [ 78.565816466234978, 17.493000570300214 ], [ 78.565819148936185, 17.493000570300214 ], [ 78.565819148936185, 17.493023581687638 ], [ 78.565821831637379, 17.493023581687638 ], [ 78.565821831637379, 17.493041479431398 ], [ 78.565824514338587, 17.493041479431398 ], [ 78.565824514338587, 17.493059377173399 ], [ 78.565827197039781, 17.493059377173399 ], [ 78.565827197039781, 17.493079831733532 ], [ 78.565829879740974, 17.493079831733532 ], [ 78.565829879740974, 17.493097729471749 ], [ 78.565827197039781, 17.493097729471749 ], [ 78.565827197039781, 17.493100286291355 ], [ 78.565824514338587, 17.493100286291355 ], [ 78.565824514338587, 17.493102843110922 ], [ 78.565803052728953, 17.493102843110922 ], [ 78.565803052728953, 17.49310539993045 ], [ 78.56577086031453, 17.49310539993045 ], [ 78.56577086031453, 17.493107956749942 ], [ 78.565749398704909, 17.493107956749942 ], [ 78.565749398704909, 17.493110513569402 ], [ 78.565738667900092, 17.493110513569402 ], [ 78.565738667900092, 17.493107956749942 ], [ 78.565735985198884, 17.493107956749942 ], [ 78.565735985198884, 17.49310539993045 ], [ 78.565733302497691, 17.49310539993045 ], [ 78.565733302497691, 17.493090059012726 ], [ 78.565730619796483, 17.493090059012726 ], [ 78.565730619796483, 17.493072161273748 ], [ 78.565727937095303, 17.493072161273748 ], [ 78.565727937095303, 17.493051706712759 ], [ 78.565725254394081, 17.493051706712759 ], [ 78.565725254394081, 17.493079831733532 ], [ 78.565727937095303, 17.493079831733532 ], [ 78.565727937095303, 17.493097729471749 ], [ 78.565730619796483, 17.493097729471749 ], [ 78.565730619796483, 17.493113070388819 ], [ 78.565727937095303, 17.493113070388819 ], [ 78.565727937095303, 17.493115627208212 ], [ 78.565725254394081, 17.493115627208212 ], [ 78.565725254394081, 17.493118184027562 ], [ 78.565711840888071, 17.493118184027562 ], [ 78.565711840888071, 17.49312074084688 ], [ 78.565676965772454, 17.49312074084688 ], [ 78.565676965772454, 17.493123297666155 ], [ 78.565642090656809, 17.493123297666155 ], [ 78.565642090656809, 17.493125854485399 ], [ 78.565631359852006, 17.493125854485399 ] ], [ [ 78.565722571692888, 17.493049149892475 ], [ 78.565725254394081, 17.493049149892475 ], [ 78.565725254394081, 17.493036365790509 ], [ 78.565722571692888, 17.493036365790509 ], [ 78.565722571692888, 17.493049149892475 ] ] ] } },
{ "type": "Feature", "properties": { "value": 255.0 }, "geometry": { "type": "Polygon", "coordinates": [ [ [ 78.56543820536541, 17.493028695328896 ], [ 78.56543820536541, 17.493026138508288 ], [ 78.565435522664217, 17.493026138508288 ], [ 78.565435522664217, 17.493023581687638 ], [ 78.565432839963009, 17.493023581687638 ], [ 78.565432839963009, 17.493013354404695 ], [ 78.565430157261801, 17.493013354404695 ], [ 78.565430157261801, 17.492992899837095 ], [ 78.565427474560593, 17.492992899837095 ], [ 78.565427474560593, 17.492985229373641 ], [ 78.5654247918594, 17.492985229373641 ], [ 78.5654247918594, 17.492980115731168 ], [ 78.565422109158192, 17.492980115731168 ], [ 78.565422109158192, 17.492972445267185 ], [ 78.565419426456998, 17.492972445267185 ], [ 78.565419426456998, 17.492964774802878 ], [ 78.56541674375579, 17.492964774802878 ], [ 78.56541674375579, 17.492954547516629 ], [ 78.565414061054582, 17.492954547516629 ], [ 78.565414061054582, 17.492934092942402 ], [ 78.565419426456998, 17.492934092942402 ], [ 78.565419426456998, 17.492931536120462 ], [ 78.565432839963009, 17.492931536120462 ], [ 78.565432839963009, 17.49292897929849 ], [ 78.565451618871421, 17.49292897929849 ], [ 78.565451618871421, 17.492926422476476 ], [ 78.565465032377446, 17.492926422476476 ], [ 78.565465032377446, 17.49292897929849 ], [ 78.565486493987066, 17.49292897929849 ], [ 78.565486493987066, 17.492926422476476 ], [ 78.565497224791869, 17.492926422476476 ], [ 78.565497224791869, 17.49292897929849 ], [ 78.565507955596686, 17.49292897929849 ], [ 78.565507955596686, 17.492931536120462 ], [ 78.56551063829788, 17.492931536120462 ], [ 78.56551063829788, 17.492934092942402 ], [ 78.565516003700282, 17.492934092942402 ], [ 78.565516003700282, 17.492936649764307 ], [ 78.565518686401489, 17.492936649764307 ], [ 78.565518686401489, 17.492941763408005 ], [ 78.565521369102697, 17.492941763408005 ], [ 78.565521369102697, 17.492946877051565 ], [ 78.565524051803891, 17.492946877051565 ], [ 78.565524051803891, 17.492951990694976 ], [ 78.565526734505099, 17.492951990694976 ], [ 78.565526734505099, 17.492954547516629 ], [ 78.565529417206307, 17.492954547516629 ], [ 78.565529417206307, 17.492957104338242 ], [ 78.565534782608708, 17.492957104338242 ], [ 78.565534782608708, 17.492959661159826 ], [ 78.565537465309887, 17.492959661159826 ], [ 78.565537465309887, 17.492962217981368 ], [ 78.56554014801111, 17.492962217981368 ], [ 78.56554014801111, 17.492964774802878 ], [ 78.565542830712303, 17.492964774802878 ], [ 78.565542830712303, 17.492967331624346 ], [ 78.565545513413511, 17.492967331624346 ], [ 78.565545513413511, 17.492975002088549 ], [ 78.565548196114705, 17.492975002088549 ], [ 78.565548196114705, 17.492987786194831 ], [ 78.565550878815912, 17.492987786194831 ], [ 78.565550878815912, 17.492998013479205 ], [ 78.56555356151712, 17.492998013479205 ], [ 78.56555356151712, 17.493010797583871 ], [ 78.565550878815912, 17.493010797583871 ], [ 78.565550878815912, 17.493013354404695 ], [ 78.565542830712303, 17.493013354404695 ], [ 78.565542830712303, 17.493015911225491 ], [ 78.565524051803891, 17.493015911225491 ], [ 78.565524051803891, 17.493018468046245 ], [ 78.565507955596686, 17.493018468046245 ], [ 78.565507955596686, 17.493021024866962 ], [ 78.565497224791869, 17.493021024866962 ], [ 78.565497224791869, 17.493023581687638 ], [ 78.565483811285858, 17.493023581687638 ], [ 78.565483811285858, 17.493026138508288 ], [ 78.565473080481041, 17.493026138508288 ], [ 78.565473080481041, 17.493028695328896 ], [ 78.56543820536541, 17.493028695328896 ] ] ] } },
{ "type": "Feature", "properties": { "value": 255.0 }, "geometry": { "type": "Polygon", "coordinates": [ [ [ 78.565148473635546, 17.493322729459102 ], [ 78.565148473635546, 17.493320172642626 ], [ 78.56514310823313, 17.493320172642626 ], [ 78.56514310823313, 17.493309945376375 ], [ 78.565140425531922, 17.493309945376375 ], [ 78.565140425531922, 17.493299718109544 ], [ 78.565137742830728, 17.493299718109544 ], [ 78.565137742830728, 17.493286934025196 ], [ 78.565135060129521, 17.493286934025196 ], [ 78.565135060129521, 17.493276706757069 ], [ 78.565132377428313, 17.493276706757069 ], [ 78.565132377428313, 17.493263922671105 ], [ 78.565129694727105, 17.493263922671105 ], [ 78.565129694727105, 17.493251138584242 ], [ 78.565132377428313, 17.493251138584242 ], [ 78.565132377428313, 17.493248581766764 ], [ 78.565140425531922, 17.493248581766764 ], [ 78.565140425531922, 17.493246024949244 ], [ 78.565129694727105, 17.493246024949244 ], [ 78.565129694727105, 17.493240911314103 ], [ 78.565127012025911, 17.493240911314103 ], [ 78.565127012025911, 17.493235797678818 ], [ 78.565124329324703, 17.493235797678818 ], [ 78.565124329324703, 17.493225570407816 ], [ 78.565121646623496, 17.493225570407816 ], [ 78.565121646623496, 17.493215343136239 ], [ 78.565118963922288, 17.493215343136239 ], [ 78.565118963922288, 17.493202559045962 ], [ 78.565116281221094, 17.493202559045962 ], [ 78.565116281221094, 17.493189774954782 ], [ 78.565113598519901, 17.493189774954782 ], [ 78.565113598519901, 17.493184661318057 ], [ 78.565116281221094, 17.493184661318057 ], [ 78.565116281221094, 17.493176990862704 ], [ 78.565118963922288, 17.493176990862704 ], [ 78.565118963922288, 17.493174434044178 ], [ 78.565124329324703, 17.493174434044178 ], [ 78.565124329324703, 17.493171877225617 ], [ 78.565129694727105, 17.493171877225617 ], [ 78.565129694727105, 17.49316932040702 ], [ 78.565135060129521, 17.49316932040702 ], [ 78.565135060129521, 17.493166763588395 ], [ 78.565145790934338, 17.493166763588395 ], [ 78.565145790934338, 17.493164206769723 ], [ 78.565159204440334, 17.493164206769723 ], [ 78.565159204440334, 17.49316164995102 ], [ 78.565164569842736, 17.49316164995102 ], [ 78.565164569842736, 17.493159093132281 ], [ 78.565159204440334, 17.493159093132281 ], [ 78.565159204440334, 17.49315653631351 ], [ 78.565156521739141, 17.49315653631351 ], [ 78.565156521739141, 17.493151422675847 ], [ 78.565153839037919, 17.493151422675847 ], [ 78.565153839037919, 17.493143752219094 ], [ 78.565151156336725, 17.493143752219094 ], [ 78.565151156336725, 17.49313608176201 ], [ 78.565148473635546, 17.49313608176201 ], [ 78.565148473635546, 17.493125854485399 ], [ 78.565145790934338, 17.493125854485399 ], [ 78.565145790934338, 17.493113070388819 ], [ 78.56514310823313, 17.493113070388819 ], [ 78.56514310823313, 17.493100286291355 ], [ 78.565140425531922, 17.493100286291355 ], [ 78.565140425531922, 17.493084945373198 ], [ 78.565137742830728, 17.493084945373198 ], [ 78.565137742830728, 17.493077274913638 ], [ 78.565140425531922, 17.493077274913638 ], [ 78.565140425531922, 17.493072161273748 ], [ 78.56514310823313, 17.493072161273748 ], [ 78.56514310823313, 17.493069604453751 ], [ 78.565153839037919, 17.493069604453751 ], [ 78.565153839037919, 17.493067047633719 ], [ 78.56514310823313, 17.493067047633719 ], [ 78.56514310823313, 17.493064490813651 ], [ 78.565140425531922, 17.493064490813651 ], [ 78.565140425531922, 17.493061933993541 ], [ 78.565137742830728, 17.493061933993541 ], [ 78.565137742830728, 17.493044036251792 ], [ 78.565135060129521, 17.493044036251792 ], [ 78.565135060129521, 17.493033808970004 ], [ 78.565132377428313, 17.493033808970004 ], [ 78.565132377428313, 17.493028695328896 ], [ 78.565121646623496, 17.493028695328896 ], [ 78.565121646623496, 17.493031252149468 ], [ 78.565118963922288, 17.493031252149468 ], [ 78.565118963922288, 17.493028695328896 ], [ 78.565116281221094, 17.493028695328896 ], [ 78.565116281221094, 17.493023581687638 ], [ 78.565118963922288, 17.493023581687638 ], [ 78.565118963922288, 17.493021024866962 ], [ 78.565124329324703, 17.493021024866962 ], [ 78.565124329324703, 17.493023581687638 ], [ 78.565129694727105, 17.493023581687638 ], [ 78.565129694727105, 17.493026138508288 ], [ 78.565132377428313, 17.493026138508288 ], [ 78.565132377428313, 17.493023581687638 ], [ 78.565135060129521, 17.493023581687638 ], [ 78.565135060129521, 17.493018468046245 ], [ 78.565137742830728, 17.493018468046245 ], [ 78.565137742830728, 17.493013354404695 ], [ 78.565140425531922, 17.493013354404695 ], [ 78.565140425531922, 17.493005683942116 ], [ 78.56514310823313, 17.493005683942116 ], [ 78.56514310823313, 17.492985229373641 ], [ 78.565145790934338, 17.492985229373641 ], [ 78.565145790934338, 17.492969888445785 ], [ 78.56514310823313, 17.492969888445785 ], [ 78.56514310823313, 17.492959661159826 ], [ 78.565140425531922, 17.492959661159826 ], [ 78.565140425531922, 17.492957104338242 ], [ 78.565135060129521, 17.492957104338242 ], [ 78.565135060129521, 17.492954547516629 ], [ 78.565129694727105, 17.492954547516629 ], [ 78.565129694727105, 17.492951990694976 ], [ 78.565127012025911, 17.492951990694976 ], [ 78.565127012025911, 17.492941763408005 ], [ 78.565129694727105, 17.492941763408005 ], [ 78.565129694727105, 17.492934092942402 ], [ 78.565132377428313, 17.492934092942402 ], [ 78.565132377428313, 17.492931536120462 ], [ 78.565135060129521, 17.492931536120462 ], [ 78.565135060129521, 17.49292897929849 ], [ 78.565183348751162, 17.49292897929849 ], [ 78.565183348751162, 17.492926422476476 ], [ 78.565199444958381, 17.492926422476476 ], [ 78.565199444958381, 17.49292897929849 ], [ 78.565207493061976, 17.49292897929849 ], [ 78.565207493061976, 17.492931536120462 ], [ 78.565210175763184, 17.492931536120462 ], [ 78.565210175763184, 17.492939206586172 ], [ 78.565212858464392, 17.492939206586172 ], [ 78.565212858464392, 17.492946877051565 ], [ 78.565215541165585, 17.492946877051565 ], [ 78.565215541165585, 17.492985229373641 ], [ 78.565218223866793, 17.492985229373641 ], [ 78.565218223866793, 17.493000570300214 ], [ 78.565220906568001, 17.493000570300214 ], [ 78.565220906568001, 17.493015911225491 ], [ 78.565223589269209, 17.493015911225491 ], [ 78.565223589269209, 17.493033808970004 ], [ 78.565226271970403, 17.493033808970004 ], [ 78.565226271970403, 17.493044036251792 ], [ 78.56522895467161, 17.493044036251792 ], [ 78.56522895467161, 17.493049149892475 ], [ 78.565226271970403, 17.493049149892475 ], [ 78.565226271970403, 17.493054263533008 ], [ 78.565223589269209, 17.493054263533008 ], [ 78.565223589269209, 17.493056820353221 ], [ 78.565215541165585, 17.493056820353221 ], [ 78.565215541165585, 17.493059377173399 ], [ 78.565226271970403, 17.493059377173399 ], [ 78.565226271970403, 17.493061933993541 ], [ 78.56522895467161, 17.493061933993541 ], [ 78.56522895467161, 17.493072161273748 ], [ 78.565231637372804, 17.493072161273748 ], [ 78.565231637372804, 17.493084945373198 ], [ 78.565234320074026, 17.493084945373198 ], [ 78.565234320074026, 17.493092615832438 ], [ 78.56523700277522, 17.493092615832438 ], [ 78.56523700277522, 17.493102843110922 ], [ 78.565239685476428, 17.493102843110922 ], [ 78.565239685476428, 17.493115627208212 ], [ 78.565242368177621, 17.493115627208212 ], [ 78.565242368177621, 17.493128411304607 ], [ 78.565245050878829, 17.493128411304607 ], [ 78.565245050878829, 17.493138638581073 ], [ 78.565247733580023, 17.493138638581073 ], [ 78.565247733580023, 17.493148865856966 ], [ 78.565245050878829, 17.493148865856966 ], [ 78.565245050878829, 17.493153979494693 ], [ 78.56523700277522, 17.493153979494693 ], [ 78.56523700277522, 17.49315653631351 ], [ 78.565191396854786, 17.49315653631351 ], [ 78.565191396854786, 17.493159093132281 ], [ 78.565212858464392, 17.493159093132281 ], [ 78.565212858464392, 17.49316164995102 ], [ 78.565215541165585, 17.49316164995102 ], [ 78.565215541165585, 17.493166763588395 ], [ 78.565218223866793, 17.493166763588395 ], [ 78.565218223866793, 17.493174434044178 ], [ 78.565220906568001, 17.493174434044178 ], [ 78.565220906568001, 17.493184661318057 ], [ 78.565223589269209, 17.493184661318057 ], [ 78.565223589269209, 17.493192331773091 ], [ 78.565226271970403, 17.493192331773091 ], [ 78.565226271970403, 17.493207672682182 ], [ 78.56522895467161, 17.493207672682182 ], [ 78.56522895467161, 17.493225570407816 ], [ 78.565226271970403, 17.493225570407816 ], [ 78.565226271970403, 17.493230684043393 ], [ 78.565223589269209, 17.493230684043393 ], [ 78.565223589269209, 17.49323324086112 ], [ 78.56522895467161, 17.49323324086112 ], [ 78.56522895467161, 17.49323835449648 ], [ 78.565231637372804, 17.49323835449648 ], [ 78.565231637372804, 17.493251138584242 ], [ 78.565234320074026, 17.493251138584242 ], [ 78.565234320074026, 17.493258809036469 ], [ 78.56523700277522, 17.493258809036469 ], [ 78.56523700277522, 17.493266479488369 ], [ 78.565239685476428, 17.493266479488369 ], [ 78.565239685476428, 17.49327414993995 ], [ 78.565242368177621, 17.49327414993995 ], [ 78.565242368177621, 17.49329204765904 ], [ 78.565245050878829, 17.49329204765904 ], [ 78.565245050878829, 17.493312502192992 ], [ 78.565239685476428, 17.493312502192992 ], [ 78.565239685476428, 17.493315059009571 ], [ 78.565223589269209, 17.493315059009571 ], [ 78.565223589269209, 17.493317615826122 ], [ 78.565202127659575, 17.493317615826122 ], [ 78.565202127659575, 17.493320172642626 ], [ 78.565175300647553, 17.493320172642626 ], [ 78.565175300647553, 17.493322729459102 ], [ 78.565148473635546, 17.493322729459102 ] ], [ [ 78.565196762257173, 17.493235797678818 ], [ 78.565199444958381, 17.493235797678818 ], [ 78.565199444958381, 17.49323324086112 ], [ 78.565196762257173, 17.49323324086112 ], [ 78.565196762257173, 17.493235797678818 ] ], [ [ 78.565177983348761, 17.49316164995102 ], [ 78.56518603145237, 17.49316164995102 ], [ 78.56518603145237, 17.493159093132281 ], [ 78.565177983348761, 17.493159093132281 ], [ 78.565177983348761, 17.49316164995102 ] ], [ [ 78.565164569842736, 17.493067047633719 ], [ 78.565172617946345, 17.493067047633719 ], [ 78.565172617946345, 17.493064490813651 ], [ 78.565164569842736, 17.493064490813651 ], [ 78.565164569842736, 17.493067047633719 ] ], [ [ 78.565183348751162, 17.493064490813651 ], [ 78.56518603145237, 17.493064490813651 ], [ 78.56518603145237, 17.493061933993541 ], [ 78.565183348751162, 17.493061933993541 ], [ 78.565183348751162, 17.493064490813651 ] ], [ [ 78.565199444958381, 17.493061933993541 ], [ 78.565202127659575, 17.493061933993541 ], [ 78.565202127659575, 17.493059377173399 ], [ 78.565199444958381, 17.493059377173399 ], [ 78.565199444958381, 17.493061933993541 ] ] ] } },
{ "type": "Feature", "properties": { "value": 255.0 }, "geometry": { "type": "Polygon", "coordinates": [ [ [ 78.564976780758556, 17.493049149892475 ], [ 78.564976780758556, 17.493046593072151 ], [ 78.564974098057363, 17.493046593072151 ], [ 78.564974098057363, 17.493041479431398 ], [ 78.564971415356155, 17.493041479431398 ], [ 78.564971415356155, 17.492954547516629 ], [ 78.564968732654961, 17.492954547516629 ], [ 78.564968732654961, 17.492941763408005 ], [ 78.564971415356155, 17.492941763408005 ], [ 78.564971415356155, 17.492918752010226 ], [ 78.564974098057363, 17.492918752010226 ], [ 78.564974098057363, 17.492905967899095 ], [ 78.564976780758556, 17.492905967899095 ], [ 78.564976780758556, 17.492903411076753 ], [ 78.564987511563373, 17.492903411076753 ], [ 78.564987511563373, 17.492905967899095 ], [ 78.564990194264581, 17.492905967899095 ], [ 78.564990194264581, 17.49290852472139 ], [ 78.564992876965789, 17.49290852472139 ], [ 78.564992876965789, 17.492911081543653 ], [ 78.565033117483807, 17.492911081543653 ], [ 78.565033117483807, 17.492913638365877 ], [ 78.56507067530066, 17.492913638365877 ], [ 78.56507067530066, 17.492916195188069 ], [ 78.56509213691028, 17.492916195188069 ], [ 78.56509213691028, 17.492918752010226 ], [ 78.565105550416277, 17.492918752010226 ], [ 78.565105550416277, 17.492921308832344 ], [ 78.565108233117485, 17.492921308832344 ], [ 78.565108233117485, 17.492923865654429 ], [ 78.565110915818693, 17.492923865654429 ], [ 78.565110915818693, 17.492944320229803 ], [ 78.565113598519901, 17.492944320229803 ], [ 78.565113598519901, 17.492949433873289 ], [ 78.565110915818693, 17.492949433873289 ], [ 78.565110915818693, 17.492957104338242 ], [ 78.565108233117485, 17.492957104338242 ], [ 78.565108233117485, 17.492959661159826 ], [ 78.565105550416277, 17.492959661159826 ], [ 78.565105550416277, 17.492962217981368 ], [ 78.565102867715083, 17.492962217981368 ], [ 78.565102867715083, 17.492964774802878 ], [ 78.56510018501389, 17.492964774802878 ], [ 78.56510018501389, 17.492967331624346 ], [ 78.565097502312682, 17.492967331624346 ], [ 78.565097502312682, 17.492969888445785 ], [ 78.565094819611488, 17.492969888445785 ], [ 78.565094819611488, 17.492972445267185 ], [ 78.565089454209087, 17.492972445267185 ], [ 78.565089454209087, 17.492975002088549 ], [ 78.565086771507865, 17.492975002088549 ], [ 78.565086771507865, 17.492980115731168 ], [ 78.565084088806671, 17.492980115731168 ], [ 78.565084088806671, 17.492982672552429 ], [ 78.565081406105463, 17.492982672552429 ], [ 78.565081406105463, 17.492995456658168 ], [ 78.565084088806671, 17.492995456658168 ], [ 78.565084088806671, 17.493000570300214 ], [ 78.565086771507865, 17.493000570300214 ], [ 78.565086771507865, 17.493003127121181 ], [ 78.565089454209087, 17.493003127121181 ], [ 78.565089454209087, 17.493005683942116 ], [ 78.56509213691028, 17.493005683942116 ], [ 78.56509213691028, 17.493008240763015 ], [ 78.565097502312682, 17.493008240763015 ], [ 78.565097502312682, 17.493010797583871 ], [ 78.56510018501389, 17.493010797583871 ], [ 78.56510018501389, 17.493013354404695 ], [ 78.565102867715083, 17.493013354404695 ], [ 78.565102867715083, 17.493015911225491 ], [ 78.565105550416277, 17.493015911225491 ], [ 78.565105550416277, 17.493018468046245 ], [ 78.565108233117485, 17.493018468046245 ], [ 78.565108233117485, 17.493023581687638 ], [ 78.565110915818693, 17.493023581687638 ], [ 78.565110915818693, 17.493028695328896 ], [ 78.565108233117485, 17.493028695328896 ], [ 78.565108233117485, 17.493036365790509 ], [ 78.565105550416277, 17.493036365790509 ], [ 78.565105550416277, 17.493038922610967 ], [ 78.565102867715083, 17.493038922610967 ], [ 78.565102867715083, 17.493041479431398 ], [ 78.56510018501389, 17.493041479431398 ], [ 78.56510018501389, 17.493044036251792 ], [ 78.565097502312682, 17.493044036251792 ], [ 78.565097502312682, 17.493046593072151 ], [ 78.565089454209087, 17.493046593072151 ], [ 78.565089454209087, 17.493049149892475 ], [ 78.564976780758556, 17.493049149892475 ] ], [ [ 78.564979463459778, 17.492921308832344 ], [ 78.564984828862166, 17.492921308832344 ], [ 78.564984828862166, 17.492918752010226 ], [ 78.564987511563373, 17.492918752010226 ], [ 78.564987511563373, 17.492916195188069 ], [ 78.564984828862166, 17.492916195188069 ], [ 78.564984828862166, 17.492913638365877 ], [ 78.564979463459778, 17.492913638365877 ], [ 78.564979463459778, 17.492916195188069 ], [ 78.564976780758556, 17.492916195188069 ], [ 78.564976780758556, 17.492918752010226 ], [ 78.564979463459778, 17.492918752010226 ], [ 78.564979463459778, 17.492921308832344 ] ] ] } },
{ "type": "Feature", "properties": { "value": 255.0 }, "geometry": { "type": "Polygon", "coordinates": [ [ [ 78.566436170212768, 17.493061933993541 ], [ 78.566436170212768, 17.493059377173399 ], [ 78.566428122109158, 17.493059377173399 ], [ 78.566428122109158, 17.493046593072151 ], [ 78.566398612395943, 17.493046593072151 ], [ 78.566398612395943, 17.493044036251792 ], [ 78.566393246993528, 17.493044036251792 ], [ 78.566393246993528, 17.493041479431398 ], [ 78.566387881591126, 17.493041479431398 ], [ 78.566387881591126, 17.493038922610967 ], [ 78.566382516188725, 17.493038922610967 ], [ 78.566382516188725, 17.493036365790509 ], [ 78.566379833487517, 17.493036365790509 ], [ 78.566379833487517, 17.493033808970004 ], [ 78.566377150786323, 17.493033808970004 ], [ 78.566377150786323, 17.493005683942116 ], [ 78.566374468085101, 17.493005683942116 ], [ 78.566374468085101, 17.492975002088549 ], [ 78.566371785383907, 17.492975002088549 ], [ 78.566371785383907, 17.492923865654429 ], [ 78.5663691026827, 17.492923865654429 ], [ 78.5663691026827, 17.492893183787054 ], [ 78.566371785383907, 17.492893183787054 ], [ 78.566371785383907, 17.492890626964542 ], [ 78.566374468085101, 17.492890626964542 ], [ 78.566374468085101, 17.492888070141987 ], [ 78.566379833487517, 17.492888070141987 ], [ 78.566379833487517, 17.492890626964542 ], [ 78.566382516188725, 17.492890626964542 ], [ 78.566382516188725, 17.492893183787054 ], [ 78.566387881591126, 17.492893183787054 ], [ 78.566387881591126, 17.492895740609534 ], [ 78.566395929694735, 17.492895740609534 ], [ 78.566395929694735, 17.492893183787054 ], [ 78.566420074005549, 17.492893183787054 ], [ 78.566420074005549, 17.492895740609534 ], [ 78.566425439407965, 17.492895740609534 ], [ 78.566425439407965, 17.492893183787054 ], [ 78.566436170212768, 17.492893183787054 ], [ 78.566436170212768, 17.492895740609534 ], [ 78.56645494912118, 17.492895740609534 ], [ 78.56645494912118, 17.492898297431974 ], [ 78.566473728029607, 17.492898297431974 ], [ 78.566473728029607, 17.49290085425438 ], [ 78.566476410730814, 17.49290085425438 ], [ 78.566476410730814, 17.49290852472139 ], [ 78.566479093432022, 17.49290852472139 ], [ 78.566479093432022, 17.492934092942402 ], [ 78.566481776133216, 17.492934092942402 ], [ 78.566481776133216, 17.492969888445785 ], [ 78.56648445883441, 17.492969888445785 ], [ 78.56648445883441, 17.492977558909878 ], [ 78.566487141535632, 17.492977558909878 ], [ 78.566487141535632, 17.492990343015983 ], [ 78.566489824236825, 17.492990343015983 ], [ 78.566489824236825, 17.492992899837095 ], [ 78.566487141535632, 17.492992899837095 ], [ 78.566487141535632, 17.493000570300214 ], [ 78.56648445883441, 17.493000570300214 ], [ 78.56648445883441, 17.493003127121181 ], [ 78.566481776133216, 17.493003127121181 ], [ 78.566481776133216, 17.493005683942116 ], [ 78.566476410730814, 17.493005683942116 ], [ 78.566476410730814, 17.493008240763015 ], [ 78.566468362627205, 17.493008240763015 ], [ 78.566468362627205, 17.493010797583871 ], [ 78.566465679925997, 17.493010797583871 ], [ 78.566465679925997, 17.493013354404695 ], [ 78.566462997224789, 17.493013354404695 ], [ 78.566462997224789, 17.493023581687638 ], [ 78.566465679925997, 17.493023581687638 ], [ 78.566465679925997, 17.493028695328896 ], [ 78.566462997224789, 17.493028695328896 ], [ 78.566462997224789, 17.493036365790509 ], [ 78.566460314523582, 17.493036365790509 ], [ 78.566460314523582, 17.493041479431398 ], [ 78.566457631822388, 17.493041479431398 ], [ 78.566457631822388, 17.493046593072151 ], [ 78.56645494912118, 17.493046593072151 ], [ 78.56645494912118, 17.493049149892475 ], [ 78.566452266419986, 17.493049149892475 ], [ 78.566452266419986, 17.493056820353221 ], [ 78.566449583718793, 17.493056820353221 ], [ 78.566449583718793, 17.493059377173399 ], [ 78.566446901017585, 17.493059377173399 ], [ 78.566446901017585, 17.493061933993541 ], [ 78.566436170212768, 17.493061933993541 ] ] ] } },
{ "type": "Feature", "properties": { "value": 255.0 }, "geometry": { "type": "Polygon", "coordinates": [ [ [ 78.564410730804823, 17.492967331624346 ], [ 78.564410730804823, 17.492964774802878 ], [ 78.56440804810363, 17.492964774802878 ], [ 78.56440804810363, 17.492962217981368 ], [ 78.564405365402408, 17.492962217981368 ], [ 78.564405365402408, 17.492931536120462 ], [ 78.5644, 17.492931536120462 ], [ 78.5644, 17.492890626964542 ], [ 78.56440804810363, 17.492890626964542 ], [ 78.56440804810363, 17.492888070141987 ], [ 78.564504625346899, 17.492888070141987 ], [ 78.564504625346899, 17.492885513319401 ], [ 78.564547548566139, 17.492885513319401 ], [ 78.564547548566139, 17.492888070141987 ], [ 78.564552913968555, 17.492888070141987 ], [ 78.564552913968555, 17.492959661159826 ], [ 78.564550231267361, 17.492959661159826 ], [ 78.564550231267361, 17.492962217981368 ], [ 78.564547548566139, 17.492962217981368 ], [ 78.564547548566139, 17.492964774802878 ], [ 78.564520721554132, 17.492964774802878 ], [ 78.564520721554132, 17.492967331624346 ], [ 78.564512673450523, 17.492967331624346 ], [ 78.564512673450523, 17.492964774802878 ], [ 78.564504625346899, 17.492964774802878 ], [ 78.564504625346899, 17.492967331624346 ], [ 78.564410730804823, 17.492967331624346 ] ] ] } },
{ "type": "Feature", "properties": { "value": 255.0 }, "geometry": { "type": "Polygon", "coordinates": [ [ [ 78.56673395004627, 17.493084945373198 ], [ 78.56673395004627, 17.493082388553379 ], [ 78.566728584643855, 17.493082388553379 ], [ 78.566728584643855, 17.493079831733532 ], [ 78.566725901942647, 17.493079831733532 ], [ 78.566725901942647, 17.493074718093713 ], [ 78.566723219241453, 17.493074718093713 ], [ 78.566723219241453, 17.493067047633719 ], [ 78.566720536540245, 17.493067047633719 ], [ 78.566720536540245, 17.493056820353221 ], [ 78.566717853839052, 17.493056820353221 ], [ 78.566717853839052, 17.493044036251792 ], [ 78.56671517113783, 17.493044036251792 ], [ 78.56671517113783, 17.493033808970004 ], [ 78.566712488436636, 17.493033808970004 ], [ 78.566712488436636, 17.493021024866962 ], [ 78.566709805735428, 17.493021024866962 ], [ 78.566709805735428, 17.493008240763015 ], [ 78.566707123034234, 17.493008240763015 ], [ 78.566707123034234, 17.493000570300214 ], [ 78.566704440333027, 17.493000570300214 ], [ 78.566704440333027, 17.492990343015983 ], [ 78.566701757631819, 17.492990343015983 ], [ 78.566701757631819, 17.492975002088549 ], [ 78.566704440333027, 17.492975002088549 ], [ 78.566704440333027, 17.492967331624346 ], [ 78.566699074930625, 17.492967331624346 ], [ 78.566699074930625, 17.492962217981368 ], [ 78.566696392229417, 17.492962217981368 ], [ 78.566696392229417, 17.492936649764307 ], [ 78.566693709528224, 17.492936649764307 ], [ 78.566693709528224, 17.492918752010226 ], [ 78.566696392229417, 17.492918752010226 ], [ 78.566696392229417, 17.492895740609534 ], [ 78.566699074930625, 17.492895740609534 ], [ 78.566699074930625, 17.492893183787054 ], [ 78.566701757631819, 17.492893183787054 ], [ 78.566701757631819, 17.492890626964542 ], [ 78.566707123034234, 17.492890626964542 ], [ 78.566707123034234, 17.492888070141987 ], [ 78.566712488436636, 17.492888070141987 ], [ 78.566712488436636, 17.492885513319401 ], [ 78.566723219241453, 17.492885513319401 ], [ 78.566723219241453, 17.492882956496778 ], [ 78.56673395004627, 17.492882956496778 ], [ 78.56673395004627, 17.492880399674117 ], [ 78.56674199814988, 17.492880399674117 ], [ 78.56674199814988, 17.492877842851428 ], [ 78.566779555966704, 17.492877842851428 ], [ 78.566779555966704, 17.492875286028692 ], [ 78.566787604070313, 17.492875286028692 ], [ 78.566787604070313, 17.492872729205928 ], [ 78.566792969472701, 17.492872729205928 ], [ 78.566792969472701, 17.492870172383121 ], [ 78.56680101757631, 17.492870172383121 ], [ 78.56680101757631, 17.492867615560286 ], [ 78.566811748381127, 17.492867615560286 ], [ 78.566811748381127, 17.492870172383121 ], [ 78.566817113783543, 17.492870172383121 ], [ 78.566817113783543, 17.492872729205928 ], [ 78.566822479185944, 17.492872729205928 ], [ 78.566822479185944, 17.492870172383121 ], [ 78.566825161887152, 17.492870172383121 ], [ 78.566825161887152, 17.492867615560286 ], [ 78.566833209990762, 17.492867615560286 ], [ 78.566833209990762, 17.492870172383121 ], [ 78.566835892691955, 17.492870172383121 ], [ 78.566835892691955, 17.492872729205928 ], [ 78.566838575393163, 17.492872729205928 ], [ 78.566838575393163, 17.492877842851428 ], [ 78.566841258094357, 17.492877842851428 ], [ 78.566841258094357, 17.492880399674117 ], [ 78.56684394079555, 17.492880399674117 ], [ 78.56684394079555, 17.492882956496778 ], [ 78.566846623496758, 17.492882956496778 ], [ 78.566846623496758, 17.492890626964542 ], [ 78.566849306197966, 17.492890626964542 ], [ 78.566849306197966, 17.492898297431974 ], [ 78.566851988899174, 17.492898297431974 ], [ 78.566851988899174, 17.492921308832344 ], [ 78.566849306197966, 17.492921308832344 ], [ 78.566849306197966, 17.492923865654429 ], [ 78.566846623496758, 17.492923865654429 ], [ 78.566846623496758, 17.492926422476476 ], [ 78.566833209990762, 17.492926422476476 ], [ 78.566833209990762, 17.49292897929849 ], [ 78.566841258094357, 17.49292897929849 ], [ 78.566841258094357, 17.492931536120462 ], [ 78.566846623496758, 17.492931536120462 ], [ 78.566846623496758, 17.492936649764307 ], [ 78.566849306197966, 17.492936649764307 ], [ 78.566849306197966, 17.492944320229803 ], [ 78.566851988899174, 17.492944320229803 ], [ 78.566851988899174, 17.492946877051565 ], [ 78.566854671600368, 17.492946877051565 ], [ 78.566854671600368, 17.492954547516629 ], [ 78.566857354301575, 17.492954547516629 ], [ 78.566857354301575, 17.492959661159826 ], [ 78.566860037002783, 17.492959661159826 ], [ 78.566860037002783, 17.492969888445785 ], [ 78.566862719703991, 17.492969888445785 ], [ 78.566862719703991, 17.492987786194831 ], [ 78.566865402405185, 17.492987786194831 ], [ 78.566865402405185, 17.493005683942116 ], [ 78.566868085106393, 17.493005683942116 ], [ 78.566868085106393, 17.493018468046245 ], [ 78.566870767807586, 17.493018468046245 ], [ 78.566870767807586, 17.493028695328896 ], [ 78.566873450508794, 17.493028695328896 ], [ 78.566873450508794, 17.493049149892475 ], [ 78.566870767807586, 17.493049149892475 ], [ 78.566870767807586, 17.493054263533008 ], [ 78.566868085106393, 17.493054263533008 ], [ 78.566868085106393, 17.493056820353221 ], [ 78.566865402405185, 17.493056820353221 ], [ 78.566865402405185, 17.493059377173399 ], [ 78.566854671600368, 17.493059377173399 ], [ 78.566854671600368, 17.493056820353221 ], [ 78.566851988899174, 17.493056820353221 ], [ 78.566851988899174, 17.493059377173399 ], [ 78.56684394079555, 17.493059377173399 ], [ 78.56684394079555, 17.493061933993541 ], [ 78.566833209990762, 17.493061933993541 ], [ 78.566833209990762, 17.493064490813651 ], [ 78.566825161887152, 17.493064490813651 ], [ 78.566825161887152, 17.493067047633719 ], [ 78.566814431082335, 17.493067047633719 ], [ 78.566814431082335, 17.493069604453751 ], [ 78.56680101757631, 17.493069604453751 ], [ 78.56680101757631, 17.493072161273748 ], [ 78.566792969472701, 17.493072161273748 ], [ 78.566792969472701, 17.493074718093713 ], [ 78.56678492136912, 17.493074718093713 ], [ 78.56678492136912, 17.493077274913638 ], [ 78.566774190564303, 17.493077274913638 ], [ 78.566774190564303, 17.493079831733532 ], [ 78.566766142460693, 17.493079831733532 ], [ 78.566766142460693, 17.493082388553379 ], [ 78.566750046253475, 17.493082388553379 ], [ 78.566750046253475, 17.493084945373198 ], [ 78.56673395004627, 17.493084945373198 ] ], [ [ 78.566707123034234, 17.492969888445785 ], [ 78.56671517113783, 17.492969888445785 ], [ 78.56671517113783, 17.492967331624346 ], [ 78.566707123034234, 17.492967331624346 ], [ 78.566707123034234, 17.492969888445785 ] ], [ [ 78.566747363552267, 17.492959661159826 ], [ 78.566750046253475, 17.492959661159826 ], [ 78.566750046253475, 17.492957104338242 ], [ 78.566747363552267, 17.492957104338242 ], [ 78.566747363552267, 17.492959661159826 ] ], [ [ 78.566822479185944, 17.492934092942402 ], [ 78.566825161887152, 17.492934092942402 ], [ 78.566825161887152, 17.492931536120462 ], [ 78.566822479185944, 17.492931536120462 ], [ 78.566822479185944, 17.492934092942402 ] ], [ [ 78.566825161887152, 17.492931536120462 ], [ 78.566833209990762, 17.492931536120462 ], [ 78.566833209990762, 17.49292897929849 ], [ 78.566825161887152, 17.49292897929849 ], [ 78.566825161887152, 17.492931536120462 ] ] ] } },
{ "type": "Feature", "properties": { "value": 255.0 }, "geometry": { "type": "Polygon", "coordinates": [ [ [ 78.565395282146156, 17.492931536120462 ], [ 78.565395282146156, 17.49292897929849 ], [ 78.565389916743769, 17.49292897929849 ], [ 78.565389916743769, 17.492926422476476 ], [ 78.565387234042575, 17.492926422476476 ], [ 78.565387234042575, 17.492918752010226 ], [ 78.565384551341353, 17.492918752010226 ], [ 78.565384551341353, 17.49290852472139 ], [ 78.565381868640159, 17.49290852472139 ], [ 78.565381868640159, 17.492903411076753 ], [ 78.565379185938951, 17.492903411076753 ], [ 78.565379185938951, 17.492898297431974 ], [ 78.565376503237758, 17.492898297431974 ], [ 78.565376503237758, 17.492895740609534 ], [ 78.56537382053655, 17.492895740609534 ], [ 78.56537382053655, 17.492890626964542 ], [ 78.565371137835342, 17.492890626964542 ], [ 78.565371137835342, 17.492888070141987 ], [ 78.565368455134148, 17.492888070141987 ], [ 78.565368455134148, 17.492885513319401 ], [ 78.565371137835342, 17.492885513319401 ], [ 78.565371137835342, 17.492882956496778 ], [ 78.56537382053655, 17.492882956496778 ], [ 78.56537382053655, 17.492880399674117 ], [ 78.565379185938951, 17.492880399674117 ], [ 78.565379185938951, 17.492877842851428 ], [ 78.565384551341353, 17.492877842851428 ], [ 78.565384551341353, 17.492875286028692 ], [ 78.565389916743769, 17.492875286028692 ], [ 78.565389916743769, 17.492872729205928 ], [ 78.565395282146156, 17.492872729205928 ], [ 78.565395282146156, 17.492870172383121 ], [ 78.565400647548572, 17.492870172383121 ], [ 78.565400647548572, 17.492867615560286 ], [ 78.565408695652181, 17.492867615560286 ], [ 78.565408695652181, 17.492865058737408 ], [ 78.56541674375579, 17.492865058737408 ], [ 78.56541674375579, 17.492862501914498 ], [ 78.565427474560593, 17.492862501914498 ], [ 78.565427474560593, 17.492859945091553 ], [ 78.565435522664217, 17.492859945091553 ], [ 78.565435522664217, 17.492857388268568 ], [ 78.565446253469005, 17.492857388268568 ], [ 78.565446253469005, 17.492854831445552 ], [ 78.565456984273823, 17.492854831445552 ], [ 78.565456984273823, 17.492852274622496 ], [ 78.565465032377446, 17.492852274622496 ], [ 78.565465032377446, 17.492849717799409 ], [ 78.565478445883457, 17.492849717799409 ], [ 78.565478445883457, 17.492852274622496 ], [ 78.565481128584651, 17.492852274622496 ], [ 78.565481128584651, 17.492854831445552 ], [ 78.565483811285858, 17.492854831445552 ], [ 78.565483811285858, 17.492862501914498 ], [ 78.565486493987066, 17.492862501914498 ], [ 78.565486493987066, 17.492872729205928 ], [ 78.565489176688246, 17.492872729205928 ], [ 78.565489176688246, 17.492880399674117 ], [ 78.565491859389454, 17.492880399674117 ], [ 78.565491859389454, 17.492893183787054 ], [ 78.565489176688246, 17.492893183787054 ], [ 78.565489176688246, 17.492898297431974 ], [ 78.565486493987066, 17.492898297431974 ], [ 78.565486493987066, 17.49290085425438 ], [ 78.565483811285858, 17.49290085425438 ], [ 78.565483811285858, 17.492903411076753 ], [ 78.565481128584651, 17.492903411076753 ], [ 78.565481128584651, 17.492905967899095 ], [ 78.565478445883457, 17.492905967899095 ], [ 78.565478445883457, 17.49290852472139 ], [ 78.565475763182249, 17.49290852472139 ], [ 78.565475763182249, 17.492911081543653 ], [ 78.565473080481041, 17.492911081543653 ], [ 78.565473080481041, 17.492913638365877 ], [ 78.565470397779833, 17.492913638365877 ], [ 78.565470397779833, 17.492916195188069 ], [ 78.565465032377446, 17.492916195188069 ], [ 78.565465032377446, 17.492918752010226 ], [ 78.56545966697503, 17.492918752010226 ], [ 78.56545966697503, 17.492921308832344 ], [ 78.565451618871421, 17.492921308832344 ], [ 78.565451618871421, 17.492923865654429 ], [ 78.565443570767812, 17.492923865654429 ], [ 78.565443570767812, 17.492926422476476 ], [ 78.565430157261801, 17.492926422476476 ], [ 78.565430157261801, 17.49292897929849 ], [ 78.565419426456998, 17.49292897929849 ], [ 78.565419426456998, 17.492931536120462 ], [ 78.565395282146156, 17.492931536120462 ] ] ] } },
{ "type": "Feature", "properties": { "value": 255.0 }, "geometry": { "type": "Polygon", "coordinates": [ [ [ 78.565921091581885, 17.492957104338242 ], [ 78.565921091581885, 17.492954547516629 ], [ 78.565910360777067, 17.492954547516629 ], [ 78.565910360777067, 17.492951990694976 ], [ 78.565891581868641, 17.492951990694976 ], [ 78.565891581868641, 17.492949433873289 ], [ 78.565867437557827, 17.492949433873289 ], [ 78.565867437557827, 17.492946877051565 ], [ 78.565845975948193, 17.492946877051565 ], [ 78.565845975948193, 17.492944320229803 ], [ 78.565843293246999, 17.492944320229803 ], [ 78.565843293246999, 17.492939206586172 ], [ 78.565840610545791, 17.492939206586172 ], [ 78.565840610545791, 17.492936649764307 ], [ 78.565843293246999, 17.492936649764307 ], [ 78.565843293246999, 17.492911081543653 ], [ 78.565845975948193, 17.492911081543653 ], [ 78.565845975948193, 17.492877842851428 ], [ 78.565848658649415, 17.492877842851428 ], [ 78.565848658649415, 17.492870172383121 ], [ 78.565851341350609, 17.492870172383121 ], [ 78.565851341350609, 17.492857388268568 ], [ 78.565854024051816, 17.492857388268568 ], [ 78.565854024051816, 17.492849717799409 ], [ 78.565862072155426, 17.492849717799409 ], [ 78.565862072155426, 17.492847160976279 ], [ 78.565867437557827, 17.492847160976279 ], [ 78.565867437557827, 17.492849717799409 ], [ 78.565886216466239, 17.492849717799409 ], [ 78.565886216466239, 17.492852274622496 ], [ 78.565896947271057, 17.492852274622496 ], [ 78.565896947271057, 17.492854831445552 ], [ 78.56590767807586, 17.492854831445552 ], [ 78.56590767807586, 17.492857388268568 ], [ 78.565926456984272, 17.492857388268568 ], [ 78.565926456984272, 17.492854831445552 ], [ 78.56592913968548, 17.492854831445552 ], [ 78.56592913968548, 17.492852274622496 ], [ 78.565939870490297, 17.492852274622496 ], [ 78.565939870490297, 17.492854831445552 ], [ 78.565945235892698, 17.492854831445552 ], [ 78.565945235892698, 17.492859945091553 ], [ 78.565947918593906, 17.492859945091553 ], [ 78.565947918593906, 17.492913638365877 ], [ 78.5659506012951, 17.492913638365877 ], [ 78.5659506012951, 17.492926422476476 ], [ 78.565953283996308, 17.492926422476476 ], [ 78.565953283996308, 17.49292897929849 ], [ 78.5659506012951, 17.49292897929849 ], [ 78.5659506012951, 17.492951990694976 ], [ 78.565947918593906, 17.492951990694976 ], [ 78.565947918593906, 17.492954547516629 ], [ 78.565945235892698, 17.492954547516629 ], [ 78.565945235892698, 17.492957104338242 ], [ 78.565921091581885, 17.492957104338242 ] ] ] } },
{ "type": "Feature", "properties": { "value": 255.0 }, "geometry": { "type": "Polygon", "coordinates": [ [ [ 78.565046530989846, 17.492905967899095 ], [ 78.565046530989846, 17.49290085425438 ], [ 78.565043848288624, 17.49290085425438 ], [ 78.565043848288624, 17.492796024506202 ], [ 78.565046530989846, 17.492796024506202 ], [ 78.565046530989846, 17.492790910858403 ], [ 78.56504921369104, 17.492790910858403 ], [ 78.56504921369104, 17.492788354034449 ], [ 78.565059944495843, 17.492788354034449 ], [ 78.565059944495843, 17.492785797210459 ], [ 78.565073358001854, 17.492785797210459 ], [ 78.565073358001854, 17.492783240386434 ], [ 78.56507872340427, 17.492783240386434 ], [ 78.56507872340427, 17.492780683562373 ], [ 78.565105550416277, 17.492780683562373 ], [ 78.565105550416277, 17.492783240386434 ], [ 78.565108233117485, 17.492783240386434 ], [ 78.565108233117485, 17.492785797210459 ], [ 78.565110915818693, 17.492785797210459 ], [ 78.565110915818693, 17.492890626964542 ], [ 78.565113598519901, 17.492890626964542 ], [ 78.565113598519901, 17.49290085425438 ], [ 78.565110915818693, 17.49290085425438 ], [ 78.565110915818693, 17.492905967899095 ], [ 78.565046530989846, 17.492905967899095 ] ] ] } },
{ "type": "Feature", "properties": { "value": 255.0 }, "geometry": { "type": "Polygon", "coordinates": [ [ [ 78.566983441258117, 17.493074718093713 ], [ 78.566983441258117, 17.493072161273748 ], [ 78.566980758556895, 17.493072161273748 ], [ 78.566980758556895, 17.493069604453751 ], [ 78.566978075855701, 17.493069604453751 ], [ 78.566978075855701, 17.493064490813651 ], [ 78.566975393154493, 17.493064490813651 ], [ 78.566975393154493, 17.493056820353221 ], [ 78.5669727104533, 17.493056820353221 ], [ 78.5669727104533, 17.493051706712759 ], [ 78.566970027752077, 17.493051706712759 ], [ 78.566970027752077, 17.493044036251792 ], [ 78.566967345050884, 17.493044036251792 ], [ 78.566967345050884, 17.493036365790509 ], [ 78.566964662349676, 17.493036365790509 ], [ 78.566964662349676, 17.493031252149468 ], [ 78.566961979648482, 17.493031252149468 ], [ 78.566961979648482, 17.493023581687638 ], [ 78.566959296947275, 17.493023581687638 ], [ 78.566959296947275, 17.493018468046245 ], [ 78.566956614246067, 17.493018468046245 ], [ 78.566956614246067, 17.493000570300214 ], [ 78.566953931544873, 17.493000570300214 ], [ 78.566953931544873, 17.492992899837095 ], [ 78.566951248843665, 17.492992899837095 ], [ 78.566951248843665, 17.492987786194831 ], [ 78.566948566142472, 17.492987786194831 ], [ 78.566948566142472, 17.492980115731168 ], [ 78.56694588344125, 17.492980115731168 ], [ 78.56694588344125, 17.492972445267185 ], [ 78.566943200740056, 17.492972445267185 ], [ 78.566943200740056, 17.492967331624346 ], [ 78.566940518038848, 17.492967331624346 ], [ 78.566940518038848, 17.492964774802878 ], [ 78.566937835337654, 17.492964774802878 ], [ 78.566937835337654, 17.492962217981368 ], [ 78.566935152636461, 17.492962217981368 ], [ 78.566935152636461, 17.492959661159826 ], [ 78.566932469935253, 17.492959661159826 ], [ 78.566932469935253, 17.492954547516629 ], [ 78.566929787234059, 17.492954547516629 ], [ 78.566929787234059, 17.492946877051565 ], [ 78.566932469935253, 17.492946877051565 ], [ 78.566932469935253, 17.492944320229803 ], [ 78.566940518038848, 17.492944320229803 ], [ 78.566940518038848, 17.492941763408005 ], [ 78.566927104532851, 17.492941763408005 ], [ 78.566927104532851, 17.492944320229803 ], [ 78.566924421831644, 17.492944320229803 ], [ 78.566924421831644, 17.492946877051565 ], [ 78.566919056429242, 17.492946877051565 ], [ 78.566919056429242, 17.492949433873289 ], [ 78.566916373728048, 17.492949433873289 ], [ 78.566916373728048, 17.492951990694976 ], [ 78.566913691026826, 17.492951990694976 ], [ 78.566913691026826, 17.492954547516629 ], [ 78.566908325624425, 17.492954547516629 ], [ 78.566908325624425, 17.492957104338242 ], [ 78.566892229417192, 17.492957104338242 ], [ 78.566892229417192, 17.492954547516629 ], [ 78.566886864014819, 17.492954547516629 ], [ 78.566886864014819, 17.492951990694976 ], [ 78.566884181313611, 17.492951990694976 ], [ 78.566884181313611, 17.492949433873289 ], [ 78.566881498612403, 17.492949433873289 ], [ 78.566881498612403, 17.492944320229803 ], [ 78.566876133210002, 17.492944320229803 ], [ 78.566876133210002, 17.492941763408005 ], [ 78.566873450508794, 17.492941763408005 ], [ 78.566873450508794, 17.492936649764307 ], [ 78.566870767807586, 17.492936649764307 ], [ 78.566870767807586, 17.492934092942402 ], [ 78.566868085106393, 17.492934092942402 ], [ 78.566868085106393, 17.49292897929849 ], [ 78.566865402405185, 17.49292897929849 ], [ 78.566865402405185, 17.492926422476476 ], [ 78.566862719703991, 17.492926422476476 ], [ 78.566862719703991, 17.492921308832344 ], [ 78.566860037002783, 17.492921308832344 ], [ 78.566860037002783, 17.492911081543653 ], [ 78.566857354301575, 17.492911081543653 ], [ 78.566857354301575, 17.492888070141987 ], [ 78.566854671600368, 17.492888070141987 ], [ 78.566854671600368, 17.492882956496778 ], [ 78.566851988899174, 17.492882956496778 ], [ 78.566851988899174, 17.492877842851428 ], [ 78.566849306197966, 17.492877842851428 ], [ 78.566849306197966, 17.492854831445552 ], [ 78.566851988899174, 17.492854831445552 ], [ 78.566851988899174, 17.492852274622496 ], [ 78.566849306197966, 17.492852274622496 ], [ 78.566849306197966, 17.492836933683414 ], [ 78.566851988899174, 17.492836933683414 ], [ 78.566851988899174, 17.49283437686011 ], [ 78.566854671600368, 17.49283437686011 ], [ 78.566854671600368, 17.492831820036766 ], [ 78.566857354301575, 17.492831820036766 ], [ 78.566857354301575, 17.492829263213387 ], [ 78.566865402405185, 17.492829263213387 ], [ 78.566865402405185, 17.492826706389977 ], [ 78.566878815911195, 17.492826706389977 ], [ 78.566878815911195, 17.492824149566523 ], [ 78.566886864014819, 17.492824149566523 ], [ 78.566886864014819, 17.492821592743038 ], [ 78.566900277520816, 17.492821592743038 ], [ 78.566900277520816, 17.492819035919517 ], [ 78.566905642923231, 17.492819035919517 ], [ 78.566905642923231, 17.492816479095957 ], [ 78.566913691026826, 17.492816479095957 ], [ 78.566913691026826, 17.492813922272369 ], [ 78.566921739130436, 17.492813922272369 ], [ 78.566921739130436, 17.492811365448734 ], [ 78.566929787234059, 17.492811365448734 ], [ 78.566929787234059, 17.492808808625071 ], [ 78.566937835337654, 17.492808808625071 ], [ 78.566937835337654, 17.492806251801365 ], [ 78.566943200740056, 17.492806251801365 ], [ 78.566943200740056, 17.492803694977631 ], [ 78.56694588344125, 17.492803694977631 ], [ 78.56694588344125, 17.492801138153855 ], [ 78.566951248843665, 17.492801138153855 ], [ 78.566951248843665, 17.492798581330046 ], [ 78.566953931544873, 17.492798581330046 ], [ 78.566953931544873, 17.492796024506202 ], [ 78.566961979648482, 17.492796024506202 ], [ 78.566961979648482, 17.492793467682318 ], [ 78.566967345050884, 17.492793467682318 ], [ 78.566967345050884, 17.492790910858403 ], [ 78.5669727104533, 17.492790910858403 ], [ 78.5669727104533, 17.492788354034449 ], [ 78.566975393154493, 17.492788354034449 ], [ 78.566975393154493, 17.492785797210459 ], [ 78.566983441258117, 17.492785797210459 ], [ 78.566983441258117, 17.492783240386434 ], [ 78.566991489361698, 17.492783240386434 ], [ 78.566991489361698, 17.492780683562373 ], [ 78.566999537465307, 17.492780683562373 ], [ 78.566999537465307, 17.492778126738273 ], [ 78.567004902867723, 17.492778126738273 ], [ 78.567004902867723, 17.492775569914141 ], [ 78.567012950971318, 17.492775569914141 ], [ 78.567012950971318, 17.492773013089973 ], [ 78.567020999074941, 17.492773013089973 ], [ 78.567020999074941, 17.492770456265767 ], [ 78.567023681776135, 17.492770456265767 ], [ 78.567023681776135, 17.492773013089973 ], [ 78.567029047178551, 17.492773013089973 ], [ 78.567029047178551, 17.492775569914141 ], [ 78.567034412580938, 17.492775569914141 ], [ 78.567034412580938, 17.492778126738273 ], [ 78.567037095282146, 17.492778126738273 ], [ 78.567037095282146, 17.492780683562373 ], [ 78.567039777983354, 17.492780683562373 ], [ 78.567039777983354, 17.492783240386434 ], [ 78.567042460684547, 17.492783240386434 ], [ 78.567042460684547, 17.492788354034449 ], [ 78.567045143385755, 17.492788354034449 ], [ 78.567045143385755, 17.492793467682318 ], [ 78.567047826086963, 17.492793467682318 ], [ 78.567047826086963, 17.492801138153855 ], [ 78.567050508788171, 17.492801138153855 ], [ 78.567050508788171, 17.492806251801365 ], [ 78.567053191489364, 17.492806251801365 ], [ 78.567053191489364, 17.492813922272369 ], [ 78.567055874190558, 17.492813922272369 ], [ 78.567055874190558, 17.492821592743038 ], [ 78.56705855689178, 17.492821592743038 ], [ 78.56705855689178, 17.492831820036766 ], [ 78.567061239592974, 17.492831820036766 ], [ 78.567061239592974, 17.492839490506682 ], [ 78.567063922294182, 17.492839490506682 ], [ 78.567063922294182, 17.492852274622496 ], [ 78.567066604995375, 17.492852274622496 ], [ 78.567066604995375, 17.492857388268568 ], [ 78.567069287696583, 17.492857388268568 ], [ 78.567069287696583, 17.492865058737408 ], [ 78.567071970397791, 17.492865058737408 ], [ 78.567071970397791, 17.492875286028692 ], [ 78.567074653098999, 17.492875286028692 ], [ 78.567074653098999, 17.492893183787054 ], [ 78.567077335800192, 17.492893183787054 ], [ 78.567077335800192, 17.492895740609534 ], [ 78.567074653098999, 17.492895740609534 ], [ 78.567074653098999, 17.49290085425438 ], [ 78.567071970397791, 17.49290085425438 ], [ 78.567071970397791, 17.492903411076753 ], [ 78.567069287696583, 17.492903411076753 ], [ 78.567069287696583, 17.492905967899095 ], [ 78.567061239592974, 17.492905967899095 ], [ 78.567061239592974, 17.49290852472139 ], [ 78.567053191489364, 17.49290852472139 ], [ 78.567053191489364, 17.492911081543653 ], [ 78.567045143385755, 17.492911081543653 ], [ 78.567045143385755, 17.492913638365877 ], [ 78.567055874190558, 17.492913638365877 ], [ 78.567055874190558, 17.492911081543653 ], [ 78.567071970397791, 17.492911081543653 ], [ 78.567071970397791, 17.492913638365877 ], [ 78.567074653098999, 17.492913638365877 ], [ 78.567074653098999, 17.492916195188069 ], [ 78.567077335800192, 17.492916195188069 ], [ 78.567077335800192, 17.492918752010226 ], [ 78.5670800185014, 17.492918752010226 ], [ 78.5670800185014, 17.492926422476476 ], [ 78.567082701202594, 17.492926422476476 ], [ 78.567082701202594, 17.492934092942402 ], [ 78.567085383903787, 17.492934092942402 ], [ 78.567085383903787, 17.492939206586172 ], [ 78.567088066604995, 17.492939206586172 ], [ 78.567088066604995, 17.492941763408005 ], [ 78.567090749306189, 17.492941763408005 ], [ 78.567090749306189, 17.492946877051565 ], [ 78.567093432007411, 17.492946877051565 ], [ 78.567093432007411, 17.492951990694976 ], [ 78.567096114708605, 17.492951990694976 ], [ 78.567096114708605, 17.492957104338242 ], [ 78.567098797409798, 17.492957104338242 ], [ 78.567098797409798, 17.492962217981368 ], [ 78.567101480111006, 17.492962217981368 ], [ 78.567101480111006, 17.492969888445785 ], [ 78.567104162812214, 17.492969888445785 ], [ 78.567104162812214, 17.492975002088549 ], [ 78.567106845513422, 17.492975002088549 ], [ 78.567106845513422, 17.492982672552429 ], [ 78.567109528214615, 17.492982672552429 ], [ 78.567109528214615, 17.492990343015983 ], [ 78.567112210915823, 17.492990343015983 ], [ 78.567112210915823, 17.492995456658168 ], [ 78.567114893617031, 17.492995456658168 ], [ 78.567114893617031, 17.493003127121181 ], [ 78.567117576318239, 17.493003127121181 ], [ 78.567117576318239, 17.493008240763015 ], [ 78.567120259019433, 17.493008240763015 ], [ 78.567120259019433, 17.493023581687638 ], [ 78.567117576318239, 17.493023581687638 ], [ 78.567117576318239, 17.493026138508288 ], [ 78.567112210915823, 17.493026138508288 ], [ 78.567112210915823, 17.493028695328896 ], [ 78.567104162812214, 17.493028695328896 ], [ 78.567104162812214, 17.493031252149468 ], [ 78.567098797409798, 17.493031252149468 ], [ 78.567098797409798, 17.493033808970004 ], [ 78.567090749306189, 17.493033808970004 ], [ 78.567090749306189, 17.493036365790509 ], [ 78.567085383903787, 17.493036365790509 ], [ 78.567085383903787, 17.493038922610967 ], [ 78.567077335800192, 17.493038922610967 ], [ 78.567077335800192, 17.493041479431398 ], [ 78.567071970397791, 17.493041479431398 ], [ 78.567071970397791, 17.493044036251792 ], [ 78.567063922294182, 17.493044036251792 ], [ 78.567063922294182, 17.493046593072151 ], [ 78.56705855689178, 17.493046593072151 ], [ 78.56705855689178, 17.493049149892475 ], [ 78.567053191489364, 17.493049149892475 ], [ 78.567053191489364, 17.493051706712759 ], [ 78.567045143385755, 17.493051706712759 ], [ 78.567045143385755, 17.493054263533008 ], [ 78.567039777983354, 17.493054263533008 ], [ 78.567039777983354, 17.493056820353221 ], [ 78.567029047178551, 17.493056820353221 ], [ 78.567029047178551, 17.493059377173399 ], [ 78.567020999074941, 17.493059377173399 ], [ 78.567020999074941, 17.493061933993541 ], [ 78.567012950971318, 17.493061933993541 ], [ 78.567012950971318, 17.493064490813651 ], [ 78.567010268270124, 17.493064490813651 ], [ 78.567010268270124, 17.493067047633719 ], [ 78.567004902867723, 17.493067047633719 ], [ 78.567004902867723, 17.493069604453751 ], [ 78.566999537465307, 17.493069604453751 ], [ 78.566999537465307, 17.493072161273748 ], [ 78.566994172062905, 17.493072161273748 ], [ 78.566994172062905, 17.493074718093713 ], [ 78.566983441258117, 17.493074718093713 ] ], [ [ 78.566948566142472, 17.492941763408005 ], [ 78.566959296947275, 17.492941763408005 ], [ 78.566959296947275, 17.492939206586172 ], [ 78.566948566142472, 17.492939206586172 ], [ 78.566948566142472, 17.492941763408005 ] ], [ [ 78.566961979648482, 17.492939206586172 ], [ 78.5669727104533, 17.492939206586172 ], [ 78.5669727104533, 17.492936649764307 ], [ 78.566961979648482, 17.492936649764307 ], [ 78.566961979648482, 17.492939206586172 ] ], [ [ 78.5669727104533, 17.492936649764307 ], [ 78.566986123959296, 17.492936649764307 ], [ 78.566986123959296, 17.492934092942402 ], [ 78.5669727104533, 17.492934092942402 ], [ 78.5669727104533, 17.492936649764307 ] ], [ [ 78.566986123959296, 17.492934092942402 ], [ 78.566999537465307, 17.492934092942402 ], [ 78.566999537465307, 17.492931536120462 ], [ 78.567004902867723, 17.492931536120462 ], [ 78.567004902867723, 17.49292897929849 ], [ 78.567010268270124, 17.49292897929849 ], [ 78.567010268270124, 17.492926422476476 ], [ 78.567002220166515, 17.492926422476476 ], [ 78.567002220166515, 17.49292897929849 ], [ 78.566994172062905, 17.49292897929849 ], [ 78.566994172062905, 17.492931536120462 ], [ 78.566986123959296, 17.492931536120462 ], [ 78.566986123959296, 17.492934092942402 ] ], [ [ 78.567010268270124, 17.492926422476476 ], [ 78.56701563367254, 17.492926422476476 ], [ 78.56701563367254, 17.492923865654429 ], [ 78.567010268270124, 17.492923865654429 ], [ 78.567010268270124, 17.492926422476476 ] ], [ [ 78.56701563367254, 17.492923865654429 ], [ 78.567020999074941, 17.492923865654429 ], [ 78.567020999074941, 17.492921308832344 ], [ 78.56701563367254, 17.492921308832344 ], [ 78.56701563367254, 17.492923865654429 ] ], [ [ 78.567020999074941, 17.492921308832344 ], [ 78.567029047178551, 17.492921308832344 ], [ 78.567029047178551, 17.492918752010226 ], [ 78.567020999074941, 17.492918752010226 ], [ 78.567020999074941, 17.492921308832344 ] ], [ [ 78.567031729879758, 17.492918752010226 ], [ 78.567037095282146, 17.492918752010226 ], [ 78.567037095282146, 17.492916195188069 ], [ 78.567031729879758, 17.492916195188069 ], [ 78.567031729879758, 17.492918752010226 ] ], [ [ 78.567037095282146, 17.492916195188069 ], [ 78.567042460684547, 17.492916195188069 ], [ 78.567042460684547, 17.492913638365877 ], [ 78.567037095282146, 17.492913638365877 ], [ 78.567037095282146, 17.492916195188069 ] ] ] } },
{ "type": "Feature", "properties": { "value": 255.0 }, "geometry": { "type": "Polygon", "coordinates": [ [ [ 78.565218223866793, 17.492911081543653 ], [ 78.565218223866793, 17.49290852472139 ], [ 78.565210175763184, 17.49290852472139 ], [ 78.565210175763184, 17.492905967899095 ], [ 78.565196762257173, 17.492905967899095 ], [ 78.565196762257173, 17.492903411076753 ], [ 78.56518603145237, 17.492903411076753 ], [ 78.56518603145237, 17.49290085425438 ], [ 78.565164569842736, 17.49290085425438 ], [ 78.565164569842736, 17.492898297431974 ], [ 78.56514310823313, 17.492898297431974 ], [ 78.56514310823313, 17.492895740609534 ], [ 78.565135060129521, 17.492895740609534 ], [ 78.565135060129521, 17.492898297431974 ], [ 78.565132377428313, 17.492898297431974 ], [ 78.565132377428313, 17.492895740609534 ], [ 78.565124329324703, 17.492895740609534 ], [ 78.565124329324703, 17.492893183787054 ], [ 78.565118963922288, 17.492893183787054 ], [ 78.565118963922288, 17.492888070141987 ], [ 78.565116281221094, 17.492888070141987 ], [ 78.565116281221094, 17.492778126738273 ], [ 78.565118963922288, 17.492778126738273 ], [ 78.565118963922288, 17.492773013089973 ], [ 78.565121646623496, 17.492773013089973 ], [ 78.565121646623496, 17.492770456265767 ], [ 78.565127012025911, 17.492770456265767 ], [ 78.565127012025911, 17.492767899441528 ], [ 78.565167252543944, 17.492767899441528 ], [ 78.565167252543944, 17.492770456265767 ], [ 78.565204810360783, 17.492770456265767 ], [ 78.565204810360783, 17.492773013089973 ], [ 78.565218223866793, 17.492773013089973 ], [ 78.565218223866793, 17.492775569914141 ], [ 78.565226271970403, 17.492775569914141 ], [ 78.565226271970403, 17.492778126738273 ], [ 78.56522895467161, 17.492778126738273 ], [ 78.56522895467161, 17.492780683562373 ], [ 78.565231637372804, 17.492780683562373 ], [ 78.565231637372804, 17.492783240386434 ], [ 78.565234320074026, 17.492783240386434 ], [ 78.565234320074026, 17.492813922272369 ], [ 78.565231637372804, 17.492813922272369 ], [ 78.565231637372804, 17.492819035919517 ], [ 78.56522895467161, 17.492819035919517 ], [ 78.56522895467161, 17.492836933683414 ], [ 78.565231637372804, 17.492836933683414 ], [ 78.565231637372804, 17.49284460415312 ], [ 78.565234320074026, 17.49284460415312 ], [ 78.565234320074026, 17.492882956496778 ], [ 78.56523700277522, 17.492882956496778 ], [ 78.56523700277522, 17.492911081543653 ], [ 78.565218223866793, 17.492911081543653 ] ] ] } },
{ "type": "Feature", "properties": { "value": 255.0 }, "geometry": { "type": "Polygon", "coordinates": [ [ [ 78.564413413506017, 17.492882956496778 ], [ 78.564413413506017, 17.492880399674117 ], [ 78.56440804810363, 17.492880399674117 ], [ 78.56440804810363, 17.492877842851428 ], [ 78.564405365402408, 17.492877842851428 ], [ 78.564405365402408, 17.492875286028692 ], [ 78.5644, 17.492875286028692 ], [ 78.5644, 17.492767899441528 ], [ 78.564493894542096, 17.492767899441528 ], [ 78.564493894542096, 17.49276534261725 ], [ 78.564552913968555, 17.49276534261725 ], [ 78.564552913968555, 17.492767899441528 ], [ 78.564555596669763, 17.492767899441528 ], [ 78.564555596669763, 17.492773013089973 ], [ 78.564558279370956, 17.492773013089973 ], [ 78.564558279370956, 17.492806251801365 ], [ 78.564560962072164, 17.492806251801365 ], [ 78.564560962072164, 17.492867615560286 ], [ 78.564558279370956, 17.492867615560286 ], [ 78.564558279370956, 17.492872729205928 ], [ 78.564555596669763, 17.492872729205928 ], [ 78.564555596669763, 17.492875286028692 ], [ 78.564552913968555, 17.492875286028692 ], [ 78.564552913968555, 17.492877842851428 ], [ 78.564542183163752, 17.492877842851428 ], [ 78.564542183163752, 17.492880399674117 ], [ 78.564534135060129, 17.492880399674117 ], [ 78.564534135060129, 17.492877842851428 ], [ 78.564528769657727, 17.492877842851428 ], [ 78.564528769657727, 17.492880399674117 ], [ 78.564421461609641, 17.492880399674117 ], [ 78.564421461609641, 17.492882956496778 ], [ 78.564413413506017, 17.492882956496778 ] ] ] } },
{ "type": "Feature", "properties": { "value": 255.0 }, "geometry": { "type": "Polygon", "coordinates": [ [ [ 78.565819148936185, 17.492951990694976 ], [ 78.565819148936185, 17.492949433873289 ], [ 78.565776225716945, 17.492949433873289 ], [ 78.565776225716945, 17.492946877051565 ], [ 78.565773543015737, 17.492946877051565 ], [ 78.565773543015737, 17.492944320229803 ], [ 78.56577086031453, 17.492944320229803 ], [ 78.56577086031453, 17.492926422476476 ], [ 78.565773543015737, 17.492926422476476 ], [ 78.565773543015737, 17.49290852472139 ], [ 78.565776225716945, 17.49290852472139 ], [ 78.565776225716945, 17.492888070141987 ], [ 78.56577086031453, 17.492888070141987 ], [ 78.56577086031453, 17.492890626964542 ], [ 78.565754764107311, 17.492890626964542 ], [ 78.565754764107311, 17.492888070141987 ], [ 78.565744033302494, 17.492888070141987 ], [ 78.565744033302494, 17.492885513319401 ], [ 78.565738667900092, 17.492885513319401 ], [ 78.565738667900092, 17.492882956496778 ], [ 78.565735985198884, 17.492882956496778 ], [ 78.565735985198884, 17.492880399674117 ], [ 78.565730619796483, 17.492880399674117 ], [ 78.565730619796483, 17.492877842851428 ], [ 78.565725254394081, 17.492877842851428 ], [ 78.565725254394081, 17.492875286028692 ], [ 78.565722571692888, 17.492875286028692 ], [ 78.565722571692888, 17.492872729205928 ], [ 78.565717206290486, 17.492872729205928 ], [ 78.565717206290486, 17.492870172383121 ], [ 78.565711840888071, 17.492870172383121 ], [ 78.565711840888071, 17.492867615560286 ], [ 78.565709158186877, 17.492867615560286 ], [ 78.565709158186877, 17.492865058737408 ], [ 78.565703792784461, 17.492865058737408 ], [ 78.565703792784461, 17.492862501914498 ], [ 78.565701110083253, 17.492862501914498 ], [ 78.565701110083253, 17.492857388268568 ], [ 78.56569842738206, 17.492857388268568 ], [ 78.56569842738206, 17.492839490506682 ], [ 78.565701110083253, 17.492839490506682 ], [ 78.565701110083253, 17.492819035919517 ], [ 78.565703792784461, 17.492819035919517 ], [ 78.565703792784461, 17.492806251801365 ], [ 78.565706475485669, 17.492806251801365 ], [ 78.565706475485669, 17.492793467682318 ], [ 78.565709158186877, 17.492793467682318 ], [ 78.565709158186877, 17.492783240386434 ], [ 78.565711840888071, 17.492783240386434 ], [ 78.565711840888071, 17.492767899441528 ], [ 78.565714523589278, 17.492767899441528 ], [ 78.565714523589278, 17.492762785792941 ], [ 78.565717206290486, 17.492762785792941 ], [ 78.565717206290486, 17.492760228968589 ], [ 78.565730619796483, 17.492760228968589 ], [ 78.565730619796483, 17.492762785792941 ], [ 78.565746716003702, 17.492762785792941 ], [ 78.565746716003702, 17.49276534261725 ], [ 78.565754764107311, 17.49276534261725 ], [ 78.565754764107311, 17.492767899441528 ], [ 78.565778908418125, 17.492767899441528 ], [ 78.565778908418125, 17.492770456265767 ], [ 78.565786956521734, 17.492770456265767 ], [ 78.565786956521734, 17.492775569914141 ], [ 78.565789639222942, 17.492775569914141 ], [ 78.565789639222942, 17.492788354034449 ], [ 78.565786956521734, 17.492788354034449 ], [ 78.565786956521734, 17.492806251801365 ], [ 78.56578427382054, 17.492806251801365 ], [ 78.56578427382054, 17.492826706389977 ], [ 78.565781591119332, 17.492826706389977 ], [ 78.565781591119332, 17.492857388268568 ], [ 78.565778908418125, 17.492857388268568 ], [ 78.565778908418125, 17.492877842851428 ], [ 78.565781591119332, 17.492877842851428 ], [ 78.565781591119332, 17.492867615560286 ], [ 78.56578427382054, 17.492867615560286 ], [ 78.56578427382054, 17.492865058737408 ], [ 78.565786956521734, 17.492865058737408 ], [ 78.565786956521734, 17.492862501914498 ], [ 78.565803052728953, 17.492862501914498 ], [ 78.565803052728953, 17.492859945091553 ], [ 78.565811100832576, 17.492859945091553 ], [ 78.565811100832576, 17.492857388268568 ], [ 78.565816466234978, 17.492857388268568 ], [ 78.565816466234978, 17.492854831445552 ], [ 78.565819148936185, 17.492854831445552 ], [ 78.565819148936185, 17.492852274622496 ], [ 78.565821831637379, 17.492852274622496 ], [ 78.565821831637379, 17.492849717799409 ], [ 78.565824514338587, 17.492849717799409 ], [ 78.565824514338587, 17.492847160976279 ], [ 78.565827197039781, 17.492847160976279 ], [ 78.565827197039781, 17.49284460415312 ], [ 78.565829879740974, 17.49284460415312 ], [ 78.565829879740974, 17.492842047329916 ], [ 78.565840610545791, 17.492842047329916 ], [ 78.565840610545791, 17.49284460415312 ], [ 78.565843293246999, 17.49284460415312 ], [ 78.565843293246999, 17.492885513319401 ], [ 78.565840610545791, 17.492885513319401 ], [ 78.565840610545791, 17.492926422476476 ], [ 78.565837927844598, 17.492926422476476 ], [ 78.565837927844598, 17.492946877051565 ], [ 78.565835245143376, 17.492946877051565 ], [ 78.565835245143376, 17.492949433873289 ], [ 78.565827197039781, 17.492949433873289 ], [ 78.565827197039781, 17.492951990694976 ], [ 78.565819148936185, 17.492951990694976 ] ], [ [ 78.565776225716945, 17.492888070141987 ], [ 78.565778908418125, 17.492888070141987 ], [ 78.565778908418125, 17.492880399674117 ], [ 78.565776225716945, 17.492880399674117 ], [ 78.565776225716945, 17.492888070141987 ] ] ] } },
{ "type": "Feature", "properties": { "value": 255.0 }, "geometry": { "type": "Polygon", "coordinates": [ [ [ 78.564654856614254, 17.492946877051565 ], [ 78.564654856614254, 17.492944320229803 ], [ 78.564652173913061, 17.492944320229803 ], [ 78.564652173913061, 17.492936649764307 ], [ 78.564649491211853, 17.492936649764307 ], [ 78.564649491211853, 17.492870172383121 ], [ 78.564646808510645, 17.492870172383121 ], [ 78.564646808510645, 17.492806251801365 ], [ 78.564644125809437, 17.492806251801365 ], [ 78.564644125809437, 17.492785797210459 ], [ 78.564646808510645, 17.492785797210459 ], [ 78.564646808510645, 17.492775569914141 ], [ 78.564644125809437, 17.492775569914141 ], [ 78.564644125809437, 17.492780683562373 ], [ 78.564641443108243, 17.492780683562373 ], [ 78.564641443108243, 17.492783240386434 ], [ 78.564638760407036, 17.492783240386434 ], [ 78.564638760407036, 17.492785797210459 ], [ 78.564636077705828, 17.492785797210459 ], [ 78.564636077705828, 17.492801138153855 ], [ 78.564638760407036, 17.492801138153855 ], [ 78.564638760407036, 17.492821592743038 ], [ 78.564636077705828, 17.492821592743038 ], [ 78.564636077705828, 17.492824149566523 ], [ 78.564628029602233, 17.492824149566523 ], [ 78.564628029602233, 17.492826706389977 ], [ 78.564579740980577, 17.492826706389977 ], [ 78.564579740980577, 17.492829263213387 ], [ 78.564577058279369, 17.492829263213387 ], [ 78.564577058279369, 17.492826706389977 ], [ 78.564574375578175, 17.492826706389977 ], [ 78.564574375578175, 17.492824149566523 ], [ 78.564571692876967, 17.492824149566523 ], [ 78.564571692876967, 17.492821592743038 ], [ 78.564569010175774, 17.492821592743038 ], [ 78.564569010175774, 17.492798581330046 ], [ 78.56456632747458, 17.492798581330046 ], [ 78.56456632747458, 17.492752558495326 ], [ 78.564569010175774, 17.492752558495326 ], [ 78.564569010175774, 17.492750001670831 ], [ 78.564571692876967, 17.492750001670831 ], [ 78.564571692876967, 17.492747444846302 ], [ 78.564585106382992, 17.492747444846302 ], [ 78.564585106382992, 17.49274488802174 ], [ 78.564630712303426, 17.49274488802174 ], [ 78.564630712303426, 17.492747444846302 ], [ 78.564641443108243, 17.492747444846302 ], [ 78.564641443108243, 17.492750001670831 ], [ 78.564644125809437, 17.492750001670831 ], [ 78.564644125809437, 17.492752558495326 ], [ 78.564646808510645, 17.492752558495326 ], [ 78.564646808510645, 17.492773013089973 ], [ 78.564649491211853, 17.492773013089973 ], [ 78.564649491211853, 17.492767899441528 ], [ 78.564652173913061, 17.492767899441528 ], [ 78.564652173913061, 17.49276534261725 ], [ 78.564762164662369, 17.49276534261725 ], [ 78.564762164662369, 17.492762785792941 ], [ 78.564772895467158, 17.492762785792941 ], [ 78.564772895467158, 17.49276534261725 ], [ 78.564780943570781, 17.49276534261725 ], [ 78.564780943570781, 17.492767899441528 ], [ 78.564783626271975, 17.492767899441528 ], [ 78.564783626271975, 17.492783240386434 ], [ 78.564786308973183, 17.492783240386434 ], [ 78.564786308973183, 17.492829263213387 ], [ 78.564788991674376, 17.492829263213387 ], [ 78.564788991674376, 17.492895740609534 ], [ 78.564791674375584, 17.492895740609534 ], [ 78.564791674375584, 17.49292897929849 ], [ 78.564788991674376, 17.49292897929849 ], [ 78.564788991674376, 17.492939206586172 ], [ 78.564783626271975, 17.492939206586172 ], [ 78.564783626271975, 17.492941763408005 ], [ 78.564756799259953, 17.492941763408005 ], [ 78.564756799259953, 17.492944320229803 ], [ 78.564724606845516, 17.492944320229803 ], [ 78.564724606845516, 17.492946877051565 ], [ 78.564719241443115, 17.492946877051565 ], [ 78.564719241443115, 17.492944320229803 ], [ 78.564708510638312, 17.492944320229803 ], [ 78.564708510638312, 17.492946877051565 ], [ 78.564654856614254, 17.492946877051565 ] ] ] } },
{ "type": "Feature", "properties": { "value": 255.0 }, "geometry": { "type": "Polygon", "coordinates": [ [ [ 78.56641202590194, 17.492880399674117 ], [ 78.56641202590194, 17.492877842851428 ], [ 78.566401295097151, 17.492877842851428 ], [ 78.566401295097151, 17.492875286028692 ], [ 78.566398612395943, 17.492875286028692 ], [ 78.566398612395943, 17.492857388268568 ], [ 78.566395929694735, 17.492857388268568 ], [ 78.566395929694735, 17.492732103898373 ], [ 78.566398612395943, 17.492732103898373 ], [ 78.566398612395943, 17.492726990248777 ], [ 78.566401295097151, 17.492726990248777 ], [ 78.566401295097151, 17.492724433423927 ], [ 78.566406660499524, 17.492724433423927 ], [ 78.566406660499524, 17.492721876599035 ], [ 78.566417391304341, 17.492721876599035 ], [ 78.566417391304341, 17.49271931977411 ], [ 78.566449583718793, 17.49271931977411 ], [ 78.566449583718793, 17.492721876599035 ], [ 78.566452266419986, 17.492721876599035 ], [ 78.566452266419986, 17.492724433423927 ], [ 78.56645494912118, 17.492724433423927 ], [ 78.56645494912118, 17.492732103898373 ], [ 78.566457631822388, 17.492732103898373 ], [ 78.566457631822388, 17.492739774372502 ], [ 78.566460314523582, 17.492739774372502 ], [ 78.566460314523582, 17.492737217547827 ], [ 78.566462997224789, 17.492737217547827 ], [ 78.566462997224789, 17.492734660723119 ], [ 78.566473728029607, 17.492734660723119 ], [ 78.566473728029607, 17.492737217547827 ], [ 78.566487141535632, 17.492737217547827 ], [ 78.566487141535632, 17.492734660723119 ], [ 78.566503237742822, 17.492734660723119 ], [ 78.566503237742822, 17.492732103898373 ], [ 78.566519333950055, 17.492732103898373 ], [ 78.566519333950055, 17.492734660723119 ], [ 78.566535430157273, 17.492734660723119 ], [ 78.566535430157273, 17.492737217547827 ], [ 78.566564939870503, 17.492737217547827 ], [ 78.566564939870503, 17.492739774372502 ], [ 78.566567622571696, 17.492739774372502 ], [ 78.566567622571696, 17.49274488802174 ], [ 78.56657030527289, 17.49274488802174 ], [ 78.56657030527289, 17.492785797210459 ], [ 78.566572987974098, 17.492785797210459 ], [ 78.566572987974098, 17.492842047329916 ], [ 78.566575670675306, 17.492842047329916 ], [ 78.566575670675306, 17.492859945091553 ], [ 78.566572987974098, 17.492859945091553 ], [ 78.566572987974098, 17.492867615560286 ], [ 78.56657030527289, 17.492867615560286 ], [ 78.56657030527289, 17.492870172383121 ], [ 78.566540795559675, 17.492870172383121 ], [ 78.566540795559675, 17.492867615560286 ], [ 78.566519333950055, 17.492867615560286 ], [ 78.566519333950055, 17.492870172383121 ], [ 78.56650592044403, 17.492870172383121 ], [ 78.56650592044403, 17.492872729205928 ], [ 78.566495189639227, 17.492872729205928 ], [ 78.566495189639227, 17.492875286028692 ], [ 78.566481776133216, 17.492875286028692 ], [ 78.566481776133216, 17.492872729205928 ], [ 78.566465679925997, 17.492872729205928 ], [ 78.566465679925997, 17.492870172383121 ], [ 78.566462997224789, 17.492870172383121 ], [ 78.566462997224789, 17.492862501914498 ], [ 78.566460314523582, 17.492862501914498 ], [ 78.566460314523582, 17.492793467682318 ], [ 78.566457631822388, 17.492793467682318 ], [ 78.566457631822388, 17.492865058737408 ], [ 78.566460314523582, 17.492865058737408 ], [ 78.566460314523582, 17.492872729205928 ], [ 78.566457631822388, 17.492872729205928 ], [ 78.566457631822388, 17.492875286028692 ], [ 78.566452266419986, 17.492875286028692 ], [ 78.566452266419986, 17.492877842851428 ], [ 78.566438852913976, 17.492877842851428 ], [ 78.566438852913976, 17.492880399674117 ], [ 78.56641202590194, 17.492880399674117 ] ] ] } },
{ "type": "Feature", "properties": { "value": 255.0 }, "geometry": { "type": "Polygon", "coordinates": [ [ [ 78.566589084181331, 17.492839490506682 ], [ 78.566589084181331, 17.492836933683414 ], [ 78.566586401480123, 17.492836933683414 ], [ 78.566586401480123, 17.492826706389977 ], [ 78.566583718778915, 17.492826706389977 ], [ 78.566583718778915, 17.492778126738273 ], [ 78.566581036077707, 17.492778126738273 ], [ 78.566581036077707, 17.492724433423927 ], [ 78.566583718778915, 17.492724433423927 ], [ 78.566583718778915, 17.492721876599035 ], [ 78.566629324699363, 17.492721876599035 ], [ 78.566629324699363, 17.49271931977411 ], [ 78.566642738205388, 17.49271931977411 ], [ 78.566642738205388, 17.492716762949151 ], [ 78.566653469010177, 17.492716762949151 ], [ 78.566653469010177, 17.49271931977411 ], [ 78.566658834412578, 17.49271931977411 ], [ 78.566658834412578, 17.492721876599035 ], [ 78.566661517113786, 17.492721876599035 ], [ 78.566661517113786, 17.492760228968589 ], [ 78.566664199814994, 17.492760228968589 ], [ 78.566664199814994, 17.492793467682318 ], [ 78.566666882516188, 17.492793467682318 ], [ 78.566666882516188, 17.49283437686011 ], [ 78.566664199814994, 17.49283437686011 ], [ 78.566664199814994, 17.492836933683414 ], [ 78.566661517113786, 17.492836933683414 ], [ 78.566661517113786, 17.492839490506682 ], [ 78.566589084181331, 17.492839490506682 ] ] ] } },
{ "type": "Feature", "properties": { "value": 255.0 }, "geometry": { "type": "Polygon", "coordinates": [ [ [ 78.566146438482903, 17.492926422476476 ], [ 78.566146438482903, 17.492923865654429 ], [ 78.566141073080487, 17.492923865654429 ], [ 78.566141073080487, 17.492921308832344 ], [ 78.56613839037928, 17.492921308832344 ], [ 78.56613839037928, 17.492913638365877 ], [ 78.566135707678086, 17.492913638365877 ], [ 78.566135707678086, 17.492882956496778 ], [ 78.56611424606848, 17.492882956496778 ], [ 78.56611424606848, 17.492880399674117 ], [ 78.566111563367258, 17.492880399674117 ], [ 78.566111563367258, 17.492877842851428 ], [ 78.566108880666064, 17.492877842851428 ], [ 78.566108880666064, 17.492865058737408 ], [ 78.566106197964857, 17.492865058737408 ], [ 78.566106197964857, 17.492808808625071 ], [ 78.566108880666064, 17.492808808625071 ], [ 78.566108880666064, 17.492803694977631 ], [ 78.56611424606848, 17.492803694977631 ], [ 78.56611424606848, 17.492801138153855 ], [ 78.566122294172061, 17.492801138153855 ], [ 78.566122294172061, 17.492798581330046 ], [ 78.566111563367258, 17.492798581330046 ], [ 78.566111563367258, 17.492796024506202 ], [ 78.566108880666064, 17.492796024506202 ], [ 78.566108880666064, 17.492729547073594 ], [ 78.566111563367258, 17.492729547073594 ], [ 78.566111563367258, 17.492724433423927 ], [ 78.56611424606848, 17.492724433423927 ], [ 78.56611424606848, 17.492721876599035 ], [ 78.566119611470853, 17.492721876599035 ], [ 78.566119611470853, 17.49271931977411 ], [ 78.566133024976864, 17.49271931977411 ], [ 78.566133024976864, 17.492716762949151 ], [ 78.566192044403337, 17.492716762949151 ], [ 78.566192044403337, 17.492714206124152 ], [ 78.566218871415359, 17.492714206124152 ], [ 78.566218871415359, 17.492716762949151 ], [ 78.56622423681776, 17.492716762949151 ], [ 78.56622423681776, 17.492721876599035 ], [ 78.566226919518968, 17.492721876599035 ], [ 78.566226919518968, 17.492762785792941 ], [ 78.56622423681776, 17.492762785792941 ], [ 78.56622423681776, 17.492793467682318 ], [ 78.566221554116552, 17.492793467682318 ], [ 78.566221554116552, 17.492796024506202 ], [ 78.566205457909362, 17.492796024506202 ], [ 78.566205457909362, 17.492798581330046 ], [ 78.566194727104545, 17.492798581330046 ], [ 78.566194727104545, 17.492801138153855 ], [ 78.566205457909362, 17.492801138153855 ], [ 78.566205457909362, 17.492803694977631 ], [ 78.566210823311749, 17.492803694977631 ], [ 78.566210823311749, 17.492806251801365 ], [ 78.566213506012957, 17.492806251801365 ], [ 78.566213506012957, 17.492808808625071 ], [ 78.566216188714151, 17.492808808625071 ], [ 78.566216188714151, 17.492821592743038 ], [ 78.566218871415359, 17.492821592743038 ], [ 78.566218871415359, 17.492885513319401 ], [ 78.566221554116552, 17.492885513319401 ], [ 78.566221554116552, 17.492923865654429 ], [ 78.566218871415359, 17.492923865654429 ], [ 78.566218871415359, 17.492926422476476 ], [ 78.566213506012957, 17.492926422476476 ], [ 78.566213506012957, 17.492923865654429 ], [ 78.566167900092509, 17.492923865654429 ], [ 78.566167900092509, 17.492926422476476 ], [ 78.566146438482903, 17.492926422476476 ] ], [ [ 78.56613034227567, 17.492801138153855 ], [ 78.566183996299728, 17.492801138153855 ], [ 78.566183996299728, 17.492798581330046 ], [ 78.56613034227567, 17.492798581330046 ], [ 78.56613034227567, 17.492801138153855 ] ] ] } },
{ "type": "Feature", "properties": { "value": 255.0 }, "geometry": { "type": "Polygon", "coordinates": [ [ [ 78.566256429232212, 17.492865058737408 ], [ 78.566256429232212, 17.492862501914498 ], [ 78.56625374653099, 17.492862501914498 ], [ 78.56625374653099, 17.492857388268568 ], [ 78.566251063829796, 17.492857388268568 ], [ 78.566251063829796, 17.492842047329916 ], [ 78.566248381128602, 17.492842047329916 ], [ 78.566248381128602, 17.492826706389977 ], [ 78.566245698427394, 17.492826706389977 ], [ 78.566245698427394, 17.492780683562373 ], [ 78.566251063829796, 17.492780683562373 ], [ 78.566251063829796, 17.492778126738273 ], [ 78.566256429232212, 17.492778126738273 ], [ 78.566256429232212, 17.492780683562373 ], [ 78.566269842738208, 17.492780683562373 ], [ 78.566269842738208, 17.492783240386434 ], [ 78.566272525439402, 17.492783240386434 ], [ 78.566272525439402, 17.492780683562373 ], [ 78.566280573543025, 17.492780683562373 ], [ 78.566280573543025, 17.492778126738273 ], [ 78.566259111933405, 17.492778126738273 ], [ 78.566259111933405, 17.492775569914141 ], [ 78.56625374653099, 17.492775569914141 ], [ 78.56625374653099, 17.492773013089973 ], [ 78.566251063829796, 17.492773013089973 ], [ 78.566251063829796, 17.492770456265767 ], [ 78.566248381128602, 17.492770456265767 ], [ 78.566248381128602, 17.492762785792941 ], [ 78.566245698427394, 17.492762785792941 ], [ 78.566245698427394, 17.492750001670831 ], [ 78.566243015726187, 17.492750001670831 ], [ 78.566243015726187, 17.492709092474058 ], [ 78.566245698427394, 17.492709092474058 ], [ 78.566245698427394, 17.492706535648953 ], [ 78.566355689176703, 17.492706535648953 ], [ 78.566355689176703, 17.492711649299125 ], [ 78.566358371877882, 17.492711649299125 ], [ 78.566358371877882, 17.492742331197142 ], [ 78.56636105457909, 17.492742331197142 ], [ 78.56636105457909, 17.492762785792941 ], [ 78.566358371877882, 17.492762785792941 ], [ 78.566358371877882, 17.492770456265767 ], [ 78.566355689176703, 17.492770456265767 ], [ 78.566355689176703, 17.492773013089973 ], [ 78.566336910268276, 17.492773013089973 ], [ 78.566336910268276, 17.492770456265767 ], [ 78.566331544865861, 17.492770456265767 ], [ 78.566331544865861, 17.492767899441528 ], [ 78.566320814061058, 17.492767899441528 ], [ 78.566320814061058, 17.492770456265767 ], [ 78.566326179463459, 17.492770456265767 ], [ 78.566326179463459, 17.492773013089973 ], [ 78.566328862164667, 17.492773013089973 ], [ 78.566328862164667, 17.492775569914141 ], [ 78.566331544865861, 17.492775569914141 ], [ 78.566331544865861, 17.492778126738273 ], [ 78.566336910268276, 17.492778126738273 ], [ 78.566336910268276, 17.492780683562373 ], [ 78.566347641073094, 17.492780683562373 ], [ 78.566347641073094, 17.492778126738273 ], [ 78.566355689176703, 17.492778126738273 ], [ 78.566355689176703, 17.492775569914141 ], [ 78.566358371877882, 17.492775569914141 ], [ 78.566358371877882, 17.492773013089973 ], [ 78.56636105457909, 17.492773013089973 ], [ 78.56636105457909, 17.492767899441528 ], [ 78.566363737280284, 17.492767899441528 ], [ 78.566363737280284, 17.492762785792941 ], [ 78.566374468085101, 17.492762785792941 ], [ 78.566374468085101, 17.49276534261725 ], [ 78.566377150786323, 17.49276534261725 ], [ 78.566377150786323, 17.492811365448734 ], [ 78.566379833487517, 17.492811365448734 ], [ 78.566379833487517, 17.492824149566523 ], [ 78.566377150786323, 17.492824149566523 ], [ 78.566377150786323, 17.492849717799409 ], [ 78.566379833487517, 17.492849717799409 ], [ 78.566379833487517, 17.492857388268568 ], [ 78.566377150786323, 17.492857388268568 ], [ 78.566377150786323, 17.492862501914498 ], [ 78.566366419981506, 17.492862501914498 ], [ 78.566366419981506, 17.492865058737408 ], [ 78.566256429232212, 17.492865058737408 ] ], [ [ 78.566304717853853, 17.492770456265767 ], [ 78.566312765957449, 17.492770456265767 ], [ 78.566312765957449, 17.492767899441528 ], [ 78.566304717853853, 17.492767899441528 ], [ 78.566304717853853, 17.492770456265767 ] ] ] } },
{ "type": "Feature", "properties": { "value": 255.0 }, "geometry": { "type": "Polygon", "coordinates": [ [ [ 78.566682978723406, 17.492880399674117 ], [ 78.566682978723406, 17.492877842851428 ], [ 78.566680296022213, 17.492877842851428 ], [ 78.566680296022213, 17.492875286028692 ], [ 78.566677613321005, 17.492875286028692 ], [ 78.566677613321005, 17.492870172383121 ], [ 78.566674930619811, 17.492870172383121 ], [ 78.566674930619811, 17.492816479095957 ], [ 78.566672247918589, 17.492816479095957 ], [ 78.566672247918589, 17.492788354034449 ], [ 78.566669565217396, 17.492788354034449 ], [ 78.566669565217396, 17.492775569914141 ], [ 78.566666882516188, 17.492775569914141 ], [ 78.566666882516188, 17.492726990248777 ], [ 78.566664199814994, 17.492726990248777 ], [ 78.566664199814994, 17.492724433423927 ], [ 78.566666882516188, 17.492724433423927 ], [ 78.566666882516188, 17.492714206124152 ], [ 78.566669565217396, 17.492714206124152 ], [ 78.566669565217396, 17.492709092474058 ], [ 78.566674930619811, 17.492709092474058 ], [ 78.566674930619811, 17.492706535648953 ], [ 78.56669102682703, 17.492706535648953 ], [ 78.56669102682703, 17.492703978823812 ], [ 78.566750046253475, 17.492703978823812 ], [ 78.566750046253475, 17.492709092474058 ], [ 78.566752728954668, 17.492709092474058 ], [ 78.566752728954668, 17.492726990248777 ], [ 78.566755411655876, 17.492726990248777 ], [ 78.566755411655876, 17.492836933683414 ], [ 78.56675809435707, 17.492836933683414 ], [ 78.56675809435707, 17.492852274622496 ], [ 78.566755411655876, 17.492852274622496 ], [ 78.566755411655876, 17.492859945091553 ], [ 78.566752728954668, 17.492859945091553 ], [ 78.566752728954668, 17.492862501914498 ], [ 78.566750046253475, 17.492862501914498 ], [ 78.566750046253475, 17.492865058737408 ], [ 78.566747363552267, 17.492865058737408 ], [ 78.566747363552267, 17.492867615560286 ], [ 78.56674199814988, 17.492867615560286 ], [ 78.56674199814988, 17.492870172383121 ], [ 78.56673395004627, 17.492870172383121 ], [ 78.56673395004627, 17.492872729205928 ], [ 78.566725901942647, 17.492872729205928 ], [ 78.566725901942647, 17.492875286028692 ], [ 78.566720536540245, 17.492875286028692 ], [ 78.566720536540245, 17.492877842851428 ], [ 78.566704440333027, 17.492877842851428 ], [ 78.566704440333027, 17.492880399674117 ], [ 78.566682978723406, 17.492880399674117 ] ] ] } },
{ "type": "Feature", "properties": { "value": 255.0 }, "geometry": { "type": "Polygon", "coordinates": [ [ [ 78.567157816836271, 17.493051706712759 ], [ 78.567157816836271, 17.493049149892475 ], [ 78.567155134135064, 17.493049149892475 ], [ 78.567155134135064, 17.493046593072151 ], [ 78.567152451433856, 17.493046593072151 ], [ 78.567152451433856, 17.493044036251792 ], [ 78.567149768732662, 17.493044036251792 ], [ 78.567149768732662, 17.493036365790509 ], [ 78.567147086031454, 17.493036365790509 ], [ 78.567147086031454, 17.493031252149468 ], [ 78.567144403330246, 17.493031252149468 ], [ 78.567144403330246, 17.493026138508288 ], [ 78.567141720629053, 17.493026138508288 ], [ 78.567141720629053, 17.493018468046245 ], [ 78.567139037927845, 17.493018468046245 ], [ 78.567139037927845, 17.493010797583871 ], [ 78.567136355226651, 17.493010797583871 ], [ 78.567136355226651, 17.493005683942116 ], [ 78.567133672525429, 17.493005683942116 ], [ 78.567133672525429, 17.493000570300214 ], [ 78.567130989824236, 17.493000570300214 ], [ 78.567130989824236, 17.492992899837095 ], [ 78.567128307123056, 17.492992899837095 ], [ 78.567128307123056, 17.492985229373641 ], [ 78.567125624421848, 17.492985229373641 ], [ 78.567125624421848, 17.492977558909878 ], [ 78.56712294172064, 17.492977558909878 ], [ 78.56712294172064, 17.492967331624346 ], [ 78.567125624421848, 17.492967331624346 ], [ 78.567125624421848, 17.492964774802878 ], [ 78.567130989824236, 17.492964774802878 ], [ 78.567130989824236, 17.492962217981368 ], [ 78.56712294172064, 17.492962217981368 ], [ 78.56712294172064, 17.492959661159826 ], [ 78.567120259019433, 17.492959661159826 ], [ 78.567120259019433, 17.492957104338242 ], [ 78.567117576318239, 17.492957104338242 ], [ 78.567117576318239, 17.492949433873289 ], [ 78.567114893617031, 17.492949433873289 ], [ 78.567114893617031, 17.492941763408005 ], [ 78.567112210915823, 17.492941763408005 ], [ 78.567112210915823, 17.492931536120462 ], [ 78.567109528214615, 17.492931536120462 ], [ 78.567109528214615, 17.492923865654429 ], [ 78.567106845513422, 17.492923865654429 ], [ 78.567106845513422, 17.492916195188069 ], [ 78.567104162812214, 17.492916195188069 ], [ 78.567104162812214, 17.49290852472139 ], [ 78.567101480111006, 17.49290852472139 ], [ 78.567101480111006, 17.49290085425438 ], [ 78.567098797409798, 17.49290085425438 ], [ 78.567098797409798, 17.492893183787054 ], [ 78.567101480111006, 17.492893183787054 ], [ 78.567101480111006, 17.492890626964542 ], [ 78.567104162812214, 17.492890626964542 ], [ 78.567104162812214, 17.492888070141987 ], [ 78.567090749306189, 17.492888070141987 ], [ 78.567090749306189, 17.492885513319401 ], [ 78.567088066604995, 17.492885513319401 ], [ 78.567088066604995, 17.492880399674117 ], [ 78.567085383903787, 17.492880399674117 ], [ 78.567085383903787, 17.492875286028692 ], [ 78.567082701202594, 17.492875286028692 ], [ 78.567082701202594, 17.492867615560286 ], [ 78.5670800185014, 17.492867615560286 ], [ 78.5670800185014, 17.492862501914498 ], [ 78.567077335800192, 17.492862501914498 ], [ 78.567077335800192, 17.492854831445552 ], [ 78.567074653098999, 17.492854831445552 ], [ 78.567074653098999, 17.492849717799409 ], [ 78.567071970397791, 17.492849717799409 ], [ 78.567071970397791, 17.492842047329916 ], [ 78.567069287696583, 17.492842047329916 ], [ 78.567069287696583, 17.49283437686011 ], [ 78.567066604995375, 17.49283437686011 ], [ 78.567066604995375, 17.492824149566523 ], [ 78.567063922294182, 17.492824149566523 ], [ 78.567063922294182, 17.492819035919517 ], [ 78.567066604995375, 17.492819035919517 ], [ 78.567066604995375, 17.492816479095957 ], [ 78.5670800185014, 17.492816479095957 ], [ 78.5670800185014, 17.492813922272369 ], [ 78.567088066604995, 17.492813922272369 ], [ 78.567088066604995, 17.492811365448734 ], [ 78.567096114708605, 17.492811365448734 ], [ 78.567096114708605, 17.492808808625071 ], [ 78.567101480111006, 17.492808808625071 ], [ 78.567101480111006, 17.492806251801365 ], [ 78.567109528214615, 17.492806251801365 ], [ 78.567109528214615, 17.492803694977631 ], [ 78.567117576318239, 17.492803694977631 ], [ 78.567117576318239, 17.492801138153855 ], [ 78.567125624421848, 17.492801138153855 ], [ 78.567125624421848, 17.492798581330046 ], [ 78.567130989824236, 17.492798581330046 ], [ 78.567130989824236, 17.492796024506202 ], [ 78.567136355226651, 17.492796024506202 ], [ 78.567136355226651, 17.492793467682318 ], [ 78.567128307123056, 17.492793467682318 ], [ 78.567128307123056, 17.492796024506202 ], [ 78.567120259019433, 17.492796024506202 ], [ 78.567120259019433, 17.492798581330046 ], [ 78.567109528214615, 17.492798581330046 ], [ 78.567109528214615, 17.492801138153855 ], [ 78.567098797409798, 17.492801138153855 ], [ 78.567098797409798, 17.492803694977631 ], [ 78.567090749306189, 17.492803694977631 ], [ 78.567090749306189, 17.492806251801365 ], [ 78.567082701202594, 17.492806251801365 ], [ 78.567082701202594, 17.492808808625071 ], [ 78.567074653098999, 17.492808808625071 ], [ 78.567074653098999, 17.492811365448734 ], [ 78.567069287696583, 17.492811365448734 ], [ 78.567069287696583, 17.492813922272369 ], [ 78.567066604995375, 17.492813922272369 ], [ 78.567066604995375, 17.492811365448734 ], [ 78.567061239592974, 17.492811365448734 ], [ 78.567061239592974, 17.492808808625071 ], [ 78.56705855689178, 17.492808808625071 ], [ 78.56705855689178, 17.492806251801365 ], [ 78.567055874190558, 17.492806251801365 ], [ 78.567055874190558, 17.492801138153855 ], [ 78.567053191489364, 17.492801138153855 ], [ 78.567053191489364, 17.492793467682318 ], [ 78.567050508788171, 17.492793467682318 ], [ 78.567050508788171, 17.492788354034449 ], [ 78.567047826086963, 17.492788354034449 ], [ 78.567047826086963, 17.492780683562373 ], [ 78.567045143385755, 17.492780683562373 ], [ 78.567045143385755, 17.492773013089973 ], [ 78.567042460684547, 17.492773013089973 ], [ 78.567042460684547, 17.492767899441528 ], [ 78.567039777983354, 17.492767899441528 ], [ 78.567039777983354, 17.49274488802174 ], [ 78.567042460684547, 17.49274488802174 ], [ 78.567042460684547, 17.492739774372502 ], [ 78.567045143385755, 17.492739774372502 ], [ 78.567045143385755, 17.492737217547827 ], [ 78.567050508788171, 17.492737217547827 ], [ 78.567050508788171, 17.492734660723119 ], [ 78.56705855689178, 17.492734660723119 ], [ 78.56705855689178, 17.492732103898373 ], [ 78.567063922294182, 17.492732103898373 ], [ 78.567063922294182, 17.492729547073594 ], [ 78.567066604995375, 17.492729547073594 ], [ 78.567066604995375, 17.492726990248777 ], [ 78.567074653098999, 17.492726990248777 ], [ 78.567074653098999, 17.492724433423927 ], [ 78.5670800185014, 17.492724433423927 ], [ 78.5670800185014, 17.492721876599035 ], [ 78.567090749306189, 17.492721876599035 ], [ 78.567090749306189, 17.49271931977411 ], [ 78.567104162812214, 17.49271931977411 ], [ 78.567104162812214, 17.492716762949151 ], [ 78.567114893617031, 17.492716762949151 ], [ 78.567114893617031, 17.492714206124152 ], [ 78.567125624421848, 17.492714206124152 ], [ 78.567125624421848, 17.492711649299125 ], [ 78.567130989824236, 17.492711649299125 ], [ 78.567130989824236, 17.492709092474058 ], [ 78.567136355226651, 17.492709092474058 ], [ 78.567136355226651, 17.492706535648953 ], [ 78.567141720629053, 17.492706535648953 ], [ 78.567141720629053, 17.492703978823812 ], [ 78.567149768732662, 17.492703978823812 ], [ 78.567149768732662, 17.492701421998635 ], [ 78.567155134135064, 17.492701421998635 ], [ 78.567155134135064, 17.492698865173423 ], [ 78.567163182238673, 17.492698865173423 ], [ 78.567163182238673, 17.492696308348176 ], [ 78.56717391304349, 17.492696308348176 ], [ 78.56717391304349, 17.492698865173423 ], [ 78.567176595744684, 17.492698865173423 ], [ 78.567176595744684, 17.492701421998635 ], [ 78.567179278445892, 17.492701421998635 ], [ 78.567179278445892, 17.492706535648953 ], [ 78.567181961147085, 17.492706535648953 ], [ 78.567181961147085, 17.492711649299125 ], [ 78.567184643848293, 17.492711649299125 ], [ 78.567184643848293, 17.492714206124152 ], [ 78.567187326549487, 17.492714206124152 ], [ 78.567187326549487, 17.492721876599035 ], [ 78.567190009250695, 17.492721876599035 ], [ 78.567190009250695, 17.492726990248777 ], [ 78.567192691951902, 17.492726990248777 ], [ 78.567192691951902, 17.492732103898373 ], [ 78.567195374653096, 17.492732103898373 ], [ 78.567195374653096, 17.492734660723119 ], [ 78.567198057354304, 17.492734660723119 ], [ 78.567198057354304, 17.492739774372502 ], [ 78.567200740055497, 17.492739774372502 ], [ 78.567200740055497, 17.492747444846302 ], [ 78.56720342275672, 17.492747444846302 ], [ 78.56720342275672, 17.492752558495326 ], [ 78.567206105457913, 17.492752558495326 ], [ 78.567206105457913, 17.492762785792941 ], [ 78.56720342275672, 17.492762785792941 ], [ 78.56720342275672, 17.492767899441528 ], [ 78.567200740055497, 17.492767899441528 ], [ 78.567200740055497, 17.492770456265767 ], [ 78.567195374653096, 17.492770456265767 ], [ 78.567195374653096, 17.492773013089973 ], [ 78.567190009250695, 17.492773013089973 ], [ 78.567190009250695, 17.492775569914141 ], [ 78.567206105457913, 17.492775569914141 ], [ 78.567206105457913, 17.492778126738273 ], [ 78.567208788159121, 17.492778126738273 ], [ 78.567208788159121, 17.492780683562373 ], [ 78.567211470860315, 17.492780683562373 ], [ 78.567211470860315, 17.492783240386434 ], [ 78.567214153561537, 17.492783240386434 ], [ 78.567214153561537, 17.492785797210459 ], [ 78.56721683626273, 17.492785797210459 ], [ 78.56721683626273, 17.492788354034449 ], [ 78.567219518963938, 17.492788354034449 ], [ 78.567219518963938, 17.492793467682318 ], [ 78.567222201665132, 17.492793467682318 ], [ 78.567222201665132, 17.492798581330046 ], [ 78.56722488436634, 17.492798581330046 ], [ 78.56722488436634, 17.492803694977631 ], [ 78.567227567067533, 17.492803694977631 ], [ 78.567227567067533, 17.492808808625071 ], [ 78.567230249768727, 17.492808808625071 ], [ 78.567230249768727, 17.492813922272369 ], [ 78.567232932469935, 17.492813922272369 ], [ 78.567232932469935, 17.492821592743038 ], [ 78.567235615171143, 17.492821592743038 ], [ 78.567235615171143, 17.492839490506682 ], [ 78.567227567067533, 17.492839490506682 ], [ 78.567227567067533, 17.492842047329916 ], [ 78.567235615171143, 17.492842047329916 ], [ 78.567235615171143, 17.49284460415312 ], [ 78.567240980573544, 17.49284460415312 ], [ 78.567240980573544, 17.492849717799409 ], [ 78.567243663274738, 17.492849717799409 ], [ 78.567243663274738, 17.492859945091553 ], [ 78.56724634597596, 17.492859945091553 ], [ 78.56724634597596, 17.492865058737408 ], [ 78.567249028677153, 17.492865058737408 ], [ 78.567249028677153, 17.492870172383121 ], [ 78.567251711378361, 17.492870172383121 ], [ 78.567251711378361, 17.492877842851428 ], [ 78.567254394079555, 17.492877842851428 ], [ 78.567254394079555, 17.492898297431974 ], [ 78.567251711378361, 17.492898297431974 ], [ 78.567251711378361, 17.49290085425438 ], [ 78.567249028677153, 17.49290085425438 ], [ 78.567249028677153, 17.492905967899095 ], [ 78.56724634597596, 17.492905967899095 ], [ 78.56724634597596, 17.492911081543653 ], [ 78.567243663274738, 17.492911081543653 ], [ 78.567243663274738, 17.492913638365877 ], [ 78.567240980573544, 17.492913638365877 ], [ 78.567240980573544, 17.492916195188069 ], [ 78.567238297872336, 17.492916195188069 ], [ 78.567238297872336, 17.492921308832344 ], [ 78.567232932469935, 17.492921308832344 ], [ 78.567232932469935, 17.492923865654429 ], [ 78.567227567067533, 17.492923865654429 ], [ 78.567227567067533, 17.492926422476476 ], [ 78.567238297872336, 17.492926422476476 ], [ 78.567238297872336, 17.49292897929849 ], [ 78.567240980573544, 17.49292897929849 ], [ 78.567240980573544, 17.492934092942402 ], [ 78.567243663274738, 17.492934092942402 ], [ 78.567243663274738, 17.492939206586172 ], [ 78.56724634597596, 17.492939206586172 ], [ 78.56724634597596, 17.492944320229803 ], [ 78.567249028677153, 17.492944320229803 ], [ 78.567249028677153, 17.492946877051565 ], [ 78.567251711378361, 17.492946877051565 ], [ 78.567251711378361, 17.492949433873289 ], [ 78.567257076780777, 17.492949433873289 ], [ 78.567257076780777, 17.492951990694976 ], [ 78.567259759481971, 17.492951990694976 ], [ 78.567259759481971, 17.492954547516629 ], [ 78.567262442183178, 17.492954547516629 ], [ 78.567262442183178, 17.492957104338242 ], [ 78.567265124884372, 17.492957104338242 ], [ 78.567265124884372, 17.492959661159826 ], [ 78.56726780758558, 17.492959661159826 ], [ 78.56726780758558, 17.492964774802878 ], [ 78.567270490286788, 17.492964774802878 ], [ 78.567270490286788, 17.492972445267185 ], [ 78.567273172987981, 17.492972445267185 ], [ 78.567273172987981, 17.492980115731168 ], [ 78.567275855689175, 17.492980115731168 ], [ 78.567275855689175, 17.492985229373641 ], [ 78.567278538390383, 17.492985229373641 ], [ 78.567278538390383, 17.492990343015983 ], [ 78.567281221091577, 17.492990343015983 ], [ 78.567281221091577, 17.493005683942116 ], [ 78.567278538390383, 17.493005683942116 ], [ 78.567278538390383, 17.493008240763015 ], [ 78.567270490286788, 17.493008240763015 ], [ 78.567270490286788, 17.493010797583871 ], [ 78.567262442183178, 17.493010797583871 ], [ 78.567262442183178, 17.493013354404695 ], [ 78.567257076780777, 17.493013354404695 ], [ 78.567257076780777, 17.493015911225491 ], [ 78.567249028677153, 17.493015911225491 ], [ 78.567249028677153, 17.493018468046245 ], [ 78.567243663274738, 17.493018468046245 ], [ 78.567243663274738, 17.493021024866962 ], [ 78.567238297872336, 17.493021024866962 ], [ 78.567238297872336, 17.493023581687638 ], [ 78.567230249768727, 17.493023581687638 ], [ 78.567230249768727, 17.493026138508288 ], [ 78.56722488436634, 17.493026138508288 ], [ 78.56722488436634, 17.493028695328896 ], [ 78.567219518963938, 17.493028695328896 ], [ 78.567219518963938, 17.493031252149468 ], [ 78.567211470860315, 17.493031252149468 ], [ 78.567211470860315, 17.493033808970004 ], [ 78.56720342275672, 17.493033808970004 ], [ 78.56720342275672, 17.493036365790509 ], [ 78.567198057354304, 17.493036365790509 ], [ 78.567198057354304, 17.493038922610967 ], [ 78.567192691951902, 17.493038922610967 ], [ 78.567192691951902, 17.493041479431398 ], [ 78.567184643848293, 17.493041479431398 ], [ 78.567184643848293, 17.493044036251792 ], [ 78.567176595744684, 17.493044036251792 ], [ 78.567176595744684, 17.493046593072151 ], [ 78.567171230342296, 17.493046593072151 ], [ 78.567171230342296, 17.493049149892475 ], [ 78.567163182238673, 17.493049149892475 ], [ 78.567163182238673, 17.493051706712759 ], [ 78.567157816836271, 17.493051706712759 ] ], [ [ 78.567133672525429, 17.492962217981368 ], [ 78.567136355226651, 17.492962217981368 ], [ 78.567136355226651, 17.492959661159826 ], [ 78.567133672525429, 17.492959661159826 ], [ 78.567133672525429, 17.492962217981368 ] ], [ [ 78.567141720629053, 17.492959661159826 ], [ 78.567144403330246, 17.492959661159826 ], [ 78.567144403330246, 17.492957104338242 ], [ 78.567141720629053, 17.492957104338242 ], [ 78.567141720629053, 17.492959661159826 ] ], [ [ 78.567147086031454, 17.492957104338242 ], [ 78.567149768732662, 17.492957104338242 ], [ 78.567149768732662, 17.492954547516629 ], [ 78.567147086031454, 17.492954547516629 ], [ 78.567147086031454, 17.492957104338242 ] ], [ [ 78.567152451433856, 17.492954547516629 ], [ 78.567157816836271, 17.492954547516629 ], [ 78.567157816836271, 17.492951990694976 ], [ 78.567152451433856, 17.492951990694976 ], [ 78.567152451433856, 17.492954547516629 ] ], [ [ 78.567160499537479, 17.492951990694976 ], [ 78.567163182238673, 17.492951990694976 ], [ 78.567163182238673, 17.492949433873289 ], [ 78.567160499537479, 17.492949433873289 ], [ 78.567160499537479, 17.492951990694976 ] ], [ [ 78.567165864939881, 17.492949433873289 ], [ 78.567168547641074, 17.492949433873289 ], [ 78.567168547641074, 17.492946877051565 ], [ 78.567165864939881, 17.492946877051565 ], [ 78.567165864939881, 17.492949433873289 ] ], [ [ 78.567179278445892, 17.492944320229803 ], [ 78.567181961147085, 17.492944320229803 ], [ 78.567181961147085, 17.492941763408005 ], [ 78.567179278445892, 17.492941763408005 ], [ 78.567179278445892, 17.492944320229803 ] ], [ [ 78.567200740055497, 17.492936649764307 ], [ 78.56720342275672, 17.492936649764307 ], [ 78.56720342275672, 17.492934092942402 ], [ 78.567200740055497, 17.492934092942402 ], [ 78.567200740055497, 17.492936649764307 ] ], [ [ 78.567206105457913, 17.492934092942402 ], [ 78.567211470860315, 17.492934092942402 ], [ 78.567211470860315, 17.492931536120462 ], [ 78.567206105457913, 17.492931536120462 ], [ 78.567206105457913, 17.492934092942402 ] ], [ [ 78.56721683626273, 17.492931536120462 ], [ 78.567219518963938, 17.492931536120462 ], [ 78.567219518963938, 17.49292897929849 ], [ 78.56721683626273, 17.49292897929849 ], [ 78.56721683626273, 17.492931536120462 ] ], [ [ 78.567222201665132, 17.49292897929849 ], [ 78.56722488436634, 17.49292897929849 ], [ 78.56722488436634, 17.492926422476476 ], [ 78.567222201665132, 17.492926422476476 ], [ 78.567222201665132, 17.49292897929849 ] ], [ [ 78.567106845513422, 17.492888070141987 ], [ 78.567109528214615, 17.492888070141987 ], [ 78.567109528214615, 17.492885513319401 ], [ 78.567106845513422, 17.492885513319401 ], [ 78.567106845513422, 17.492888070141987 ] ], [ [ 78.567112210915823, 17.492885513319401 ], [ 78.567114893617031, 17.492885513319401 ], [ 78.567114893617031, 17.492882956496778 ], [ 78.567112210915823, 17.492882956496778 ], [ 78.567112210915823, 17.492885513319401 ] ], [ [ 78.567120259019433, 17.492882956496778 ], [ 78.56712294172064, 17.492882956496778 ], [ 78.56712294172064, 17.492880399674117 ], [ 78.567120259019433, 17.492880399674117 ], [ 78.567120259019433, 17.492882956496778 ] ], [ [ 78.567125624421848, 17.492880399674117 ], [ 78.567128307123056, 17.492880399674117 ], [ 78.567128307123056, 17.492877842851428 ], [ 78.567125624421848, 17.492877842851428 ], [ 78.567125624421848, 17.492880399674117 ] ], [ [ 78.567130989824236, 17.492877842851428 ], [ 78.567133672525429, 17.492877842851428 ], [ 78.567133672525429, 17.492875286028692 ], [ 78.567130989824236, 17.492875286028692 ], [ 78.567130989824236, 17.492877842851428 ] ], [ [ 78.567139037927845, 17.492875286028692 ], [ 78.567141720629053, 17.492875286028692 ], [ 78.567141720629053, 17.492872729205928 ], [ 78.567139037927845, 17.492872729205928 ], [ 78.567139037927845, 17.492875286028692 ] ], [ [ 78.567144403330246, 17.492872729205928 ], [ 78.567147086031454, 17.492872729205928 ], [ 78.567147086031454, 17.492870172383121 ], [ 78.567144403330246, 17.492870172383121 ], [ 78.567144403330246, 17.492872729205928 ] ], [ [ 78.567152451433856, 17.492870172383121 ], [ 78.567155134135064, 17.492870172383121 ], [ 78.567155134135064, 17.492867615560286 ], [ 78.567152451433856, 17.492867615560286 ], [ 78.567152451433856, 17.492870172383121 ] ], [ [ 78.567157816836271, 17.492867615560286 ], [ 78.567160499537479, 17.492867615560286 ], [ 78.567160499537479, 17.492865058737408 ], [ 78.567157816836271, 17.492865058737408 ], [ 78.567157816836271, 17.492867615560286 ] ], [ [ 78.567171230342296, 17.492862501914498 ], [ 78.56717391304349, 17.492862501914498 ], [ 78.56717391304349, 17.492859945091553 ], [ 78.567171230342296, 17.492859945091553 ], [ 78.567171230342296, 17.492862501914498 ] ], [ [ 78.567176595744684, 17.492859945091553 ], [ 78.567179278445892, 17.492859945091553 ], [ 78.567179278445892, 17.492857388268568 ], [ 78.567176595744684, 17.492857388268568 ], [ 78.567176595744684, 17.492859945091553 ] ], [ [ 78.567181961147085, 17.492857388268568 ], [ 78.567187326549487, 17.492857388268568 ], [ 78.567187326549487, 17.492854831445552 ], [ 78.567181961147085, 17.492854831445552 ], [ 78.567181961147085, 17.492857388268568 ] ], [ [ 78.567190009250695, 17.492854831445552 ], [ 78.567192691951902, 17.492854831445552 ], [ 78.567192691951902, 17.492852274622496 ], [ 78.567190009250695, 17.492852274622496 ], [ 78.567190009250695, 17.492854831445552 ] ], [ [ 78.56720342275672, 17.492849717799409 ], [ 78.567206105457913, 17.492849717799409 ], [ 78.567206105457913, 17.492847160976279 ], [ 78.56720342275672, 17.492847160976279 ], [ 78.56720342275672, 17.492849717799409 ] ], [ [ 78.567211470860315, 17.492847160976279 ], [ 78.567214153561537, 17.492847160976279 ], [ 78.567214153561537, 17.49284460415312 ], [ 78.567211470860315, 17.49284460415312 ], [ 78.567211470860315, 17.492847160976279 ] ], [ [ 78.56721683626273, 17.49284460415312 ], [ 78.56722488436634, 17.49284460415312 ], [ 78.56722488436634, 17.492842047329916 ], [ 78.56721683626273, 17.492842047329916 ], [ 78.56721683626273, 17.49284460415312 ] ], [ [ 78.567136355226651, 17.492793467682318 ], [ 78.567144403330246, 17.492793467682318 ], [ 78.567144403330246, 17.492790910858403 ], [ 78.567149768732662, 17.492790910858403 ], [ 78.567149768732662, 17.492788354034449 ], [ 78.567141720629053, 17.492788354034449 ], [ 78.567141720629053, 17.492790910858403 ], [ 78.567136355226651, 17.492790910858403 ], [ 78.567136355226651, 17.492793467682318 ] ], [ [ 78.567149768732662, 17.492788354034449 ], [ 78.567155134135064, 17.492788354034449 ], [ 78.567155134135064, 17.492785797210459 ], [ 78.567149768732662, 17.492785797210459 ], [ 78.567149768732662, 17.492788354034449 ] ], [ [ 78.567157816836271, 17.492785797210459 ], [ 78.567163182238673, 17.492785797210459 ], [ 78.567163182238673, 17.492783240386434 ], [ 78.567157816836271, 17.492783240386434 ], [ 78.567157816836271, 17.492785797210459 ] ], [ [ 78.567165864939881, 17.492783240386434 ], [ 78.567171230342296, 17.492783240386434 ], [ 78.567171230342296, 17.492780683562373 ], [ 78.567165864939881, 17.492780683562373 ], [ 78.567165864939881, 17.492783240386434 ] ], [ [ 78.56717391304349, 17.492780683562373 ], [ 78.567179278445892, 17.492780683562373 ], [ 78.567179278445892, 17.492778126738273 ], [ 78.56717391304349, 17.492778126738273 ], [ 78.56717391304349, 17.492780683562373 ] ], [ [ 78.567179278445892, 17.492778126738273 ], [ 78.567190009250695, 17.492778126738273 ], [ 78.567190009250695, 17.492775569914141 ], [ 78.567179278445892, 17.492775569914141 ], [ 78.567179278445892, 17.492778126738273 ] ] ] } },
{ "type": "Feature", "properties": { "value": 255.0 }, "geometry": { "type": "Polygon", "coordinates": [ [ [ 78.567222201665132, 17.492767899441528 ], [ 78.567222201665132, 17.49276534261725 ], [ 78.56721683626273, 17.49276534261725 ], [ 78.56721683626273, 17.492760228968589 ], [ 78.567214153561537, 17.492760228968589 ], [ 78.567214153561537, 17.492752558495326 ], [ 78.567211470860315, 17.492752558495326 ], [ 78.567211470860315, 17.492747444846302 ], [ 78.567208788159121, 17.492747444846302 ], [ 78.567208788159121, 17.492739774372502 ], [ 78.567206105457913, 17.492739774372502 ], [ 78.567206105457913, 17.492729547073594 ], [ 78.56720342275672, 17.492729547073594 ], [ 78.56720342275672, 17.492721876599035 ], [ 78.567200740055497, 17.492721876599035 ], [ 78.567200740055497, 17.492714206124152 ], [ 78.567198057354304, 17.492714206124152 ], [ 78.567198057354304, 17.492698865173423 ], [ 78.56720342275672, 17.492698865173423 ], [ 78.56720342275672, 17.492696308348176 ], [ 78.567214153561537, 17.492696308348176 ], [ 78.567214153561537, 17.492693751522893 ], [ 78.567222201665132, 17.492693751522893 ], [ 78.567222201665132, 17.492691194697574 ], [ 78.567230249768727, 17.492691194697574 ], [ 78.567230249768727, 17.492688637872217 ], [ 78.567235615171143, 17.492688637872217 ], [ 78.567235615171143, 17.492686081046823 ], [ 78.567251711378361, 17.492686081046823 ], [ 78.567251711378361, 17.492688637872217 ], [ 78.567254394079555, 17.492688637872217 ], [ 78.567254394079555, 17.492691194697574 ], [ 78.567257076780777, 17.492691194697574 ], [ 78.567257076780777, 17.492701421998635 ], [ 78.567259759481971, 17.492701421998635 ], [ 78.567259759481971, 17.492711649299125 ], [ 78.567262442183178, 17.492711649299125 ], [ 78.567262442183178, 17.492716762949151 ], [ 78.567265124884372, 17.492716762949151 ], [ 78.567265124884372, 17.492729547073594 ], [ 78.56726780758558, 17.492729547073594 ], [ 78.56726780758558, 17.492750001670831 ], [ 78.567265124884372, 17.492750001670831 ], [ 78.567265124884372, 17.492755115319781 ], [ 78.567262442183178, 17.492755115319781 ], [ 78.567262442183178, 17.492757672144201 ], [ 78.567257076780777, 17.492757672144201 ], [ 78.567257076780777, 17.492760228968589 ], [ 78.567249028677153, 17.492760228968589 ], [ 78.567249028677153, 17.492762785792941 ], [ 78.567240980573544, 17.492762785792941 ], [ 78.567240980573544, 17.49276534261725 ], [ 78.567230249768727, 17.49276534261725 ], [ 78.567230249768727, 17.492767899441528 ], [ 78.567222201665132, 17.492767899441528 ] ] ] } },
{ "type": "Feature", "properties": { "value": 255.0 }, "geometry": { "type": "Polygon", "coordinates": [ [ [ 78.565964014801125, 17.49274488802174 ], [ 78.565964014801125, 17.492734660723119 ], [ 78.565958649398723, 17.492734660723119 ], [ 78.565958649398723, 17.492732103898373 ], [ 78.5659506012951, 17.492732103898373 ], [ 78.5659506012951, 17.492729547073594 ], [ 78.565937187789089, 17.492729547073594 ], [ 78.565937187789089, 17.492726990248777 ], [ 78.565934505087881, 17.492726990248777 ], [ 78.565934505087881, 17.49271931977411 ], [ 78.565931822386673, 17.49271931977411 ], [ 78.565931822386673, 17.492706535648953 ], [ 78.56592913968548, 17.492706535648953 ], [ 78.56592913968548, 17.492696308348176 ], [ 78.565926456984272, 17.492696308348176 ], [ 78.565926456984272, 17.49268096739593 ], [ 78.56592913968548, 17.49268096739593 ], [ 78.56592913968548, 17.492675853744895 ], [ 78.565931822386673, 17.492675853744895 ], [ 78.565931822386673, 17.492673296919325 ], [ 78.565953283996308, 17.492673296919325 ], [ 78.565953283996308, 17.492670740093718 ], [ 78.565964014801125, 17.492670740093718 ], [ 78.565964014801125, 17.492668183268073 ], [ 78.56597206290472, 17.492668183268073 ], [ 78.56597206290472, 17.492665626442392 ], [ 78.565982793709537, 17.492665626442392 ], [ 78.565982793709537, 17.492663069616679 ], [ 78.565993524514354, 17.492663069616679 ], [ 78.565993524514354, 17.49266051279093 ], [ 78.566020351526362, 17.49266051279093 ], [ 78.566020351526362, 17.492663069616679 ], [ 78.566036447733595, 17.492663069616679 ], [ 78.566036447733595, 17.49266051279093 ], [ 78.566041813135982, 17.49266051279093 ], [ 78.566041813135982, 17.492657955965139 ], [ 78.566052543940799, 17.492657955965139 ], [ 78.566052543940799, 17.49266051279093 ], [ 78.566055226642007, 17.49266051279093 ], [ 78.566055226642007, 17.492663069616679 ], [ 78.566057909343215, 17.492663069616679 ], [ 78.566057909343215, 17.492665626442392 ], [ 78.566074005550419, 17.492665626442392 ], [ 78.566074005550419, 17.492668183268073 ], [ 78.566079370952835, 17.492668183268073 ], [ 78.566079370952835, 17.492675853744895 ], [ 78.566082053654029, 17.492675853744895 ], [ 78.566082053654029, 17.492693751522893 ], [ 78.566084736355236, 17.492693751522893 ], [ 78.566084736355236, 17.492709092474058 ], [ 78.56608741905643, 17.492709092474058 ], [ 78.56608741905643, 17.492714206124152 ], [ 78.566084736355236, 17.492714206124152 ], [ 78.566084736355236, 17.49271931977411 ], [ 78.566082053654029, 17.49271931977411 ], [ 78.566082053654029, 17.492721876599035 ], [ 78.566076688251613, 17.492721876599035 ], [ 78.566076688251613, 17.492724433423927 ], [ 78.566065957446824, 17.492724433423927 ], [ 78.566065957446824, 17.492726990248777 ], [ 78.566063274745616, 17.492726990248777 ], [ 78.566063274745616, 17.492729547073594 ], [ 78.566039130434788, 17.492729547073594 ], [ 78.566039130434788, 17.492732103898373 ], [ 78.566036447733595, 17.492732103898373 ], [ 78.566036447733595, 17.492729547073594 ], [ 78.566033765032373, 17.492729547073594 ], [ 78.566033765032373, 17.492726990248777 ], [ 78.565990841813132, 17.492726990248777 ], [ 78.565990841813132, 17.492729547073594 ], [ 78.565985476410731, 17.492729547073594 ], [ 78.565985476410731, 17.492732103898373 ], [ 78.565982793709537, 17.492732103898373 ], [ 78.565982793709537, 17.492737217547827 ], [ 78.565985476410731, 17.492737217547827 ], [ 78.565985476410731, 17.492739774372502 ], [ 78.565993524514354, 17.492739774372502 ], [ 78.565993524514354, 17.492742331197142 ], [ 78.566004255319157, 17.492742331197142 ], [ 78.566004255319157, 17.49274488802174 ], [ 78.565964014801125, 17.49274488802174 ] ] ] } },
{ "type": "Feature", "properties": { "value": 255.0 }, "geometry": { "type": "Polygon", "coordinates": [ [ [ 78.565703792784461, 17.492724433423927 ], [ 78.565703792784461, 17.492721876599035 ], [ 78.565682331174841, 17.492721876599035 ], [ 78.565682331174841, 17.492716762949151 ], [ 78.565679648473647, 17.492716762949151 ], [ 78.565679648473647, 17.492709092474058 ], [ 78.565676965772454, 17.492709092474058 ], [ 78.565676965772454, 17.492693751522893 ], [ 78.565674283071246, 17.492693751522893 ], [ 78.565674283071246, 17.49268096739593 ], [ 78.565671600370038, 17.49268096739593 ], [ 78.565671600370038, 17.492652842313458 ], [ 78.565674283071246, 17.492652842313458 ], [ 78.565674283071246, 17.492642615009661 ], [ 78.565676965772454, 17.492642615009661 ], [ 78.565676965772454, 17.492637501357546 ], [ 78.565679648473647, 17.492637501357546 ], [ 78.565679648473647, 17.492634944531435 ], [ 78.56569037927845, 17.492634944531435 ], [ 78.56569037927845, 17.492632387705285 ], [ 78.565711840888071, 17.492632387705285 ], [ 78.565711840888071, 17.492634944531435 ], [ 78.565719888991694, 17.492634944531435 ], [ 78.565719888991694, 17.492637501357546 ], [ 78.565738667900092, 17.492637501357546 ], [ 78.565738667900092, 17.492640058183625 ], [ 78.565765494912128, 17.492640058183625 ], [ 78.565765494912128, 17.492642615009661 ], [ 78.565768177613336, 17.492642615009661 ], [ 78.565768177613336, 17.492645171835662 ], [ 78.56577086031453, 17.492645171835662 ], [ 78.56577086031453, 17.492678410570431 ], [ 78.565768177613336, 17.492678410570431 ], [ 78.565768177613336, 17.492686081046823 ], [ 78.565765494912128, 17.492686081046823 ], [ 78.565765494912128, 17.492691194697574 ], [ 78.565762812210934, 17.492691194697574 ], [ 78.565762812210934, 17.492693751522893 ], [ 78.565757446808519, 17.492693751522893 ], [ 78.565757446808519, 17.492696308348176 ], [ 78.565754764107311, 17.492696308348176 ], [ 78.565754764107311, 17.492698865173423 ], [ 78.565752081406117, 17.492698865173423 ], [ 78.565752081406117, 17.492701421998635 ], [ 78.565749398704909, 17.492701421998635 ], [ 78.565749398704909, 17.492706535648953 ], [ 78.565746716003702, 17.492706535648953 ], [ 78.565746716003702, 17.492709092474058 ], [ 78.565744033302494, 17.492709092474058 ], [ 78.565744033302494, 17.492711649299125 ], [ 78.5657413506013, 17.492711649299125 ], [ 78.5657413506013, 17.492714206124152 ], [ 78.565738667900092, 17.492714206124152 ], [ 78.565738667900092, 17.49271931977411 ], [ 78.565733302497691, 17.49271931977411 ], [ 78.565733302497691, 17.492721876599035 ], [ 78.565717206290486, 17.492721876599035 ], [ 78.565717206290486, 17.492724433423927 ], [ 78.565703792784461, 17.492724433423927 ] ] ] } },
{ "type": "Feature", "properties": { "value": 255.0 }, "geometry": { "type": "Polygon", "coordinates": [ [ [ 78.566868085106393, 17.492808808625071 ], [ 78.566868085106393, 17.492806251801365 ], [ 78.566865402405185, 17.492806251801365 ], [ 78.566865402405185, 17.492803694977631 ], [ 78.566862719703991, 17.492803694977631 ], [ 78.566862719703991, 17.492796024506202 ], [ 78.566860037002783, 17.492796024506202 ], [ 78.566860037002783, 17.492788354034449 ], [ 78.566857354301575, 17.492788354034449 ], [ 78.566857354301575, 17.492780683562373 ], [ 78.566854671600368, 17.492780683562373 ], [ 78.566854671600368, 17.492773013089973 ], [ 78.566851988899174, 17.492773013089973 ], [ 78.566851988899174, 17.49276534261725 ], [ 78.566849306197966, 17.49276534261725 ], [ 78.566849306197966, 17.492757672144201 ], [ 78.566846623496758, 17.492757672144201 ], [ 78.566846623496758, 17.492752558495326 ], [ 78.56684394079555, 17.492752558495326 ], [ 78.56684394079555, 17.492747444846302 ], [ 78.566841258094357, 17.492747444846302 ], [ 78.566841258094357, 17.492742331197142 ], [ 78.566838575393163, 17.492742331197142 ], [ 78.566838575393163, 17.492734660723119 ], [ 78.566835892691955, 17.492734660723119 ], [ 78.566835892691955, 17.492732103898373 ], [ 78.566833209990762, 17.492732103898373 ], [ 78.566833209990762, 17.492726990248777 ], [ 78.566830527289554, 17.492726990248777 ], [ 78.566830527289554, 17.492721876599035 ], [ 78.56682784458836, 17.492721876599035 ], [ 78.56682784458836, 17.492711649299125 ], [ 78.566825161887152, 17.492711649299125 ], [ 78.566825161887152, 17.492703978823812 ], [ 78.566822479185944, 17.492703978823812 ], [ 78.566822479185944, 17.492698865173423 ], [ 78.566819796484751, 17.492698865173423 ], [ 78.566819796484751, 17.492691194697574 ], [ 78.566817113783543, 17.492691194697574 ], [ 78.566817113783543, 17.492686081046823 ], [ 78.566814431082335, 17.492686081046823 ], [ 78.566814431082335, 17.492678410570431 ], [ 78.566811748381127, 17.492678410570431 ], [ 78.566811748381127, 17.492670740093718 ], [ 78.566809065679934, 17.492670740093718 ], [ 78.566809065679934, 17.49266051279093 ], [ 78.566806382978726, 17.49266051279093 ], [ 78.566806382978726, 17.492655399139316 ], [ 78.566809065679934, 17.492655399139316 ], [ 78.566809065679934, 17.492652842313458 ], [ 78.566814431082335, 17.492652842313458 ], [ 78.566814431082335, 17.49265028548756 ], [ 78.566825161887152, 17.49265028548756 ], [ 78.566825161887152, 17.49264772866163 ], [ 78.566830527289554, 17.49264772866163 ], [ 78.566830527289554, 17.492645171835662 ], [ 78.566838575393163, 17.492645171835662 ], [ 78.566838575393163, 17.492642615009661 ], [ 78.566846623496758, 17.492642615009661 ], [ 78.566846623496758, 17.492640058183625 ], [ 78.566854671600368, 17.492640058183625 ], [ 78.566854671600368, 17.492637501357546 ], [ 78.566865402405185, 17.492637501357546 ], [ 78.566865402405185, 17.492634944531435 ], [ 78.566876133210002, 17.492634944531435 ], [ 78.566876133210002, 17.492632387705285 ], [ 78.566881498612403, 17.492632387705285 ], [ 78.566881498612403, 17.492629830879103 ], [ 78.566889546715998, 17.492629830879103 ], [ 78.566889546715998, 17.492627274052889 ], [ 78.566894912118414, 17.492627274052889 ], [ 78.566894912118414, 17.492624717226633 ], [ 78.566905642923231, 17.492624717226633 ], [ 78.566905642923231, 17.492627274052889 ], [ 78.566908325624425, 17.492627274052889 ], [ 78.566908325624425, 17.492629830879103 ], [ 78.566911008325633, 17.492629830879103 ], [ 78.566911008325633, 17.492634944531435 ], [ 78.566913691026826, 17.492634944531435 ], [ 78.566913691026826, 17.492640058183625 ], [ 78.566916373728048, 17.492640058183625 ], [ 78.566916373728048, 17.492645171835662 ], [ 78.566919056429242, 17.492645171835662 ], [ 78.566919056429242, 17.49265028548756 ], [ 78.566921739130436, 17.49265028548756 ], [ 78.566921739130436, 17.492657955965139 ], [ 78.566924421831644, 17.492657955965139 ], [ 78.566924421831644, 17.492663069616679 ], [ 78.566927104532851, 17.492663069616679 ], [ 78.566927104532851, 17.492668183268073 ], [ 78.566929787234059, 17.492668183268073 ], [ 78.566929787234059, 17.492675853744895 ], [ 78.566932469935253, 17.492675853744895 ], [ 78.566932469935253, 17.492683524221395 ], [ 78.566935152636461, 17.492683524221395 ], [ 78.566935152636461, 17.492691194697574 ], [ 78.566937835337654, 17.492691194697574 ], [ 78.566937835337654, 17.492696308348176 ], [ 78.566940518038848, 17.492696308348176 ], [ 78.566940518038848, 17.492698865173423 ], [ 78.566943200740056, 17.492698865173423 ], [ 78.566943200740056, 17.492703978823812 ], [ 78.56694588344125, 17.492703978823812 ], [ 78.56694588344125, 17.492709092474058 ], [ 78.566948566142472, 17.492709092474058 ], [ 78.566948566142472, 17.492716762949151 ], [ 78.566951248843665, 17.492716762949151 ], [ 78.566951248843665, 17.492724433423927 ], [ 78.566953931544873, 17.492724433423927 ], [ 78.566953931544873, 17.492732103898373 ], [ 78.566956614246067, 17.492732103898373 ], [ 78.566956614246067, 17.492737217547827 ], [ 78.566959296947275, 17.492737217547827 ], [ 78.566959296947275, 17.49274488802174 ], [ 78.566961979648482, 17.49274488802174 ], [ 78.566961979648482, 17.492750001670831 ], [ 78.566964662349676, 17.492750001670831 ], [ 78.566964662349676, 17.492760228968589 ], [ 78.566967345050884, 17.492760228968589 ], [ 78.566967345050884, 17.492770456265767 ], [ 78.566964662349676, 17.492770456265767 ], [ 78.566964662349676, 17.492773013089973 ], [ 78.566961979648482, 17.492773013089973 ], [ 78.566961979648482, 17.492775569914141 ], [ 78.566956614246067, 17.492775569914141 ], [ 78.566956614246067, 17.492778126738273 ], [ 78.566948566142472, 17.492778126738273 ], [ 78.566948566142472, 17.492780683562373 ], [ 78.566943200740056, 17.492780683562373 ], [ 78.566943200740056, 17.492783240386434 ], [ 78.566935152636461, 17.492783240386434 ], [ 78.566935152636461, 17.492785797210459 ], [ 78.566929787234059, 17.492785797210459 ], [ 78.566929787234059, 17.492788354034449 ], [ 78.566924421831644, 17.492788354034449 ], [ 78.566924421831644, 17.492790910858403 ], [ 78.566916373728048, 17.492790910858403 ], [ 78.566916373728048, 17.492793467682318 ], [ 78.566911008325633, 17.492793467682318 ], [ 78.566911008325633, 17.492796024506202 ], [ 78.566902960222009, 17.492796024506202 ], [ 78.566902960222009, 17.492798581330046 ], [ 78.566897594819608, 17.492798581330046 ], [ 78.566897594819608, 17.492801138153855 ], [ 78.566889546715998, 17.492801138153855 ], [ 78.566889546715998, 17.492803694977631 ], [ 78.566884181313611, 17.492803694977631 ], [ 78.566884181313611, 17.492806251801365 ], [ 78.566878815911195, 17.492806251801365 ], [ 78.566878815911195, 17.492808808625071 ], [ 78.566868085106393, 17.492808808625071 ] ] ] } },
{ "type": "Feature", "properties": { "value": 255.0 }, "geometry": { "type": "Polygon", "coordinates": [ [ [ 78.565566975023131, 17.492747444846302 ], [ 78.565566975023131, 17.49274488802174 ], [ 78.565558926919522, 17.49274488802174 ], [ 78.565558926919522, 17.492742331197142 ], [ 78.565556244218328, 17.492742331197142 ], [ 78.565556244218328, 17.492739774372502 ], [ 78.56555356151712, 17.492739774372502 ], [ 78.56555356151712, 17.492734660723119 ], [ 78.565550878815912, 17.492734660723119 ], [ 78.565550878815912, 17.492729547073594 ], [ 78.565537465309887, 17.492729547073594 ], [ 78.565537465309887, 17.492726990248777 ], [ 78.565534782608708, 17.492726990248777 ], [ 78.565534782608708, 17.492724433423927 ], [ 78.565507955596686, 17.492724433423927 ], [ 78.565507955596686, 17.492721876599035 ], [ 78.565505272895464, 17.492721876599035 ], [ 78.565505272895464, 17.49271931977411 ], [ 78.565502590194271, 17.49271931977411 ], [ 78.565502590194271, 17.492698865173423 ], [ 78.565499907493063, 17.492698865173423 ], [ 78.565499907493063, 17.492721876599035 ], [ 78.565497224791869, 17.492721876599035 ], [ 78.565497224791869, 17.492724433423927 ], [ 78.565489176688246, 17.492724433423927 ], [ 78.565489176688246, 17.492726990248777 ], [ 78.565478445883457, 17.492726990248777 ], [ 78.565478445883457, 17.492729547073594 ], [ 78.565451618871421, 17.492729547073594 ], [ 78.565451618871421, 17.492726990248777 ], [ 78.565440888066604, 17.492726990248777 ], [ 78.565440888066604, 17.492724433423927 ], [ 78.56543820536541, 17.492724433423927 ], [ 78.56543820536541, 17.492714206124152 ], [ 78.565435522664217, 17.492714206124152 ], [ 78.565435522664217, 17.492691194697574 ], [ 78.565432839963009, 17.492691194697574 ], [ 78.565432839963009, 17.492668183268073 ], [ 78.565430157261801, 17.492668183268073 ], [ 78.565430157261801, 17.492652842313458 ], [ 78.565427474560593, 17.492652842313458 ], [ 78.565427474560593, 17.492637501357546 ], [ 78.565430157261801, 17.492637501357546 ], [ 78.565430157261801, 17.492632387705285 ], [ 78.56543820536541, 17.492632387705285 ], [ 78.56543820536541, 17.492629830879103 ], [ 78.565462349676224, 17.492629830879103 ], [ 78.565462349676224, 17.492632387705285 ], [ 78.565489176688246, 17.492632387705285 ], [ 78.565489176688246, 17.492634944531435 ], [ 78.565491859389454, 17.492634944531435 ], [ 78.565491859389454, 17.492637501357546 ], [ 78.565494542090647, 17.492637501357546 ], [ 78.565494542090647, 17.492632387705285 ], [ 78.565497224791869, 17.492632387705285 ], [ 78.565497224791869, 17.492629830879103 ], [ 78.565499907493063, 17.492629830879103 ], [ 78.565499907493063, 17.492627274052889 ], [ 78.565505272895464, 17.492627274052889 ], [ 78.565505272895464, 17.492624717226633 ], [ 78.565537465309887, 17.492624717226633 ], [ 78.565537465309887, 17.492627274052889 ], [ 78.56554014801111, 17.492627274052889 ], [ 78.56554014801111, 17.492629830879103 ], [ 78.565542830712303, 17.492629830879103 ], [ 78.565542830712303, 17.492652842313458 ], [ 78.565545513413511, 17.492652842313458 ], [ 78.565545513413511, 17.492665626442392 ], [ 78.565548196114705, 17.492665626442392 ], [ 78.565548196114705, 17.49266051279093 ], [ 78.565550878815912, 17.49266051279093 ], [ 78.565550878815912, 17.492652842313458 ], [ 78.565548196114705, 17.492652842313458 ], [ 78.565548196114705, 17.492640058183625 ], [ 78.565545513413511, 17.492640058183625 ], [ 78.565545513413511, 17.492637501357546 ], [ 78.565548196114705, 17.492637501357546 ], [ 78.565548196114705, 17.492634944531435 ], [ 78.56555356151712, 17.492634944531435 ], [ 78.56555356151712, 17.492637501357546 ], [ 78.565558926919522, 17.492637501357546 ], [ 78.565558926919522, 17.492642615009661 ], [ 78.565556244218328, 17.492642615009661 ], [ 78.565556244218328, 17.492645171835662 ], [ 78.56555356151712, 17.492645171835662 ], [ 78.56555356151712, 17.492652842313458 ], [ 78.565556244218328, 17.492652842313458 ], [ 78.565556244218328, 17.492655399139316 ], [ 78.565572340425533, 17.492655399139316 ], [ 78.565572340425533, 17.492652842313458 ], [ 78.565580388529156, 17.492652842313458 ], [ 78.565580388529156, 17.49265028548756 ], [ 78.565588436632751, 17.49265028548756 ], [ 78.565588436632751, 17.49264772866163 ], [ 78.565599167437568, 17.49264772866163 ], [ 78.565599167437568, 17.492645171835662 ], [ 78.565609898242371, 17.492645171835662 ], [ 78.565609898242371, 17.492642615009661 ], [ 78.565636725254393, 17.492642615009661 ], [ 78.565636725254393, 17.492640058183625 ], [ 78.56565550416282, 17.492640058183625 ], [ 78.56565550416282, 17.492642615009661 ], [ 78.565658186864013, 17.492642615009661 ], [ 78.565658186864013, 17.492645171835662 ], [ 78.565660869565221, 17.492645171835662 ], [ 78.565660869565221, 17.49265028548756 ], [ 78.565663552266429, 17.49265028548756 ], [ 78.565663552266429, 17.492675853744895 ], [ 78.565666234967637, 17.492675853744895 ], [ 78.565666234967637, 17.492693751522893 ], [ 78.56566891766883, 17.492693751522893 ], [ 78.56566891766883, 17.492711649299125 ], [ 78.565671600370038, 17.492711649299125 ], [ 78.565671600370038, 17.492716762949151 ], [ 78.56566891766883, 17.492716762949151 ], [ 78.56566891766883, 17.492726990248777 ], [ 78.565666234967637, 17.492726990248777 ], [ 78.565666234967637, 17.492729547073594 ], [ 78.565663552266429, 17.492729547073594 ], [ 78.565663552266429, 17.492732103898373 ], [ 78.565660869565221, 17.492732103898373 ], [ 78.565660869565221, 17.492734660723119 ], [ 78.56565550416282, 17.492734660723119 ], [ 78.56565550416282, 17.492737217547827 ], [ 78.565642090656809, 17.492737217547827 ], [ 78.565642090656809, 17.492739774372502 ], [ 78.565617946345995, 17.492739774372502 ], [ 78.565617946345995, 17.492742331197142 ], [ 78.565599167437568, 17.492742331197142 ], [ 78.565599167437568, 17.49274488802174 ], [ 78.565577705827948, 17.49274488802174 ], [ 78.565577705827948, 17.492747444846302 ], [ 78.565566975023131, 17.492747444846302 ] ], [ [ 78.565497224791869, 17.492696308348176 ], [ 78.565499907493063, 17.492696308348176 ], [ 78.565499907493063, 17.492675853744895 ], [ 78.565497224791869, 17.492675853744895 ], [ 78.565497224791869, 17.492696308348176 ] ], [ [ 78.565494542090647, 17.492668183268073 ], [ 78.565497224791869, 17.492668183268073 ], [ 78.565497224791869, 17.492655399139316 ], [ 78.565494542090647, 17.492655399139316 ], [ 78.565494542090647, 17.492668183268073 ] ] ] } },
{ "type": "Feature", "properties": { "value": 255.0 }, "geometry": { "type": "Polygon", "coordinates": [ [ [ 78.564469750231282, 17.492732103898373 ], [ 78.564469750231282, 17.492729547073594 ], [ 78.564467067530074, 17.492729547073594 ], [ 78.564467067530074, 17.492726990248777 ], [ 78.564464384828881, 17.492726990248777 ], [ 78.564464384828881, 17.492724433423927 ], [ 78.564437557816831, 17.492724433423927 ], [ 78.564437557816831, 17.492721876599035 ], [ 78.564426827012014, 17.492721876599035 ], [ 78.564426827012014, 17.49271931977411 ], [ 78.564424144310834, 17.49271931977411 ], [ 78.564424144310834, 17.492716762949151 ], [ 78.564421461609641, 17.492716762949151 ], [ 78.564421461609641, 17.492714206124152 ], [ 78.564418778908433, 17.492714206124152 ], [ 78.564418778908433, 17.492709092474058 ], [ 78.564416096207225, 17.492709092474058 ], [ 78.564416096207225, 17.492706535648953 ], [ 78.564410730804823, 17.492706535648953 ], [ 78.564410730804823, 17.492703978823812 ], [ 78.5644, 17.492703978823812 ], [ 78.5644, 17.492573580693985 ], [ 78.56440804810363, 17.492573580693985 ], [ 78.56440804810363, 17.492568467039931 ], [ 78.564413413506017, 17.492568467039931 ], [ 78.564413413506017, 17.492565910212846 ], [ 78.564418778908433, 17.492565910212846 ], [ 78.564418778908433, 17.492568467039931 ], [ 78.564424144310834, 17.492568467039931 ], [ 78.564424144310834, 17.492571023866972 ], [ 78.564429509713236, 17.492571023866972 ], [ 78.564429509713236, 17.492573580693985 ], [ 78.564432192414429, 17.492573580693985 ], [ 78.564432192414429, 17.492576137520956 ], [ 78.564434875115637, 17.492576137520956 ], [ 78.564434875115637, 17.492578694347898 ], [ 78.564437557816831, 17.492578694347898 ], [ 78.564437557816831, 17.492581251174798 ], [ 78.564442923219246, 17.492581251174798 ], [ 78.564442923219246, 17.49258636482849 ], [ 78.564445605920454, 17.49258636482849 ], [ 78.564445605920454, 17.492601705788719 ], [ 78.564442923219246, 17.492601705788719 ], [ 78.564442923219246, 17.492614489921252 ], [ 78.564440240518053, 17.492614489921252 ], [ 78.564440240518053, 17.492640058183625 ], [ 78.564442923219246, 17.492640058183625 ], [ 78.564442923219246, 17.492645171835662 ], [ 78.564445605920454, 17.492645171835662 ], [ 78.564445605920454, 17.492652842313458 ], [ 78.564448288621648, 17.492652842313458 ], [ 78.564448288621648, 17.492665626442392 ], [ 78.564450971322856, 17.492665626442392 ], [ 78.564450971322856, 17.492673296919325 ], [ 78.564453654024064, 17.492673296919325 ], [ 78.564453654024064, 17.49268096739593 ], [ 78.564456336725257, 17.49268096739593 ], [ 78.564456336725257, 17.492683524221395 ], [ 78.564459019426465, 17.492683524221395 ], [ 78.564459019426465, 17.492686081046823 ], [ 78.564461702127673, 17.492686081046823 ], [ 78.564461702127673, 17.492688637872217 ], [ 78.564467067530074, 17.492688637872217 ], [ 78.564467067530074, 17.492691194697574 ], [ 78.564469750231282, 17.492691194697574 ], [ 78.564469750231282, 17.492693751522893 ], [ 78.564472432932476, 17.492693751522893 ], [ 78.564472432932476, 17.492698865173423 ], [ 78.56447511563367, 17.492698865173423 ], [ 78.56447511563367, 17.492701421998635 ], [ 78.564477798334877, 17.492701421998635 ], [ 78.564477798334877, 17.492716762949151 ], [ 78.564480481036071, 17.492716762949151 ], [ 78.564480481036071, 17.492726990248777 ], [ 78.564477798334877, 17.492726990248777 ], [ 78.564477798334877, 17.492729547073594 ], [ 78.56447511563367, 17.492729547073594 ], [ 78.56447511563367, 17.492732103898373 ], [ 78.564469750231282, 17.492732103898373 ] ] ] } },
{ "type": "Feature", "properties": { "value": 255.0 }, "geometry": { "type": "Polygon", "coordinates": [ [ [ 78.56592913968548, 17.492665626442392 ], [ 78.56592913968548, 17.492663069616679 ], [ 78.565926456984272, 17.492663069616679 ], [ 78.565926456984272, 17.492657955965139 ], [ 78.565923774283064, 17.492657955965139 ], [ 78.565923774283064, 17.49265028548756 ], [ 78.565921091581885, 17.49265028548756 ], [ 78.565921091581885, 17.492642615009661 ], [ 78.565918408880677, 17.492642615009661 ], [ 78.565918408880677, 17.492632387705285 ], [ 78.565915726179483, 17.492632387705285 ], [ 78.565915726179483, 17.492624717226633 ], [ 78.565913043478261, 17.492624717226633 ], [ 78.565913043478261, 17.49261704674765 ], [ 78.565910360777067, 17.49261704674765 ], [ 78.565910360777067, 17.492599148962107 ], [ 78.565913043478261, 17.492599148962107 ], [ 78.565913043478261, 17.492596592135456 ], [ 78.565915726179483, 17.492596592135456 ], [ 78.565915726179483, 17.492594035308773 ], [ 78.565923774283064, 17.492594035308773 ], [ 78.565923774283064, 17.492591478482048 ], [ 78.56592913968548, 17.492591478482048 ], [ 78.56592913968548, 17.492588921655294 ], [ 78.565937187789089, 17.492588921655294 ], [ 78.565937187789089, 17.49258636482849 ], [ 78.565945235892698, 17.49258636482849 ], [ 78.565945235892698, 17.492583808001665 ], [ 78.565953283996308, 17.492583808001665 ], [ 78.565953283996308, 17.492581251174798 ], [ 78.565958649398723, 17.492581251174798 ], [ 78.565958649398723, 17.492578694347898 ], [ 78.565964014801125, 17.492578694347898 ], [ 78.565964014801125, 17.492576137520956 ], [ 78.565969380203526, 17.492576137520956 ], [ 78.565969380203526, 17.492573580693985 ], [ 78.565977428307121, 17.492573580693985 ], [ 78.565977428307121, 17.492571023866972 ], [ 78.565982793709537, 17.492571023866972 ], [ 78.565982793709537, 17.492568467039931 ], [ 78.565988159111939, 17.492568467039931 ], [ 78.565988159111939, 17.492565910212846 ], [ 78.565993524514354, 17.492565910212846 ], [ 78.565993524514354, 17.492563353385727 ], [ 78.566001572617949, 17.492563353385727 ], [ 78.566001572617949, 17.492560796558575 ], [ 78.566012303422767, 17.492560796558575 ], [ 78.566012303422767, 17.492558239731384 ], [ 78.566020351526362, 17.492558239731384 ], [ 78.566020351526362, 17.492560796558575 ], [ 78.566025716928777, 17.492560796558575 ], [ 78.566025716928777, 17.492563353385727 ], [ 78.566028399629971, 17.492563353385727 ], [ 78.566028399629971, 17.492571023866972 ], [ 78.566031082331179, 17.492571023866972 ], [ 78.566031082331179, 17.492578694347898 ], [ 78.566033765032373, 17.492578694347898 ], [ 78.566033765032373, 17.492583808001665 ], [ 78.566036447733595, 17.492583808001665 ], [ 78.566036447733595, 17.492591478482048 ], [ 78.566039130434788, 17.492591478482048 ], [ 78.566039130434788, 17.492599148962107 ], [ 78.566041813135982, 17.492599148962107 ], [ 78.566041813135982, 17.492611933094818 ], [ 78.56604449583719, 17.492611933094818 ], [ 78.56604449583719, 17.492622160400341 ], [ 78.566047178538398, 17.492622160400341 ], [ 78.566047178538398, 17.492637501357546 ], [ 78.56604449583719, 17.492637501357546 ], [ 78.56604449583719, 17.492640058183625 ], [ 78.566039130434788, 17.492640058183625 ], [ 78.566039130434788, 17.492642615009661 ], [ 78.566025716928777, 17.492642615009661 ], [ 78.566025716928777, 17.492645171835662 ], [ 78.566012303422767, 17.492645171835662 ], [ 78.566012303422767, 17.49264772866163 ], [ 78.566004255319157, 17.49264772866163 ], [ 78.566004255319157, 17.49265028548756 ], [ 78.565993524514354, 17.49265028548756 ], [ 78.565993524514354, 17.492652842313458 ], [ 78.565985476410731, 17.492652842313458 ], [ 78.565985476410731, 17.492655399139316 ], [ 78.565977428307121, 17.492655399139316 ], [ 78.565977428307121, 17.492657955965139 ], [ 78.565969380203526, 17.492657955965139 ], [ 78.565969380203526, 17.49266051279093 ], [ 78.565958649398723, 17.49266051279093 ], [ 78.565958649398723, 17.492663069616679 ], [ 78.5659506012951, 17.492663069616679 ], [ 78.5659506012951, 17.492665626442392 ], [ 78.56592913968548, 17.492665626442392 ] ] ] } },
{ "type": "Feature", "properties": { "value": 255.0 }, "geometry": { "type": "Polygon", "coordinates": [ [ [ 78.565819148936185, 17.492683524221395 ], [ 78.565819148936185, 17.49268096739593 ], [ 78.565816466234978, 17.49268096739593 ], [ 78.565816466234978, 17.492675853744895 ], [ 78.56581378353377, 17.492675853744895 ], [ 78.56581378353377, 17.492668183268073 ], [ 78.565811100832576, 17.492668183268073 ], [ 78.565811100832576, 17.492652842313458 ], [ 78.565808418131368, 17.492652842313458 ], [ 78.565808418131368, 17.492642615009661 ], [ 78.565805735430175, 17.492642615009661 ], [ 78.565805735430175, 17.492632387705285 ], [ 78.565803052728953, 17.492632387705285 ], [ 78.565803052728953, 17.492624717226633 ], [ 78.565800370027759, 17.492624717226633 ], [ 78.565800370027759, 17.492614489921252 ], [ 78.565797687326551, 17.492614489921252 ], [ 78.565797687326551, 17.492606819441843 ], [ 78.565795004625357, 17.492606819441843 ], [ 78.565795004625357, 17.492599148962107 ], [ 78.56579232192415, 17.492599148962107 ], [ 78.56579232192415, 17.492588921655294 ], [ 78.565789639222942, 17.492588921655294 ], [ 78.565789639222942, 17.492565910212846 ], [ 78.56579232192415, 17.492565910212846 ], [ 78.56579232192415, 17.492563353385727 ], [ 78.565800370027759, 17.492563353385727 ], [ 78.565800370027759, 17.492560796558575 ], [ 78.56581378353377, 17.492560796558575 ], [ 78.56581378353377, 17.492558239731384 ], [ 78.565824514338587, 17.492558239731384 ], [ 78.565824514338587, 17.492555682904161 ], [ 78.565829879740974, 17.492555682904161 ], [ 78.565829879740974, 17.492553126076899 ], [ 78.565837927844598, 17.492553126076899 ], [ 78.565837927844598, 17.492550569249602 ], [ 78.565845975948193, 17.492550569249602 ], [ 78.565845975948193, 17.492548012422265 ], [ 78.56585670675301, 17.492548012422265 ], [ 78.56585670675301, 17.492545455594893 ], [ 78.565864754856619, 17.492545455594893 ], [ 78.565864754856619, 17.492542898767489 ], [ 78.565878168362616, 17.492542898767489 ], [ 78.565878168362616, 17.492545455594893 ], [ 78.565880851063838, 17.492545455594893 ], [ 78.565880851063838, 17.492553126076899 ], [ 78.565883533765032, 17.492553126076899 ], [ 78.565883533765032, 17.492560796558575 ], [ 78.565886216466239, 17.492560796558575 ], [ 78.565886216466239, 17.492571023866972 ], [ 78.565888899167433, 17.492571023866972 ], [ 78.565888899167433, 17.492578694347898 ], [ 78.565891581868641, 17.492578694347898 ], [ 78.565891581868641, 17.49258636482849 ], [ 78.565894264569849, 17.49258636482849 ], [ 78.565894264569849, 17.492596592135456 ], [ 78.565896947271057, 17.492596592135456 ], [ 78.565896947271057, 17.492604262615295 ], [ 78.56589962997225, 17.492604262615295 ], [ 78.56589962997225, 17.492609376268348 ], [ 78.565902312673458, 17.492609376268348 ], [ 78.565902312673458, 17.49261704674765 ], [ 78.565904995374666, 17.49261704674765 ], [ 78.565904995374666, 17.492624717226633 ], [ 78.56590767807586, 17.492624717226633 ], [ 78.56590767807586, 17.49266051279093 ], [ 78.565904995374666, 17.49266051279093 ], [ 78.565904995374666, 17.492663069616679 ], [ 78.565902312673458, 17.492663069616679 ], [ 78.565902312673458, 17.492665626442392 ], [ 78.56589962997225, 17.492665626442392 ], [ 78.56589962997225, 17.492668183268073 ], [ 78.565891581868641, 17.492668183268073 ], [ 78.565891581868641, 17.492670740093718 ], [ 78.565883533765032, 17.492670740093718 ], [ 78.565883533765032, 17.492673296919325 ], [ 78.565875485661422, 17.492673296919325 ], [ 78.565875485661422, 17.492675853744895 ], [ 78.565854024051816, 17.492675853744895 ], [ 78.565854024051816, 17.492678410570431 ], [ 78.565837927844598, 17.492678410570431 ], [ 78.565837927844598, 17.49268096739593 ], [ 78.565827197039781, 17.49268096739593 ], [ 78.565827197039781, 17.492683524221395 ], [ 78.565819148936185, 17.492683524221395 ] ] ] } },
{ "type": "Feature", "properties": { "value": 255.0 }, "geometry": { "type": "Polygon", "coordinates": [ [ [ 78.565277243293266, 17.492757672144201 ], [ 78.565277243293266, 17.492755115319781 ], [ 78.565271877890851, 17.492755115319781 ], [ 78.565271877890851, 17.492752558495326 ], [ 78.565269195189643, 17.492752558495326 ], [ 78.565269195189643, 17.492750001670831 ], [ 78.565266512488449, 17.492750001670831 ], [ 78.565266512488449, 17.492747444846302 ], [ 78.565263829787227, 17.492747444846302 ], [ 78.565263829787227, 17.492742331197142 ], [ 78.565261147086034, 17.492742331197142 ], [ 78.565261147086034, 17.492729547073594 ], [ 78.565258464384826, 17.492729547073594 ], [ 78.565258464384826, 17.492683524221395 ], [ 78.565255781683632, 17.492683524221395 ], [ 78.565255781683632, 17.492657955965139 ], [ 78.565253098982424, 17.492657955965139 ], [ 78.565253098982424, 17.492632387705285 ], [ 78.565250416281216, 17.492632387705285 ], [ 78.565250416281216, 17.492604262615295 ], [ 78.565247733580023, 17.492604262615295 ], [ 78.565247733580023, 17.492565910212846 ], [ 78.565245050878829, 17.492565910212846 ], [ 78.565245050878829, 17.492537785112571 ], [ 78.565247733580023, 17.492537785112571 ], [ 78.565247733580023, 17.492532671457507 ], [ 78.565250416281216, 17.492532671457507 ], [ 78.565250416281216, 17.492530114629925 ], [ 78.565269195189643, 17.492530114629925 ], [ 78.565269195189643, 17.492527557802301 ], [ 78.565296022201665, 17.492527557802301 ], [ 78.565296022201665, 17.492525000974645 ], [ 78.565301387604066, 17.492525000974645 ], [ 78.565301387604066, 17.492527557802301 ], [ 78.565314801110091, 17.492527557802301 ], [ 78.565314801110091, 17.492530114629925 ], [ 78.565336262719711, 17.492530114629925 ], [ 78.565336262719711, 17.492532671457507 ], [ 78.565346993524514, 17.492532671457507 ], [ 78.565346993524514, 17.49253522828506 ], [ 78.565360407030525, 17.49253522828506 ], [ 78.565360407030525, 17.492537785112571 ], [ 78.565363089731733, 17.492537785112571 ], [ 78.565363089731733, 17.49254034194005 ], [ 78.565365772432941, 17.49254034194005 ], [ 78.565365772432941, 17.492542898767489 ], [ 78.565368455134148, 17.492542898767489 ], [ 78.565368455134148, 17.492545455594893 ], [ 78.56537382053655, 17.492545455594893 ], [ 78.56537382053655, 17.492548012422265 ], [ 78.565381868640159, 17.492548012422265 ], [ 78.565381868640159, 17.492553126076899 ], [ 78.565384551341353, 17.492553126076899 ], [ 78.565384551341353, 17.492560796558575 ], [ 78.565387234042575, 17.492560796558575 ], [ 78.565387234042575, 17.492581251174798 ], [ 78.565389916743769, 17.492581251174798 ], [ 78.565389916743769, 17.492588921655294 ], [ 78.565392599444948, 17.492588921655294 ], [ 78.565392599444948, 17.492596592135456 ], [ 78.565395282146156, 17.492596592135456 ], [ 78.565395282146156, 17.49261704674765 ], [ 78.565397964847364, 17.49261704674765 ], [ 78.565397964847364, 17.492629830879103 ], [ 78.565400647548572, 17.492629830879103 ], [ 78.565400647548572, 17.492637501357546 ], [ 78.565403330249765, 17.492637501357546 ], [ 78.565403330249765, 17.492640058183625 ], [ 78.565406012950973, 17.492640058183625 ], [ 78.565406012950973, 17.492711649299125 ], [ 78.565403330249765, 17.492711649299125 ], [ 78.565403330249765, 17.492721876599035 ], [ 78.565400647548572, 17.492721876599035 ], [ 78.565400647548572, 17.492732103898373 ], [ 78.565397964847364, 17.492732103898373 ], [ 78.565397964847364, 17.492737217547827 ], [ 78.565395282146156, 17.492737217547827 ], [ 78.565395282146156, 17.492739774372502 ], [ 78.565389916743769, 17.492739774372502 ], [ 78.565389916743769, 17.492742331197142 ], [ 78.565355041628123, 17.492742331197142 ], [ 78.565355041628123, 17.492739774372502 ], [ 78.5653228492137, 17.492739774372502 ], [ 78.5653228492137, 17.492742331197142 ], [ 78.565314801110091, 17.492742331197142 ], [ 78.565314801110091, 17.49274488802174 ], [ 78.565312118408883, 17.49274488802174 ], [ 78.565312118408883, 17.492747444846302 ], [ 78.56530943570769, 17.492747444846302 ], [ 78.56530943570769, 17.492750001670831 ], [ 78.565306753006467, 17.492750001670831 ], [ 78.565306753006467, 17.492752558495326 ], [ 78.565301387604066, 17.492752558495326 ], [ 78.565301387604066, 17.492755115319781 ], [ 78.565293339500471, 17.492755115319781 ], [ 78.565293339500471, 17.492752558495326 ], [ 78.565290656799277, 17.492752558495326 ], [ 78.565290656799277, 17.492755115319781 ], [ 78.56527992599446, 17.492755115319781 ], [ 78.56527992599446, 17.492757672144201 ], [ 78.565277243293266, 17.492757672144201 ] ] ] } },
{ "type": "Feature", "properties": { "value": 255.0 }, "geometry": { "type": "Polygon", "coordinates": [ [ [ 78.567074653098999, 17.492706535648953 ], [ 78.567074653098999, 17.492703978823812 ], [ 78.567071970397791, 17.492703978823812 ], [ 78.567071970397791, 17.492701421998635 ], [ 78.567069287696583, 17.492701421998635 ], [ 78.567069287696583, 17.492696308348176 ], [ 78.567066604995375, 17.492696308348176 ], [ 78.567066604995375, 17.492688637872217 ], [ 78.567063922294182, 17.492688637872217 ], [ 78.567063922294182, 17.49268096739593 ], [ 78.567061239592974, 17.49268096739593 ], [ 78.567061239592974, 17.492675853744895 ], [ 78.56705855689178, 17.492675853744895 ], [ 78.56705855689178, 17.492665626442392 ], [ 78.567055874190558, 17.492665626442392 ], [ 78.567055874190558, 17.49266051279093 ], [ 78.567053191489364, 17.49266051279093 ], [ 78.567053191489364, 17.492652842313458 ], [ 78.567050508788171, 17.492652842313458 ], [ 78.567050508788171, 17.49264772866163 ], [ 78.567047826086963, 17.49264772866163 ], [ 78.567047826086963, 17.492642615009661 ], [ 78.567045143385755, 17.492642615009661 ], [ 78.567045143385755, 17.492634944531435 ], [ 78.567042460684547, 17.492634944531435 ], [ 78.567042460684547, 17.492624717226633 ], [ 78.567039777983354, 17.492624717226633 ], [ 78.567039777983354, 17.492619603574013 ], [ 78.567037095282146, 17.492619603574013 ], [ 78.567037095282146, 17.492611933094818 ], [ 78.567034412580938, 17.492611933094818 ], [ 78.567034412580938, 17.492604262615295 ], [ 78.567031729879758, 17.492604262615295 ], [ 78.567031729879758, 17.492599148962107 ], [ 78.567029047178551, 17.492599148962107 ], [ 78.567029047178551, 17.492591478482048 ], [ 78.567026364477357, 17.492591478482048 ], [ 78.567026364477357, 17.492583808001665 ], [ 78.567023681776135, 17.492583808001665 ], [ 78.567023681776135, 17.492573580693985 ], [ 78.567020999074941, 17.492573580693985 ], [ 78.567020999074941, 17.492568467039931 ], [ 78.567023681776135, 17.492568467039931 ], [ 78.567023681776135, 17.492558239731384 ], [ 78.567026364477357, 17.492558239731384 ], [ 78.567026364477357, 17.492553126076899 ], [ 78.567029047178551, 17.492553126076899 ], [ 78.567029047178551, 17.492550569249602 ], [ 78.567031729879758, 17.492550569249602 ], [ 78.567031729879758, 17.492548012422265 ], [ 78.567034412580938, 17.492548012422265 ], [ 78.567034412580938, 17.492545455594893 ], [ 78.567039777983354, 17.492545455594893 ], [ 78.567039777983354, 17.49254034194005 ], [ 78.567045143385755, 17.49254034194005 ], [ 78.567045143385755, 17.492537785112571 ], [ 78.567050508788171, 17.492537785112571 ], [ 78.567050508788171, 17.49253522828506 ], [ 78.56705855689178, 17.49253522828506 ], [ 78.56705855689178, 17.492532671457507 ], [ 78.567066604995375, 17.492532671457507 ], [ 78.567066604995375, 17.492530114629925 ], [ 78.567074653098999, 17.492530114629925 ], [ 78.567074653098999, 17.492527557802301 ], [ 78.567082701202594, 17.492527557802301 ], [ 78.567082701202594, 17.492525000974645 ], [ 78.567088066604995, 17.492525000974645 ], [ 78.567088066604995, 17.49252244414695 ], [ 78.567098797409798, 17.49252244414695 ], [ 78.567098797409798, 17.492519887319226 ], [ 78.567109528214615, 17.492519887319226 ], [ 78.567109528214615, 17.49252244414695 ], [ 78.567114893617031, 17.49252244414695 ], [ 78.567114893617031, 17.492527557802301 ], [ 78.567117576318239, 17.492527557802301 ], [ 78.567117576318239, 17.492530114629925 ], [ 78.567120259019433, 17.492530114629925 ], [ 78.567120259019433, 17.49253522828506 ], [ 78.56712294172064, 17.49253522828506 ], [ 78.56712294172064, 17.492542898767489 ], [ 78.567125624421848, 17.492542898767489 ], [ 78.567125624421848, 17.492548012422265 ], [ 78.567128307123056, 17.492548012422265 ], [ 78.567128307123056, 17.492555682904161 ], [ 78.567130989824236, 17.492555682904161 ], [ 78.567130989824236, 17.492560796558575 ], [ 78.567133672525429, 17.492560796558575 ], [ 78.567133672525429, 17.492568467039931 ], [ 78.567136355226651, 17.492568467039931 ], [ 78.567136355226651, 17.492576137520956 ], [ 78.567139037927845, 17.492576137520956 ], [ 78.567139037927845, 17.492581251174798 ], [ 78.567141720629053, 17.492581251174798 ], [ 78.567141720629053, 17.492588921655294 ], [ 78.567144403330246, 17.492588921655294 ], [ 78.567144403330246, 17.492596592135456 ], [ 78.567147086031454, 17.492596592135456 ], [ 78.567147086031454, 17.492604262615295 ], [ 78.567149768732662, 17.492604262615295 ], [ 78.567149768732662, 17.492609376268348 ], [ 78.567152451433856, 17.492609376268348 ], [ 78.567152451433856, 17.492614489921252 ], [ 78.567155134135064, 17.492614489921252 ], [ 78.567155134135064, 17.492622160400341 ], [ 78.567157816836271, 17.492622160400341 ], [ 78.567157816836271, 17.492629830879103 ], [ 78.567160499537479, 17.492629830879103 ], [ 78.567160499537479, 17.492637501357546 ], [ 78.567163182238673, 17.492637501357546 ], [ 78.567163182238673, 17.492645171835662 ], [ 78.567165864939881, 17.492645171835662 ], [ 78.567165864939881, 17.49265028548756 ], [ 78.567168547641074, 17.49265028548756 ], [ 78.567168547641074, 17.492668183268073 ], [ 78.567165864939881, 17.492668183268073 ], [ 78.567165864939881, 17.492670740093718 ], [ 78.567163182238673, 17.492670740093718 ], [ 78.567163182238673, 17.492673296919325 ], [ 78.567155134135064, 17.492673296919325 ], [ 78.567155134135064, 17.492675853744895 ], [ 78.567149768732662, 17.492675853744895 ], [ 78.567149768732662, 17.492678410570431 ], [ 78.567144403330246, 17.492678410570431 ], [ 78.567144403330246, 17.49268096739593 ], [ 78.567139037927845, 17.49268096739593 ], [ 78.567139037927845, 17.492683524221395 ], [ 78.567133672525429, 17.492683524221395 ], [ 78.567133672525429, 17.492686081046823 ], [ 78.567130989824236, 17.492686081046823 ], [ 78.567130989824236, 17.492688637872217 ], [ 78.567125624421848, 17.492688637872217 ], [ 78.567125624421848, 17.492691194697574 ], [ 78.567120259019433, 17.492691194697574 ], [ 78.567120259019433, 17.492693751522893 ], [ 78.567114893617031, 17.492693751522893 ], [ 78.567114893617031, 17.492696308348176 ], [ 78.567109528214615, 17.492696308348176 ], [ 78.567109528214615, 17.492698865173423 ], [ 78.567104162812214, 17.492698865173423 ], [ 78.567104162812214, 17.492701421998635 ], [ 78.567096114708605, 17.492701421998635 ], [ 78.567096114708605, 17.492703978823812 ], [ 78.567088066604995, 17.492703978823812 ], [ 78.567088066604995, 17.492706535648953 ], [ 78.567074653098999, 17.492706535648953 ] ] ] } },
{ "type": "Feature", "properties": { "value": 255.0 }, "geometry": { "type": "Polygon", "coordinates": [ [ [ 78.566296669750244, 17.492627274052889 ], [ 78.566296669750244, 17.492624717226633 ], [ 78.566288621646635, 17.492624717226633 ], [ 78.566288621646635, 17.492622160400341 ], [ 78.566285938945427, 17.492622160400341 ], [ 78.566285938945427, 17.492614489921252 ], [ 78.566283256244219, 17.492614489921252 ], [ 78.566283256244219, 17.492609376268348 ], [ 78.566280573543025, 17.492609376268348 ], [ 78.566280573543025, 17.492601705788719 ], [ 78.566277890841818, 17.492601705788719 ], [ 78.566277890841818, 17.492591478482048 ], [ 78.56627520814061, 17.492591478482048 ], [ 78.56627520814061, 17.492583808001665 ], [ 78.566272525439402, 17.492583808001665 ], [ 78.566272525439402, 17.492576137520956 ], [ 78.566269842738208, 17.492576137520956 ], [ 78.566269842738208, 17.492571023866972 ], [ 78.566267160037, 17.492571023866972 ], [ 78.566267160037, 17.492563353385727 ], [ 78.566264477335793, 17.492563353385727 ], [ 78.566264477335793, 17.492555682904161 ], [ 78.566261794634599, 17.492555682904161 ], [ 78.566261794634599, 17.492545455594893 ], [ 78.566259111933405, 17.492545455594893 ], [ 78.566259111933405, 17.492527557802301 ], [ 78.566261794634599, 17.492527557802301 ], [ 78.566261794634599, 17.492525000974645 ], [ 78.56627520814061, 17.492525000974645 ], [ 78.56627520814061, 17.49252244414695 ], [ 78.566291304347843, 17.49252244414695 ], [ 78.566291304347843, 17.492519887319226 ], [ 78.566307400555047, 17.492519887319226 ], [ 78.566307400555047, 17.492517330491456 ], [ 78.566326179463459, 17.492517330491456 ], [ 78.566326179463459, 17.492519887319226 ], [ 78.566331544865861, 17.492519887319226 ], [ 78.566331544865861, 17.49252244414695 ], [ 78.566334227567083, 17.49252244414695 ], [ 78.566334227567083, 17.492525000974645 ], [ 78.566336910268276, 17.492525000974645 ], [ 78.566336910268276, 17.492530114629925 ], [ 78.566339592969484, 17.492530114629925 ], [ 78.566339592969484, 17.49253522828506 ], [ 78.566342275670678, 17.49253522828506 ], [ 78.566342275670678, 17.49254034194005 ], [ 78.566344958371886, 17.49254034194005 ], [ 78.566344958371886, 17.492542898767489 ], [ 78.566347641073094, 17.492542898767489 ], [ 78.566347641073094, 17.492545455594893 ], [ 78.566350323774287, 17.492545455594893 ], [ 78.566350323774287, 17.492550569249602 ], [ 78.566353006475495, 17.492550569249602 ], [ 78.566353006475495, 17.492555682904161 ], [ 78.566355689176703, 17.492555682904161 ], [ 78.566355689176703, 17.492563353385727 ], [ 78.566358371877882, 17.492563353385727 ], [ 78.566358371877882, 17.492568467039931 ], [ 78.56636105457909, 17.492568467039931 ], [ 78.56636105457909, 17.492576137520956 ], [ 78.566363737280284, 17.492576137520956 ], [ 78.566363737280284, 17.492583808001665 ], [ 78.566366419981506, 17.492583808001665 ], [ 78.566366419981506, 17.492591478482048 ], [ 78.5663691026827, 17.492591478482048 ], [ 78.5663691026827, 17.492599148962107 ], [ 78.566366419981506, 17.492599148962107 ], [ 78.566366419981506, 17.492604262615295 ], [ 78.566363737280284, 17.492604262615295 ], [ 78.566363737280284, 17.492609376268348 ], [ 78.56636105457909, 17.492609376268348 ], [ 78.56636105457909, 17.492611933094818 ], [ 78.566358371877882, 17.492611933094818 ], [ 78.566358371877882, 17.49261704674765 ], [ 78.566355689176703, 17.49261704674765 ], [ 78.566355689176703, 17.492619603574013 ], [ 78.566350323774287, 17.492619603574013 ], [ 78.566350323774287, 17.49261704674765 ], [ 78.566344958371886, 17.49261704674765 ], [ 78.566344958371886, 17.492614489921252 ], [ 78.566342275670678, 17.492614489921252 ], [ 78.566342275670678, 17.49261704674765 ], [ 78.566334227567083, 17.49261704674765 ], [ 78.566334227567083, 17.492619603574013 ], [ 78.566331544865861, 17.492619603574013 ], [ 78.566331544865861, 17.492622160400341 ], [ 78.566307400555047, 17.492622160400341 ], [ 78.566307400555047, 17.492624717226633 ], [ 78.566299352451438, 17.492624717226633 ], [ 78.566299352451438, 17.492627274052889 ], [ 78.566296669750244, 17.492627274052889 ] ] ] } },
{ "type": "Feature", "properties": { "value": 255.0 }, "geometry": { "type": "Polygon", "coordinates": [ [ [ 78.5654247918594, 17.492629830879103 ], [ 78.5654247918594, 17.492627274052889 ], [ 78.565419426456998, 17.492627274052889 ], [ 78.565419426456998, 17.492622160400341 ], [ 78.56541674375579, 17.492622160400341 ], [ 78.56541674375579, 17.492606819441843 ], [ 78.565414061054582, 17.492606819441843 ], [ 78.565414061054582, 17.492578694347898 ], [ 78.565411378353389, 17.492578694347898 ], [ 78.565411378353389, 17.492555682904161 ], [ 78.565408695652181, 17.492555682904161 ], [ 78.565408695652181, 17.492509660007943 ], [ 78.565411378353389, 17.492509660007943 ], [ 78.565411378353389, 17.492507103180039 ], [ 78.565462349676224, 17.492507103180039 ], [ 78.565462349676224, 17.492504546352095 ], [ 78.565524051803891, 17.492504546352095 ], [ 78.565524051803891, 17.492507103180039 ], [ 78.565529417206307, 17.492507103180039 ], [ 78.565529417206307, 17.492509660007943 ], [ 78.565532099907514, 17.492509660007943 ], [ 78.565532099907514, 17.49251221683582 ], [ 78.565534782608708, 17.49251221683582 ], [ 78.565534782608708, 17.49252244414695 ], [ 78.565537465309887, 17.49252244414695 ], [ 78.565537465309887, 17.492537785112571 ], [ 78.56554014801111, 17.492537785112571 ], [ 78.56554014801111, 17.492553126076899 ], [ 78.565542830712303, 17.492553126076899 ], [ 78.565542830712303, 17.492565910212846 ], [ 78.565545513413511, 17.492565910212846 ], [ 78.565545513413511, 17.492583808001665 ], [ 78.565548196114705, 17.492583808001665 ], [ 78.565548196114705, 17.492601705788719 ], [ 78.565550878815912, 17.492601705788719 ], [ 78.565550878815912, 17.492614489921252 ], [ 78.565548196114705, 17.492614489921252 ], [ 78.565548196114705, 17.49261704674765 ], [ 78.565545513413511, 17.49261704674765 ], [ 78.565545513413511, 17.492619603574013 ], [ 78.565526734505099, 17.492619603574013 ], [ 78.565526734505099, 17.492622160400341 ], [ 78.565497224791869, 17.492622160400341 ], [ 78.565497224791869, 17.492624717226633 ], [ 78.565473080481041, 17.492624717226633 ], [ 78.565473080481041, 17.492627274052889 ], [ 78.56543820536541, 17.492627274052889 ], [ 78.56543820536541, 17.492629830879103 ], [ 78.5654247918594, 17.492629830879103 ] ] ] } },
{ "type": "Feature", "properties": { "value": 255.0 }, "geometry": { "type": "Polygon", "coordinates": [ [ [ 78.566602497687327, 17.492614489921252 ], [ 78.566602497687327, 17.492611933094818 ], [ 78.56659981498612, 17.492611933094818 ], [ 78.56659981498612, 17.492609376268348 ], [ 78.56659713228494, 17.492609376268348 ], [ 78.56659713228494, 17.492604262615295 ], [ 78.566594449583732, 17.492604262615295 ], [ 78.566594449583732, 17.492594035308773 ], [ 78.566591766882524, 17.492594035308773 ], [ 78.566591766882524, 17.49258636482849 ], [ 78.566589084181331, 17.49258636482849 ], [ 78.566589084181331, 17.492581251174798 ], [ 78.566586401480123, 17.492581251174798 ], [ 78.566586401480123, 17.492571023866972 ], [ 78.566583718778915, 17.492571023866972 ], [ 78.566583718778915, 17.492565910212846 ], [ 78.566581036077707, 17.492565910212846 ], [ 78.566581036077707, 17.492558239731384 ], [ 78.566578353376514, 17.492558239731384 ], [ 78.566578353376514, 17.492548012422265 ], [ 78.566575670675306, 17.492548012422265 ], [ 78.566575670675306, 17.49254034194005 ], [ 78.566572987974098, 17.49254034194005 ], [ 78.566572987974098, 17.492527557802301 ], [ 78.56657030527289, 17.492527557802301 ], [ 78.56657030527289, 17.492504546352095 ], [ 78.566583718778915, 17.492504546352095 ], [ 78.566583718778915, 17.492509660007943 ], [ 78.566586401480123, 17.492509660007943 ], [ 78.566586401480123, 17.49251221683582 ], [ 78.566589084181331, 17.49251221683582 ], [ 78.566589084181331, 17.492519887319226 ], [ 78.566591766882524, 17.492519887319226 ], [ 78.566591766882524, 17.49252244414695 ], [ 78.566594449583732, 17.49252244414695 ], [ 78.566594449583732, 17.492525000974645 ], [ 78.56659713228494, 17.492525000974645 ], [ 78.56659713228494, 17.492527557802301 ], [ 78.566605180388521, 17.492527557802301 ], [ 78.566605180388521, 17.492530114629925 ], [ 78.566607863089743, 17.492530114629925 ], [ 78.566607863089743, 17.492532671457507 ], [ 78.566610545790937, 17.492532671457507 ], [ 78.566610545790937, 17.49253522828506 ], [ 78.566613228492145, 17.49253522828506 ], [ 78.566613228492145, 17.492537785112571 ], [ 78.566615911193338, 17.492537785112571 ], [ 78.566615911193338, 17.49254034194005 ], [ 78.566618593894546, 17.49254034194005 ], [ 78.566618593894546, 17.492542898767489 ], [ 78.566621276595754, 17.492542898767489 ], [ 78.566621276595754, 17.492545455594893 ], [ 78.566623959296948, 17.492545455594893 ], [ 78.566623959296948, 17.492548012422265 ], [ 78.566626641998155, 17.492548012422265 ], [ 78.566626641998155, 17.492550569249602 ], [ 78.566629324699363, 17.492550569249602 ], [ 78.566629324699363, 17.492555682904161 ], [ 78.566632007400571, 17.492555682904161 ], [ 78.566632007400571, 17.492563353385727 ], [ 78.566634690101765, 17.492563353385727 ], [ 78.566634690101765, 17.492568467039931 ], [ 78.566637372802973, 17.492568467039931 ], [ 78.566637372802973, 17.492594035308773 ], [ 78.566634690101765, 17.492594035308773 ], [ 78.566634690101765, 17.492604262615295 ], [ 78.566632007400571, 17.492604262615295 ], [ 78.566632007400571, 17.492606819441843 ], [ 78.566626641998155, 17.492606819441843 ], [ 78.566626641998155, 17.492609376268348 ], [ 78.566621276595754, 17.492609376268348 ], [ 78.566621276595754, 17.492611933094818 ], [ 78.566610545790937, 17.492611933094818 ], [ 78.566610545790937, 17.492614489921252 ], [ 78.566602497687327, 17.492614489921252 ] ] ] } },
{ "type": "Feature", "properties": { "value": 255.0 }, "geometry": { "type": "Polygon", "coordinates": [ [ [ 78.564711193339519, 17.492716762949151 ], [ 78.564711193339519, 17.492714206124152 ], [ 78.564574375578175, 17.492714206124152 ], [ 78.564574375578175, 17.492711649299125 ], [ 78.564571692876967, 17.492711649299125 ], [ 78.564571692876967, 17.492709092474058 ], [ 78.564569010175774, 17.492709092474058 ], [ 78.564569010175774, 17.492701421998635 ], [ 78.56456632747458, 17.492701421998635 ], [ 78.56456632747458, 17.492642615009661 ], [ 78.564563644773372, 17.492642615009661 ], [ 78.564563644773372, 17.49253522828506 ], [ 78.56456632747458, 17.49253522828506 ], [ 78.56456632747458, 17.492527557802301 ], [ 78.564569010175774, 17.492527557802301 ], [ 78.564569010175774, 17.49252244414695 ], [ 78.564571692876967, 17.49252244414695 ], [ 78.564571692876967, 17.492519887319226 ], [ 78.564574375578175, 17.492519887319226 ], [ 78.564574375578175, 17.492517330491456 ], [ 78.564579740980577, 17.492517330491456 ], [ 78.564579740980577, 17.492514773663657 ], [ 78.56459047178538, 17.492514773663657 ], [ 78.56459047178538, 17.49251221683582 ], [ 78.564601202590197, 17.49251221683582 ], [ 78.564601202590197, 17.492509660007943 ], [ 78.564641443108243, 17.492509660007943 ], [ 78.564641443108243, 17.492507103180039 ], [ 78.564719241443115, 17.492507103180039 ], [ 78.564719241443115, 17.492504546352095 ], [ 78.564746068455136, 17.492504546352095 ], [ 78.564746068455136, 17.492501989524111 ], [ 78.564770212765964, 17.492501989524111 ], [ 78.564770212765964, 17.492504546352095 ], [ 78.564775578168366, 17.492504546352095 ], [ 78.564775578168366, 17.492507103180039 ], [ 78.564778260869559, 17.492507103180039 ], [ 78.564778260869559, 17.492530114629925 ], [ 78.564780943570781, 17.492530114629925 ], [ 78.564780943570781, 17.49258636482849 ], [ 78.564783626271975, 17.49258636482849 ], [ 78.564783626271975, 17.492632387705285 ], [ 78.564786308973183, 17.492632387705285 ], [ 78.564786308973183, 17.492701421998635 ], [ 78.564783626271975, 17.492701421998635 ], [ 78.564783626271975, 17.492709092474058 ], [ 78.564780943570781, 17.492709092474058 ], [ 78.564780943570781, 17.492714206124152 ], [ 78.564772895467158, 17.492714206124152 ], [ 78.564772895467158, 17.492716762949151 ], [ 78.564711193339519, 17.492716762949151 ] ] ] } },
{ "type": "Feature", "properties": { "value": 255.0 }, "geometry": { "type": "Polygon", "coordinates": [ [ [ 78.565591119333945, 17.492634944531435 ], [ 78.565591119333945, 17.492632387705285 ], [ 78.565575023126755, 17.492632387705285 ], [ 78.565575023126755, 17.492629830879103 ], [ 78.56556160962073, 17.492629830879103 ], [ 78.56556160962073, 17.492627274052889 ], [ 78.565558926919522, 17.492627274052889 ], [ 78.565558926919522, 17.492624717226633 ], [ 78.565556244218328, 17.492624717226633 ], [ 78.565556244218328, 17.492604262615295 ], [ 78.56555356151712, 17.492604262615295 ], [ 78.56555356151712, 17.492588921655294 ], [ 78.565550878815912, 17.492588921655294 ], [ 78.565550878815912, 17.492573580693985 ], [ 78.565548196114705, 17.492573580693985 ], [ 78.565548196114705, 17.492560796558575 ], [ 78.565545513413511, 17.492560796558575 ], [ 78.565545513413511, 17.49254034194005 ], [ 78.565542830712303, 17.49254034194005 ], [ 78.565542830712303, 17.492509660007943 ], [ 78.565545513413511, 17.492509660007943 ], [ 78.565545513413511, 17.492507103180039 ], [ 78.565548196114705, 17.492507103180039 ], [ 78.565548196114705, 17.492504546352095 ], [ 78.565556244218328, 17.492504546352095 ], [ 78.565556244218328, 17.492501989524111 ], [ 78.565566975023131, 17.492501989524111 ], [ 78.565566975023131, 17.492504546352095 ], [ 78.565572340425533, 17.492504546352095 ], [ 78.565572340425533, 17.492507103180039 ], [ 78.565575023126755, 17.492507103180039 ], [ 78.565575023126755, 17.492509660007943 ], [ 78.565580388529156, 17.492509660007943 ], [ 78.565580388529156, 17.49251221683582 ], [ 78.565591119333945, 17.49251221683582 ], [ 78.565591119333945, 17.492514773663657 ], [ 78.565601850138762, 17.492514773663657 ], [ 78.565601850138762, 17.492517330491456 ], [ 78.565604532839956, 17.492517330491456 ], [ 78.565604532839956, 17.492519887319226 ], [ 78.565607215541178, 17.492519887319226 ], [ 78.565607215541178, 17.492550569249602 ], [ 78.565609898242371, 17.492550569249602 ], [ 78.565609898242371, 17.492571023866972 ], [ 78.565612580943579, 17.492571023866972 ], [ 78.565612580943579, 17.492591478482048 ], [ 78.565615263644773, 17.492591478482048 ], [ 78.565615263644773, 17.492609376268348 ], [ 78.565617946345995, 17.492609376268348 ], [ 78.565617946345995, 17.492629830879103 ], [ 78.565615263644773, 17.492629830879103 ], [ 78.565615263644773, 17.492632387705285 ], [ 78.565609898242371, 17.492632387705285 ], [ 78.565609898242371, 17.492634944531435 ], [ 78.565591119333945, 17.492634944531435 ] ] ] } },
{ "type": "Feature", "properties": { "value": 255.0 }, "geometry": { "type": "Polygon", "coordinates": [ [ [ 78.566556891766879, 17.492624717226633 ], [ 78.566556891766879, 17.492622160400341 ], [ 78.566551526364478, 17.492622160400341 ], [ 78.566551526364478, 17.492619603574013 ], [ 78.566548843663284, 17.492619603574013 ], [ 78.566548843663284, 17.49261704674765 ], [ 78.566543478260883, 17.49261704674765 ], [ 78.566543478260883, 17.492619603574013 ], [ 78.566538112858467, 17.492619603574013 ], [ 78.566538112858467, 17.492622160400341 ], [ 78.566535430157273, 17.492622160400341 ], [ 78.566535430157273, 17.492619603574013 ], [ 78.566532747456066, 17.492619603574013 ], [ 78.566532747456066, 17.49261704674765 ], [ 78.56652738205365, 17.49261704674765 ], [ 78.56652738205365, 17.492614489921252 ], [ 78.566524699352456, 17.492614489921252 ], [ 78.566524699352456, 17.492611933094818 ], [ 78.566522016651263, 17.492611933094818 ], [ 78.566522016651263, 17.492606819441843 ], [ 78.566519333950055, 17.492606819441843 ], [ 78.566519333950055, 17.492601705788719 ], [ 78.566516651248847, 17.492601705788719 ], [ 78.566516651248847, 17.492594035308773 ], [ 78.566513968547639, 17.492594035308773 ], [ 78.566513968547639, 17.49258636482849 ], [ 78.566511285846445, 17.49258636482849 ], [ 78.566511285846445, 17.492578694347898 ], [ 78.566508603145238, 17.492578694347898 ], [ 78.566508603145238, 17.492571023866972 ], [ 78.56650592044403, 17.492571023866972 ], [ 78.56650592044403, 17.492565910212846 ], [ 78.566503237742822, 17.492565910212846 ], [ 78.566503237742822, 17.492555682904161 ], [ 78.566500555041642, 17.492555682904161 ], [ 78.566500555041642, 17.49254034194005 ], [ 78.566497872340435, 17.49254034194005 ], [ 78.566497872340435, 17.492537785112571 ], [ 78.566500555041642, 17.492537785112571 ], [ 78.566500555041642, 17.492514773663657 ], [ 78.566503237742822, 17.492514773663657 ], [ 78.566503237742822, 17.49251221683582 ], [ 78.56650592044403, 17.49251221683582 ], [ 78.56650592044403, 17.492509660007943 ], [ 78.566508603145238, 17.492509660007943 ], [ 78.566508603145238, 17.492507103180039 ], [ 78.566516651248847, 17.492507103180039 ], [ 78.566516651248847, 17.492504546352095 ], [ 78.56652738205365, 17.492504546352095 ], [ 78.56652738205365, 17.492501989524111 ], [ 78.566540795559675, 17.492501989524111 ], [ 78.566540795559675, 17.492499432696096 ], [ 78.566548843663284, 17.492499432696096 ], [ 78.566548843663284, 17.492501989524111 ], [ 78.566554209065686, 17.492501989524111 ], [ 78.566554209065686, 17.492507103180039 ], [ 78.566556891766879, 17.492507103180039 ], [ 78.566556891766879, 17.49251221683582 ], [ 78.566559574468087, 17.49251221683582 ], [ 78.566559574468087, 17.492517330491456 ], [ 78.566562257169281, 17.492517330491456 ], [ 78.566562257169281, 17.492525000974645 ], [ 78.566564939870503, 17.492525000974645 ], [ 78.566564939870503, 17.492532671457507 ], [ 78.566567622571696, 17.492532671457507 ], [ 78.566567622571696, 17.492537785112571 ], [ 78.56657030527289, 17.492537785112571 ], [ 78.56657030527289, 17.492545455594893 ], [ 78.566572987974098, 17.492545455594893 ], [ 78.566572987974098, 17.492555682904161 ], [ 78.566575670675306, 17.492555682904161 ], [ 78.566575670675306, 17.492563353385727 ], [ 78.566578353376514, 17.492563353385727 ], [ 78.566578353376514, 17.492573580693985 ], [ 78.566581036077707, 17.492573580693985 ], [ 78.566581036077707, 17.492578694347898 ], [ 78.566583718778915, 17.492578694347898 ], [ 78.566583718778915, 17.492583808001665 ], [ 78.566586401480123, 17.492583808001665 ], [ 78.566586401480123, 17.492591478482048 ], [ 78.566589084181331, 17.492591478482048 ], [ 78.566589084181331, 17.492601705788719 ], [ 78.566591766882524, 17.492601705788719 ], [ 78.566591766882524, 17.49261704674765 ], [ 78.566589084181331, 17.49261704674765 ], [ 78.566589084181331, 17.492619603574013 ], [ 78.566583718778915, 17.492619603574013 ], [ 78.566583718778915, 17.492622160400341 ], [ 78.566572987974098, 17.492622160400341 ], [ 78.566572987974098, 17.492624717226633 ], [ 78.566556891766879, 17.492624717226633 ] ] ] } },
{ "type": "Feature", "properties": { "value": 255.0 }, "geometry": { "type": "Polygon", "coordinates": [ [ [ 78.565631359852006, 17.492634944531435 ], [ 78.565631359852006, 17.492632387705285 ], [ 78.565628677150798, 17.492632387705285 ], [ 78.565628677150798, 17.492627274052889 ], [ 78.56562599444959, 17.492627274052889 ], [ 78.56562599444959, 17.492606819441843 ], [ 78.565623311748396, 17.492606819441843 ], [ 78.565623311748396, 17.492578694347898 ], [ 78.565620629047189, 17.492578694347898 ], [ 78.565620629047189, 17.49253522828506 ], [ 78.565617946345995, 17.49253522828506 ], [ 78.565617946345995, 17.49252244414695 ], [ 78.565615263644773, 17.49252244414695 ], [ 78.565615263644773, 17.49251221683582 ], [ 78.565617946345995, 17.49251221683582 ], [ 78.565617946345995, 17.492507103180039 ], [ 78.565623311748396, 17.492507103180039 ], [ 78.565623311748396, 17.492504546352095 ], [ 78.565631359852006, 17.492504546352095 ], [ 78.565631359852006, 17.492501989524111 ], [ 78.565642090656809, 17.492501989524111 ], [ 78.565642090656809, 17.492499432696096 ], [ 78.56565550416282, 17.492499432696096 ], [ 78.56565550416282, 17.492496875868046 ], [ 78.56566891766883, 17.492496875868046 ], [ 78.56566891766883, 17.492499432696096 ], [ 78.565674283071246, 17.492499432696096 ], [ 78.565674283071246, 17.492501989524111 ], [ 78.565676965772454, 17.492501989524111 ], [ 78.565676965772454, 17.492504546352095 ], [ 78.565679648473647, 17.492504546352095 ], [ 78.565679648473647, 17.492507103180039 ], [ 78.565682331174841, 17.492507103180039 ], [ 78.565682331174841, 17.49251221683582 ], [ 78.565685013876049, 17.49251221683582 ], [ 78.565685013876049, 17.492519887319226 ], [ 78.565687696577243, 17.492519887319226 ], [ 78.565687696577243, 17.492525000974645 ], [ 78.56569037927845, 17.492525000974645 ], [ 78.56569037927845, 17.492527557802301 ], [ 78.565693061979644, 17.492527557802301 ], [ 78.565693061979644, 17.492532671457507 ], [ 78.565695744680852, 17.492532671457507 ], [ 78.565695744680852, 17.492542898767489 ], [ 78.56569842738206, 17.492542898767489 ], [ 78.56569842738206, 17.492553126076899 ], [ 78.565701110083253, 17.492553126076899 ], [ 78.565701110083253, 17.492565910212846 ], [ 78.565703792784461, 17.492565910212846 ], [ 78.565703792784461, 17.492576137520956 ], [ 78.565706475485669, 17.492576137520956 ], [ 78.565706475485669, 17.492591478482048 ], [ 78.565709158186877, 17.492591478482048 ], [ 78.565709158186877, 17.492611933094818 ], [ 78.565711840888071, 17.492611933094818 ], [ 78.565711840888071, 17.49261704674765 ], [ 78.565709158186877, 17.49261704674765 ], [ 78.565709158186877, 17.492624717226633 ], [ 78.565706475485669, 17.492624717226633 ], [ 78.565706475485669, 17.492627274052889 ], [ 78.56569842738206, 17.492627274052889 ], [ 78.56569842738206, 17.492629830879103 ], [ 78.56566891766883, 17.492629830879103 ], [ 78.56566891766883, 17.492632387705285 ], [ 78.565650138760418, 17.492632387705285 ], [ 78.565650138760418, 17.492634944531435 ], [ 78.565631359852006, 17.492634944531435 ] ] ] } },
{ "type": "Feature", "properties": { "value": 255.0 }, "geometry": { "type": "Polygon", "coordinates": [ [ [ 78.566210823311749, 17.492637501357546 ], [ 78.566210823311749, 17.492634944531435 ], [ 78.566159851988914, 17.492634944531435 ], [ 78.566159851988914, 17.492632387705285 ], [ 78.56615716928772, 17.492632387705285 ], [ 78.56615716928772, 17.492629830879103 ], [ 78.566154486586498, 17.492629830879103 ], [ 78.566154486586498, 17.492627274052889 ], [ 78.566151803885305, 17.492627274052889 ], [ 78.566151803885305, 17.492622160400341 ], [ 78.566149121184097, 17.492622160400341 ], [ 78.566149121184097, 17.49261704674765 ], [ 78.566146438482903, 17.49261704674765 ], [ 78.566146438482903, 17.492604262615295 ], [ 78.566149121184097, 17.492604262615295 ], [ 78.566149121184097, 17.492601705788719 ], [ 78.56613839037928, 17.492601705788719 ], [ 78.56613839037928, 17.492599148962107 ], [ 78.566135707678086, 17.492599148962107 ], [ 78.566135707678086, 17.492596592135456 ], [ 78.566133024976864, 17.492596592135456 ], [ 78.566133024976864, 17.492594035308773 ], [ 78.56613034227567, 17.492594035308773 ], [ 78.56613034227567, 17.492591478482048 ], [ 78.566127659574477, 17.492591478482048 ], [ 78.566127659574477, 17.492583808001665 ], [ 78.566124976873269, 17.492583808001665 ], [ 78.566124976873269, 17.492576137520956 ], [ 78.566122294172061, 17.492576137520956 ], [ 78.566122294172061, 17.492571023866972 ], [ 78.566119611470853, 17.492571023866972 ], [ 78.566119611470853, 17.492560796558575 ], [ 78.566116928769659, 17.492560796558575 ], [ 78.566116928769659, 17.492553126076899 ], [ 78.56611424606848, 17.492553126076899 ], [ 78.56611424606848, 17.492548012422265 ], [ 78.566111563367258, 17.492548012422265 ], [ 78.566111563367258, 17.49254034194005 ], [ 78.566108880666064, 17.49254034194005 ], [ 78.566108880666064, 17.492530114629925 ], [ 78.566106197964857, 17.492530114629925 ], [ 78.566106197964857, 17.49252244414695 ], [ 78.566103515263663, 17.49252244414695 ], [ 78.566103515263663, 17.492514773663657 ], [ 78.566100832562441, 17.492514773663657 ], [ 78.566100832562441, 17.492509660007943 ], [ 78.566098149861247, 17.492509660007943 ], [ 78.566098149861247, 17.492494319039952 ], [ 78.566100832562441, 17.492494319039952 ], [ 78.566100832562441, 17.492491762211827 ], [ 78.566108880666064, 17.492491762211827 ], [ 78.566108880666064, 17.49248920538367 ], [ 78.566116928769659, 17.49248920538367 ], [ 78.566116928769659, 17.492486648555474 ], [ 78.566127659574477, 17.492486648555474 ], [ 78.566127659574477, 17.492484091727242 ], [ 78.566133024976864, 17.492484091727242 ], [ 78.566133024976864, 17.492481534898971 ], [ 78.566154486586498, 17.492481534898971 ], [ 78.566154486586498, 17.492478978070668 ], [ 78.56615716928772, 17.492478978070668 ], [ 78.56615716928772, 17.492476421242326 ], [ 78.566165217391301, 17.492476421242326 ], [ 78.566165217391301, 17.492473864413952 ], [ 78.566178630897326, 17.492473864413952 ], [ 78.566178630897326, 17.492471307585536 ], [ 78.566192044403337, 17.492471307585536 ], [ 78.566192044403337, 17.492468750757091 ], [ 78.566197409805739, 17.492468750757091 ], [ 78.566197409805739, 17.492471307585536 ], [ 78.566205457909362, 17.492471307585536 ], [ 78.566205457909362, 17.492473864413952 ], [ 78.566208140610556, 17.492473864413952 ], [ 78.566208140610556, 17.492499432696096 ], [ 78.566210823311749, 17.492499432696096 ], [ 78.566210823311749, 17.492504546352095 ], [ 78.566213506012957, 17.492504546352095 ], [ 78.566213506012957, 17.492507103180039 ], [ 78.566216188714151, 17.492507103180039 ], [ 78.566216188714151, 17.49251221683582 ], [ 78.566218871415359, 17.49251221683582 ], [ 78.566218871415359, 17.492517330491456 ], [ 78.566221554116552, 17.492517330491456 ], [ 78.566221554116552, 17.492525000974645 ], [ 78.56622423681776, 17.492525000974645 ], [ 78.56622423681776, 17.492530114629925 ], [ 78.566226919518968, 17.492530114629925 ], [ 78.566226919518968, 17.49254034194005 ], [ 78.566229602220162, 17.49254034194005 ], [ 78.566229602220162, 17.492548012422265 ], [ 78.566232284921369, 17.492548012422265 ], [ 78.566232284921369, 17.492568467039931 ], [ 78.566229602220162, 17.492568467039931 ], [ 78.566229602220162, 17.492571023866972 ], [ 78.566226919518968, 17.492571023866972 ], [ 78.566226919518968, 17.492573580693985 ], [ 78.56622423681776, 17.492573580693985 ], [ 78.56622423681776, 17.492576137520956 ], [ 78.566218871415359, 17.492576137520956 ], [ 78.566218871415359, 17.492578694347898 ], [ 78.566229602220162, 17.492578694347898 ], [ 78.566229602220162, 17.492581251174798 ], [ 78.566234967622577, 17.492581251174798 ], [ 78.566234967622577, 17.492583808001665 ], [ 78.566237650323785, 17.492583808001665 ], [ 78.566237650323785, 17.492588921655294 ], [ 78.566240333024979, 17.492588921655294 ], [ 78.566240333024979, 17.492591478482048 ], [ 78.566243015726187, 17.492591478482048 ], [ 78.566243015726187, 17.492601705788719 ], [ 78.566245698427394, 17.492601705788719 ], [ 78.566245698427394, 17.492629830879103 ], [ 78.566243015726187, 17.492629830879103 ], [ 78.566243015726187, 17.492632387705285 ], [ 78.566240333024979, 17.492632387705285 ], [ 78.566240333024979, 17.492634944531435 ], [ 78.566234967622577, 17.492634944531435 ], [ 78.566234967622577, 17.492637501357546 ], [ 78.566210823311749, 17.492637501357546 ] ], [ [ 78.566149121184097, 17.492601705788719 ], [ 78.566154486586498, 17.492601705788719 ], [ 78.566154486586498, 17.492599148962107 ], [ 78.566149121184097, 17.492599148962107 ], [ 78.566149121184097, 17.492601705788719 ] ], [ [ 78.56615716928772, 17.492599148962107 ], [ 78.566159851988914, 17.492599148962107 ], [ 78.566159851988914, 17.492596592135456 ], [ 78.56615716928772, 17.492596592135456 ], [ 78.56615716928772, 17.492599148962107 ] ], [ [ 78.566162534690122, 17.492596592135456 ], [ 78.566170582793717, 17.492596592135456 ], [ 78.566170582793717, 17.492594035308773 ], [ 78.566162534690122, 17.492594035308773 ], [ 78.566162534690122, 17.492596592135456 ] ], [ [ 78.566173265494911, 17.492594035308773 ], [ 78.566178630897326, 17.492594035308773 ], [ 78.566178630897326, 17.492591478482048 ], [ 78.566173265494911, 17.492591478482048 ], [ 78.566173265494911, 17.492594035308773 ] ], [ [ 78.566178630897326, 17.492591478482048 ], [ 78.566183996299728, 17.492591478482048 ], [ 78.566183996299728, 17.492588921655294 ], [ 78.566189361702129, 17.492588921655294 ], [ 78.566189361702129, 17.49258636482849 ], [ 78.566192044403337, 17.49258636482849 ], [ 78.566192044403337, 17.492583808001665 ], [ 78.566186679000921, 17.492583808001665 ], [ 78.566186679000921, 17.49258636482849 ], [ 78.56618131359852, 17.49258636482849 ], [ 78.56618131359852, 17.492588921655294 ], [ 78.566178630897326, 17.492588921655294 ], [ 78.566178630897326, 17.492591478482048 ] ] ] } },
{ "type": "Feature", "properties": { "value": 255.0 }, "geometry": { "type": "Polygon", "coordinates": [ [ [ 78.565084088806671, 17.492729547073594 ], [ 78.565084088806671, 17.492726990248777 ], [ 78.56504921369104, 17.492726990248777 ], [ 78.56504921369104, 17.492724433423927 ], [ 78.565025069380212, 17.492724433423927 ], [ 78.565025069380212, 17.492714206124152 ], [ 78.565019703977796, 17.492714206124152 ], [ 78.565019703977796, 17.492711649299125 ], [ 78.565014338575395, 17.492711649299125 ], [ 78.565014338575395, 17.492714206124152 ], [ 78.564992876965789, 17.492714206124152 ], [ 78.564992876965789, 17.492709092474058 ], [ 78.564990194264581, 17.492709092474058 ], [ 78.564990194264581, 17.492701421998635 ], [ 78.564987511563373, 17.492701421998635 ], [ 78.564987511563373, 17.492698865173423 ], [ 78.564984828862166, 17.492698865173423 ], [ 78.564984828862166, 17.492691194697574 ], [ 78.564982146160972, 17.492691194697574 ], [ 78.564982146160972, 17.492668183268073 ], [ 78.564979463459778, 17.492668183268073 ], [ 78.564979463459778, 17.49265028548756 ], [ 78.564976780758556, 17.49265028548756 ], [ 78.564976780758556, 17.492622160400341 ], [ 78.564974098057363, 17.492622160400341 ], [ 78.564974098057363, 17.492599148962107 ], [ 78.564976780758556, 17.492599148962107 ], [ 78.564976780758556, 17.492594035308773 ], [ 78.564979463459778, 17.492594035308773 ], [ 78.564979463459778, 17.492591478482048 ], [ 78.564982146160972, 17.492591478482048 ], [ 78.564982146160972, 17.492588921655294 ], [ 78.564987511563373, 17.492588921655294 ], [ 78.564987511563373, 17.49258636482849 ], [ 78.564992876965789, 17.49258636482849 ], [ 78.564992876965789, 17.492583808001665 ], [ 78.565003607770606, 17.492583808001665 ], [ 78.565003607770606, 17.492581251174798 ], [ 78.565008973172979, 17.492581251174798 ], [ 78.565008973172979, 17.492578694347898 ], [ 78.565006290471786, 17.492578694347898 ], [ 78.565006290471786, 17.492571023866972 ], [ 78.565003607770606, 17.492571023866972 ], [ 78.565003607770606, 17.492550569249602 ], [ 78.565000925069384, 17.492550569249602 ], [ 78.565000925069384, 17.492525000974645 ], [ 78.564998242368191, 17.492525000974645 ], [ 78.564998242368191, 17.492476421242326 ], [ 78.565000925069384, 17.492476421242326 ], [ 78.565000925069384, 17.492473864413952 ], [ 78.565003607770606, 17.492473864413952 ], [ 78.565003607770606, 17.492471307585536 ], [ 78.565051896392248, 17.492471307585536 ], [ 78.565051896392248, 17.492473864413952 ], [ 78.56507067530066, 17.492473864413952 ], [ 78.56507067530066, 17.492471307585536 ], [ 78.565105550416277, 17.492471307585536 ], [ 78.565105550416277, 17.492468750757091 ], [ 78.565124329324703, 17.492468750757091 ], [ 78.565124329324703, 17.492466193928603 ], [ 78.565148473635546, 17.492466193928603 ], [ 78.565148473635546, 17.492463637100084 ], [ 78.565161887141542, 17.492463637100084 ], [ 78.565161887141542, 17.492466193928603 ], [ 78.565164569842736, 17.492466193928603 ], [ 78.565164569842736, 17.492471307585536 ], [ 78.565167252543944, 17.492471307585536 ], [ 78.565167252543944, 17.49248920538367 ], [ 78.565169935245152, 17.49248920538367 ], [ 78.565169935245152, 17.492509660007943 ], [ 78.565172617946345, 17.492509660007943 ], [ 78.565172617946345, 17.492545455594893 ], [ 78.565175300647553, 17.492545455594893 ], [ 78.565175300647553, 17.492565910212846 ], [ 78.565172617946345, 17.492565910212846 ], [ 78.565172617946345, 17.492568467039931 ], [ 78.565169935245152, 17.492568467039931 ], [ 78.565169935245152, 17.492571023866972 ], [ 78.565156521739141, 17.492571023866972 ], [ 78.565156521739141, 17.492573580693985 ], [ 78.565161887141542, 17.492573580693985 ], [ 78.565161887141542, 17.492576137520956 ], [ 78.565164569842736, 17.492576137520956 ], [ 78.565164569842736, 17.492578694347898 ], [ 78.565167252543944, 17.492578694347898 ], [ 78.565167252543944, 17.492606819441843 ], [ 78.565164569842736, 17.492606819441843 ], [ 78.565164569842736, 17.492614489921252 ], [ 78.565161887141542, 17.492614489921252 ], [ 78.565161887141542, 17.492629830879103 ], [ 78.565159204440334, 17.492629830879103 ], [ 78.565159204440334, 17.492634944531435 ], [ 78.565156521739141, 17.492634944531435 ], [ 78.565156521739141, 17.492642615009661 ], [ 78.565153839037919, 17.492642615009661 ], [ 78.565153839037919, 17.49264772866163 ], [ 78.565151156336725, 17.49264772866163 ], [ 78.565151156336725, 17.49265028548756 ], [ 78.565148473635546, 17.49265028548756 ], [ 78.565148473635546, 17.492652842313458 ], [ 78.565145790934338, 17.492652842313458 ], [ 78.565145790934338, 17.492655399139316 ], [ 78.56514310823313, 17.492655399139316 ], [ 78.56514310823313, 17.492657955965139 ], [ 78.565140425531922, 17.492657955965139 ], [ 78.565140425531922, 17.492663069616679 ], [ 78.56514310823313, 17.492663069616679 ], [ 78.56514310823313, 17.492670740093718 ], [ 78.565140425531922, 17.492670740093718 ], [ 78.565140425531922, 17.492675853744895 ], [ 78.565137742830728, 17.492675853744895 ], [ 78.565137742830728, 17.492691194697574 ], [ 78.565140425531922, 17.492691194697574 ], [ 78.565140425531922, 17.492693751522893 ], [ 78.56514310823313, 17.492693751522893 ], [ 78.56514310823313, 17.492696308348176 ], [ 78.565148473635546, 17.492696308348176 ], [ 78.565148473635546, 17.492698865173423 ], [ 78.565164569842736, 17.492698865173423 ], [ 78.565164569842736, 17.492701421998635 ], [ 78.565167252543944, 17.492701421998635 ], [ 78.565167252543944, 17.492716762949151 ], [ 78.565164569842736, 17.492716762949151 ], [ 78.565164569842736, 17.492721876599035 ], [ 78.565159204440334, 17.492721876599035 ], [ 78.565159204440334, 17.492724433423927 ], [ 78.565148473635546, 17.492724433423927 ], [ 78.565148473635546, 17.492726990248777 ], [ 78.565118963922288, 17.492726990248777 ], [ 78.565118963922288, 17.492729547073594 ], [ 78.565084088806671, 17.492729547073594 ] ], [ [ 78.565014338575395, 17.492583808001665 ], [ 78.565017021276603, 17.492583808001665 ], [ 78.565017021276603, 17.492581251174798 ], [ 78.565014338575395, 17.492581251174798 ], [ 78.565014338575395, 17.492583808001665 ] ], [ [ 78.565035800185029, 17.492581251174798 ], [ 78.565081406105463, 17.492581251174798 ], [ 78.565081406105463, 17.492578694347898 ], [ 78.565035800185029, 17.492578694347898 ], [ 78.565035800185029, 17.492581251174798 ] ], [ [ 78.565081406105463, 17.492578694347898 ], [ 78.565097502312682, 17.492578694347898 ], [ 78.565097502312682, 17.492576137520956 ], [ 78.565081406105463, 17.492576137520956 ], [ 78.565081406105463, 17.492578694347898 ] ], [ [ 78.565135060129521, 17.492573580693985 ], [ 78.56514310823313, 17.492573580693985 ], [ 78.56514310823313, 17.492571023866972 ], [ 78.565135060129521, 17.492571023866972 ], [ 78.565135060129521, 17.492573580693985 ] ] ] } },
{ "type": "Feature", "properties": { "value": 255.0 }, "geometry": { "type": "Polygon", "coordinates": [ [ [ 78.567243663274738, 17.492611933094818 ], [ 78.567243663274738, 17.492606819441843 ], [ 78.567240980573544, 17.492606819441843 ], [ 78.567240980573544, 17.492604262615295 ], [ 78.567238297872336, 17.492604262615295 ], [ 78.567238297872336, 17.492596592135456 ], [ 78.567235615171143, 17.492596592135456 ], [ 78.567235615171143, 17.492591478482048 ], [ 78.567232932469935, 17.492591478482048 ], [ 78.567232932469935, 17.492583808001665 ], [ 78.567230249768727, 17.492583808001665 ], [ 78.567230249768727, 17.492581251174798 ], [ 78.567227567067533, 17.492581251174798 ], [ 78.567227567067533, 17.492576137520956 ], [ 78.56722488436634, 17.492576137520956 ], [ 78.56722488436634, 17.492571023866972 ], [ 78.567222201665132, 17.492571023866972 ], [ 78.567222201665132, 17.492563353385727 ], [ 78.567219518963938, 17.492563353385727 ], [ 78.567219518963938, 17.492558239731384 ], [ 78.56721683626273, 17.492558239731384 ], [ 78.56721683626273, 17.492553126076899 ], [ 78.567214153561537, 17.492553126076899 ], [ 78.567214153561537, 17.492545455594893 ], [ 78.567211470860315, 17.492545455594893 ], [ 78.567211470860315, 17.49254034194005 ], [ 78.567208788159121, 17.49254034194005 ], [ 78.567208788159121, 17.492532671457507 ], [ 78.567206105457913, 17.492532671457507 ], [ 78.567206105457913, 17.492527557802301 ], [ 78.56720342275672, 17.492527557802301 ], [ 78.56720342275672, 17.492517330491456 ], [ 78.567200740055497, 17.492517330491456 ], [ 78.567200740055497, 17.492509660007943 ], [ 78.567198057354304, 17.492509660007943 ], [ 78.567198057354304, 17.492499432696096 ], [ 78.567195374653096, 17.492499432696096 ], [ 78.567195374653096, 17.492486648555474 ], [ 78.567192691951902, 17.492486648555474 ], [ 78.567192691951902, 17.492484091727242 ], [ 78.567195374653096, 17.492484091727242 ], [ 78.567195374653096, 17.492473864413952 ], [ 78.567198057354304, 17.492473864413952 ], [ 78.567198057354304, 17.492471307585536 ], [ 78.567200740055497, 17.492471307585536 ], [ 78.567200740055497, 17.492468750757091 ], [ 78.567206105457913, 17.492468750757091 ], [ 78.567206105457913, 17.492466193928603 ], [ 78.567214153561537, 17.492466193928603 ], [ 78.567214153561537, 17.492463637100084 ], [ 78.567222201665132, 17.492463637100084 ], [ 78.567222201665132, 17.492461080271529 ], [ 78.567227567067533, 17.492461080271529 ], [ 78.567227567067533, 17.492458523442938 ], [ 78.567238297872336, 17.492458523442938 ], [ 78.567238297872336, 17.492455966614308 ], [ 78.567254394079555, 17.492455966614308 ], [ 78.567254394079555, 17.492453409785643 ], [ 78.567265124884372, 17.492453409785643 ], [ 78.567265124884372, 17.492450852956942 ], [ 78.567281221091577, 17.492450852956942 ], [ 78.567281221091577, 17.492455966614308 ], [ 78.567283903792784, 17.492455966614308 ], [ 78.567283903792784, 17.492461080271529 ], [ 78.567286586493978, 17.492461080271529 ], [ 78.567286586493978, 17.492466193928603 ], [ 78.567289269195186, 17.492466193928603 ], [ 78.567289269195186, 17.492473864413952 ], [ 78.567291951896394, 17.492473864413952 ], [ 78.567291951896394, 17.492484091727242 ], [ 78.567294634597602, 17.492484091727242 ], [ 78.567294634597602, 17.492494319039952 ], [ 78.5673, 17.492494319039952 ], [ 78.5673, 17.492594035308773 ], [ 78.567294634597602, 17.492594035308773 ], [ 78.567294634597602, 17.492596592135456 ], [ 78.567289269195186, 17.492596592135456 ], [ 78.567289269195186, 17.492599148962107 ], [ 78.567286586493978, 17.492599148962107 ], [ 78.567286586493978, 17.492601705788719 ], [ 78.567278538390383, 17.492601705788719 ], [ 78.567278538390383, 17.492604262615295 ], [ 78.567273172987981, 17.492604262615295 ], [ 78.567273172987981, 17.492606819441843 ], [ 78.56726780758558, 17.492606819441843 ], [ 78.56726780758558, 17.492609376268348 ], [ 78.567259759481971, 17.492609376268348 ], [ 78.567259759481971, 17.492611933094818 ], [ 78.567243663274738, 17.492611933094818 ] ] ] } },
{ "type": "Feature", "properties": { "value": 255.0 }, "geometry": { "type": "Polygon", "coordinates": [ [ [ 78.565725254394081, 17.492596592135456 ], [ 78.565725254394081, 17.492594035308773 ], [ 78.565722571692888, 17.492594035308773 ], [ 78.565722571692888, 17.492591478482048 ], [ 78.565719888991694, 17.492591478482048 ], [ 78.565719888991694, 17.492583808001665 ], [ 78.565717206290486, 17.492583808001665 ], [ 78.565717206290486, 17.492573580693985 ], [ 78.565714523589278, 17.492573580693985 ], [ 78.565714523589278, 17.492563353385727 ], [ 78.565711840888071, 17.492563353385727 ], [ 78.565711840888071, 17.492553126076899 ], [ 78.565709158186877, 17.492553126076899 ], [ 78.565709158186877, 17.492542898767489 ], [ 78.565706475485669, 17.492542898767489 ], [ 78.565706475485669, 17.49252244414695 ], [ 78.565709158186877, 17.49252244414695 ], [ 78.565709158186877, 17.492519887319226 ], [ 78.565717206290486, 17.492519887319226 ], [ 78.565717206290486, 17.492517330491456 ], [ 78.565706475485669, 17.492517330491456 ], [ 78.565706475485669, 17.492514773663657 ], [ 78.565701110083253, 17.492514773663657 ], [ 78.565701110083253, 17.492509660007943 ], [ 78.56569842738206, 17.492509660007943 ], [ 78.56569842738206, 17.492499432696096 ], [ 78.565695744680852, 17.492499432696096 ], [ 78.565695744680852, 17.492491762211827 ], [ 78.565693061979644, 17.492491762211827 ], [ 78.565693061979644, 17.492478978070668 ], [ 78.56569037927845, 17.492478978070668 ], [ 78.56569037927845, 17.492468750757091 ], [ 78.565687696577243, 17.492468750757091 ], [ 78.565687696577243, 17.492455966614308 ], [ 78.565685013876049, 17.492455966614308 ], [ 78.565685013876049, 17.492453409785643 ], [ 78.565687696577243, 17.492453409785643 ], [ 78.565687696577243, 17.492445739299434 ], [ 78.56569037927845, 17.492445739299434 ], [ 78.56569037927845, 17.49244318247063 ], [ 78.565701110083253, 17.49244318247063 ], [ 78.565701110083253, 17.49244062564178 ], [ 78.565709158186877, 17.49244062564178 ], [ 78.565709158186877, 17.492438068812906 ], [ 78.565717206290486, 17.492438068812906 ], [ 78.565717206290486, 17.492435511983984 ], [ 78.565727937095303, 17.492435511983984 ], [ 78.565727937095303, 17.492432955155039 ], [ 78.565738667900092, 17.492432955155039 ], [ 78.565738667900092, 17.49243039832605 ], [ 78.565746716003702, 17.49243039832605 ], [ 78.565746716003702, 17.492427841497026 ], [ 78.565762812210934, 17.492427841497026 ], [ 78.565762812210934, 17.49243039832605 ], [ 78.565765494912128, 17.49243039832605 ], [ 78.565765494912128, 17.492438068812906 ], [ 78.565768177613336, 17.492438068812906 ], [ 78.565768177613336, 17.492445739299434 ], [ 78.56577086031453, 17.492445739299434 ], [ 78.56577086031453, 17.492455966614308 ], [ 78.565773543015737, 17.492455966614308 ], [ 78.565773543015737, 17.492466193928603 ], [ 78.565776225716945, 17.492466193928603 ], [ 78.565776225716945, 17.492476421242326 ], [ 78.565778908418125, 17.492476421242326 ], [ 78.565778908418125, 17.492481534898971 ], [ 78.565781591119332, 17.492481534898971 ], [ 78.565781591119332, 17.492494319039952 ], [ 78.565778908418125, 17.492494319039952 ], [ 78.565778908418125, 17.492496875868046 ], [ 78.565776225716945, 17.492496875868046 ], [ 78.565776225716945, 17.492499432696096 ], [ 78.565768177613336, 17.492499432696096 ], [ 78.565768177613336, 17.492501989524111 ], [ 78.565781591119332, 17.492501989524111 ], [ 78.565781591119332, 17.492507103180039 ], [ 78.56578427382054, 17.492507103180039 ], [ 78.56578427382054, 17.492509660007943 ], [ 78.565786956521734, 17.492509660007943 ], [ 78.565786956521734, 17.492519887319226 ], [ 78.565789639222942, 17.492519887319226 ], [ 78.565789639222942, 17.492530114629925 ], [ 78.56579232192415, 17.492530114629925 ], [ 78.56579232192415, 17.49254034194005 ], [ 78.565795004625357, 17.49254034194005 ], [ 78.565795004625357, 17.492550569249602 ], [ 78.56579232192415, 17.492550569249602 ], [ 78.56579232192415, 17.492555682904161 ], [ 78.565789639222942, 17.492555682904161 ], [ 78.565789639222942, 17.492558239731384 ], [ 78.565786956521734, 17.492558239731384 ], [ 78.565786956521734, 17.492560796558575 ], [ 78.56578427382054, 17.492560796558575 ], [ 78.56578427382054, 17.492565910212846 ], [ 78.565781591119332, 17.492565910212846 ], [ 78.565781591119332, 17.492576137520956 ], [ 78.565778908418125, 17.492576137520956 ], [ 78.565778908418125, 17.492581251174798 ], [ 78.565776225716945, 17.492581251174798 ], [ 78.565776225716945, 17.492583808001665 ], [ 78.56577086031453, 17.492583808001665 ], [ 78.56577086031453, 17.49258636482849 ], [ 78.565762812210934, 17.49258636482849 ], [ 78.565762812210934, 17.492588921655294 ], [ 78.565754764107311, 17.492588921655294 ], [ 78.565754764107311, 17.492591478482048 ], [ 78.565744033302494, 17.492591478482048 ], [ 78.565744033302494, 17.492594035308773 ], [ 78.565735985198884, 17.492594035308773 ], [ 78.565735985198884, 17.492596592135456 ], [ 78.565725254394081, 17.492596592135456 ] ], [ [ 78.565717206290486, 17.492517330491456 ], [ 78.565730619796483, 17.492517330491456 ], [ 78.565730619796483, 17.492514773663657 ], [ 78.565717206290486, 17.492514773663657 ], [ 78.565717206290486, 17.492517330491456 ] ], [ [ 78.565733302497691, 17.492514773663657 ], [ 78.565738667900092, 17.492514773663657 ], [ 78.565738667900092, 17.49251221683582 ], [ 78.565733302497691, 17.49251221683582 ], [ 78.565733302497691, 17.492514773663657 ] ], [ [ 78.565744033302494, 17.49251221683582 ], [ 78.565746716003702, 17.49251221683582 ], [ 78.565746716003702, 17.492509660007943 ], [ 78.565744033302494, 17.492509660007943 ], [ 78.565744033302494, 17.49251221683582 ] ], [ [ 78.565749398704909, 17.492509660007943 ], [ 78.565757446808519, 17.492509660007943 ], [ 78.565757446808519, 17.492507103180039 ], [ 78.565749398704909, 17.492507103180039 ], [ 78.565749398704909, 17.492509660007943 ] ], [ [ 78.565757446808519, 17.492507103180039 ], [ 78.565762812210934, 17.492507103180039 ], [ 78.565762812210934, 17.492504546352095 ], [ 78.565757446808519, 17.492504546352095 ], [ 78.565757446808519, 17.492507103180039 ] ], [ [ 78.565762812210934, 17.492504546352095 ], [ 78.565768177613336, 17.492504546352095 ], [ 78.565768177613336, 17.492501989524111 ], [ 78.565762812210934, 17.492501989524111 ], [ 78.565762812210934, 17.492504546352095 ] ] ] } },
{ "type": "Feature", "properties": { "value": 255.0 }, "geometry": { "type": "Polygon", "coordinates": [ [ [ 78.566261794634599, 17.49252244414695 ], [ 78.566261794634599, 17.492519887319226 ], [ 78.566259111933405, 17.492519887319226 ], [ 78.566259111933405, 17.492517330491456 ], [ 78.566256429232212, 17.492517330491456 ], [ 78.566256429232212, 17.49251221683582 ], [ 78.56625374653099, 17.49251221683582 ], [ 78.56625374653099, 17.492507103180039 ], [ 78.566251063829796, 17.492507103180039 ], [ 78.566251063829796, 17.492499432696096 ], [ 78.566248381128602, 17.492499432696096 ], [ 78.566248381128602, 17.492491762211827 ], [ 78.566245698427394, 17.492491762211827 ], [ 78.566245698427394, 17.492486648555474 ], [ 78.566243015726187, 17.492486648555474 ], [ 78.566243015726187, 17.492478978070668 ], [ 78.566240333024979, 17.492478978070668 ], [ 78.566240333024979, 17.492473864413952 ], [ 78.566237650323785, 17.492473864413952 ], [ 78.566237650323785, 17.492466193928603 ], [ 78.566234967622577, 17.492466193928603 ], [ 78.566234967622577, 17.492458523442938 ], [ 78.566232284921369, 17.492458523442938 ], [ 78.566232284921369, 17.492450852956942 ], [ 78.566229602220162, 17.492450852956942 ], [ 78.566229602220162, 17.49244318247063 ], [ 78.566226919518968, 17.49244318247063 ], [ 78.566226919518968, 17.492432955155039 ], [ 78.56622423681776, 17.492432955155039 ], [ 78.56622423681776, 17.492425284667966 ], [ 78.566221554116552, 17.492425284667966 ], [ 78.566221554116552, 17.492409943692852 ], [ 78.566226919518968, 17.492409943692852 ], [ 78.566226919518968, 17.492407386863537 ], [ 78.566234967622577, 17.492407386863537 ], [ 78.566234967622577, 17.492404830034197 ], [ 78.566240333024979, 17.492404830034197 ], [ 78.566240333024979, 17.49240227320481 ], [ 78.566251063829796, 17.49240227320481 ], [ 78.566251063829796, 17.492399716375388 ], [ 78.566256429232212, 17.492399716375388 ], [ 78.566256429232212, 17.492397159545934 ], [ 78.566267160037, 17.492397159545934 ], [ 78.566267160037, 17.492394602716445 ], [ 78.56627520814061, 17.492394602716445 ], [ 78.56627520814061, 17.49239204588692 ], [ 78.566283256244219, 17.49239204588692 ], [ 78.566283256244219, 17.492389489057356 ], [ 78.566291304347843, 17.492389489057356 ], [ 78.566291304347843, 17.49238693222776 ], [ 78.566299352451438, 17.49238693222776 ], [ 78.566299352451438, 17.492384375398121 ], [ 78.566310083256255, 17.492384375398121 ], [ 78.566310083256255, 17.492381818568454 ], [ 78.566328862164667, 17.492381818568454 ], [ 78.566328862164667, 17.492384375398121 ], [ 78.566331544865861, 17.492384375398121 ], [ 78.566331544865861, 17.492389489057356 ], [ 78.566334227567083, 17.492389489057356 ], [ 78.566334227567083, 17.49239204588692 ], [ 78.566336910268276, 17.49239204588692 ], [ 78.566336910268276, 17.492397159545934 ], [ 78.566339592969484, 17.492397159545934 ], [ 78.566339592969484, 17.49240227320481 ], [ 78.566342275670678, 17.49240227320481 ], [ 78.566342275670678, 17.492409943692852 ], [ 78.566344958371886, 17.492409943692852 ], [ 78.566344958371886, 17.492420171009741 ], [ 78.566347641073094, 17.492420171009741 ], [ 78.566347641073094, 17.492427841497026 ], [ 78.566350323774287, 17.492427841497026 ], [ 78.566350323774287, 17.492435511983984 ], [ 78.566353006475495, 17.492435511983984 ], [ 78.566353006475495, 17.49244062564178 ], [ 78.566355689176703, 17.49244062564178 ], [ 78.566355689176703, 17.492448296128206 ], [ 78.566358371877882, 17.492448296128206 ], [ 78.566358371877882, 17.492450852956942 ], [ 78.56636105457909, 17.492450852956942 ], [ 78.56636105457909, 17.492455966614308 ], [ 78.566363737280284, 17.492455966614308 ], [ 78.566363737280284, 17.492461080271529 ], [ 78.566366419981506, 17.492461080271529 ], [ 78.566366419981506, 17.492478978070668 ], [ 78.566363737280284, 17.492478978070668 ], [ 78.566363737280284, 17.492481534898971 ], [ 78.56636105457909, 17.492481534898971 ], [ 78.56636105457909, 17.492484091727242 ], [ 78.566355689176703, 17.492484091727242 ], [ 78.566355689176703, 17.492486648555474 ], [ 78.566350323774287, 17.492486648555474 ], [ 78.566350323774287, 17.49248920538367 ], [ 78.566342275670678, 17.49248920538367 ], [ 78.566342275670678, 17.492491762211827 ], [ 78.566334227567083, 17.492491762211827 ], [ 78.566334227567083, 17.492494319039952 ], [ 78.566326179463459, 17.492494319039952 ], [ 78.566326179463459, 17.492496875868046 ], [ 78.566320814061058, 17.492496875868046 ], [ 78.566320814061058, 17.492499432696096 ], [ 78.566315448658642, 17.492499432696096 ], [ 78.566315448658642, 17.492501989524111 ], [ 78.566310083256255, 17.492501989524111 ], [ 78.566310083256255, 17.492504546352095 ], [ 78.566302035152646, 17.492504546352095 ], [ 78.566302035152646, 17.492507103180039 ], [ 78.566299352451438, 17.492507103180039 ], [ 78.566299352451438, 17.492509660007943 ], [ 78.566293987049036, 17.492509660007943 ], [ 78.566293987049036, 17.49251221683582 ], [ 78.566288621646635, 17.49251221683582 ], [ 78.566288621646635, 17.492514773663657 ], [ 78.566283256244219, 17.492514773663657 ], [ 78.566283256244219, 17.492517330491456 ], [ 78.566272525439402, 17.492517330491456 ], [ 78.566272525439402, 17.492519887319226 ], [ 78.566267160037, 17.492519887319226 ], [ 78.566267160037, 17.49252244414695 ], [ 78.566261794634599, 17.49252244414695 ] ] ] } },
{ "type": "Feature", "properties": { "value": 255.0 }, "geometry": { "type": "Polygon", "coordinates": [ [ [ 78.565875485661422, 17.492499432696096 ], [ 78.565875485661422, 17.492496875868046 ], [ 78.565872802960243, 17.492496875868046 ], [ 78.565872802960243, 17.492494319039952 ], [ 78.565870120259021, 17.492494319039952 ], [ 78.565870120259021, 17.49248920538367 ], [ 78.565867437557827, 17.49248920538367 ], [ 78.565867437557827, 17.492478978070668 ], [ 78.565864754856619, 17.492478978070668 ], [ 78.565864754856619, 17.492473864413952 ], [ 78.565862072155426, 17.492473864413952 ], [ 78.565862072155426, 17.492466193928603 ], [ 78.565859389454218, 17.492466193928603 ], [ 78.565859389454218, 17.492458523442938 ], [ 78.56585670675301, 17.492458523442938 ], [ 78.56585670675301, 17.492450852956942 ], [ 78.565854024051816, 17.492450852956942 ], [ 78.565854024051816, 17.49244318247063 ], [ 78.565851341350609, 17.49244318247063 ], [ 78.565851341350609, 17.492438068812906 ], [ 78.565848658649415, 17.492438068812906 ], [ 78.565848658649415, 17.492427841497026 ], [ 78.565845975948193, 17.492427841497026 ], [ 78.565845975948193, 17.492409943692852 ], [ 78.565848658649415, 17.492409943692852 ], [ 78.565848658649415, 17.492399716375388 ], [ 78.565851341350609, 17.492399716375388 ], [ 78.565851341350609, 17.492397159545934 ], [ 78.56585670675301, 17.492397159545934 ], [ 78.56585670675301, 17.492394602716445 ], [ 78.565864754856619, 17.492394602716445 ], [ 78.565864754856619, 17.49239204588692 ], [ 78.565872802960243, 17.49239204588692 ], [ 78.565872802960243, 17.492389489057356 ], [ 78.565880851063838, 17.492389489057356 ], [ 78.565880851063838, 17.49238693222776 ], [ 78.565886216466239, 17.49238693222776 ], [ 78.565886216466239, 17.492384375398121 ], [ 78.565896947271057, 17.492384375398121 ], [ 78.565896947271057, 17.492381818568454 ], [ 78.565904995374666, 17.492381818568454 ], [ 78.565904995374666, 17.492379261738744 ], [ 78.565913043478261, 17.492379261738744 ], [ 78.565913043478261, 17.492376704909002 ], [ 78.565918408880677, 17.492376704909002 ], [ 78.565918408880677, 17.492374148079222 ], [ 78.56592913968548, 17.492374148079222 ], [ 78.56592913968548, 17.492371591249409 ], [ 78.565953283996308, 17.492371591249409 ], [ 78.565953283996308, 17.492374148079222 ], [ 78.565958649398723, 17.492374148079222 ], [ 78.565958649398723, 17.492379261738744 ], [ 78.565961332099917, 17.492379261738744 ], [ 78.565961332099917, 17.492384375398121 ], [ 78.565964014801125, 17.492384375398121 ], [ 78.565964014801125, 17.492389489057356 ], [ 78.565966697502319, 17.492389489057356 ], [ 78.565966697502319, 17.492394602716445 ], [ 78.565969380203526, 17.492394602716445 ], [ 78.565969380203526, 17.492399716375388 ], [ 78.56597206290472, 17.492399716375388 ], [ 78.56597206290472, 17.492404830034197 ], [ 78.565974745605914, 17.492404830034197 ], [ 78.565974745605914, 17.492412500522125 ], [ 78.565977428307121, 17.492412500522125 ], [ 78.565977428307121, 17.492417614180567 ], [ 78.565980111008329, 17.492417614180567 ], [ 78.565980111008329, 17.492425284667966 ], [ 78.565982793709537, 17.492425284667966 ], [ 78.565982793709537, 17.492432955155039 ], [ 78.565985476410731, 17.492432955155039 ], [ 78.565985476410731, 17.49244062564178 ], [ 78.565988159111939, 17.49244062564178 ], [ 78.565988159111939, 17.492450852956942 ], [ 78.565990841813132, 17.492450852956942 ], [ 78.565990841813132, 17.492461080271529 ], [ 78.565988159111939, 17.492461080271529 ], [ 78.565988159111939, 17.492466193928603 ], [ 78.565985476410731, 17.492466193928603 ], [ 78.565985476410731, 17.492468750757091 ], [ 78.565980111008329, 17.492468750757091 ], [ 78.565980111008329, 17.492471307585536 ], [ 78.565966697502319, 17.492471307585536 ], [ 78.565966697502319, 17.492473864413952 ], [ 78.565958649398723, 17.492473864413952 ], [ 78.565958649398723, 17.492476421242326 ], [ 78.565953283996308, 17.492476421242326 ], [ 78.565953283996308, 17.492478978070668 ], [ 78.565945235892698, 17.492478978070668 ], [ 78.565945235892698, 17.492481534898971 ], [ 78.565937187789089, 17.492481534898971 ], [ 78.565937187789089, 17.492484091727242 ], [ 78.565931822386673, 17.492484091727242 ], [ 78.565931822386673, 17.492486648555474 ], [ 78.565923774283064, 17.492486648555474 ], [ 78.565923774283064, 17.49248920538367 ], [ 78.565913043478261, 17.49248920538367 ], [ 78.565913043478261, 17.492491762211827 ], [ 78.56590767807586, 17.492491762211827 ], [ 78.56590767807586, 17.492494319039952 ], [ 78.56589962997225, 17.492494319039952 ], [ 78.56589962997225, 17.492496875868046 ], [ 78.565891581868641, 17.492496875868046 ], [ 78.565891581868641, 17.492499432696096 ], [ 78.565875485661422, 17.492499432696096 ] ] ] } },
{ "type": "Feature", "properties": { "value": 255.0 }, "geometry": { "type": "Polygon", "coordinates": [ [ [ 78.564998242368191, 17.492463637100084 ], [ 78.564998242368191, 17.492461080271529 ], [ 78.564990194264581, 17.492461080271529 ], [ 78.564990194264581, 17.492458523442938 ], [ 78.564987511563373, 17.492458523442938 ], [ 78.564987511563373, 17.492455966614308 ], [ 78.564984828862166, 17.492455966614308 ], [ 78.564984828862166, 17.492453409785643 ], [ 78.564982146160972, 17.492453409785643 ], [ 78.564982146160972, 17.492432955155039 ], [ 78.564979463459778, 17.492432955155039 ], [ 78.564979463459778, 17.492374148079222 ], [ 78.564976780758556, 17.492374148079222 ], [ 78.564976780758556, 17.492353693439693 ], [ 78.564979463459778, 17.492353693439693 ], [ 78.564979463459778, 17.492348579779456 ], [ 78.564982146160972, 17.492348579779456 ], [ 78.564982146160972, 17.492346022949285 ], [ 78.565035800185029, 17.492346022949285 ], [ 78.565035800185029, 17.492348579779456 ], [ 78.565041165587431, 17.492348579779456 ], [ 78.565041165587431, 17.492351136609592 ], [ 78.565054579093427, 17.492351136609592 ], [ 78.565054579093427, 17.492353693439693 ], [ 78.56509213691028, 17.492353693439693 ], [ 78.56509213691028, 17.492351136609592 ], [ 78.565105550416277, 17.492351136609592 ], [ 78.565105550416277, 17.492353693439693 ], [ 78.565110915818693, 17.492353693439693 ], [ 78.565110915818693, 17.492351136609592 ], [ 78.565137742830728, 17.492351136609592 ], [ 78.565137742830728, 17.492348579779456 ], [ 78.56514310823313, 17.492348579779456 ], [ 78.56514310823313, 17.492351136609592 ], [ 78.565145790934338, 17.492351136609592 ], [ 78.565145790934338, 17.492353693439693 ], [ 78.565151156336725, 17.492353693439693 ], [ 78.565151156336725, 17.492356250269761 ], [ 78.565153839037919, 17.492356250269761 ], [ 78.565153839037919, 17.492358807099798 ], [ 78.565156521739141, 17.492358807099798 ], [ 78.565156521739141, 17.49236392075975 ], [ 78.565159204440334, 17.49236392075975 ], [ 78.565159204440334, 17.492374148079222 ], [ 78.565161887141542, 17.492374148079222 ], [ 78.565161887141542, 17.492379261738744 ], [ 78.565164569842736, 17.492379261738744 ], [ 78.565164569842736, 17.49238693222776 ], [ 78.565167252543944, 17.49238693222776 ], [ 78.565167252543944, 17.492399716375388 ], [ 78.565169935245152, 17.492399716375388 ], [ 78.565169935245152, 17.492425284667966 ], [ 78.565172617946345, 17.492425284667966 ], [ 78.565172617946345, 17.492438068812906 ], [ 78.565169935245152, 17.492438068812906 ], [ 78.565169935245152, 17.492445739299434 ], [ 78.565167252543944, 17.492445739299434 ], [ 78.565167252543944, 17.492448296128206 ], [ 78.565161887141542, 17.492448296128206 ], [ 78.565161887141542, 17.492450852956942 ], [ 78.565145790934338, 17.492450852956942 ], [ 78.565145790934338, 17.492453409785643 ], [ 78.565124329324703, 17.492453409785643 ], [ 78.565124329324703, 17.492455966614308 ], [ 78.56507872340427, 17.492455966614308 ], [ 78.56507872340427, 17.492458523442938 ], [ 78.56507067530066, 17.492458523442938 ], [ 78.56507067530066, 17.492461080271529 ], [ 78.565065309898245, 17.492461080271529 ], [ 78.565065309898245, 17.492463637100084 ], [ 78.564998242368191, 17.492463637100084 ] ] ] } },
{ "type": "Feature", "properties": { "value": 255.0 }, "geometry": { "type": "Polygon", "coordinates": [ [ [ 78.566047178538398, 17.492415057351369 ], [ 78.566047178538398, 17.492412500522125 ], [ 78.56604449583719, 17.492412500522125 ], [ 78.56604449583719, 17.492407386863537 ], [ 78.566041813135982, 17.492407386863537 ], [ 78.566041813135982, 17.492399716375388 ], [ 78.566039130434788, 17.492399716375388 ], [ 78.566039130434788, 17.49239204588692 ], [ 78.566036447733595, 17.49239204588692 ], [ 78.566036447733595, 17.492384375398121 ], [ 78.566033765032373, 17.492384375398121 ], [ 78.566033765032373, 17.492374148079222 ], [ 78.566031082331179, 17.492374148079222 ], [ 78.566031082331179, 17.49236647758967 ], [ 78.566028399629971, 17.49236647758967 ], [ 78.566028399629971, 17.492351136609592 ], [ 78.566031082331179, 17.492351136609592 ], [ 78.566031082331179, 17.492348579779456 ], [ 78.566036447733595, 17.492348579779456 ], [ 78.566036447733595, 17.492346022949285 ], [ 78.566041813135982, 17.492346022949285 ], [ 78.566041813135982, 17.49234346611907 ], [ 78.566049861239605, 17.49234346611907 ], [ 78.566049861239605, 17.492340909288828 ], [ 78.566060592044423, 17.492340909288828 ], [ 78.566060592044423, 17.492338352458539 ], [ 78.566068640148018, 17.492338352458539 ], [ 78.566068640148018, 17.492335795628225 ], [ 78.566079370952835, 17.492335795628225 ], [ 78.566079370952835, 17.492333238797872 ], [ 78.56608741905643, 17.492333238797872 ], [ 78.56608741905643, 17.492330681967481 ], [ 78.566095467160039, 17.492330681967481 ], [ 78.566095467160039, 17.492328125137057 ], [ 78.566122294172061, 17.492328125137057 ], [ 78.566122294172061, 17.492330681967481 ], [ 78.566124976873269, 17.492330681967481 ], [ 78.566124976873269, 17.492333238797872 ], [ 78.566127659574477, 17.492333238797872 ], [ 78.566127659574477, 17.492335795628225 ], [ 78.566133024976864, 17.492335795628225 ], [ 78.566133024976864, 17.492338352458539 ], [ 78.566135707678086, 17.492338352458539 ], [ 78.566135707678086, 17.49234346611907 ], [ 78.56613839037928, 17.49234346611907 ], [ 78.56613839037928, 17.492353693439693 ], [ 78.566141073080487, 17.492353693439693 ], [ 78.566141073080487, 17.492358807099798 ], [ 78.566143755781681, 17.492358807099798 ], [ 78.566143755781681, 17.49236392075975 ], [ 78.566146438482903, 17.49236392075975 ], [ 78.566146438482903, 17.492369034419561 ], [ 78.566149121184097, 17.492369034419561 ], [ 78.566149121184097, 17.492371591249409 ], [ 78.566162534690122, 17.492371591249409 ], [ 78.566162534690122, 17.492374148079222 ], [ 78.566167900092509, 17.492374148079222 ], [ 78.566167900092509, 17.492376704909002 ], [ 78.566165217391301, 17.492376704909002 ], [ 78.566165217391301, 17.492379261738744 ], [ 78.56615716928772, 17.492379261738744 ], [ 78.56615716928772, 17.492381818568454 ], [ 78.566149121184097, 17.492381818568454 ], [ 78.566149121184097, 17.492384375398121 ], [ 78.566146438482903, 17.492384375398121 ], [ 78.566146438482903, 17.49238693222776 ], [ 78.566143755781681, 17.49238693222776 ], [ 78.566143755781681, 17.492389489057356 ], [ 78.566135707678086, 17.492389489057356 ], [ 78.566135707678086, 17.49239204588692 ], [ 78.566127659574477, 17.49239204588692 ], [ 78.566127659574477, 17.492394602716445 ], [ 78.566119611470853, 17.492394602716445 ], [ 78.566119611470853, 17.492397159545934 ], [ 78.566111563367258, 17.492397159545934 ], [ 78.566111563367258, 17.492399716375388 ], [ 78.566103515263663, 17.492399716375388 ], [ 78.566103515263663, 17.49240227320481 ], [ 78.566095467160039, 17.49240227320481 ], [ 78.566095467160039, 17.492404830034197 ], [ 78.56608741905643, 17.492404830034197 ], [ 78.56608741905643, 17.492407386863537 ], [ 78.566076688251613, 17.492407386863537 ], [ 78.566076688251613, 17.492409943692852 ], [ 78.566065957446824, 17.492409943692852 ], [ 78.566065957446824, 17.492412500522125 ], [ 78.566057909343215, 17.492412500522125 ], [ 78.566057909343215, 17.492415057351369 ], [ 78.566047178538398, 17.492415057351369 ] ] ] } },
{ "type": "Feature", "properties": { "value": 255.0 }, "geometry": { "type": "Polygon", "coordinates": [ [ [ 78.564633395004634, 17.492481534898971 ], [ 78.564633395004634, 17.492478978070668 ], [ 78.564611933395014, 17.492478978070668 ], [ 78.564611933395014, 17.492476421242326 ], [ 78.56460925069382, 17.492476421242326 ], [ 78.56460925069382, 17.492473864413952 ], [ 78.564606567992612, 17.492473864413952 ], [ 78.564606567992612, 17.492463637100084 ], [ 78.564603885291405, 17.492463637100084 ], [ 78.564603885291405, 17.49243039832605 ], [ 78.564601202590197, 17.49243039832605 ], [ 78.564601202590197, 17.492415057351369 ], [ 78.564603885291405, 17.492415057351369 ], [ 78.564603885291405, 17.492407386863537 ], [ 78.564606567992612, 17.492407386863537 ], [ 78.564606567992612, 17.492376704909002 ], [ 78.56460925069382, 17.492376704909002 ], [ 78.56460925069382, 17.492371591249409 ], [ 78.564611933395014, 17.492371591249409 ], [ 78.564611933395014, 17.492369034419561 ], [ 78.564638760407036, 17.492369034419561 ], [ 78.564638760407036, 17.49236647758967 ], [ 78.564628029602233, 17.49236647758967 ], [ 78.564628029602233, 17.49236392075975 ], [ 78.564625346901011, 17.49236392075975 ], [ 78.564625346901011, 17.492353693439693 ], [ 78.564628029602233, 17.492353693439693 ], [ 78.564628029602233, 17.492348579779456 ], [ 78.564630712303426, 17.492348579779456 ], [ 78.564630712303426, 17.492346022949285 ], [ 78.564633395004634, 17.492346022949285 ], [ 78.564633395004634, 17.492340909288828 ], [ 78.564636077705828, 17.492340909288828 ], [ 78.564636077705828, 17.492333238797872 ], [ 78.564638760407036, 17.492333238797872 ], [ 78.564638760407036, 17.492315340984387 ], [ 78.564641443108243, 17.492315340984387 ], [ 78.564641443108243, 17.492302556830818 ], [ 78.564649491211853, 17.492302556830818 ], [ 78.564649491211853, 17.4923 ], [ 78.564818501387606, 17.4923 ], [ 78.564818501387606, 17.492302556830818 ], [ 78.564826549491215, 17.492302556830818 ], [ 78.564826549491215, 17.492315340984387 ], [ 78.564823866790007, 17.492315340984387 ], [ 78.564823866790007, 17.492317897814992 ], [ 78.5648211840888, 17.492317897814992 ], [ 78.5648211840888, 17.492320454645562 ], [ 78.564818501387606, 17.492320454645562 ], [ 78.564818501387606, 17.492325568306594 ], [ 78.564815818686398, 17.492325568306594 ], [ 78.564815818686398, 17.492328125137057 ], [ 78.564813135985204, 17.492328125137057 ], [ 78.564813135985204, 17.492333238797872 ], [ 78.564810453284011, 17.492333238797872 ], [ 78.564810453284011, 17.492338352458539 ], [ 78.564807770582803, 17.492338352458539 ], [ 78.564807770582803, 17.492340909288828 ], [ 78.564805087881609, 17.492340909288828 ], [ 78.564805087881609, 17.492346022949285 ], [ 78.564802405180401, 17.492346022949285 ], [ 78.564802405180401, 17.492348579779456 ], [ 78.564799722479194, 17.492348579779456 ], [ 78.564799722479194, 17.492353693439693 ], [ 78.564797039778, 17.492353693439693 ], [ 78.564797039778, 17.492356250269761 ], [ 78.564794357076792, 17.492356250269761 ], [ 78.564794357076792, 17.492358807099798 ], [ 78.564791674375584, 17.492358807099798 ], [ 78.564791674375584, 17.492361363929788 ], [ 78.564788991674376, 17.492361363929788 ], [ 78.564788991674376, 17.49236392075975 ], [ 78.564780943570781, 17.49236392075975 ], [ 78.564780943570781, 17.49236647758967 ], [ 78.564735337650319, 17.49236647758967 ], [ 78.564735337650319, 17.492369034419561 ], [ 78.564783626271975, 17.492369034419561 ], [ 78.564783626271975, 17.492371591249409 ], [ 78.564786308973183, 17.492371591249409 ], [ 78.564786308973183, 17.492376704909002 ], [ 78.564788991674376, 17.492376704909002 ], [ 78.564788991674376, 17.492448296128206 ], [ 78.564791674375584, 17.492448296128206 ], [ 78.564791674375584, 17.492458523442938 ], [ 78.564788991674376, 17.492458523442938 ], [ 78.564788991674376, 17.492466193928603 ], [ 78.564786308973183, 17.492466193928603 ], [ 78.564786308973183, 17.492471307585536 ], [ 78.564783626271975, 17.492471307585536 ], [ 78.564783626271975, 17.492473864413952 ], [ 78.564780943570781, 17.492473864413952 ], [ 78.564780943570781, 17.492476421242326 ], [ 78.564751433857552, 17.492476421242326 ], [ 78.564751433857552, 17.492478978070668 ], [ 78.564713876040713, 17.492478978070668 ], [ 78.564713876040713, 17.492481534898971 ], [ 78.564633395004634, 17.492481534898971 ] ], [ [ 78.564638760407036, 17.492371591249409 ], [ 78.564700462534702, 17.492371591249409 ], [ 78.564700462534702, 17.492369034419561 ], [ 78.564638760407036, 17.492369034419561 ], [ 78.564638760407036, 17.492371591249409 ] ] ] } },
{ "type": "Feature", "properties": { "value": 255.0 }, "geometry": { "type": "Polygon", "coordinates": [ [ [ 78.566452266419986, 17.492404830034197 ], [ 78.566452266419986, 17.49240227320481 ], [ 78.566449583718793, 17.49240227320481 ], [ 78.566449583718793, 17.492399716375388 ], [ 78.566446901017585, 17.492399716375388 ], [ 78.566446901017585, 17.492394602716445 ], [ 78.566444218316391, 17.492394602716445 ], [ 78.566444218316391, 17.492384375398121 ], [ 78.566441535615169, 17.492384375398121 ], [ 78.566441535615169, 17.492376704909002 ], [ 78.566438852913976, 17.492376704909002 ], [ 78.566438852913976, 17.492371591249409 ], [ 78.566436170212768, 17.492371591249409 ], [ 78.566436170212768, 17.492369034419561 ], [ 78.566433487511574, 17.492369034419561 ], [ 78.566433487511574, 17.49236647758967 ], [ 78.566430804810366, 17.49236647758967 ], [ 78.566430804810366, 17.492358807099798 ], [ 78.566428122109158, 17.492358807099798 ], [ 78.566428122109158, 17.492351136609592 ], [ 78.566425439407965, 17.492351136609592 ], [ 78.566425439407965, 17.492340909288828 ], [ 78.566422756706757, 17.492340909288828 ], [ 78.566422756706757, 17.492330681967481 ], [ 78.566425439407965, 17.492330681967481 ], [ 78.566425439407965, 17.492328125137057 ], [ 78.566428122109158, 17.492328125137057 ], [ 78.566428122109158, 17.492323011476092 ], [ 78.566430804810366, 17.492323011476092 ], [ 78.566430804810366, 17.492317897814992 ], [ 78.566433487511574, 17.492317897814992 ], [ 78.566433487511574, 17.492312784153743 ], [ 78.566436170212768, 17.492312784153743 ], [ 78.566436170212768, 17.492310227323063 ], [ 78.566441535615169, 17.492310227323063 ], [ 78.566441535615169, 17.492307670492352 ], [ 78.566444218316391, 17.492307670492352 ], [ 78.566444218316391, 17.492305113661605 ], [ 78.566449583718793, 17.492305113661605 ], [ 78.566449583718793, 17.492302556830818 ], [ 78.566462997224789, 17.492302556830818 ], [ 78.566462997224789, 17.4923 ], [ 78.566500555041642, 17.4923 ], [ 78.566500555041642, 17.492302556830818 ], [ 78.56650592044403, 17.492302556830818 ], [ 78.56650592044403, 17.492307670492352 ], [ 78.566508603145238, 17.492307670492352 ], [ 78.566508603145238, 17.492312784153743 ], [ 78.566511285846445, 17.492312784153743 ], [ 78.566511285846445, 17.492315340984387 ], [ 78.566513968547639, 17.492315340984387 ], [ 78.566513968547639, 17.492317897814992 ], [ 78.566516651248847, 17.492317897814992 ], [ 78.566516651248847, 17.492320454645562 ], [ 78.566519333950055, 17.492320454645562 ], [ 78.566519333950055, 17.492323011476092 ], [ 78.566522016651263, 17.492323011476092 ], [ 78.566522016651263, 17.492325568306594 ], [ 78.566524699352456, 17.492325568306594 ], [ 78.566524699352456, 17.492330681967481 ], [ 78.56652738205365, 17.492330681967481 ], [ 78.56652738205365, 17.492335795628225 ], [ 78.566530064754858, 17.492335795628225 ], [ 78.566530064754858, 17.492338352458539 ], [ 78.566532747456066, 17.492338352458539 ], [ 78.566532747456066, 17.49234346611907 ], [ 78.566535430157273, 17.49234346611907 ], [ 78.566535430157273, 17.492351136609592 ], [ 78.566538112858467, 17.492351136609592 ], [ 78.566538112858467, 17.492374148079222 ], [ 78.566535430157273, 17.492374148079222 ], [ 78.566535430157273, 17.492379261738744 ], [ 78.566530064754858, 17.492379261738744 ], [ 78.566530064754858, 17.492381818568454 ], [ 78.566524699352456, 17.492381818568454 ], [ 78.566524699352456, 17.492384375398121 ], [ 78.566519333950055, 17.492384375398121 ], [ 78.566519333950055, 17.49238693222776 ], [ 78.566511285846445, 17.49238693222776 ], [ 78.566511285846445, 17.492389489057356 ], [ 78.566503237742822, 17.492389489057356 ], [ 78.566503237742822, 17.49239204588692 ], [ 78.566495189639227, 17.49239204588692 ], [ 78.566495189639227, 17.492394602716445 ], [ 78.566487141535632, 17.492394602716445 ], [ 78.566487141535632, 17.492397159545934 ], [ 78.566479093432022, 17.492397159545934 ], [ 78.566479093432022, 17.492399716375388 ], [ 78.566471045328399, 17.492399716375388 ], [ 78.566471045328399, 17.49240227320481 ], [ 78.566462997224789, 17.49240227320481 ], [ 78.566462997224789, 17.492404830034197 ], [ 78.566452266419986, 17.492404830034197 ] ] ] } },
{ "type": "Feature", "properties": { "value": 255.0 }, "geometry": { "type": "Polygon", "coordinates": [ [ [ 78.565481128584651, 17.492458523442938 ], [ 78.565481128584651, 17.492455966614308 ], [ 78.565454301572629, 17.492455966614308 ], [ 78.565454301572629, 17.492453409785643 ], [ 78.565448936170213, 17.492453409785643 ], [ 78.565448936170213, 17.492450852956942 ], [ 78.565446253469005, 17.492450852956942 ], [ 78.565446253469005, 17.492448296128206 ], [ 78.565440888066604, 17.492448296128206 ], [ 78.565440888066604, 17.492450852956942 ], [ 78.56543820536541, 17.492450852956942 ], [ 78.56543820536541, 17.492453409785643 ], [ 78.565384551341353, 17.492453409785643 ], [ 78.565384551341353, 17.492450852956942 ], [ 78.565379185938951, 17.492450852956942 ], [ 78.565379185938951, 17.492445739299434 ], [ 78.565376503237758, 17.492445739299434 ], [ 78.565376503237758, 17.492422727838871 ], [ 78.56537382053655, 17.492422727838871 ], [ 78.56537382053655, 17.492438068812906 ], [ 78.565371137835342, 17.492438068812906 ], [ 78.565371137835342, 17.49244062564178 ], [ 78.565338945420919, 17.49244062564178 ], [ 78.565338945420919, 17.49244318247063 ], [ 78.565293339500471, 17.49244318247063 ], [ 78.565293339500471, 17.492445739299434 ], [ 78.565239685476428, 17.492445739299434 ], [ 78.565239685476428, 17.49244318247063 ], [ 78.56523700277522, 17.49244318247063 ], [ 78.56523700277522, 17.492438068812906 ], [ 78.565234320074026, 17.492438068812906 ], [ 78.565234320074026, 17.492409943692852 ], [ 78.565231637372804, 17.492409943692852 ], [ 78.565231637372804, 17.492371591249409 ], [ 78.565234320074026, 17.492371591249409 ], [ 78.565234320074026, 17.492348579779456 ], [ 78.565231637372804, 17.492348579779456 ], [ 78.565231637372804, 17.492346022949285 ], [ 78.565234320074026, 17.492346022949285 ], [ 78.565234320074026, 17.492317897814992 ], [ 78.56523700277522, 17.492317897814992 ], [ 78.56523700277522, 17.492310227323063 ], [ 78.565239685476428, 17.492310227323063 ], [ 78.565239685476428, 17.492307670492352 ], [ 78.565242368177621, 17.492307670492352 ], [ 78.565242368177621, 17.492305113661605 ], [ 78.565245050878829, 17.492305113661605 ], [ 78.565245050878829, 17.492302556830818 ], [ 78.565306753006467, 17.492302556830818 ], [ 78.565306753006467, 17.4923 ], [ 78.565338945420919, 17.4923 ], [ 78.565338945420919, 17.492302556830818 ], [ 78.565346993524514, 17.492302556830818 ], [ 78.565346993524514, 17.492310227323063 ], [ 78.565349676225708, 17.492310227323063 ], [ 78.565349676225708, 17.492358807099798 ], [ 78.565355041628123, 17.492358807099798 ], [ 78.565355041628123, 17.492356250269761 ], [ 78.565360407030525, 17.492356250269761 ], [ 78.565360407030525, 17.49236392075975 ], [ 78.565363089731733, 17.49236392075975 ], [ 78.565363089731733, 17.492369034419561 ], [ 78.565365772432941, 17.492369034419561 ], [ 78.565365772432941, 17.492376704909002 ], [ 78.565368455134148, 17.492376704909002 ], [ 78.565368455134148, 17.492394602716445 ], [ 78.565371137835342, 17.492394602716445 ], [ 78.565371137835342, 17.492415057351369 ], [ 78.56537382053655, 17.492415057351369 ], [ 78.56537382053655, 17.492376704909002 ], [ 78.565371137835342, 17.492376704909002 ], [ 78.565371137835342, 17.492333238797872 ], [ 78.565368455134148, 17.492333238797872 ], [ 78.565368455134148, 17.492312784153743 ], [ 78.565371137835342, 17.492312784153743 ], [ 78.565371137835342, 17.492305113661605 ], [ 78.56537382053655, 17.492305113661605 ], [ 78.56537382053655, 17.492302556830818 ], [ 78.565422109158192, 17.492302556830818 ], [ 78.565422109158192, 17.492305113661605 ], [ 78.565427474560593, 17.492305113661605 ], [ 78.565427474560593, 17.492310227323063 ], [ 78.565430157261801, 17.492310227323063 ], [ 78.565430157261801, 17.492305113661605 ], [ 78.565435522664217, 17.492305113661605 ], [ 78.565435522664217, 17.492302556830818 ], [ 78.565489176688246, 17.492302556830818 ], [ 78.565489176688246, 17.4923 ], [ 78.565518686401489, 17.4923 ], [ 78.565518686401489, 17.492302556830818 ], [ 78.565534782608708, 17.492302556830818 ], [ 78.565534782608708, 17.492305113661605 ], [ 78.565537465309887, 17.492305113661605 ], [ 78.565537465309887, 17.492307670492352 ], [ 78.56554014801111, 17.492307670492352 ], [ 78.56554014801111, 17.492310227323063 ], [ 78.565542830712303, 17.492310227323063 ], [ 78.565542830712303, 17.492371591249409 ], [ 78.565545513413511, 17.492371591249409 ], [ 78.565545513413511, 17.492379261738744 ], [ 78.565548196114705, 17.492379261738744 ], [ 78.565548196114705, 17.49238693222776 ], [ 78.565550878815912, 17.49238693222776 ], [ 78.565550878815912, 17.49239204588692 ], [ 78.56555356151712, 17.49239204588692 ], [ 78.56555356151712, 17.492394602716445 ], [ 78.565556244218328, 17.492394602716445 ], [ 78.565556244218328, 17.492420171009741 ], [ 78.56555356151712, 17.492420171009741 ], [ 78.56555356151712, 17.49244062564178 ], [ 78.565550878815912, 17.49244062564178 ], [ 78.565550878815912, 17.492445739299434 ], [ 78.565542830712303, 17.492445739299434 ], [ 78.565542830712303, 17.492448296128206 ], [ 78.565532099907514, 17.492448296128206 ], [ 78.565532099907514, 17.492445739299434 ], [ 78.565529417206307, 17.492445739299434 ], [ 78.565529417206307, 17.492438068812906 ], [ 78.565526734505099, 17.492438068812906 ], [ 78.565526734505099, 17.492435511983984 ], [ 78.565521369102697, 17.492435511983984 ], [ 78.565521369102697, 17.49243039832605 ], [ 78.565529417206307, 17.49243039832605 ], [ 78.565529417206307, 17.492427841497026 ], [ 78.565532099907514, 17.492427841497026 ], [ 78.565532099907514, 17.492425284667966 ], [ 78.565537465309887, 17.492425284667966 ], [ 78.565537465309887, 17.492420171009741 ], [ 78.56554014801111, 17.492420171009741 ], [ 78.56554014801111, 17.492407386863537 ], [ 78.565537465309887, 17.492407386863537 ], [ 78.565537465309887, 17.492404830034197 ], [ 78.565534782608708, 17.492404830034197 ], [ 78.565534782608708, 17.492399716375388 ], [ 78.565532099907514, 17.492399716375388 ], [ 78.565532099907514, 17.492397159545934 ], [ 78.565529417206307, 17.492397159545934 ], [ 78.565529417206307, 17.492394602716445 ], [ 78.565526734505099, 17.492394602716445 ], [ 78.565526734505099, 17.49239204588692 ], [ 78.565505272895464, 17.49239204588692 ], [ 78.565505272895464, 17.492394602716445 ], [ 78.565499907493063, 17.492394602716445 ], [ 78.565499907493063, 17.492399716375388 ], [ 78.565497224791869, 17.492399716375388 ], [ 78.565497224791869, 17.492407386863537 ], [ 78.565491859389454, 17.492407386863537 ], [ 78.565491859389454, 17.492404830034197 ], [ 78.565489176688246, 17.492404830034197 ], [ 78.565489176688246, 17.492397159545934 ], [ 78.565481128584651, 17.492397159545934 ], [ 78.565481128584651, 17.492399716375388 ], [ 78.565478445883457, 17.492399716375388 ], [ 78.565478445883457, 17.492407386863537 ], [ 78.565481128584651, 17.492407386863537 ], [ 78.565481128584651, 17.492412500522125 ], [ 78.565497224791869, 17.492412500522125 ], [ 78.565497224791869, 17.492420171009741 ], [ 78.565499907493063, 17.492420171009741 ], [ 78.565499907493063, 17.492425284667966 ], [ 78.565502590194271, 17.492425284667966 ], [ 78.565502590194271, 17.492427841497026 ], [ 78.56551063829788, 17.492427841497026 ], [ 78.56551063829788, 17.49243039832605 ], [ 78.565513320999074, 17.49243039832605 ], [ 78.565513320999074, 17.492435511983984 ], [ 78.56551063829788, 17.492435511983984 ], [ 78.56551063829788, 17.492453409785643 ], [ 78.565507955596686, 17.492453409785643 ], [ 78.565507955596686, 17.492455966614308 ], [ 78.565505272895464, 17.492455966614308 ], [ 78.565505272895464, 17.492458523442938 ], [ 78.565481128584651, 17.492458523442938 ] ] ] } },
{ "type": "Feature", "properties": { "value": 255.0 }, "geometry": { "type": "Polygon", "coordinates": [ [ [ 78.565639407955601, 17.492415057351369 ], [ 78.565639407955601, 17.492412500522125 ], [ 78.565636725254393, 17.492412500522125 ], [ 78.565636725254393, 17.492407386863537 ], [ 78.565634042553185, 17.492407386863537 ], [ 78.565634042553185, 17.492404830034197 ], [ 78.565631359852006, 17.492404830034197 ], [ 78.565631359852006, 17.49240227320481 ], [ 78.565628677150798, 17.49240227320481 ], [ 78.565628677150798, 17.492399716375388 ], [ 78.56562599444959, 17.492399716375388 ], [ 78.56562599444959, 17.492397159545934 ], [ 78.565623311748396, 17.492397159545934 ], [ 78.565623311748396, 17.492394602716445 ], [ 78.565617946345995, 17.492394602716445 ], [ 78.565617946345995, 17.49239204588692 ], [ 78.565612580943579, 17.49239204588692 ], [ 78.565612580943579, 17.492389489057356 ], [ 78.565580388529156, 17.492389489057356 ], [ 78.565580388529156, 17.49239204588692 ], [ 78.565575023126755, 17.49239204588692 ], [ 78.565575023126755, 17.492394602716445 ], [ 78.56556160962073, 17.492394602716445 ], [ 78.56556160962073, 17.49239204588692 ], [ 78.565558926919522, 17.49239204588692 ], [ 78.565558926919522, 17.492384375398121 ], [ 78.565556244218328, 17.492384375398121 ], [ 78.565556244218328, 17.492358807099798 ], [ 78.56555356151712, 17.492358807099798 ], [ 78.56555356151712, 17.492325568306594 ], [ 78.565550878815912, 17.492325568306594 ], [ 78.565550878815912, 17.492302556830818 ], [ 78.56555356151712, 17.492302556830818 ], [ 78.56555356151712, 17.4923 ], [ 78.565636725254393, 17.4923 ], [ 78.565636725254393, 17.492305113661605 ], [ 78.565639407955601, 17.492305113661605 ], [ 78.565639407955601, 17.492323011476092 ], [ 78.565642090656809, 17.492323011476092 ], [ 78.565642090656809, 17.492346022949285 ], [ 78.565644773358002, 17.492346022949285 ], [ 78.565644773358002, 17.492371591249409 ], [ 78.565647456059196, 17.492371591249409 ], [ 78.565647456059196, 17.49239204588692 ], [ 78.565650138760418, 17.49239204588692 ], [ 78.565650138760418, 17.492409943692852 ], [ 78.565647456059196, 17.492409943692852 ], [ 78.565647456059196, 17.492412500522125 ], [ 78.565644773358002, 17.492412500522125 ], [ 78.565644773358002, 17.492415057351369 ], [ 78.565639407955601, 17.492415057351369 ] ] ] } },
{ "type": "Feature", "properties": { "value": 255.0 }, "geometry": { "type": "Polygon", "coordinates": [ [ [ 78.565035800185029, 17.492335795628225 ], [ 78.565035800185029, 17.492333238797872 ], [ 78.565030434782614, 17.492333238797872 ], [ 78.565030434782614, 17.492330681967481 ], [ 78.56502775208142, 17.492330681967481 ], [ 78.56502775208142, 17.492323011476092 ], [ 78.565025069380212, 17.492323011476092 ], [ 78.565025069380212, 17.492302556830818 ], [ 78.56502775208142, 17.492302556830818 ], [ 78.56502775208142, 17.4923 ], [ 78.565153839037919, 17.4923 ], [ 78.565153839037919, 17.492302556830818 ], [ 78.565156521739141, 17.492302556830818 ], [ 78.565156521739141, 17.492312784153743 ], [ 78.565159204440334, 17.492312784153743 ], [ 78.565159204440334, 17.492325568306594 ], [ 78.565156521739141, 17.492325568306594 ], [ 78.565156521739141, 17.492330681967481 ], [ 78.565108233117485, 17.492330681967481 ], [ 78.565108233117485, 17.492333238797872 ], [ 78.565067992599452, 17.492333238797872 ], [ 78.565067992599452, 17.492335795628225 ], [ 78.565035800185029, 17.492335795628225 ] ] ] } },
{ "type": "Feature", "properties": { "value": 255.0 }, "geometry": { "type": "Polygon", "coordinates": [ [ [ 78.566210823311749, 17.49240227320481 ], [ 78.566210823311749, 17.492399716375388 ], [ 78.566205457909362, 17.492399716375388 ], [ 78.566205457909362, 17.49239204588692 ], [ 78.566202775208154, 17.49239204588692 ], [ 78.566202775208154, 17.49238693222776 ], [ 78.566200092506946, 17.49238693222776 ], [ 78.566200092506946, 17.492379261738744 ], [ 78.566197409805739, 17.492379261738744 ], [ 78.566197409805739, 17.492374148079222 ], [ 78.566194727104545, 17.492374148079222 ], [ 78.566194727104545, 17.49236647758967 ], [ 78.566192044403337, 17.49236647758967 ], [ 78.566192044403337, 17.492361363929788 ], [ 78.566189361702129, 17.492361363929788 ], [ 78.566189361702129, 17.492353693439693 ], [ 78.566186679000921, 17.492353693439693 ], [ 78.566186679000921, 17.492346022949285 ], [ 78.566183996299728, 17.492346022949285 ], [ 78.566183996299728, 17.492338352458539 ], [ 78.56618131359852, 17.492338352458539 ], [ 78.56618131359852, 17.492330681967481 ], [ 78.566178630897326, 17.492330681967481 ], [ 78.566178630897326, 17.492325568306594 ], [ 78.566175948196104, 17.492325568306594 ], [ 78.566175948196104, 17.492317897814992 ], [ 78.566173265494911, 17.492317897814992 ], [ 78.566173265494911, 17.492312784153743 ], [ 78.566170582793717, 17.492312784153743 ], [ 78.566170582793717, 17.492302556830818 ], [ 78.566173265494911, 17.492302556830818 ], [ 78.566173265494911, 17.4923 ], [ 78.566307400555047, 17.4923 ], [ 78.566307400555047, 17.492302556830818 ], [ 78.566310083256255, 17.492302556830818 ], [ 78.566310083256255, 17.492307670492352 ], [ 78.566312765957449, 17.492307670492352 ], [ 78.566312765957449, 17.492315340984387 ], [ 78.566315448658642, 17.492315340984387 ], [ 78.566315448658642, 17.492320454645562 ], [ 78.56631813135985, 17.492320454645562 ], [ 78.56631813135985, 17.492328125137057 ], [ 78.566320814061058, 17.492328125137057 ], [ 78.566320814061058, 17.492335795628225 ], [ 78.566323496762266, 17.492335795628225 ], [ 78.566323496762266, 17.49234346611907 ], [ 78.566326179463459, 17.49234346611907 ], [ 78.566326179463459, 17.492351136609592 ], [ 78.566328862164667, 17.492351136609592 ], [ 78.566328862164667, 17.492361363929788 ], [ 78.566331544865861, 17.492361363929788 ], [ 78.566331544865861, 17.492371591249409 ], [ 78.566328862164667, 17.492371591249409 ], [ 78.566328862164667, 17.492374148079222 ], [ 78.566323496762266, 17.492374148079222 ], [ 78.566323496762266, 17.492376704909002 ], [ 78.566293987049036, 17.492376704909002 ], [ 78.566293987049036, 17.492379261738744 ], [ 78.566285938945427, 17.492379261738744 ], [ 78.566285938945427, 17.492381818568454 ], [ 78.566277890841818, 17.492381818568454 ], [ 78.566277890841818, 17.492384375398121 ], [ 78.566269842738208, 17.492384375398121 ], [ 78.566269842738208, 17.49238693222776 ], [ 78.566261794634599, 17.49238693222776 ], [ 78.566261794634599, 17.492389489057356 ], [ 78.56625374653099, 17.492389489057356 ], [ 78.56625374653099, 17.49239204588692 ], [ 78.566248381128602, 17.49239204588692 ], [ 78.566248381128602, 17.492394602716445 ], [ 78.566237650323785, 17.492394602716445 ], [ 78.566237650323785, 17.492397159545934 ], [ 78.566229602220162, 17.492397159545934 ], [ 78.566229602220162, 17.492399716375388 ], [ 78.566221554116552, 17.492399716375388 ], [ 78.566221554116552, 17.49240227320481 ], [ 78.566210823311749, 17.49240227320481 ] ] ] } },
{ "type": "Feature", "properties": { "value": 255.0 }, "geometry": { "type": "Polygon", "coordinates": [ [ [ 78.567200740055497, 17.492394602716445 ], [ 78.567200740055497, 17.49239204588692 ], [ 78.567198057354304, 17.49239204588692 ], [ 78.567198057354304, 17.492389489057356 ], [ 78.567195374653096, 17.492389489057356 ], [ 78.567195374653096, 17.492384375398121 ], [ 78.567192691951902, 17.492384375398121 ], [ 78.567192691951902, 17.49236647758967 ], [ 78.567190009250695, 17.49236647758967 ], [ 78.567190009250695, 17.492353693439693 ], [ 78.567187326549487, 17.492353693439693 ], [ 78.567187326549487, 17.492346022949285 ], [ 78.567184643848293, 17.492346022949285 ], [ 78.567184643848293, 17.492333238797872 ], [ 78.567181961147085, 17.492333238797872 ], [ 78.567181961147085, 17.492320454645562 ], [ 78.567179278445892, 17.492320454645562 ], [ 78.567179278445892, 17.492312784153743 ], [ 78.567176595744684, 17.492312784153743 ], [ 78.567176595744684, 17.4923 ], [ 78.567240980573544, 17.4923 ], [ 78.567240980573544, 17.492302556830818 ], [ 78.567243663274738, 17.492302556830818 ], [ 78.567243663274738, 17.492307670492352 ], [ 78.56724634597596, 17.492307670492352 ], [ 78.56724634597596, 17.492317897814992 ], [ 78.567249028677153, 17.492317897814992 ], [ 78.567249028677153, 17.492325568306594 ], [ 78.567251711378361, 17.492325568306594 ], [ 78.567251711378361, 17.492333238797872 ], [ 78.567254394079555, 17.492333238797872 ], [ 78.567254394079555, 17.492340909288828 ], [ 78.567257076780777, 17.492340909288828 ], [ 78.567257076780777, 17.492351136609592 ], [ 78.567259759481971, 17.492351136609592 ], [ 78.567259759481971, 17.49236392075975 ], [ 78.567262442183178, 17.49236392075975 ], [ 78.567262442183178, 17.492376704909002 ], [ 78.567259759481971, 17.492376704909002 ], [ 78.567259759481971, 17.492381818568454 ], [ 78.567251711378361, 17.492381818568454 ], [ 78.567251711378361, 17.492384375398121 ], [ 78.567243663274738, 17.492384375398121 ], [ 78.567243663274738, 17.49238693222776 ], [ 78.56721683626273, 17.49238693222776 ], [ 78.56721683626273, 17.492389489057356 ], [ 78.567211470860315, 17.492389489057356 ], [ 78.567211470860315, 17.49239204588692 ], [ 78.567206105457913, 17.49239204588692 ], [ 78.567206105457913, 17.492394602716445 ], [ 78.567200740055497, 17.492394602716445 ] ] ] } }
]
}
